{
  "NoMaterial": {
    "precision": 0.996,
    "recall": 0.996,
    "f1-score": 0.996,
    "support": 500.0
  },
  "Material": {
    "precision": 0.9960079840319361,
    "recall": 0.9960079840319361,
    "f1-score": 0.9960079840319361,
    "support": 501.0
  },
  "accuracy": 0.996003996003996,
  "macro avg": {
    "precision": 0.996003992015968,
    "recall": 0.996003992015968,
    "f1-score": 0.996003992015968,
    "support": 1001.0
  },
  "weighted avg": {
    "precision": 0.996003996003996,
    "recall": 0.996003996003996,
    "f1-score": 0.996003996003996,
    "support": 1001.0
  }
}