frame_number,timestamp_ms,coverage_percent,predicted_label,quadrant_label
0,-33,99.86,1,4
1,33,0,0,1
2,66,68.07,1,3
3,100,57.44,1,3
4,133,56.69,1,3
5,166,66.25,1,3
6,200,65.92,1,3
7,233,66.13,1,3
8,266,70.65,1,3
9,300,70.77,1,3
10,333,70.83,1,3
11,366,68.89,1,3
12,400,74.85,1,3
13,433,73.16,1,3
14,466,69.76,1,3
15,500,78.31,1,4
16,533,77.73,1,4
17,566,73.42,1,3
18,600,79.12,1,4
19,633,78.76,1,4
20,666,84.81,1,4
21,700,79.52,1,4
22,733,79.29,1,4
23,766,74.33,1,3
24,800,80.49,1,4
25,833,78.34,1,4
26,866,70.46,1,3
27,900,67.13,1,3
28,933,65.08,1,3
29,966,57.92,1,3
30,1000,53.5,1,3
31,1033,46.58,1,2
32,1066,47.95,1,2
33,1100,43.72,1,2
34,1133,38.48,1,2
35,1166,43.12,1,2
36,1200,43.29,1,2
37,1233,39.67,1,2
38,1266,45.25,1,2
39,1300,35.82,1,2
40,1333,33.36,1,2
41,1366,31.81,1,2
42,1400,29.9,1,2
43,1433,27.43,1,2
44,1466,28.15,1,2
45,1500,29.95,1,2
46,1533,27.24,1,2
47,1566,24.65,1,1
48,1600,24.64,1,1
49,1633,22.27,1,1
50,1666,24.31,1,1
51,1700,23.67,1,1
52,1733,21.88,1,1
53,1766,25.93,1,2
54,1800,30.8,1,2
55,1833,30.22,1,2
56,1866,33.05,1,2
57,1900,35,1,2
58,1933,33.5,1,2
59,1966,38.6,1,2
60,2000,37.12,1,2
61,2033,35.91,1,2
62,2066,45.2,1,2
63,2100,38.74,1,2
64,2133,34.2,1,2
65,2166,36.96,1,2
66,2200,34.16,1,2
67,2233,31.03,1,2
68,2266,32.14,1,2
69,2300,33.19,1,2
70,2333,29.86,1,2
71,2366,32.95,1,2
72,2400,35.56,1,2
73,2433,33.71,1,2
74,2466,37.26,1,2
75,2500,44.67,1,2
76,2533,43.3,1,2
77,2566,52.74,1,3
78,2600,58.24,1,3
79,2633,56.74,1,3
80,2666,63,1,3
81,2700,58.71,1,3
82,2733,57.94,1,3
83,2766,54.46,1,3
84,2800,50.71,1,3
85,2833,49.74,1,2
86,2866,44.11,1,2
87,2900,40.14,1,2
88,2933,38.44,1,2
89,2966,40.75,1,2
90,3000,38.32,1,2
91,3033,36.69,1,2
92,3066,43.47,1,2
93,3100,62.34,1,3
94,3133,56.6,1,3
95,3166,57.44,1,3
96,3200,43.18,1,2
97,3233,41.16,1,2
98,3266,49.58,1,2
99,3300,100.44,1,4
100,3333,100.39,1,4
101,3366,100.3,1,4
102,3400,100.29,1,4
103,3433,100.25,1,4
104,3466,100.24,1,4
105,3500,100.41,1,4
106,3533,100.41,1,4
107,3566,100.26,1,4
108,3600,100.34,1,4
109,3633,73.49,1,3
110,3666,50.63,1,3
111,3699,51.17,1,3
112,3733,44.48,1,2
113,3766,38,1,2
114,3800,35.13,1,2
115,3833,31.92,1,2
116,3866,30.37,1,2
117,3900,26.73,1,2
118,3933,24.5,1,1
119,3966,30.89,1,2
120,4000,27.67,1,2
121,4033,24.49,1,1
122,4066,24.36,1,1
123,4100,26.51,1,2
124,4133,24.27,1,1
125,4166,28.58,1,2
126,4200,26.12,1,2
127,4233,24.63,1,1
128,4266,25.92,1,2
129,4300,24.65,1,1
130,4333,22.57,1,1
131,4366,24.35,1,1
132,4400,24.66,1,1
133,4433,22.83,1,1
134,4466,26.3,1,2
135,4500,26.17,1,2
136,4533,24.2,1,1
137,4566,34.04,1,2
138,4600,31.52,1,2
139,4633,29.85,1,2
140,4666,36.52,1,2
141,4700,41.99,1,2
142,4733,40.17,1,2
143,4766,40.59,1,2
144,4800,36.41,1,2
145,4833,34.21,1,2
146,4866,30.84,1,2
147,4900,40.06,1,2
148,4933,39.21,1,2
149,4966,41.66,1,2
150,5000,51.92,1,3
151,5033,51.26,1,3
152,5066,45.73,1,2
153,5100,57.9,1,3
154,5133,55.17,1,3
155,5166,57.66,1,3
156,5200,57.4,1,3
157,5233,53.34,1,3
158,5266,49.33,1,2
159,5300,43.48,1,2
160,5333,40.81,1,2
161,5366,38.56,1,2
162,5400,34.41,1,2
163,5433,32.22,1,2
164,5466,29.45,1,2
165,5500,31.64,1,2
166,5533,29.45,1,2
167,5566,34.4,1,2
168,5600,37.38,1,2
169,5633,35.61,1,2
170,5666,32.06,1,2
171,5700,36.67,1,2
172,5733,35.4,1,2
173,5766,36.83,1,2
174,5800,34.57,1,2
175,5833,33.71,1,2
176,5866,28.51,1,2
177,5900,27.15,1,2
178,5933,25.56,1,2
179,5966,25.71,1,2
180,6000,24.21,1,1
181,6033,22.31,1,1
182,6066,22.47,1,1
183,6100,21.12,1,1
184,6133,20.05,1,1
185,6166,25.28,1,2
186,6200,22.12,1,1
187,6233,21.01,1,1
188,6266,25.41,1,2
189,6300,21.56,1,1
190,6333,20.6,1,1
191,6366,26.26,1,2
192,6400,23.36,1,1
193,6433,22.6,1,1
194,6466,21.8,1,1
195,6500,21.78,1,1
196,6533,20.94,1,1
197,6566,26.49,1,2
198,6600,31.79,1,2
199,6633,30.47,1,2
200,6666,33.97,1,2
201,6700,34.91,1,2
202,6733,33.29,1,2
203,6766,32.49,1,2
204,6800,35.53,1,2
205,6833,33.9,1,2
206,6866,32.2,1,2
207,6899,29.46,1,2
208,6933,26.3,1,2
209,6966,26.2,1,2
210,7000,26.28,1,2
211,7033,24.24,1,1
212,7066,26.52,1,2
213,7100,27.72,1,2
214,7133,25.41,1,2
215,7166,26.1,1,2
216,7200,29.98,1,2
217,7233,27.95,1,2
218,7266,29.63,1,2
219,7300,99.91,1,4
220,7333,99.79,1,4
221,7366,99.62,1,4
222,7399,97.83,1,4
223,7433,97.68,1,4
224,7466,98.01,1,4
225,7500,99.56,1,4
226,7533,99.56,1,4
227,7566,98.57,1,4
228,7600,99.84,1,4
229,7633,77.85,1,4
230,7666,72.5,1,3
231,7700,59.39,1,3
232,7733,52.38,1,3
233,7766,53.43,1,3
234,7800,56.2,1,3
235,7833,53.15,1,3
236,7866,43.57,1,2
237,7899,36.8,1,2
238,7933,33.08,1,2
239,7966,32.07,1,2
240,8000,29.77,1,2
241,8033,27.82,1,2
242,8066,40.26,1,2
243,8100,30.57,1,2
244,8133,28.39,1,2
245,8166,46.4,1,2
246,8200,36.52,1,2
247,8233,34.27,1,2
248,8266,54.03,1,3
249,8300,30.76,1,2
250,8333,31.71,1,2
251,8366,41.49,1,2
252,8400,35.91,1,2
253,8433,34.47,1,2
254,8466,34.95,1,2
255,8500,29.69,1,2
256,8533,27.45,1,2
257,8566,26.18,1,2
258,8600,24.12,1,1
259,8633,22.08,1,1
260,8666,22.51,1,1
261,8700,20.1,1,1
262,8733,19.12,1,1
263,8766,18.36,1,1
264,8800,22.17,1,1
265,8833,21.44,1,1
266,8866,18.61,1,1
267,8900,18.24,1,1
268,8933,17.68,1,1
269,8966,15.91,1,1
270,9000,16.43,1,1
271,9033,15.92,1,1
272,9066,15.8,1,1
273,9100,17.22,1,1
274,9133,16.69,1,1
275,9166,16.89,1,1
276,9200,20.26,1,1
277,9233,19.33,1,1
278,9266,19.49,1,1
279,9300,20.75,1,1
280,9333,20.34,1,1
281,9366,18.72,1,1
282,9400,19.16,1,1
283,9433,18.69,1,1
284,9466,18.92,1,1
285,9500,22.14,1,1
286,9533,20.63,1,1
287,9566,21.58,1,1
288,9600,24.66,1,1
289,9633,24.57,1,1
290,9666,27.84,1,2
291,9700,31.38,1,2
292,9733,30.62,1,2
293,9766,27.78,1,2
294,9800,24.85,1,1
295,9833,23.35,1,1
296,9866,23.92,1,1
297,9900,22.35,1,1
298,9933,21.42,1,1
299,9966,29.91,1,2
300,10000,28.28,1,2
301,10033,27.31,1,2
302,10066,43.58,1,2
303,10100,42.29,1,2
304,10133,41.36,1,2
305,10166,55.2,1,3
306,10200,40.32,1,2
307,10233,39.02,1,2
308,10266,54.26,1,3
309,10300,39.57,1,2
310,10333,38.08,1,2
311,10366,33.11,1,2
312,10400,30.14,1,2
313,10433,29.04,1,2
314,10466,30.21,1,2
315,10500,30.18,1,2
316,10533,28.25,1,2
317,10566,25.72,1,2
318,10600,28.1,1,2
319,10633,26.91,1,2
320,10666,28.22,1,2
321,10700,36.7,1,2
322,10733,35.85,1,2
323,10766,26.15,1,2
324,10800,31.43,1,2
325,10833,30.51,1,2
326,10866,24.16,1,1
327,10900,26.42,1,2
328,10933,25.29,1,2
329,10966,23.09,1,1
330,11000,22.43,1,1
331,11033,21.5,1,1
332,11066,20.91,1,1
333,11100,21.67,1,1
334,11133,20.77,1,1
335,11166,20.18,1,1
336,11200,20.05,1,1
337,11233,18.97,1,1
338,11266,19.28,1,1
339,11300,95.12,1,4
340,11333,94.34,1,4
341,11366,93.47,1,4
342,11400,91.22,1,4
343,11433,88.77,1,4
344,11466,87.95,1,4
345,11500,85.97,1,4
346,11533,82.42,1,4
347,11566,76.61,1,4
348,11600,72.31,1,3
349,11633,29.13,1,2
350,11666,26.22,1,2
351,11700,30.29,1,2
352,11733,28.95,1,2
353,11766,31.4,1,2
354,11800,28.25,1,2
355,11833,26.95,1,2
356,11866,37.93,1,2
357,11900,34.69,1,2
358,11933,33.49,1,2
359,11966,57.55,1,3
360,12000,45.9,1,2
361,12033,44.91,1,2
362,12066,60.68,1,3
363,12100,55.65,1,3
364,12133,54.17,1,3
365,12166,68.65,1,3
366,12200,54.22,1,3
367,12233,52.68,1,3
368,12266,53.32,1,3
369,12300,43.59,1,2
370,12333,41.22,1,2
371,12366,38.73,1,2
372,12400,37.29,1,2
373,12433,34.94,1,2
374,12466,33.2,1,2
375,12500,40.94,1,2
376,12533,38.72,1,2
377,12566,42.75,1,2
378,12600,54.83,1,3
379,12633,52.12,1,3
380,12666,39.48,1,2
381,12700,47.65,1,2
382,12733,45.54,1,2
383,12766,34.95,1,2
384,12800,30.5,1,2
385,12833,28.38,1,2
386,12866,23,1,1
387,12900,24.93,1,1
388,12933,24.27,1,1
389,12966,20.83,1,1
390,13000,20.91,1,1
391,13033,20.39,1,1
392,13066,19.89,1,1
393,13100,19.75,1,1
394,13133,19.12,1,1
395,13166,19.36,1,1
396,13200,18.17,1,1
397,13233,17.88,1,1
398,13266,18.14,1,1
399,13299,18.53,1,1
400,13333,18.13,1,1
401,13366,17.83,1,1
402,13400,18.47,1,1
403,13433,18.06,1,1
404,13466,17.91,1,1
405,13500,17.83,1,1
406,13533,17.7,1,1
407,13566,21.14,1,1
408,13600,22.05,1,1
409,13633,21.53,1,1
410,13666,22.99,1,1
411,13700,22.4,1,1
412,13733,22.06,1,1
413,13766,22.56,1,1
414,13799,23.13,1,1
415,13833,22.59,1,1
416,13866,32.81,1,2
417,13900,26.58,1,2
418,13933,25.8,1,2
419,13966,31.26,1,2
420,14000,28.61,1,2
421,14033,28.15,1,2
422,14066,39.39,1,2
423,14100,29.1,1,2
424,14133,28.49,1,2
425,14166,34.52,1,2
426,14200,29.76,1,2
427,14233,29.06,1,2
428,14266,29.19,1,2
429,14299,32.97,1,2
430,14333,31.89,1,2
431,14366,35.43,1,2
432,14400,43.88,1,2
433,14433,42.99,1,2
434,14466,52.06,1,3
435,14500,52.45,1,3
436,14533,51.86,1,3
437,14566,49.69,1,2
438,14600,52.03,1,3
439,14633,51.11,1,3
440,14666,35.31,1,2
441,14700,33.75,1,2
442,14733,33.13,1,2
443,14766,26.11,1,2
444,14799,26.45,1,2
445,14833,25.72,1,2
446,14866,25.05,1,2
447,14900,26.46,1,2
448,14933,25.59,1,2
449,14966,24.09,1,1
450,15000,23.79,1,1
451,15033,22.65,1,1
452,15066,23.98,1,1
453,15100,21.41,1,1
454,15133,20.94,1,1
455,15166,20.8,1,1
456,15200,20.26,1,1
457,15233,19.85,1,1
458,15266,19.33,1,1
459,15299,93.51,1,4
460,15333,93.02,1,4
461,15366,89.68,1,4
462,15400,89.13,1,4
463,15433,88.25,1,4
464,15466,89.13,1,4
465,15500,85.17,1,4
466,15533,81.38,1,4
467,15566,77.9,1,4
468,15600,71.68,1,3
469,15633,29.29,1,2
470,15666,30.07,1,2
471,15700,32.32,1,2
472,15733,31.15,1,2
473,15766,45.92,1,2
474,15799,33.19,1,2
475,15833,32.56,1,2
476,15866,45.28,1,2
477,15900,38.23,1,2
478,15933,38.05,1,2
479,15966,41.5,1,2
480,16000,36.73,1,2
481,16033,34.98,1,2
482,16066,37.54,1,2
483,16100,35.69,1,2
484,16133,33.81,1,2
485,16166,36.15,1,2
486,16200,40.29,1,2
487,16233,38.47,1,2
488,16266,46.21,1,2
489,16300,65.37,1,3
490,16333,58.89,1,3
491,16366,60.71,1,3
492,16400,57.7,1,3
493,16433,56.44,1,3
494,16466,57.23,1,3
495,16500,50.59,1,3
496,16533,48.45,1,2
497,16566,38.95,1,2
498,16600,31.46,1,2
499,16633,30.53,1,2
500,16666,31.15,1,2
501,16700,30.24,1,2
502,16733,28.81,1,2
503,16766,30.97,1,2
504,16800,32.48,1,2
505,16833,30.9,1,2
506,16866,28.71,1,2
507,16900,30.32,1,2
508,16933,28.9,1,2
509,16966,26.51,1,2
510,17000,24.36,1,1
511,17033,23.42,1,1
512,17066,21.07,1,1
513,17100,21.95,1,1
514,17133,21.49,1,1
515,17166,21.13,1,1
516,17200,21.09,1,1
517,17233,20.4,1,1
518,17266,21.39,1,1
519,17300,21.77,1,1
520,17333,21.4,1,1
521,17366,21.92,1,1
522,17400,21.89,1,1
523,17433,21.08,1,1
524,17466,22.21,1,1
525,17500,21.25,1,1
526,17533,20.55,1,1
527,17566,22.84,1,1
528,17600,22.5,1,1
529,17633,22.25,1,1
530,17666,27.55,1,2
531,17700,23.92,1,1
532,17733,23.76,1,1
533,17766,27.73,1,2
534,17800,23.93,1,1
535,17833,23.69,1,1
536,17866,25.45,1,2
537,17900,23.77,1,1
538,17933,23.4,1,1
539,17966,25.86,1,2
540,18000,26.15,1,2
541,18033,24.53,1,1
542,18066,30.03,1,2
543,18100,32.36,1,2
544,18133,31.74,1,2
545,18166,38.01,1,2
546,18200,44.41,1,2
547,18233,43.31,1,2
548,18266,47.84,1,2
549,18300,40.84,1,2
550,18333,39.71,1,2
551,18366,38.47,1,2
552,18400,35.31,1,2
553,18433,35.08,1,2
554,18466,31.39,1,2
555,18500,30.42,1,2
556,18533,29.54,1,2
557,18566,29.4,1,2
558,18600,32.31,1,2
559,18633,31.04,1,2
560,18666,35.46,1,2
561,18700,36.32,1,2
562,18733,34.7,1,2
563,18766,32.75,1,2
564,18800,36.45,1,2
565,18833,35.29,1,2
566,18866,30.35,1,2
567,18900,26.83,1,2
568,18933,26.58,1,2
569,18966,24.91,1,1
570,19000,25.36,1,2
571,19033,24.52,1,1
572,19066,23.21,1,1
573,19100,23.85,1,1
574,19133,23.32,1,1
575,19166,21.73,1,1
576,19200,22.06,1,1
577,19233,21.26,1,1
578,19266,21.06,1,1
579,19300,92.52,1,4
580,19333,92.39,1,4
581,19366,91.85,1,4
582,19400,90.97,1,4
583,19433,90.52,1,4
584,19466,89.26,1,4
585,19500,87.24,1,4
586,19533,84.7,1,4
587,19566,82.49,1,4
588,19600,80.11,1,4
589,19633,30.9,1,2
590,19666,31.48,1,2
591,19700,28.08,1,2
592,19733,26.75,1,2
593,19766,27.6,1,2
594,19800,26.8,1,2
595,19833,25.81,1,2
596,19866,29.02,1,2
597,19900,33.8,1,2
598,19933,32.31,1,2
599,19966,40.59,1,2
600,20000,38.29,1,2
601,20033,37.35,1,2
602,20066,48.43,1,2
603,20100,48.69,1,2
604,20133,48.29,1,2
605,20166,52.07,1,3
606,20200,42.85,1,2
607,20233,42.07,1,2
608,20266,43.13,1,2
609,20300,39.15,1,2
610,20333,37.42,1,2
611,20366,31.39,1,2
612,20400,34.21,1,2
613,20433,32.89,1,2
614,20466,33.64,1,2
615,20500,41.85,1,2
616,20533,40.26,1,2
617,20566,41.15,1,2
618,20600,38.42,1,2
619,20633,37.57,1,2
620,20666,38.97,1,2
621,20700,33.11,1,2
622,20733,31.94,1,2
623,20766,30.89,1,2
624,20800,27.77,1,2
625,20833,27.16,1,2
626,20866,25.19,1,2
627,20900,25.22,1,2
628,20933,24.23,1,1
629,20966,22.98,1,1
630,21000,25.69,1,2
631,21033,25.39,1,2
632,21066,24.12,1,1
633,21100,28.74,1,2
634,21133,27.94,1,2
635,21166,25.94,1,2
636,21200,24.92,1,1
637,21233,24.5,1,1
638,21266,24.75,1,1
639,21300,23.69,1,1
640,21333,23.13,1,1
641,21366,21.58,1,1
642,21400,23.3,1,1
643,21433,21.91,1,1
644,21466,22.07,1,1
645,21500,23.15,1,1
646,21533,22.71,1,1
647,21566,26,1,2
648,21600,25.85,1,2
649,21633,25.72,1,2
650,21666,26.71,1,2
651,21700,26.57,1,2
652,21733,25.62,1,2
653,21766,26.03,1,2
654,21800,26.07,1,2
655,21833,24.71,1,1
656,21866,26.51,1,2
657,21900,23.95,1,1
658,21933,21.54,1,1
659,21966,23.2,1,1
660,22000,22.79,1,1
661,22033,21.69,1,1
662,22066,22.61,1,1
663,22100,22.91,1,1
664,22133,21.7,1,1
665,22166,21.66,1,1
666,22200,22.15,1,1
667,22233,21.87,1,1
668,22266,23.6,1,1
669,22300,23.77,1,1
670,22333,23.89,1,1
671,22366,28.2,1,2
672,22400,36.39,1,2
673,22433,35.88,1,2
674,22466,36.4,1,2
675,22500,34.32,1,2
676,22533,33.59,1,2
677,22566,37.24,1,2
678,22600,31.28,1,2
679,22633,29.98,1,2
680,22666,28.94,1,2
681,22700,29.06,1,2
682,22733,28.39,1,2
683,22766,27.8,1,2
684,22800,36.87,1,2
685,22833,36.09,1,2
686,22866,36.11,1,2
687,22900,40.02,1,2
688,22933,38.75,1,2
689,22966,41.38,1,2
690,23000,55.03,1,3
691,23033,54.14,1,3
692,23066,39.62,1,2
693,23100,39.2,1,2
694,23133,37.04,1,2
695,23166,31.84,1,2
696,23200,31.65,1,2
697,23233,30.8,1,2
698,23266,29.5,1,2
699,23300,94.91,1,4
700,23333,93.78,1,4
701,23366,94.11,1,4
702,23400,93.09,1,4
703,23433,91.45,1,4
704,23466,91.34,1,4
705,23500,85.39,1,4
706,23533,82.32,1,4
707,23566,83.7,1,4
708,23600,77.75,1,4
709,23633,48.58,1,2
710,23666,43.13,1,2
711,23700,38.81,1,2
712,23733,34.07,1,2
713,23766,33.06,1,2
714,23800,29.77,1,2
715,23833,27.09,1,2
716,23866,28.02,1,2
717,23900,26.7,1,2
718,23933,24.56,1,1
719,23966,26.56,1,2
720,24000,23.72,1,1
721,24033,22.65,1,1
722,24066,23.07,1,1
723,24100,22.83,1,1
724,24133,22.19,1,1
725,24166,21.25,1,1
726,24200,20.8,1,1
727,24233,20.24,1,1
728,24266,24.46,1,1
729,24300,25.53,1,2
730,24333,25.28,1,2
731,24366,25.66,1,2
732,24400,26.71,1,2
733,24433,26.28,1,2
734,24466,27.49,1,2
735,24500,28.14,1,2
736,24533,25.14,1,2
737,24566,23.04,1,1
738,24600,27.06,1,2
739,24633,26.11,1,2
740,24666,27.26,1,2
741,24700,47.38,1,2
742,24733,45.22,1,2
743,24766,39.75,1,2
744,24800,48.33,1,2
745,24833,47.6,1,2
746,24866,45.59,1,2
747,24900,50.04,1,3
748,24933,49.55,1,2
749,24966,39.1,1,2
750,25000,38.84,1,2
751,25033,38.09,1,2
752,25066,36.82,1,2
753,25100,36.44,1,2
754,25133,34.6,1,2
755,25166,37.4,1,2
756,25200,36.42,1,2
757,25233,34.47,1,2
758,25266,49.05,1,2
759,25300,46.58,1,2
760,25333,44.86,1,2
761,25366,52.3,1,3
762,25400,39.96,1,2
763,25433,38.73,1,2
764,25466,42.83,1,2
765,25500,32.54,1,2
766,25533,31.61,1,2
767,25566,29.98,1,2
768,25600,28.5,1,2
769,25633,27.94,1,2
770,25666,29.27,1,2
771,25700,28.37,1,2
772,25733,27.57,1,2
773,25766,27.08,1,2
774,25800,25.88,1,2
775,25833,25.05,1,2
776,25866,24.4,1,1
777,25900,24.1,1,1
778,25933,23.58,1,1
779,25966,23.98,1,1
780,26000,23.71,1,1
781,26033,23.23,1,1
782,26066,23.58,1,1
783,26099,23.59,1,1
784,26133,23.14,1,1
785,26166,23.36,1,1
786,26200,23.52,1,1
787,26233,23.12,1,1
788,26266,23.08,1,1
789,26300,23.36,1,1
790,26333,22.99,1,1
791,26366,22.8,1,1
792,26400,26.27,1,2
793,26433,25.73,1,2
794,26466,23.9,1,1
795,26500,29.73,1,2
796,26533,29.26,1,2
797,26566,27.08,1,2
798,26599,33.86,1,2
799,26633,33.39,1,2
800,26666,31.03,1,2
801,26700,34.28,1,2
802,26733,32.85,1,2
803,26766,30.51,1,2
804,26800,37.78,1,2
805,26833,36.09,1,2
806,26866,30.63,1,2
807,26900,30.37,1,2
808,26933,29.66,1,2
809,26966,33.74,1,2
810,27000,40.06,1,2
811,27033,39.32,1,2
812,27066,47.77,1,2
813,27099,50.01,1,3
814,27133,49.47,1,2
815,27166,56.89,1,3
816,27200,56.73,1,3
817,27233,55.96,1,3
818,27266,51.15,1,3
819,27300,88.42,1,4
820,27333,88.26,1,4
821,27366,84.68,1,4
822,27400,83.03,1,4
823,27433,80.52,1,4
824,27466,81.82,1,4
825,27500,79.02,1,4
826,27533,76.14,1,4
827,27566,75.82,1,4
828,27599,69.26,1,3
829,27633,49.46,1,2
830,27666,42.44,1,2
831,27700,38.05,1,2
832,27733,35.08,1,2
833,27766,34.42,1,2
834,27800,30.94,1,2
835,27833,29.23,1,2
836,27866,28.74,1,2
837,27900,27.39,1,2
838,27933,26.71,1,2
839,27966,26.68,1,2
840,28000,26.26,1,2
841,28033,25,1,1
842,28066,26.34,1,2
843,28099,25.01,1,2
844,28133,24.15,1,1
845,28166,24.12,1,1
846,28200,25.32,1,2
847,28233,25.01,1,2
848,28266,24.55,1,1
849,28300,30.36,1,2
850,28333,29.68,1,2
851,28366,27.38,1,2
852,28400,30.61,1,2
853,28433,30.18,1,2
854,28466,30.35,1,2
855,28500,34.12,1,2
856,28533,33.07,1,2
857,28566,31.12,1,2
858,28599,32.95,1,2
859,28633,32.7,1,2
860,28666,31.81,1,2
861,28700,37.36,1,2
862,28733,36.77,1,2
863,28766,33.31,1,2
864,28800,38.46,1,2
865,28833,36.39,1,2
866,28866,46.04,1,2
867,28900,51.79,1,3
868,28933,51.19,1,3
869,28966,58.2,1,3
870,29000,59.83,1,3
871,29033,59.25,1,3
872,29066,60.03,1,3
873,29099,50.44,1,3
874,29133,50.06,1,3
875,29166,41.46,1,2
876,29200,37.43,1,2
877,29233,37.22,1,2
878,29266,38.04,1,2
879,29300,40.16,1,2
880,29333,38.73,1,2
881,29366,42.59,1,2
882,29400,47.14,1,2
883,29433,46.18,1,2
884,29466,46.09,1,2
885,29500,48.62,1,2
886,29533,48.14,1,2
887,29566,41.44,1,2
888,29599,39.75,1,2
889,29633,38.87,1,2
890,29666,34.69,1,2
891,29700,34.45,1,2
892,29733,33.73,1,2
893,29766,34.03,1,2
894,29800,33.26,1,2
895,29833,32.48,1,2
896,29866,31.33,1,2
897,29900,30.84,1,2
898,29933,29.27,1,2
899,29966,28.17,1,2
900,30000,31.1,1,2
901,30033,29.91,1,2
902,30066,29.41,1,2
903,30099,30.11,1,2
904,30133,30.45,1,2
905,30166,30.41,1,2
906,30200,35.33,1,2
907,30233,34.1,1,2
908,30266,33.86,1,2
909,30300,35.91,1,2
910,30333,34.86,1,2
911,30366,33.88,1,2
912,30400,38.23,1,2
913,30433,34.24,1,2
914,30466,33.11,1,2
915,30500,34.57,1,2
916,30533,38.92,1,2
917,30566,36.1,1,2
918,30599,41.26,1,2
919,30633,49.04,1,2
920,30666,48.69,1,2
921,30700,55.3,1,3
922,30733,58.25,1,3
923,30766,57.87,1,3
924,30800,53.56,1,3
925,30833,48.53,1,2
926,30866,48.05,1,2
927,30900,42.12,1,2
928,30933,46.04,1,2
929,30966,45.58,1,2
930,31000,43.76,1,2
931,31033,41.32,1,2
932,31066,40.13,1,2
933,31099,42,1,2
934,31133,44.86,1,2
935,31166,43.75,1,2
936,31200,56.61,1,3
937,31233,51.72,1,3
938,31266,49.97,1,2
939,31300,99.46,1,4
940,31333,99.02,1,4
941,31366,99,1,4
942,31400,94.14,1,4
943,31433,93.65,1,4
944,31466,92.27,1,4
945,31500,88.99,1,4
946,31533,88.34,1,4
947,31566,86.12,1,4
948,31599,84.85,1,4
949,31633,53.28,1,3
950,31666,45.06,1,2
951,31700,37.89,1,2
952,31733,37.41,1,2
953,31766,35.44,1,2
954,31800,33.82,1,2
955,31833,33.4,1,2
956,31866,32.45,1,2
957,31900,32.07,1,2
958,31933,31.41,1,2
959,31966,30.39,1,2
960,32000,30.42,1,2
961,32033,31.27,1,2
962,32066,30.43,1,2
963,32100,32.33,1,2
964,32133,32.54,1,2
965,32166,32.28,1,2
966,32200,33.41,1,2
967,32233,34.45,1,2
968,32266,34.05,1,2
969,32299,35.31,1,2
970,32333,40.5,1,2
971,32366,39.8,1,2
972,32400,36.27,1,2
973,32433,45.13,1,2
974,32466,44.31,1,2
975,32500,51.58,1,3
976,32533,48.04,1,2
977,32566,47.46,1,2
978,32600,50.08,1,3
979,32633,51.08,1,3
980,32666,50.43,1,3
981,32700,44.38,1,2
982,32733,40.74,1,2
983,32766,40.23,1,2
984,32800,38.65,1,2
985,32833,41.64,1,2
986,32866,41.13,1,2
987,32900,42.38,1,2
988,32933,46.74,1,2
989,32966,45.62,1,2
990,33000,45.88,1,2
991,33033,48.12,1,2
992,33066,47,1,2
993,33100,50.83,1,3
994,33133,45.71,1,2
995,33166,44.93,1,2
996,33200,43.24,1,2
997,33233,43.45,1,2
998,33266,40.39,1,2
999,33300,39.14,1,2
1000,33333,41.94,1,2
1001,33366,40.03,1,2
1002,33400,41.89,1,2
1003,33433,41.19,1,2
1004,33466,40.24,1,2
1005,33500,43.57,1,2
1006,33533,44.06,1,2
1007,33566,43.03,1,2
1008,33600,38.07,1,2
1009,33633,39.36,1,2
1010,33666,36.16,1,2
1011,33700,35.78,1,2
1012,33733,35.1,1,2
1013,33766,34.18,1,2
1014,33800,35.55,1,2
1015,33833,34.61,1,2
1016,33866,34.34,1,2
1017,33900,35.42,1,2
1018,33933,35,1,2
1019,33966,36.13,1,2
1020,34000,36.88,1,2
1021,34033,37.09,1,2
1022,34066,34.7,1,2
1023,34100,34.61,1,2
1024,34133,34.33,1,2
1025,34166,33.86,1,2
1026,34200,35.43,1,2
1027,34233,35.25,1,2
1028,34266,34.95,1,2
1029,34300,39.19,1,2
1030,34333,41.92,1,2
1031,34366,41.31,1,2
1032,34400,45.5,1,2
1033,34433,43.82,1,2
1034,34466,43.5,1,2
1035,34500,43.99,1,2
1036,34533,42.34,1,2
1037,34566,42.01,1,2
1038,34600,41.06,1,2
1039,34633,41.78,1,2
1040,34666,41.09,1,2
1041,34700,41.64,1,2
1042,34733,46.11,1,2
1043,34766,45.11,1,2
1044,34800,50.48,1,3
1045,34833,50.31,1,3
1046,34866,49.19,1,2
1047,34900,48.56,1,2
1048,34933,49.81,1,2
1049,34966,49.11,1,2
1050,35000,45.69,1,2
1051,35033,42.16,1,2
1052,35066,41.04,1,2
1053,35100,39.76,1,2
1054,35133,39.29,1,2
1055,35166,38.78,1,2
1056,35200,39.57,1,2
1057,35233,40.87,1,2
1058,35266,40.27,1,2
1059,35300,97.83,1,4
1060,35333,97.32,1,4
1061,35366,97.33,1,4
1062,35400,94.16,1,4
1063,35433,93.54,1,4
1064,35466,92.56,1,4
1065,35500,91.04,1,4
1066,35533,88.63,1,4
1067,35566,87.02,1,4
1068,35600,86.2,1,4
1069,35633,48.51,1,2
1070,35666,42.13,1,2
1071,35700,43.29,1,2
1072,35733,41.16,1,2
1073,35766,38.53,1,2
1074,35800,40.31,1,2
1075,35833,40.85,1,2
1076,35866,40.15,1,2
1077,35900,40.13,1,2
1078,35933,40.52,1,2
1079,35966,39.82,1,2
1080,36000,40.94,1,2
1081,36033,47.55,1,2
1082,36066,47.09,1,2
1083,36100,50.21,1,3
1084,36133,53.87,1,3
1085,36166,53.76,1,3
1086,36200,49.58,1,2
1087,36233,57.32,1,3
1088,36266,56.88,1,3
1089,36300,49.69,1,2
1090,36333,49.8,1,2
1091,36366,49.26,1,2
1092,36400,45.8,1,2
1093,36433,47.08,1,2
1094,36466,46.06,1,2
1095,36500,48.12,1,2
1096,36533,50.23,1,3
1097,36566,48.86,1,2
1098,36600,48.67,1,2
1099,36633,54.5,1,3
1100,36666,53.34,1,3
1101,36700,55.59,1,3
1102,36733,52.42,1,3
1103,36766,51.78,1,3
1104,36800,49.48,1,2
1105,36833,45.21,1,2
1106,36866,44.25,1,2
1107,36900,43.51,1,2
1108,36933,41.99,1,2
1109,36966,41.34,1,2
1110,37000,41.34,1,2
1111,37033,42.19,1,2
1112,37066,41.46,1,2
1113,37100,44.82,1,2
1114,37133,43.45,1,2
1115,37166,42.91,1,2
1116,37200,41.74,1,2
1117,37233,42.47,1,2
1118,37266,41.89,1,2
1119,37300,41.19,1,2
1120,37333,40.55,1,2
1121,37366,40.34,1,2
1122,37400,39.99,1,2
1123,37433,39.76,1,2
1124,37466,39.03,1,2
1125,37500,40.47,1,2
1126,37533,40,1,2
1127,37566,39.63,1,2
1128,37600,39.45,1,2
1129,37633,38.86,1,2
1130,37666,38.28,1,2
1131,37700,39.24,1,2
1132,37733,40.28,1,2
1133,37766,39.93,1,2
1134,37800,40.38,1,2
1135,37833,41.65,1,2
1136,37866,40.84,1,2
1137,37900,42.44,1,2
1138,37933,49.7,1,2
1139,37966,47.94,1,2
1140,38000,44.08,1,2
1141,38033,50.18,1,3
1142,38066,49.56,1,2
1143,38100,43.74,1,2
1144,38133,45.76,1,2
1145,38166,45.35,1,2
1146,38200,46.63,1,2
1147,38233,45.97,1,2
1148,38266,45.22,1,2
1149,38300,50.29,1,3
1150,38333,49.54,1,2
1151,38366,49.2,1,2
1152,38400,60.73,1,3
1153,38433,54.03,1,3
1154,38466,52.07,1,3
1155,38500,55.35,1,3
1156,38533,50.18,1,3
1157,38566,49.31,1,2
1158,38600,50.52,1,3
1159,38633,46.01,1,2
1160,38666,45.74,1,2
1161,38700,44.75,1,2
1162,38733,45.27,1,2
1163,38766,46.13,1,2
1164,38800,45.32,1,2
1165,38833,46.83,1,2
1166,38866,46.42,1,2
1167,38900,43.15,1,2
1168,38933,45.45,1,2
1169,38966,44.73,1,2
1170,39000,46.7,1,2
1171,39033,45.14,1,2
1172,39066,44.21,1,2
1173,39100,44.84,1,2
1174,39133,44.87,1,2
1175,39166,43.71,1,2
1176,39200,44.9,1,2
1177,39233,44.55,1,2
1178,39266,44,1,2
1179,39300,96.14,1,4
1180,39333,96.54,1,4
1181,39366,95.83,1,4
1182,39400,95.36,1,4
1183,39433,94.86,1,4
1184,39466,94.13,1,4
1185,39500,94.1,1,4
1186,39533,92.56,1,4
1187,39566,91.91,1,4
1188,39600,91.32,1,4
1189,39633,60.54,1,3
1190,39666,57.14,1,3
1191,39700,58.08,1,3
1192,39733,55.5,1,3
1193,39766,54.65,1,3
1194,39800,57.93,1,3
1195,39833,57.56,1,3
1196,39866,56.72,1,3
1197,39900,54.73,1,3
1198,39933,52.85,1,3
1199,39966,52.12,1,3
1200,40000,50.87,1,3
1201,40033,51.86,1,3
1202,40066,50.12,1,3
1203,40100,56.18,1,3
1204,40133,58.08,1,3
1205,40166,56.3,1,3
1206,40200,62.05,1,3
1207,40233,67.05,1,3
1208,40266,65.44,1,3
1209,40300,69.55,1,3
1210,40333,61.43,1,3
1211,40366,60.42,1,3
1212,40400,56.24,1,3
1213,40433,54.1,1,3
1214,40466,53.16,1,3
1215,40500,52.73,1,3
1216,40533,50.5,1,3
1217,40566,49.64,1,2
1218,40600,49.33,1,2
1219,40633,50.96,1,3
1220,40666,50.18,1,3
1221,40700,51.05,1,3
1222,40733,54.57,1,3
1223,40766,51.73,1,3
1224,40800,47.64,1,2
1225,40833,49.57,1,2
1226,40866,48.5,1,2
1227,40900,46.86,1,2
1228,40933,45.59,1,2
1229,40966,45.03,1,2
1230,41000,47.81,1,2
1231,41033,44.92,1,2
1232,41066,44.28,1,2
1233,41100,47.66,1,2
1234,41133,45.51,1,2
1235,41166,45.16,1,2
1236,41200,44.94,1,2
1237,41233,45.14,1,2
1238,41266,43.8,1,2
1239,41300,43.99,1,2
1240,41333,43.94,1,2
1241,41366,43.6,1,2
1242,41400,46.34,1,2
1243,41433,47.03,1,2
1244,41466,46.34,1,2
1245,41500,48.16,1,2
1246,41533,51.33,1,3
1247,41566,50.98,1,3
1248,41600,48.52,1,2
1249,41633,48.14,1,2
1250,41666,57.17,1,3
1251,41700,53.86,1,3
1252,41733,51.12,1,3
1253,41766,50.39,1,3
1254,41800,51.45,1,3
1255,41833,50.65,1,3
1256,41866,49.03,1,2
1257,41900,50.71,1,3
1258,41933,55.29,1,3
1259,41966,54.04,1,3
1260,42000,58.46,1,3
1261,42033,56.66,1,3
1262,42066,55.79,1,3
1263,42100,54.25,1,3
1264,42133,54.11,1,3
1265,42166,53.73,1,3
1266,42200,51.18,1,3
1267,42233,49.97,1,2
1268,42266,49.34,1,2
1269,42300,48.76,1,2
1270,42333,50.71,1,3
1271,42366,50.11,1,3
1272,42400,51.22,1,3
1273,42433,53.31,1,3
1274,42466,52.47,1,3
1275,42500,50.64,1,3
1276,42533,58.49,1,3
1277,42566,58.14,1,3
1278,42600,56.87,1,3
1279,42633,53.74,1,3
1280,42666,53.31,1,3
1281,42700,53.16,1,3
1282,42733,52.76,1,3
1283,42766,51.54,1,3
1284,42800,52.01,1,3
1285,42833,50.5,1,3
1286,42866,49.68,1,2
1287,42900,50.28,1,3
1288,42933,49.44,1,2
1289,42966,48.8,1,2
1290,43000,49.62,1,2
1291,43033,49.88,1,2
1292,43066,49.22,1,2
1293,43100,49.42,1,2
1294,43133,49.02,1,2
1295,43166,48.91,1,2
1296,43200,48.94,1,2
1297,43233,50.66,1,3
1298,43266,50.46,1,3
1299,43300,93.73,1,4
1300,43333,93.98,1,4
1301,43366,94.66,1,4
1302,43400,94.09,1,4
1303,43433,94.2,1,4
1304,43466,93.07,1,4
1305,43500,92.78,1,4
1306,43533,90.14,1,4
1307,43566,89.34,1,4
1308,43600,88.37,1,4
1309,43633,63.74,1,3
1310,43666,57.12,1,3
1311,43700,63.94,1,3
1312,43733,64.45,1,3
1313,43766,63.58,1,3
1314,43800,66.26,1,3
1315,43833,68.86,1,3
1316,43866,67.94,1,3
1317,43900,69.65,1,3
1318,43933,62.13,1,3
1319,43966,61.59,1,3
1320,44000,62.19,1,3
1321,44033,60.37,1,3
1322,44066,59.08,1,3
1323,44100,55.77,1,3
1324,44133,61.31,1,3
1325,44166,60.21,1,3
1326,44200,55.31,1,3
1327,44233,64.7,1,3
1328,44266,62.28,1,3
1329,44300,57.31,1,3
1330,44333,64.61,1,3
1331,44366,64.34,1,3
1332,44400,57.79,1,3
1333,44433,56.45,1,3
1334,44466,54.82,1,3
1335,44500,53.9,1,3
1336,44533,52.08,1,3
1337,44566,51.45,1,3
1338,44600,52.11,1,3
1339,44633,50.21,1,3
1340,44666,49.49,1,2
1341,44700,52,1,3
1342,44733,50.92,1,3
1343,44766,48.57,1,2
1344,44800,49.82,1,2
1345,44833,49,1,2
1346,44866,46.43,1,2
1347,44900,47.54,1,2
1348,44933,51.74,1,3
1349,44966,51.51,1,3
1350,45000,51.49,1,3
1351,45033,51.46,1,3
1352,45066,51.06,1,3
1353,45100,50.28,1,3
1354,45133,53.04,1,3
1355,45166,52.73,1,3
1356,45200,51.86,1,3
1357,45233,51.43,1,3
1358,45266,50.37,1,3
1359,45300,50.72,1,3
1360,45333,49.6,1,2
1361,45366,49.23,1,2
1362,45400,50.8,1,3
1363,45433,51.73,1,3
1364,45466,51.54,1,3
1365,45500,55.58,1,3
1366,45533,60.61,1,3
1367,45566,60.45,1,3
1368,45600,67.95,1,3
1369,45633,62.94,1,3
1370,45666,62.42,1,3
1371,45700,60.75,1,3
1372,45733,56.2,1,3
1373,45766,55.48,1,3
1374,45800,55.06,1,3
1375,45833,55.19,1,3
1376,45866,55.11,1,3
1377,45900,54.24,1,3
1378,45933,55.84,1,3
1379,45966,54.47,1,3
1380,46000,55.71,1,3
1381,46033,60.6,1,3
1382,46066,60.29,1,3
1383,46100,56.56,1,3
1384,46133,59.66,1,3
1385,46166,59.18,1,3
1386,46200,55.24,1,3
1387,46233,55.09,1,3
1388,46266,53.52,1,3
1389,46300,52.82,1,3
1390,46333,53.42,1,3
1391,46366,52.2,1,3
1392,46400,52.72,1,3
1393,46433,52.18,1,3
1394,46466,51.83,1,3
1395,46500,53.03,1,3
1396,46533,53.36,1,3
1397,46566,52.04,1,3
1398,46600,52.17,1,3
1399,46633,53.85,1,3
1400,46666,52.91,1,3
1401,46700,53.52,1,3
1402,46733,53.83,1,3
1403,46766,52.28,1,3
1404,46800,53.44,1,3
1405,46833,54.93,1,3
1406,46866,53.6,1,3
1407,46900,54.67,1,3
1408,46933,54.2,1,3
1409,46966,53.96,1,3
1410,47000,54.13,1,3
1411,47033,54.82,1,3
1412,47066,54.33,1,3
1413,47100,52.55,1,3
1414,47133,53.51,1,3
1415,47166,53.42,1,3
1416,47200,52.77,1,3
1417,47233,53.18,1,3
1418,47266,52.8,1,3
1419,47300,98.12,1,4
1420,47333,99.5,1,4
1421,47366,99.48,1,4
1422,47400,98.76,1,4
1423,47433,98.68,1,4
1424,47466,98.76,1,4
1425,47500,98.48,1,4
1426,47533,94.45,1,4
1427,47566,92.29,1,4
1428,47600,90.51,1,4
1429,47633,68.61,1,3
1430,47666,63.7,1,3
1431,47700,63.83,1,3
1432,47733,66.73,1,3
1433,47766,66.43,1,3
1434,47800,62.22,1,3
1435,47833,68.89,1,3
1436,47866,67.54,1,3
1437,47900,70.47,1,3
1438,47933,65.93,1,3
1439,47966,65.07,1,3
1440,48000,62.38,1,3
1441,48033,63.55,1,3
1442,48066,62.8,1,3
1443,48100,59.81,1,3
1444,48133,58.89,1,3
1445,48166,57.16,1,3
1446,48200,56.59,1,3
1447,48233,56.03,1,3
1448,48266,54.94,1,3
1449,48300,55.33,1,3
1450,48333,54.5,1,3
1451,48366,53.49,1,3
1452,48400,53.13,1,3
1453,48433,53.32,1,3
1454,48466,52.64,1,3
1455,48500,52.99,1,3
1456,48533,52.57,1,3
1457,48566,52.5,1,3
1458,48600,52.07,1,3
1459,48633,53.32,1,3
1460,48666,52.7,1,3
1461,48700,53.44,1,3
1462,48733,55.4,1,3
1463,48766,55.42,1,3
1464,48800,54.29,1,3
1465,48833,53.91,1,3
1466,48866,51.84,1,3
1467,48900,54.03,1,3
1468,48933,53.44,1,3
1469,48966,52.81,1,3
1470,49000,55.72,1,3
1471,49033,57.12,1,3
1472,49066,56.03,1,3
1473,49100,60.09,1,3
1474,49133,67.89,1,3
1475,49166,65.93,1,3
1476,49200,65.53,1,3
1477,49233,61.58,1,3
1478,49266,61.16,1,3
1479,49300,59.44,1,3
1480,49333,59.63,1,3
1481,49366,58.77,1,3
1482,49400,57.07,1,3
1483,49433,56.16,1,3
1484,49466,55.63,1,3
1485,49500,54.67,1,3
1486,49533,56.6,1,3
1487,49566,55.5,1,3
1488,49600,55.96,1,3
1489,49633,60.83,1,3
1490,49666,60.51,1,3
1491,49700,56.61,1,3
1492,49733,59.45,1,3
1493,49766,58.94,1,3
1494,49800,60.33,1,3
1495,49833,56.43,1,3
1496,49866,56.17,1,3
1497,49900,56.09,1,3
1498,49933,56.16,1,3
1499,49966,54.75,1,3
1500,50000,60.74,1,3
1501,50033,59.09,1,3
1502,50066,57.87,1,3
1503,50100,58.86,1,3
1504,50133,58.16,1,3
1505,50166,57.58,1,3
1506,50200,58.28,1,3
1507,50233,55.63,1,3
1508,50266,54.59,1,3
1509,50300,57.21,1,3
1510,50333,55.77,1,3
1511,50366,53.56,1,3
1512,50400,52.96,1,3
1513,50433,57.9,1,3
1514,50466,57.5,1,3
1515,50500,59.48,1,3
1516,50533,55.15,1,3
1517,50566,54.6,1,3
1518,50600,56.04,1,3
1519,50633,55.82,1,3
1520,50666,55.65,1,3
1521,50700,55.21,1,3
1522,50733,54.3,1,3
1523,50766,53.27,1,3
1524,50800,54.39,1,3
1525,50833,55.96,1,3
1526,50866,55.25,1,3
1527,50900,59.94,1,3
1528,50933,59.59,1,3
1529,50966,57.63,1,3
1530,51000,59.94,1,3
1531,51033,58.78,1,3
1532,51066,58.39,1,3
1533,51100,58.12,1,3
1534,51133,56.64,1,3
1535,51166,56.52,1,3
1536,51200,54.68,1,3
1537,51233,55.74,1,3
1538,51266,55.43,1,3
1539,51300,95.86,1,4
1540,51333,95.39,1,4
1541,51366,94.89,1,4
1542,51400,93.86,1,4
1543,51433,95.12,1,4
1544,51466,95.03,1,4
1545,51500,93,1,4
1546,51533,90.88,1,4
1547,51566,89.53,1,4
1548,51600,88.25,1,4
1549,51633,71.67,1,3
1550,51666,67.54,1,3
1551,51699,63.13,1,3
1552,51733,64.37,1,3
1553,51766,60.66,1,3
1554,51800,58.69,1,3
1555,51833,58.83,1,3
1556,51866,57.47,1,3
1557,51900,59.16,1,3
1558,51933,56.7,1,3
1559,51966,55.32,1,3
1560,52000,56.05,1,3
1561,52033,51.67,1,3
1562,52066,51.08,1,3
1563,52100,54.52,1,3
1564,52133,54.82,1,3
1565,52166,54.1,1,3
1566,52199,54.33,1,3
1567,52233,55.96,1,3
1568,52266,55.35,1,3
1569,52300,55.85,1,3
1570,52333,57.15,1,3
1571,52366,56.36,1,3
1572,52400,56.66,1,3
1573,52433,55.39,1,3
1574,52466,53.28,1,3
1575,52500,57.71,1,3
1576,52533,55.82,1,3
1577,52566,55.23,1,3
1578,52600,56.04,1,3
1579,52633,55.97,1,3
1580,52666,55.62,1,3
1581,52699,57.41,1,3
1582,52733,60.87,1,3
1583,52766,60.34,1,3
1584,52800,62.56,1,3
1585,52833,59.49,1,3
1586,52866,58.59,1,3
1587,52900,57.49,1,3
1588,52933,57.43,1,3
1589,52966,57.2,1,3
1590,53000,55.61,1,3
1591,53033,57.06,1,3
1592,53066,56.57,1,3
1593,53100,53.6,1,3
1594,53133,56.67,1,3
1595,53166,56.34,1,3
1596,53199,52.91,1,3
1597,53233,59.22,1,3
1598,53266,58.88,1,3
1599,53300,56.5,1,3
1600,53333,61.21,1,3
1601,53366,60.9,1,3
1602,53400,57.41,1,3
1603,53433,57.21,1,3
1604,53466,56.77,1,3
1605,53500,56.35,1,3
1606,53533,55.35,1,3
1607,53566,54.6,1,3
1608,53600,56.22,1,3
1609,53633,54.68,1,3
1610,53666,53.75,1,3
1611,53699,54.51,1,3
1612,53733,55.24,1,3
1613,53766,54.58,1,3
1614,53800,55.71,1,3
1615,53833,57.62,1,3
1616,53866,56.82,1,3
1617,53900,56.22,1,3
1618,53933,56.25,1,3
1619,53966,55.85,1,3
1620,54000,55.93,1,3
1621,54033,59.29,1,3
1622,54066,59.01,1,3
1623,54100,59.88,1,3
1624,54133,60.76,1,3
1625,54166,59.97,1,3
1626,54199,59.77,1,3
1627,54233,58.07,1,3
1628,54266,57.54,1,3
1629,54300,58.64,1,3
1630,54333,56.37,1,3
1631,54366,55.01,1,3
1632,54400,59.85,1,3
1633,54433,59.78,1,3
1634,54466,59.16,1,3
1635,54500,64.39,1,3
1636,54533,63.96,1,3
1637,54566,63.21,1,3
1638,54600,66.44,1,3
1639,54633,64.59,1,3
1640,54666,64.21,1,3
1641,54699,58.89,1,3
1642,54733,59.43,1,3
1643,54766,58.81,1,3
1644,54800,58.06,1,3
1645,54833,58.21,1,3
1646,54866,57.6,1,3
1647,54900,55.43,1,3
1648,54933,58.64,1,3
1649,54966,57.79,1,3
1650,55000,54.43,1,3
1651,55033,58.45,1,3
1652,55066,57.42,1,3
1653,55100,56.68,1,3
1654,55133,60.27,1,3
1655,55166,59.25,1,3
1656,55199,58.52,1,3
1657,55233,59.27,1,3
1658,55266,57.96,1,3
1659,55300,96.28,1,4
1660,55333,96.19,1,4
1661,55366,95.98,1,4
1662,55400,95.49,1,4
1663,55433,94.53,1,4
1664,55466,94.18,1,4
1665,55500,94.21,1,4
1666,55533,91.55,1,4
1667,55566,87.95,1,4
1668,55600,87.86,1,4
1669,55633,61,1,3
1670,55666,57.51,1,3
1671,55699,58.7,1,3
1672,55733,59.91,1,3
1673,55766,59.1,1,3
1674,55800,63.83,1,3
1675,55833,62.47,1,3
1676,55866,61.67,1,3
1677,55900,65.57,1,3
1678,55933,65.02,1,3
1679,55966,63.11,1,3
1680,56000,62.45,1,3
1681,56033,60.41,1,3
1682,56066,57,1,3
1683,56100,58.75,1,3
1684,56133,59.85,1,3
1685,56166,59.25,1,3
1686,56199,63.15,1,3
1687,56233,62.49,1,3
1688,56266,61.59,1,3
1689,56300,65.19,1,3
1690,56333,66.32,1,3
1691,56366,65.7,1,3
1692,56400,66.75,1,3
1693,56433,64.7,1,3
1694,56466,63.96,1,3
1695,56500,59.78,1,3
1696,56533,61.85,1,3
1697,56566,61.22,1,3
1698,56600,58.61,1,3
1699,56633,59.2,1,3
1700,56666,58.62,1,3
1701,56699,52.44,1,3
1702,56733,60.28,1,3
1703,56766,59.66,1,3
1704,56800,56.11,1,3
1705,56833,59.79,1,3
1706,56866,58.74,1,3
1707,56900,56.94,1,3
1708,56933,58.72,1,3
1709,56966,58.51,1,3
1710,57000,55.37,1,3
1711,57033,56.78,1,3
1712,57066,55.53,1,3
1713,57100,54.6,1,3
1714,57133,56.55,1,3
1715,57166,55.92,1,3
1716,57199,60.51,1,3
1717,57233,56.34,1,3
1718,57266,56.17,1,3
1719,57300,57.06,1,3
1720,57333,55.93,1,3
1721,57366,55.92,1,3
1722,57400,56.65,1,3
1723,57433,58.18,1,3
1724,57466,57.29,1,3
1725,57500,57.07,1,3
1726,57533,59.23,1,3
1727,57566,54.96,1,3
1728,57600,62.3,1,3
1729,57633,61.24,1,3
1730,57666,59.63,1,3
1731,57699,65.22,1,3
1732,57733,60.4,1,3
1733,57766,59.76,1,3
1734,57800,61.77,1,3
1735,57833,57.44,1,3
1736,57866,56.44,1,3
1737,57900,60.48,1,3
1738,57933,60.2,1,3
1739,57966,59.7,1,3
1740,58000,60.71,1,3
1741,58033,62.95,1,3
1742,58066,61.64,1,3
1743,58100,68.25,1,3
1744,58133,64.63,1,3
1745,58166,64.15,1,3
1746,58199,62.82,1,3
1747,58233,65.66,1,3
1748,58266,65.05,1,3
1749,58300,61.97,1,3
1750,58333,72.94,1,3
1751,58366,71.35,1,3
1752,58400,63.43,1,3
1753,58433,69.47,1,3
1754,58466,66.56,1,3
1755,58500,61.73,1,3
1756,58533,63.88,1,3
1757,58566,62.64,1,3
1758,58600,56.12,1,3
1759,58633,60.18,1,3
1760,58666,56.54,1,3
1761,58699,50.93,1,3
1762,58733,55.98,1,3
1763,58766,55.49,1,3
1764,58800,51.8,1,3
1765,58833,54.8,1,3
1766,58866,54.33,1,3
1767,58900,53.91,1,3
1768,58933,55.02,1,3
1769,58966,54.29,1,3
1770,59000,53.13,1,3
1771,59033,53.04,1,3
1772,59066,50.35,1,3
1773,59100,56.5,1,3
1774,59133,50.68,1,3
1775,59166,49.67,1,2
1776,59199,53.82,1,3
1777,59233,53.77,1,3
1778,59266,53.37,1,3
1779,59300,100.4,1,4
1780,59333,100.45,1,4
1781,59366,100.45,1,4
1782,59400,100.37,1,4
1783,59433,100.41,1,4
1784,59466,100.41,1,4
1785,59500,100.19,1,4
1786,59533,100.16,1,4
1787,59566,100.1,1,4
1788,59600,99.59,1,4
1789,59633,71.27,1,3
1790,59666,59.99,1,3
1791,59699,65.99,1,3
1792,59733,62.56,1,3
1793,59766,60.52,1,3
1794,59800,63.76,1,3
1795,59833,60.67,1,3
1796,59866,59.9,1,3
1797,59900,65.64,1,3
1798,59933,66.77,1,3
1799,59966,65.25,1,3
1800,60000,65.23,1,3
1801,60033,64.07,1,3
1802,60066,63.1,1,3
1803,60100,60.56,1,3
1804,60133,64.86,1,3
1805,60166,63.61,1,3
1806,60199,55.64,1,3
1807,60233,61.41,1,3
1808,60266,59.86,1,3
1809,60300,55.03,1,3
1810,60333,57.84,1,3
1811,60366,56.92,1,3
1812,60400,50.57,1,3
1813,60433,58.95,1,3
1814,60466,58.56,1,3
1815,60500,54.82,1,3
1816,60533,59.87,1,3
1817,60566,59.34,1,3
1818,60600,53.93,1,3
1819,60633,58.98,1,3
1820,60666,58.48,1,3
1821,60699,58.57,1,3
1822,60733,59.43,1,3
1823,60766,58.2,1,3
1824,60800,60.24,1,3
1825,60833,58.93,1,3
1826,60866,58.23,1,3
1827,60900,61.07,1,3
1828,60933,59.82,1,3
1829,60966,59.63,1,3
1830,61000,60.7,1,3
1831,61033,59.18,1,3
1832,61066,58.5,1,3
1833,61100,61.83,1,3
1834,61133,60.35,1,3
1835,61166,59.51,1,3
1836,61199,64.21,1,3
1837,61233,65.12,1,3
1838,61266,65.22,1,3
1839,61300,67.86,1,3
1840,61333,60.56,1,3
1841,61366,59.53,1,3
1842,61400,64.01,1,3
1843,61433,61.64,1,3
1844,61466,60.77,1,3
1845,61500,63.23,1,3
1846,61533,60.02,1,3
1847,61566,58.65,1,3
1848,61600,60.41,1,3
1849,61633,63.39,1,3
1850,61666,61.24,1,3
1851,61699,63.83,1,3
1852,61733,61.78,1,3
1853,61766,61.69,1,3
1854,61800,57.87,1,3
1855,61833,61.79,1,3
1856,61866,61.39,1,3
1857,61900,56.61,1,3
1858,61933,59.17,1,3
1859,61966,58.82,1,3
1860,62000,50.44,1,3
1861,62033,59.59,1,3
1862,62066,57.67,1,3
1863,62100,51.5,1,3
1864,62133,61.39,1,3
1865,62166,61.18,1,3
1866,62199,50.99,1,3
1867,62233,61.68,1,3
1868,62266,60.97,1,3
1869,62300,60.7,1,3
1870,62333,62.45,1,3
1871,62366,62.01,1,3
1872,62400,55.39,1,3
1873,62433,60.67,1,3
1874,62466,59.76,1,3
1875,62500,58.74,1,3
1876,62533,59.75,1,3
1877,62566,58.55,1,3
1878,62600,57.67,1,3
1879,62633,57.35,1,3
1880,62666,56.49,1,3
1881,62699,59.2,1,3
1882,62733,58.79,1,3
1883,62766,56.65,1,3
1884,62800,59.14,1,3
1885,62833,55.53,1,3
1886,62866,54.49,1,3
1887,62900,63.29,1,3
1888,62933,60.04,1,3
1889,62966,59.01,1,3
1890,63000,63.86,1,3
1891,63033,61.69,1,3
1892,63066,61.27,1,3
1893,63100,66.7,1,3
1894,63133,60.55,1,3
1895,63166,59.6,1,3
1896,63199,62.55,1,3
1897,63233,58.65,1,3
1898,63266,57.01,1,3
1899,63300,100.12,1,4
1900,63333,96.71,1,4
1901,63366,97.01,1,4
1902,63400,97.07,1,4
1903,63433,99.9,1,4
1904,63466,97.82,1,4
1905,63500,97.33,1,4
1906,63533,98.92,1,4
1907,63566,98.86,1,4
1908,63600,89.83,1,4
1909,63633,71.66,1,3
1910,63666,65.95,1,3
1911,63699,60.11,1,3
1912,63733,62.49,1,3
1913,63766,61.15,1,3
1914,63800,53.3,1,3
1915,63833,60.92,1,3
1916,63866,59.59,1,3
1917,63900,53.67,1,3
1918,63933,60.25,1,3
1919,63966,59.91,1,3
1920,64000,48.44,1,2
1921,64033,60.31,1,3
1922,64066,59.8,1,3
1923,64099,54.63,1,3
1924,64133,60.82,1,3
1925,64166,59.87,1,3
1926,64200,52.97,1,3
1927,64233,60.9,1,3
1928,64266,59.36,1,3
1929,64300,60.05,1,3
1930,64333,61.58,1,3
1931,64366,60.75,1,3
1932,64400,61.89,1,3
1933,64433,60.54,1,3
1934,64466,58.52,1,3
1935,64500,62.28,1,3
1936,64533,54.15,1,3
1937,64566,52.47,1,3
1938,64599,59.99,1,3
1939,64633,58.89,1,3
1940,64666,57.96,1,3
1941,64700,64.14,1,3
1942,64733,54.71,1,3
1943,64766,53.46,1,3
1944,64800,63.2,1,3
1945,64833,62.33,1,3
1946,64866,61.79,1,3
1947,64900,64.81,1,3
1948,64933,55.34,1,3
1949,64966,54.65,1,3
1950,65000,61.58,1,3
1951,65033,54.32,1,3
1952,65066,53.6,1,3
1953,65099,60.36,1,3
1954,65133,57.09,1,3
1955,65166,55.64,1,3
1956,65200,56.19,1,3
1957,65233,58.6,1,3
1958,65266,56.78,1,3
1959,65300,57.46,1,3
1960,65333,57.07,1,3
1961,65366,56.36,1,3
1962,65400,51.61,1,3
1963,65433,58.38,1,3
1964,65466,57.61,1,3
1965,65500,50.2,1,3
1966,65533,57.38,1,3
1967,65566,56.12,1,3
1968,65600,42.31,1,2
1969,65633,57.38,1,3
1970,65666,56.72,1,3
1971,65700,48.51,1,2
1972,65733,56.27,1,3
1973,65766,56.1,1,3
1974,65800,43.69,1,2
1975,65833,56.34,1,3
1976,65866,55.6,1,3
1977,65900,47.54,1,2
1978,65933,58.64,1,3
1979,65966,57.94,1,3
1980,66000,51.1,1,3
1981,66033,58.41,1,3
1982,66066,57.82,1,3
1983,66100,59.79,1,3
1984,66133,58.09,1,3
1985,66166,56.82,1,3
1986,66200,57.46,1,3
1987,66233,59.35,1,3
1988,66266,58.04,1,3
1989,66300,62.78,1,3
1990,66333,58.2,1,3
1991,66366,56.59,1,3
1992,66400,59.96,1,3
1993,66433,57.79,1,3
1994,66466,55.06,1,3
1995,66500,63.28,1,3
1996,66533,61.08,1,3
1997,66566,59.86,1,3
1998,66600,64.99,1,3
1999,66633,59.1,1,3
2000,66666,63.6,1,3
2001,66700,70.94,1,3
2002,66733,61.68,1,3
2003,66766,61.09,1,3
2004,66800,65.31,1,3
2005,66833,58.93,1,3
2006,66866,58.17,1,3
2007,66900,61.4,1,3
2008,66933,58.49,1,3
2009,66966,57.05,1,3
2010,67000,56,1,3
2011,67033,57.4,1,3
2012,67066,56.64,1,3
2013,67100,56.17,1,3
2014,67133,58.36,1,3
2015,67166,57.8,1,3
2016,67200,54.12,1,3
2017,67233,58.69,1,3
2018,67266,58.05,1,3
2019,67300,94.95,1,4
2020,67333,95.71,1,4
2021,67366,95.17,1,4
2022,67400,85.57,1,4
2023,67433,93.91,1,4
2024,67466,92.45,1,4
2025,67500,81.6,1,4
2026,67533,88.38,1,4
2027,67566,86.49,1,4
2028,67600,73.53,1,3
2029,67633,61.37,1,3
2030,67666,57.75,1,3
2031,67700,52.15,1,3
2032,67733,62.96,1,3
2033,67766,61.72,1,3
2034,67800,57.66,1,3
2035,67833,62.91,1,3
2036,67866,62.14,1,3
2037,67900,63.45,1,3
2038,67933,61.74,1,3
2039,67966,60.91,1,3
2040,68000,63.82,1,3
2041,68033,62.43,1,3
2042,68066,60.87,1,3
2043,68100,61.01,1,3
2044,68133,57.42,1,3
2045,68166,56.49,1,3
2046,68200,60.91,1,3
2047,68233,56.1,1,3
2048,68266,55.08,1,3
2049,68300,65.69,1,3
2050,68333,56.94,1,3
2051,68366,56.11,1,3
2052,68400,69.4,1,3
2053,68433,61.93,1,3
2054,68466,60.53,1,3
2055,68500,65.15,1,3
2056,68533,56.09,1,3
2057,68566,55.18,1,3
2058,68600,60.34,1,3
2059,68633,56.5,1,3
2060,68666,54.97,1,3
2061,68700,58.11,1,3
2062,68733,55.13,1,3
2063,68766,54.15,1,3
2064,68800,58.43,1,3
2065,68833,57.13,1,3
2066,68866,56.29,1,3
2067,68900,52.88,1,3
2068,68933,59.98,1,3
2069,68966,59.39,1,3
2070,69000,54.43,1,3
2071,69033,59.09,1,3
2072,69066,58.78,1,3
2073,69100,50.19,1,3
2074,69133,58.11,1,3
2075,69166,57.39,1,3
2076,69200,47.2,1,2
2077,69233,58.69,1,3
2078,69266,58.23,1,3
2079,69300,48.32,1,2
2080,69333,58.89,1,3
2081,69366,58.18,1,3
2082,69400,47.58,1,2
2083,69433,59.53,1,3
2084,69466,59.33,1,3
2085,69500,54.02,1,3
2086,69533,63.7,1,3
2087,69566,63.07,1,3
2088,69600,58.85,1,3
2089,69633,64.07,1,3
2090,69666,63.86,1,3
2091,69700,64.89,1,3
2092,69733,65.53,1,3
2093,69766,64.78,1,3
2094,69800,64.35,1,3
2095,69833,64.18,1,3
2096,69866,63.11,1,3
2097,69900,64.39,1,3
2098,69933,61.89,1,3
2099,69966,60.44,1,3
2100,70000,61.51,1,3
2101,70033,60.22,1,3
2102,70066,58.36,1,3
2103,70100,64.95,1,3
2104,70133,63.25,1,3
2105,70166,62.7,1,3
2106,70200,65.84,1,3
2107,70233,61.47,1,3
2108,70266,60.84,1,3
2109,70300,64.12,1,3
2110,70333,57.2,1,3
2111,70366,55.83,1,3
2112,70400,60.77,1,3
2113,70433,58.22,1,3
2114,70466,56.62,1,3
2115,70500,60.1,1,3
2116,70533,58.07,1,3
2117,70566,56.91,1,3
2118,70600,58.9,1,3
2119,70633,59.1,1,3
2120,70666,58.86,1,3
2121,70700,58.99,1,3
2122,70733,60.24,1,3
2123,70766,59.65,1,3
2124,70800,55,1,3
2125,70833,58.74,1,3
2126,70866,58.93,1,3
2127,70900,53.03,1,3
2128,70933,60.43,1,3
2129,70966,60.04,1,3
2130,71000,51.7,1,3
2131,71033,58.86,1,3
2132,71066,58.16,1,3
2133,71100,53.43,1,3
2134,71133,58.12,1,3
2135,71166,57.61,1,3
2136,71200,50.79,1,3
2137,71233,59,1,3
2138,71266,58.83,1,3
2139,71300,97.22,1,4
2140,71333,99.96,1,4
2141,71366,99.86,1,4
2142,71400,95.98,1,4
2143,71433,99.64,1,4
2144,71466,99.56,1,4
2145,71500,94.36,1,4
2146,71533,97.07,1,4
2147,71566,96.06,1,4
2148,71600,93.19,1,4
2149,71633,75.47,1,4
2150,71666,71.53,1,3
2151,71700,68.62,1,3
2152,71733,66.76,1,3
2153,71766,64.98,1,3
2154,71800,67.87,1,3
2155,71833,71.49,1,3
2156,71866,70.17,1,3
2157,71900,73.19,1,3
2158,71933,67.76,1,3
2159,71966,65.2,1,3
2160,72000,71.1,1,3
2161,72033,63.79,1,3
2162,72066,62.24,1,3
2163,72100,68.48,1,3
2164,72133,60.19,1,3
2165,72166,58.07,1,3
2166,72200,63.43,1,3
2167,72233,60.86,1,3
2168,72266,59.67,1,3
2169,72300,62.36,1,3
2170,72333,58.32,1,3
2171,72366,57.16,1,3
2172,72400,63.21,1,3
2173,72433,60.89,1,3
2174,72466,60.09,1,3
2175,72500,59.21,1,3
2176,72533,59.59,1,3
2177,72566,58.67,1,3
2178,72600,59.29,1,3
2179,72633,61.96,1,3
2180,72666,61.36,1,3
2181,72700,59.66,1,3
2182,72733,62.93,1,3
2183,72766,62.31,1,3
2184,72800,54.85,1,3
2185,72833,63.66,1,3
2186,72866,62.09,1,3
2187,72900,58.07,1,3
2188,72933,61.88,1,3
2189,72966,61.31,1,3
2190,73000,54.3,1,3
2191,73033,62.33,1,3
2192,73066,62.08,1,3
2193,73100,57.57,1,3
2194,73133,66.3,1,3
2195,73166,66.02,1,3
2196,73200,62.89,1,3
2197,73233,67.66,1,3
2198,73266,66.63,1,3
2199,73300,67.35,1,3
2200,73333,68.14,1,3
2201,73366,66.67,1,3
2202,73400,65.51,1,3
2203,73433,63.08,1,3
2204,73466,61.24,1,3
2205,73500,62.88,1,3
2206,73533,62.91,1,3
2207,73566,61.24,1,3
2208,73600,63.44,1,3
2209,73633,57.95,1,3
2210,73666,56.66,1,3
2211,73700,64.79,1,3
2212,73733,59.89,1,3
2213,73766,58.58,1,3
2214,73800,63.04,1,3
2215,73833,59.04,1,3
2216,73866,56.75,1,3
2217,73900,62.36,1,3
2218,73933,55.07,1,3
2219,73966,54.32,1,3
2220,74000,59.99,1,3
2221,74033,55.23,1,3
2222,74066,54.49,1,3
2223,74100,59.22,1,3
2224,74133,57.86,1,3
2225,74166,57.14,1,3
2226,74200,59.28,1,3
2227,74233,61.71,1,3
2228,74266,61.03,1,3
2229,74300,61.07,1,3
2230,74333,63.22,1,3
2231,74366,62.95,1,3
2232,74400,60.61,1,3
2233,74433,63.14,1,3
2234,74466,61.56,1,3
2235,74500,56.49,1,3
2236,74533,63.7,1,3
2237,74566,62.9,1,3
2238,74600,51.48,1,3
2239,74633,61.95,1,3
2240,74666,61.41,1,3
2241,74700,50.2,1,3
2242,74733,61.59,1,3
2243,74766,60.99,1,3
2244,74800,54.88,1,3
2245,74833,65.48,1,3
2246,74866,65.35,1,3
2247,74900,59.23,1,3
2248,74933,68.59,1,3
2249,74966,67.94,1,3
2250,75000,76.35,1,4
2251,75033,78.67,1,4
2252,75066,76.48,1,4
2253,75100,75.11,1,4
2254,75133,72.28,1,3
2255,75166,70.73,1,3
2256,75200,69.85,1,3
2257,75233,67.23,1,3
2258,75266,65.46,1,3
2259,75300,96.99,1,4
2260,75333,93.08,1,4
2261,75366,91,1,4
2262,75400,96.03,1,4
2263,75433,92.65,1,4
2264,75466,92.19,1,4
2265,75500,93.65,1,4
2266,75533,84.88,1,4
2267,75566,81.72,1,4
2268,75600,89.38,1,4
2269,75633,62.83,1,3
2270,75666,59.72,1,3
2271,75700,67.03,1,3
2272,75733,55.36,1,3
2273,75766,53.67,1,3
2274,75800,61.65,1,3
2275,75833,58.46,1,3
2276,75866,56.67,1,3
2277,75900,61.42,1,3
2278,75933,57.58,1,3
2279,75966,56.82,1,3
2280,76000,58,1,3
2281,76033,61.05,1,3
2282,76066,59.26,1,3
2283,76100,61.53,1,3
2284,76133,61.39,1,3
2285,76166,60.03,1,3
2286,76200,55.31,1,3
2287,76233,64.65,1,3
2288,76266,63.86,1,3
2289,76300,55.8,1,3
2290,76333,63.23,1,3
2291,76366,62.5,1,3
2292,76400,47.59,1,2
2293,76433,63.64,1,3
2294,76466,62.94,1,3
2295,76500,53.45,1,3
2296,76533,62.26,1,3
2297,76566,61.69,1,3
2298,76600,52.38,1,3
2299,76633,66.2,1,3
2300,76666,65.8,1,3
2301,76700,67.58,1,3
2302,76733,73.56,1,3
2303,76766,72.8,1,3
2304,76800,65.68,1,3
2305,76833,73.68,1,3
2306,76866,72.65,1,3
2307,76900,68.59,1,3
2308,76933,68.37,1,3
2309,76966,67.28,1,3
2310,77000,65.76,1,3
2311,77033,63.26,1,3
2312,77066,61.82,1,3
2313,77100,63.59,1,3
2314,77133,62.21,1,3
2315,77166,60.92,1,3
2316,77200,63.39,1,3
2317,77233,62.05,1,3
2318,77266,58.13,1,3
2319,77300,63.28,1,3
2320,77333,55.59,1,3
2321,77366,53.21,1,3
2322,77400,60.54,1,3
2323,77433,53.7,1,3
2324,77466,53,1,3
2325,77500,60.75,1,3
2326,77533,54.8,1,3
2327,77566,54.11,1,3
2328,77600,61.19,1,3
2329,77633,55.77,1,3
2330,77666,55.11,1,3
2331,77700,61.5,1,3
2332,77733,60.14,1,3
2333,77766,58.86,1,3
2334,77800,57.38,1,3
2335,77833,61.07,1,3
2336,77866,60.66,1,3
2337,77900,59.61,1,3
2338,77933,62.45,1,3
2339,77966,61.94,1,3
2340,78000,54.43,1,3
2341,78033,65.07,1,3
2342,78066,64.39,1,3
2343,78100,57.4,1,3
2344,78133,67.55,1,3
2345,78166,66.56,1,3
2346,78200,51.01,1,3
2347,78233,64.97,1,3
2348,78266,64.12,1,3
2349,78300,56.06,1,3
2350,78333,65.31,1,3
2351,78366,64.25,1,3
2352,78400,59.55,1,3
2353,78433,69.26,1,3
2354,78466,67.68,1,3
2355,78500,64.29,1,3
2356,78533,68.68,1,3
2357,78566,68.58,1,3
2358,78600,65.4,1,3
2359,78633,68.29,1,3
2360,78666,67.76,1,3
2361,78700,67.8,1,3
2362,78733,68.03,1,3
2363,78766,66.93,1,3
2364,78800,62.65,1,3
2365,78833,59.3,1,3
2366,78866,58.65,1,3
2367,78900,62.33,1,3
2368,78933,58.02,1,3
2369,78966,56.55,1,3
2370,79000,62.33,1,3
2371,79033,60.08,1,3
2372,79066,57.91,1,3
2373,79100,62.6,1,3
2374,79133,52.18,1,3
2375,79166,51.31,1,3
2376,79200,59.77,1,3
2377,79233,53.2,1,3
2378,79266,52.51,1,3
2379,79300,95.18,1,4
2380,79333,91.33,1,4
2381,79366,90.68,1,4
2382,79400,92.64,1,4
2383,79433,93.07,1,4
2384,79466,92.09,1,4
2385,79500,90.96,1,4
2386,79533,87.72,1,4
2387,79566,86.53,1,4
2388,79600,81.91,1,4
2389,79633,67.77,1,3
2390,79666,65.25,1,3
2391,79700,67.89,1,3
2392,79733,67.72,1,3
2393,79766,67,1,3
2394,79800,53.81,1,3
2395,79833,69.17,1,3
2396,79866,68.21,1,3
2397,79900,61.5,1,3
2398,79933,69.08,1,3
2399,79966,68.37,1,3
2400,80000,53.95,1,3
2401,80033,67.45,1,3
2402,80066,67.13,1,3
2403,80100,55.31,1,3
2404,80133,67.38,1,3
2405,80166,66.5,1,3
2406,80200,55.72,1,3
2407,80233,71.23,1,3
2408,80266,70.65,1,3
2409,80300,69.95,1,3
2410,80333,74.42,1,3
2411,80366,73.05,1,3
2412,80400,68.91,1,3
2413,80433,71.46,1,3
2414,80466,71.08,1,3
2415,80500,66.77,1,3
2416,80533,64.88,1,3
2417,80566,62.98,1,3
2418,80600,61.9,1,3
2419,80633,61.75,1,3
2420,80666,60.19,1,3
2421,80700,62.88,1,3
2422,80733,58.84,1,3
2423,80766,55.36,1,3
2424,80800,61.67,1,3
2425,80833,55.78,1,3
2426,80866,54.83,1,3
2427,80900,62.28,1,3
2428,80933,53.45,1,3
2429,80966,52.11,1,3
2430,81000,61.05,1,3
2431,81033,53.07,1,3
2432,81066,51.13,1,3
2433,81100,60.18,1,3
2434,81133,50.81,1,3
2435,81166,50.07,1,3
2436,81200,57.83,1,3
2437,81233,53.12,1,3
2438,81266,51.86,1,3
2439,81300,59.76,1,3
2440,81333,59.3,1,3
2441,81366,58.19,1,3
2442,81400,55.21,1,3
2443,81433,60.33,1,3
2444,81466,59.88,1,3
2445,81500,59.41,1,3
2446,81533,63.49,1,3
2447,81566,62.85,1,3
2448,81600,49.35,1,2
2449,81633,61.52,1,3
2450,81666,60.53,1,3
2451,81700,53.37,1,3
2452,81733,64.11,1,3
2453,81766,63.42,1,3
2454,81800,45.71,1,2
2455,81833,63.61,1,3
2456,81866,63.19,1,3
2457,81900,55.2,1,3
2458,81933,65.86,1,3
2459,81966,65.47,1,3
2460,82000,55.58,1,3
2461,82033,68.9,1,3
2462,82066,68.4,1,3
2463,82100,62.51,1,3
2464,82133,69.81,1,3
2465,82166,68.71,1,3
2466,82200,67.34,1,3
2467,82233,65.08,1,3
2468,82266,63.79,1,3
2469,82300,61.52,1,3
2470,82333,61.45,1,3
2471,82366,60.76,1,3
2472,82400,60.25,1,3
2473,82433,60.75,1,3
2474,82466,59.23,1,3
2475,82500,64.02,1,3
2476,82533,59.48,1,3
2477,82566,58.1,1,3
2478,82600,61.54,1,3
2479,82633,53.29,1,3
2480,82666,51.97,1,3
2481,82700,60.55,1,3
2482,82733,50.86,1,3
2483,82766,49.43,1,2
2484,82800,58.92,1,3
2485,82833,49.83,1,2
2486,82866,48.94,1,2
2487,82900,60.73,1,3
2488,82933,54.19,1,3
2489,82966,53.44,1,3
2490,83000,57.74,1,3
2491,83033,58.77,1,3
2492,83066,57.31,1,3
2493,83100,59.88,1,3
2494,83133,59.83,1,3
2495,83166,58.25,1,3
2496,83200,53.1,1,3
2497,83233,60.21,1,3
2498,83266,59.62,1,3
2499,83300,96.24,1,4
2500,83333,99.52,1,4
2501,83366,99.17,1,4
2502,83400,84.55,1,4
2503,83433,99.28,1,4
2504,83466,99.13,1,4
2505,83500,83.25,1,4
2506,83533,94.45,1,4
2507,83566,94.9,1,4
2508,83600,76.31,1,4
2509,83633,75.26,1,4
2510,83666,64.74,1,3
2511,83700,52.93,1,3
2512,83733,73.35,1,3
2513,83766,72.64,1,3
2514,83800,58.99,1,3
2515,83833,72.62,1,3
2516,83866,71.9,1,3
2517,83900,65.81,1,3
2518,83933,71.83,1,3
2519,83966,70.02,1,3
2520,84000,66.24,1,3
2521,84033,64.55,1,3
2522,84066,63.19,1,3
2523,84100,62.75,1,3
2524,84133,64.74,1,3
2525,84166,63.88,1,3
2526,84200,65.73,1,3
2527,84233,59.48,1,3
2528,84266,57.73,1,3
2529,84300,71.08,1,3
2530,84333,61.09,1,3
2531,84366,58.69,1,3
2532,84400,65.88,1,3
2533,84433,54.12,1,3
2534,84466,52.54,1,3
2535,84500,64.85,1,3
2536,84533,50.72,1,3
2537,84566,48.36,1,2
2538,84600,62.07,1,3
2539,84633,50.22,1,3
2540,84666,48.2,1,2
2541,84700,59.31,1,3
2542,84733,48.93,1,2
2543,84766,48.27,1,2
2544,84800,59.14,1,3
2545,84833,54.07,1,3
2546,84866,53.12,1,3
2547,84900,54.91,1,3
2548,84933,55.88,1,3
2549,84966,54.86,1,3
2550,85000,53.98,1,3
2551,85033,59.46,1,3
2552,85066,58.58,1,3
2553,85100,43.81,1,2
2554,85133,59.08,1,3
2555,85166,57.98,1,3
2556,85200,38.08,1,2
2557,85233,59.07,1,3
2558,85266,57.65,1,3
2559,85300,31.97,1,2
2560,85333,56.8,1,3
2561,85366,55.19,1,3
2562,85400,32.36,1,2
2563,85433,57.52,1,3
2564,85466,56.73,1,3
2565,85500,37.15,1,2
2566,85533,59.91,1,3
2567,85566,58.89,1,3
2568,85600,45,1,2
2569,85633,62.19,1,3
2570,85666,60.59,1,3
2571,85700,50.4,1,3
2572,85733,60.14,1,3
2573,85766,58.85,1,3
2574,85800,54.1,1,3
2575,85833,55.96,1,3
2576,85866,54.78,1,3
2577,85900,54.88,1,3
2578,85933,54.44,1,3
2579,85966,52.88,1,3
2580,86000,62.41,1,3
2581,86033,62.93,1,3
2582,86066,60.92,1,3
2583,86100,65.22,1,3
2584,86133,56.9,1,3
2585,86166,54.96,1,3
2586,86200,65.26,1,3
2587,86233,51.17,1,3
2588,86266,49.58,1,2
2589,86300,60.15,1,3
2590,86333,46.67,1,2
2591,86366,45.53,1,2
2592,86400,58.86,1,3
2593,86433,51.2,1,3
2594,86466,49.31,1,2
2595,86500,65.59,1,3
2596,86533,54.04,1,3
2597,86566,53.05,1,3
2598,86600,64.17,1,3
2599,86633,60.22,1,3
2600,86666,59.07,1,3
2601,86700,60.58,1,3
2602,86733,59.73,1,3
2603,86766,58.86,1,3
2604,86800,56.8,1,3
2605,86833,60.72,1,3
2606,86866,60.08,1,3
2607,86900,53.37,1,3
2608,86933,61.57,1,3
2609,86966,60.2,1,3
2610,87000,48.15,1,2
2611,87033,62.18,1,3
2612,87066,61.78,1,3
2613,87100,47.22,1,2
2614,87133,61.32,1,3
2615,87166,60.18,1,3
2616,87200,45.85,1,2
2617,87233,60.8,1,3
2618,87266,60.52,1,3
2619,87300,94.63,1,4
2620,87333,98.09,1,4
2621,87366,98.11,1,4
2622,87400,87.61,1,4
2623,87433,97.28,1,4
2624,87466,96.66,1,4
2625,87500,86.03,1,4
2626,87533,94.6,1,4
2627,87566,91.29,1,4
2628,87600,87.43,1,4
2629,87633,67.55,1,3
2630,87666,63.21,1,3
2631,87700,63.61,1,3
2632,87733,65.55,1,3
2633,87766,64.21,1,3
2634,87800,69.32,1,3
2635,87833,65.97,1,3
2636,87866,64.75,1,3
2637,87900,69.44,1,3
2638,87933,61.09,1,3
2639,87966,58.48,1,3
2640,88000,69.49,1,3
2641,88033,54.2,1,3
2642,88066,51.26,1,3
2643,88100,65.15,1,3
2644,88133,51.28,1,3
2645,88166,48.88,1,2
2646,88200,64.37,1,3
2647,88233,52.87,1,3
2648,88266,51.29,1,3
2649,88300,66.14,1,3
2650,88333,58.53,1,3
2651,88366,55.65,1,3
2652,88400,66.75,1,3
2653,88433,58.82,1,3
2654,88466,56.38,1,3
2655,88500,60.1,1,3
2656,88533,62.46,1,3
2657,88566,61.2,1,3
2658,88600,57.02,1,3
2659,88633,62.06,1,3
2660,88666,61.22,1,3
2661,88700,50.09,1,3
2662,88733,63.62,1,3
2663,88766,63.01,1,3
2664,88800,47.2,1,2
2665,88833,61.41,1,3
2666,88866,60.7,1,3
2667,88900,43.55,1,2
2668,88933,61.97,1,3
2669,88966,61.62,1,3
2670,89000,41.71,1,2
2671,89033,62.04,1,3
2672,89066,61.04,1,3
2673,89100,45.15,1,2
2674,89133,62.33,1,3
2675,89166,61.61,1,3
2676,89200,49.35,1,2
2677,89233,60.64,1,3
2678,89266,60.27,1,3
2679,89300,53.28,1,3
2680,89333,60.95,1,3
2681,89366,59.78,1,3
2682,89400,56.73,1,3
2683,89433,64.03,1,3
2684,89466,63.2,1,3
2685,89500,62.1,1,3
2686,89533,59.64,1,3
2687,89566,57.52,1,3
2688,89600,68.52,1,3
2689,89633,61.1,1,3
2690,89666,59.96,1,3
2691,89700,63.97,1,3
2692,89733,55.67,1,3
2693,89766,54.74,1,3
2694,89800,64.33,1,3
2695,89833,52.58,1,3
2696,89866,51.24,1,3
2697,89900,61.58,1,3
2698,89933,51.36,1,3
2699,89966,48.22,1,2
2700,90000,63.53,1,3
2701,90033,55.17,1,3
2702,90066,53.2,1,3
2703,90100,69.94,1,3
2704,90133,61.33,1,3
2705,90166,59.6,1,3
2706,90200,65.49,1,3
2707,90233,62.8,1,3
2708,90266,61.43,1,3
2709,90300,61.22,1,3
2710,90333,61.05,1,3
2711,90366,59.62,1,3
2712,90400,57.89,1,3
2713,90433,62.44,1,3
2714,90466,61.61,1,3
2715,90500,51.3,1,3
2716,90533,63.1,1,3
2717,90566,62.48,1,3
2718,90600,46.16,1,2
2719,90633,62.53,1,3
2720,90666,61.31,1,3
2721,90700,43.29,1,2
2722,90733,61.17,1,3
2723,90766,59.9,1,3
2724,90800,46.38,1,2
2725,90833,61.13,1,3
2726,90866,60.59,1,3
2727,90900,53.26,1,3
2728,90933,63.67,1,3
2729,90966,63.01,1,3
2730,91000,52.94,1,3
2731,91033,64.58,1,3
2732,91066,63.92,1,3
2733,91100,55.4,1,3
2734,91133,62.4,1,3
2735,91166,61.64,1,3
2736,91200,60.06,1,3
2737,91233,61.24,1,3
2738,91266,60.31,1,3
2739,91300,99.56,1,4
2740,91333,93.97,1,4
2741,91366,92.24,1,4
2742,91400,93.48,1,4
2743,91433,86.72,1,4
2744,91466,84.81,1,4
2745,91500,91.09,1,4
2746,91533,78.56,1,4
2747,91566,76.08,1,4
2748,91600,87.03,1,4
2749,91633,56.8,1,3
2750,91666,62.37,1,3
2751,91700,77.73,1,4
2752,91733,62.81,1,3
2753,91766,60.66,1,3
2754,91800,74.32,1,3
2755,91833,64.3,1,3
2756,91866,61.26,1,3
2757,91900,70.7,1,3
2758,91933,65.45,1,3
2759,91966,60.21,1,3
2760,92000,61.36,1,3
2761,92033,60.46,1,3
2762,92066,58.48,1,3
2763,92100,57.31,1,3
2764,92133,61.83,1,3
2765,92166,60.74,1,3
2766,92200,53.58,1,3
2767,92233,62.04,1,3
2768,92266,61.09,1,3
2769,92300,46.09,1,2
2770,92333,62.26,1,3
2771,92366,61.29,1,3
2772,92400,43.91,1,2
2773,92433,61.24,1,3
2774,92466,60.83,1,3
2775,92500,42.23,1,2
2776,92533,60.35,1,3
2777,92566,59.64,1,3
2778,92600,47.58,1,2
2779,92633,62.03,1,3
2780,92666,60.96,1,3
2781,92700,50.23,1,3
2782,92733,61.34,1,3
2783,92766,60.72,1,3
2784,92800,51.6,1,3
2785,92833,62.08,1,3
2786,92866,60.4,1,3
2787,92900,55.22,1,3
2788,92933,60.87,1,3
2789,92966,60.25,1,3
2790,93000,61.45,1,3
2791,93033,63.89,1,3
2792,93066,63.11,1,3
2793,93100,64.02,1,3
2794,93133,61.12,1,3
2795,93166,59.06,1,3
2796,93200,67.3,1,3
2797,93233,60.92,1,3
2798,93266,59.15,1,3
2799,93300,64.58,1,3
2800,93333,53.59,1,3
2801,93366,52.38,1,3
2802,93400,64.29,1,3
2803,93433,51,1,3
2804,93466,49.1,1,2
2805,93500,64.45,1,3
2806,93533,54.9,1,3
2807,93566,52.16,1,3
2808,93600,65.83,1,3
2809,93633,58.55,1,3
2810,93666,57.29,1,3
2811,93700,61.89,1,3
2812,93733,60.91,1,3
2813,93766,59.72,1,3
2814,93800,59.97,1,3
2815,93833,62.11,1,3
2816,93866,60.87,1,3
2817,93900,60.12,1,3
2818,93933,63.24,1,3
2819,93966,61.83,1,3
2820,94000,46.7,1,2
2821,94033,62.83,1,3
2822,94066,62.4,1,3
2823,94100,44.95,1,2
2824,94133,61.99,1,3
2825,94166,61.63,1,3
2826,94200,41.18,1,2
2827,94233,62.21,1,3
2828,94266,62.17,1,3
2829,94300,44.08,1,2
2830,94333,61.32,1,3
2831,94366,60.99,1,3
2832,94400,48.24,1,2
2833,94433,63.49,1,3
2834,94466,62.87,1,3
2835,94500,54.16,1,3
2836,94533,60.96,1,3
2837,94566,60.4,1,3
2838,94600,56.81,1,3
2839,94633,58.53,1,3
2840,94666,57.98,1,3
2841,94700,57.67,1,3
2842,94733,57.86,1,3
2843,94766,56.61,1,3
2844,94800,60.14,1,3
2845,94833,56.35,1,3
2846,94866,55.32,1,3
2847,94900,63.07,1,3
2848,94933,53.26,1,3
2849,94966,52.16,1,3
2850,95000,62.6,1,3
2851,95033,46.65,1,2
2852,95066,45.41,1,2
2853,95100,61.97,1,3
2854,95133,46.36,1,2
2855,95166,44.45,1,2
2856,95200,62.52,1,3
2857,95233,49.01,1,2
2858,95266,47.55,1,2
2859,95300,95.47,1,4
2860,95333,88.8,1,4
2861,95366,87.08,1,4
2862,95400,90.04,1,4
2863,95433,88.6,1,4
2864,95466,86.32,1,4
2865,95500,89.92,1,4
2866,95533,85.86,1,4
2867,95566,82.73,1,4
2868,95600,69.26,1,3
2869,95633,75.8,1,4
2870,95666,70.58,1,3
2871,95700,60.47,1,3
2872,95733,68.57,1,3
2873,95766,66.75,1,3
2874,95800,43.93,1,2
2875,95833,64.71,1,3
2876,95866,64,1,3
2877,95900,47.76,1,2
2878,95933,64.91,1,3
2879,95966,63.95,1,3
2880,96000,44.31,1,2
2881,96033,63.33,1,3
2882,96066,62.79,1,3
2883,96100,50.32,1,3
2884,96133,63.14,1,3
2885,96166,62.7,1,3
2886,96200,50.42,1,3
2887,96233,64.08,1,3
2888,96266,63.35,1,3
2889,96300,58.26,1,3
2890,96333,60.58,1,3
2891,96366,59.46,1,3
2892,96400,56.98,1,3
2893,96433,58.13,1,3
2894,96466,56.76,1,3
2895,96500,62.42,1,3
2896,96533,55.34,1,3
2897,96566,54.71,1,3
2898,96600,64.04,1,3
2899,96633,59.65,1,3
2900,96666,58.21,1,3
2901,96700,67.72,1,3
2902,96733,53.58,1,3
2903,96766,52.37,1,3
2904,96800,62.31,1,3
2905,96833,48.15,1,2
2906,96866,46.61,1,2
2907,96900,64.46,1,3
2908,96933,50.92,1,3
2909,96966,49.87,1,2
2910,97000,61.29,1,3
2911,97033,61.31,1,3
2912,97066,59.79,1,3
2913,97100,66.7,1,3
2914,97133,61.85,1,3
2915,97166,60.19,1,3
2916,97200,59.85,1,3
2917,97233,63.71,1,3
2918,97266,62.65,1,3
2919,97300,58.81,1,3
2920,97333,62.21,1,3
2921,97366,61.5,1,3
2922,97400,43.34,1,2
2923,97433,64.28,1,3
2924,97466,63.81,1,3
2925,97500,51.03,1,3
2926,97533,63.5,1,3
2927,97566,62.82,1,3
2928,97600,39.04,1,2
2929,97633,65.59,1,3
2930,97666,64.58,1,3
2931,97700,48.4,1,2
2932,97733,62.91,1,3
2933,97766,62.61,1,3
2934,97800,44.12,1,2
2935,97833,61.2,1,3
2936,97866,60.08,1,3
2937,97900,49.65,1,2
2938,97933,61.01,1,3
2939,97966,59.88,1,3
2940,98000,51.51,1,3
2941,98033,58.27,1,3
2942,98066,57.5,1,3
2943,98100,57.77,1,3
2944,98133,53.5,1,3
2945,98166,52.35,1,3
2946,98200,56.88,1,3
2947,98233,50.08,1,3
2948,98266,48.96,1,2
2949,98300,62.77,1,3
2950,98333,54.37,1,3
2951,98366,53.31,1,3
2952,98400,65.06,1,3
2953,98433,51.19,1,3
2954,98466,49.87,1,2
2955,98500,65.63,1,3
2956,98533,49.58,1,2
2957,98566,47.56,1,2
2958,98600,60.74,1,3
2959,98633,51.78,1,3
2960,98666,50.84,1,3
2961,98700,62.81,1,3
2962,98733,57.29,1,3
2963,98766,55.45,1,3
2964,98800,61.49,1,3
2965,98833,63.89,1,3
2966,98866,63.14,1,3
2967,98900,66.65,1,3
2968,98933,68.86,1,3
2969,98966,68.41,1,3
2970,99000,53.45,1,3
2971,99033,64.19,1,3
2972,99066,63.36,1,3
2973,99100,54.31,1,3
2974,99133,64.36,1,3
2975,99166,63.52,1,3
2976,99200,44.56,1,2
2977,99233,64.6,1,3
2978,99266,64.07,1,3
2979,99300,94.41,1,4
2980,99333,95.09,1,4
2981,99366,94.77,1,4
2982,99400,70.85,1,3
2983,99433,91.05,1,4
2984,99466,89.92,1,4
2985,99500,76.63,1,4
2986,99533,89.09,1,4
2987,99566,87.76,1,4
2988,99600,70.96,1,3
2989,99633,69.72,1,3
2990,99666,65.06,1,3
2991,99700,59.35,1,3
2992,99733,62.61,1,3
2993,99766,61.38,1,3
2994,99800,58.41,1,3
2995,99833,60.37,1,3
2996,99866,59.51,1,3
2997,99900,61.66,1,3
2998,99933,53.99,1,3
2999,99966,52.62,1,3
3000,100000,73.56,1,3
3001,100033,61.02,1,3
3002,100066,59.31,1,3
3003,100100,73.03,1,3
3004,100133,60.06,1,3
3005,100166,57.26,1,3
3006,100200,71.04,1,3
3007,100233,56.08,1,3
3008,100266,53.93,1,3
3009,100300,67.44,1,3
3010,100333,50.36,1,3
3011,100366,48.13,1,2
3012,100400,63.93,1,3
3013,100433,54.08,1,3
3014,100466,52.61,1,3
3015,100500,64.99,1,3
3016,100533,62.26,1,3
3017,100566,60.07,1,3
3018,100600,66.89,1,3
3019,100633,68.14,1,3
3020,100666,66.71,1,3
3021,100700,61.99,1,3
3022,100733,65.22,1,3
3023,100766,64.72,1,3
3024,100800,54.84,1,3
3025,100833,66.05,1,3
3026,100866,65.11,1,3
3027,100900,44.58,1,2
3028,100933,64.95,1,3
3029,100966,64.74,1,3
3030,101000,41.41,1,2
3031,101033,68.75,1,3
3032,101066,68.41,1,3
3033,101100,43.13,1,2
3034,101133,64.37,1,3
3035,101166,63.59,1,3
3036,101200,45.96,1,2
3037,101233,63.62,1,3
3038,101266,62.45,1,3
3039,101300,49.09,1,2
3040,101333,60.95,1,3
3041,101366,60.34,1,3
3042,101400,52.84,1,3
3043,101433,60.2,1,3
3044,101466,59.14,1,3
3045,101500,57.54,1,3
3046,101533,57.34,1,3
3047,101566,56.16,1,3
3048,101600,58.52,1,3
3049,101633,53.87,1,3
3050,101666,52.55,1,3
3051,101700,60.15,1,3
3052,101733,48.83,1,2
3053,101766,46.56,1,2
3054,101800,60.07,1,3
3055,101833,45.51,1,2
3056,101866,44.07,1,2
3057,101900,61.91,1,3
3058,101933,47.54,1,2
3059,101966,46.46,1,2
3060,102000,61.2,1,3
3061,102033,48.45,1,2
3062,102066,47.06,1,2
3063,102100,60.19,1,3
3064,102133,52.93,1,3
3065,102166,51.29,1,3
3066,102200,61.01,1,3
3067,102233,57.41,1,3
3068,102266,56.39,1,3
3069,102300,62.55,1,3
3070,102333,65.86,1,3
3071,102366,65.1,1,3
3072,102400,64.58,1,3
3073,102433,67.22,1,3
3074,102466,65.49,1,3
3075,102500,56.24,1,3
3076,102533,66.16,1,3
3077,102566,65.44,1,3
3078,102600,46.44,1,2
3079,102633,65.63,1,3
3080,102666,65.18,1,3
3081,102700,43.7,1,2
3082,102733,66.66,1,3
3083,102766,65.99,1,3
3084,102800,46.67,1,2
3085,102833,68.59,1,3
3086,102866,66.93,1,3
3087,102899,45.05,1,2
3088,102933,67.97,1,3
3089,102966,66.83,1,3
3090,103000,50.12,1,3
3091,103033,65.38,1,3
3092,103066,64.78,1,3
3093,103100,54.72,1,3
3094,103133,62.02,1,3
3095,103166,61.33,1,3
3096,103200,56.66,1,3
3097,103233,57.9,1,3
3098,103266,56.84,1,3
3099,103300,94.46,1,4
3100,103333,87.52,1,4
3101,103366,86.2,1,4
3102,103399,90.22,1,4
3103,103433,80.21,1,4
3104,103466,77.6,1,4
3105,103500,88.34,1,4
3106,103533,72.53,1,3
3107,103566,69.58,1,3
3108,103600,84.33,1,4
3109,103633,55.33,1,3
3110,103666,51.71,1,3
3111,103700,65.27,1,3
3112,103733,50.21,1,3
3113,103766,49.11,1,2
3114,103800,65.16,1,3
3115,103833,56.51,1,3
3116,103866,54.22,1,3
3117,103899,63.91,1,3
3118,103933,59.64,1,3
3119,103966,58.43,1,3
3120,104000,64.85,1,3
3121,104033,67.47,1,3
3122,104066,66.43,1,3
3123,104100,68.48,1,3
3124,104133,71.5,1,3
3125,104166,70.49,1,3
3126,104200,61.95,1,3
3127,104233,71.5,1,3
3128,104266,70.32,1,3
3129,104300,53.62,1,3
3130,104333,67.77,1,3
3131,104366,67.04,1,3
3132,104399,50.11,1,3
3133,104433,69.04,1,3
3134,104466,68.41,1,3
3135,104500,47.04,1,2
3136,104533,71.66,1,3
3137,104566,70.46,1,3
3138,104600,46.85,1,2
3139,104633,75.25,1,4
3140,104666,74.55,1,3
3141,104700,53.01,1,3
3142,104733,68.56,1,3
3143,104766,66.46,1,3
3144,104800,55.03,1,3
3145,104833,66.28,1,3
3146,104866,65.74,1,3
3147,104899,56.86,1,3
3148,104933,60.74,1,3
3149,104966,59.73,1,3
3150,105000,60,1,3
3151,105033,59.01,1,3
3152,105066,58.22,1,3
3153,105100,59.98,1,3
3154,105133,51.63,1,3
3155,105166,50.43,1,3
3156,105200,60.69,1,3
3157,105233,48.13,1,2
3158,105266,46.2,1,2
3159,105300,59.62,1,3
3160,105333,47.74,1,2
3161,105366,46.55,1,2
3162,105399,61.77,1,3
3163,105433,44.56,1,2
3164,105466,43.71,1,2
3165,105500,59.93,1,3
3166,105533,47.35,1,2
3167,105566,45.51,1,2
3168,105600,59.98,1,3
3169,105633,47.99,1,2
3170,105666,46.78,1,2
3171,105700,60.05,1,3
3172,105733,56.31,1,3
3173,105766,55.38,1,3
3174,105800,62.16,1,3
3175,105833,64.98,1,3
3176,105866,63.75,1,3
3177,105899,64.12,1,3
3178,105933,68.35,1,3
3179,105966,67.36,1,3
3180,106000,56.09,1,3
3181,106033,65.54,1,3
3182,106066,64.95,1,3
3183,106100,47.23,1,2
3184,106133,65.88,1,3
3185,106166,65.46,1,3
3186,106200,46.03,1,2
3187,106233,67.89,1,3
3188,106266,67.52,1,3
3189,106300,45.5,1,2
3190,106333,72.78,1,3
3191,106366,71.26,1,3
3192,106399,51.06,1,3
3193,106433,68.92,1,3
3194,106466,67.77,1,3
3195,106500,51.24,1,3
3196,106533,70.07,1,3
3197,106566,69.13,1,3
3198,106600,54.69,1,3
3199,106633,64.12,1,3
3200,106666,63.4,1,3
3201,106700,54.08,1,3
3202,106733,60.08,1,3
3203,106766,58.87,1,3
3204,106800,60.99,1,3
3205,106833,52.41,1,3
3206,106866,49.13,1,2
3207,106899,61.32,1,3
3208,106933,52.88,1,3
3209,106966,50.87,1,3
3210,107000,60.21,1,3
3211,107033,48.31,1,2
3212,107066,46.89,1,2
3213,107100,59.52,1,3
3214,107133,42.65,1,2
3215,107166,41.4,1,2
3216,107200,59.65,1,3
3217,107233,45.58,1,2
3218,107266,44.13,1,2
3219,107300,98.35,1,4
3220,107333,83.57,1,4
3221,107366,82.31,1,4
3222,107399,91.9,1,4
3223,107433,86.52,1,4
3224,107466,85.45,1,4
3225,107500,89.48,1,4
3226,107533,89.71,1,4
3227,107566,88.81,1,4
3228,107600,88.78,1,4
3229,107633,80.1,1,4
3230,107666,77.04,1,4
3231,107700,69.19,1,3
3232,107733,72.77,1,3
3233,107766,71.67,1,3
3234,107800,56.2,1,3
3235,107833,71.94,1,3
3236,107866,70.19,1,3
3237,107899,50.75,1,3
3238,107933,71.61,1,3
3239,107966,70.43,1,3
3240,108000,49.38,1,2
3241,108033,73.38,1,3
3242,108066,72.03,1,3
3243,108100,49.41,1,2
3244,108133,75.15,1,4
3245,108166,74.77,1,3
3246,108200,50.5,1,3
3247,108233,72.61,1,3
3248,108266,71,1,3
3249,108300,56.49,1,3
3250,108333,74.98,1,3
3251,108366,73.22,1,3
3252,108399,62.62,1,3
3253,108433,71.85,1,3
3254,108466,68.76,1,3
3255,108500,63.82,1,3
3256,108533,64.29,1,3
3257,108566,61.19,1,3
3258,108600,62.21,1,3
3259,108633,57.69,1,3
3260,108666,54.74,1,3
3261,108700,60.12,1,3
3262,108733,49.19,1,2
3263,108766,48.09,1,2
3264,108800,60.87,1,3
3265,108833,47,1,2
3266,108866,45.09,1,2
3267,108899,61.28,1,3
3268,108933,43.92,1,2
3269,108966,42.49,1,2
3270,109000,63.23,1,3
3271,109033,47.75,1,2
3272,109066,46.49,1,2
3273,109100,60.31,1,3
3274,109133,51.51,1,3
3275,109166,50.62,1,3
3276,109200,62.31,1,3
3277,109233,56.2,1,3
3278,109266,54.46,1,3
3279,109300,63.82,1,3
3280,109333,65.12,1,3
3281,109366,63.13,1,3
3282,109399,63.31,1,3
3283,109433,68.47,1,3
3284,109466,66.44,1,3
3285,109500,58.17,1,3
3286,109533,66.87,1,3
3287,109566,66.45,1,3
3288,109600,47.04,1,2
3289,109633,67.21,1,3
3290,109666,65.31,1,3
3291,109700,41.42,1,2
3292,109733,67.34,1,3
3293,109766,66.89,1,3
3294,109800,43.47,1,2
3295,109833,68.41,1,3
3296,109866,68.04,1,3
3297,109899,44.32,1,2
3298,109933,71.55,1,3
3299,109966,71.15,1,3
3300,110000,54.26,1,3
3301,110033,69.82,1,3
3302,110066,69.07,1,3
3303,110100,53.6,1,3
3304,110133,65.83,1,3
3305,110166,64.14,1,3
3306,110200,56.01,1,3
3307,110233,60.79,1,3
3308,110266,59.51,1,3
3309,110300,60.54,1,3
3310,110333,55.21,1,3
3311,110366,53.29,1,3
3312,110399,60.3,1,3
3313,110433,53.9,1,3
3314,110466,51.95,1,3
3315,110500,57.35,1,3
3316,110533,44.3,1,2
3317,110566,41.38,1,2
3318,110600,60.5,1,3
3319,110633,42.68,1,2
3320,110666,41.67,1,2
3321,110700,60.72,1,3
3322,110733,42.95,1,2
3323,110766,40.92,1,2
3324,110800,60.37,1,3
3325,110833,50.83,1,3
3326,110866,48.87,1,2
3327,110899,59.71,1,3
3328,110933,52.55,1,3
3329,110966,51.3,1,3
3330,111000,61.86,1,3
3331,111033,61,1,3
3332,111066,59.35,1,3
3333,111100,65.78,1,3
3334,111133,67.25,1,3
3335,111166,66.66,1,3
3336,111200,61.14,1,3
3337,111233,66.18,1,3
3338,111266,65.58,1,3
3339,111300,94.53,1,4
3340,111333,91.97,1,4
3341,111366,91.73,1,4
3342,111399,74.51,1,3
3343,111433,92.21,1,4
3344,111466,91.61,1,4
3345,111500,67.71,1,3
3346,111533,91.84,1,4
3347,111566,89.45,1,4
3348,111600,68.68,1,3
3349,111633,81.74,1,4
3350,111666,79.33,1,4
3351,111700,54.9,1,3
3352,111733,73.69,1,3
3353,111766,71.97,1,3
3354,111800,55.44,1,3
3355,111833,68.98,1,3
3356,111866,67.84,1,3
3357,111899,55.15,1,3
3358,111933,64.23,1,3
3359,111966,62.94,1,3
3360,112000,57.74,1,3
3361,112033,63.25,1,3
3362,112066,61.25,1,3
3363,112100,61.19,1,3
3364,112133,55.9,1,3
3365,112166,53.76,1,3
3366,112200,61.87,1,3
3367,112233,47.96,1,2
3368,112266,46.02,1,2
3369,112300,57.66,1,3
3370,112333,41.37,1,2
3371,112366,39.84,1,2
3372,112399,59.23,1,3
3373,112433,40.81,1,2
3374,112466,40.71,1,2
3375,112500,59.6,1,3
3376,112533,41.67,1,2
3377,112566,40.21,1,2
3378,112600,61.22,1,3
3379,112633,47.44,1,2
3380,112666,46.32,1,2
3381,112700,61.87,1,3
3382,112733,56.6,1,3
3383,112766,55.61,1,3
3384,112800,64.61,1,3
3385,112833,61.63,1,3
3386,112866,60.9,1,3
3387,112899,63.46,1,3
3388,112933,66.55,1,3
3389,112966,65.65,1,3
3390,113000,57.34,1,3
3391,113033,66.68,1,3
3392,113066,65.55,1,3
3393,113100,52.26,1,3
3394,113133,68.04,1,3
3395,113166,67.11,1,3
3396,113200,47.66,1,2
3397,113233,69.52,1,3
3398,113266,68.6,1,3
3399,113300,44.42,1,2
3400,113333,71.53,1,3
3401,113366,70.79,1,3
3402,113399,48.22,1,2
3403,113433,71.13,1,3
3404,113466,70.09,1,3
3405,113500,49.92,1,2
3406,113533,67.76,1,3
3407,113566,67.39,1,3
3408,113600,52.01,1,3
3409,113633,64.74,1,3
3410,113666,63.71,1,3
3411,113700,57.21,1,3
3412,113733,61.52,1,3
3413,113766,60.08,1,3
3414,113800,59.45,1,3
3415,113833,59.03,1,3
3416,113866,57.46,1,3
3417,113899,60.85,1,3
3418,113933,55.3,1,3
3419,113966,52.87,1,3
3420,114000,62.44,1,3
3421,114033,50.75,1,3
3422,114066,48.56,1,2
3423,114100,61.13,1,3
3424,114133,46.76,1,2
3425,114166,45.27,1,2
3426,114200,62.96,1,3
3427,114233,42.61,1,2
3428,114266,40.45,1,2
3429,114300,61.67,1,3
3430,114333,46.05,1,2
3431,114366,44.35,1,2
3432,114399,61.13,1,3
3433,114433,50.62,1,3
3434,114466,50.03,1,3
3435,114500,63.89,1,3
3436,114533,57.15,1,3
3437,114566,55.99,1,3
3438,114600,66.89,1,3
3439,114633,64.6,1,3
3440,114666,64.07,1,3
3441,114700,64.65,1,3
3442,114733,65.4,1,3
3443,114766,64.49,1,3
3444,114800,56.01,1,3
3445,114833,67.17,1,3
3446,114866,65.38,1,3
3447,114899,47.32,1,2
3448,114933,67.21,1,3
3449,114966,66.07,1,3
3450,115000,43.12,1,2
3451,115033,69.95,1,3
3452,115066,69.1,1,3
3453,115100,46.27,1,2
3454,115133,68.92,1,3
3455,115166,68.35,1,3
3456,115200,44.78,1,2
3457,115233,68.23,1,3
3458,115266,67.46,1,3
3459,115300,93.43,1,4
3460,115333,91.19,1,4
3461,115366,90.06,1,4
3462,115399,72.52,1,3
3463,115433,89.79,1,4
3464,115466,88.27,1,4
3465,115500,80.46,1,4
3466,115533,82.07,1,4
3467,115566,79.96,1,4
3468,115600,74.52,1,3
3469,115633,67.04,1,3
3470,115666,63.51,1,3
3471,115700,63.28,1,3
3472,115733,58.44,1,3
3473,115766,56.69,1,3
3474,115800,62.52,1,3
3475,115833,50.38,1,3
3476,115866,47.06,1,2
3477,115899,63.57,1,3
3478,115933,47.75,1,2
3479,115966,44.3,1,2
3480,116000,60.19,1,3
3481,116033,44.41,1,2
3482,116066,42.2,1,2
3483,116100,64.19,1,3
3484,116133,48.52,1,2
3485,116166,46.73,1,2
3486,116200,62.46,1,3
3487,116233,56.15,1,3
3488,116266,54.9,1,3
3489,116300,71.66,1,3
3490,116333,66.98,1,3
3491,116366,64.35,1,3
3492,116399,66.51,1,3
3493,116433,68.43,1,3
3494,116466,67.95,1,3
3495,116500,65.49,1,3
3496,116533,67.48,1,3
3497,116566,66.17,1,3
3498,116600,49.3,1,2
3499,116633,67.97,1,3
3500,116666,73.39,1,3
3501,116700,57.8,1,3
3502,116733,76.12,1,4
3503,116766,75.15,1,4
3504,116800,55.6,1,3
3505,116833,76.42,1,4
3506,116866,75.43,1,4
3507,116899,45.13,1,2
3508,116933,71.45,1,3
3509,116966,70.03,1,3
3510,117000,46.34,1,2
3511,117033,66.51,1,3
3512,117066,65.87,1,3
3513,117100,45.4,1,2
3514,117133,64.12,1,3
3515,117166,63.31,1,3
3516,117200,49.24,1,2
3517,117233,63.34,1,3
3518,117266,62.52,1,3
3519,117300,55.41,1,3
3520,117333,58.27,1,3
3521,117366,57.23,1,3
3522,117399,54.73,1,3
3523,117433,55.72,1,3
3524,117466,53.18,1,3
3525,117500,60.46,1,3
3526,117533,44.87,1,2
3527,117566,43.78,1,2
3528,117600,61.21,1,3
3529,117633,50.22,1,3
3530,117666,47.95,1,2
3531,117700,63.01,1,3
3532,117733,43.34,1,2
3533,117766,41.89,1,2
3534,117800,62.87,1,3
3535,117833,45.03,1,2
3536,117866,43.64,1,2
3537,117899,63.67,1,3
3538,117933,47.87,1,2
3539,117966,46.53,1,2
3540,118000,65.19,1,3
3541,118033,57.51,1,3
3542,118066,56.3,1,3
3543,118100,68.5,1,3
3544,118133,60.43,1,3
3545,118166,59.77,1,3
3546,118200,63.51,1,3
3547,118233,65.17,1,3
3548,118266,64.07,1,3
3549,118300,58.13,1,3
3550,118333,67.87,1,3
3551,118366,65.58,1,3
3552,118399,51.35,1,3
3553,118433,66.6,1,3
3554,118466,66.28,1,3
3555,118500,49.34,1,2
3556,118533,72.22,1,3
3557,118566,71.62,1,3
3558,118600,44.09,1,2
3559,118633,73.27,1,3
3560,118666,71.95,1,3
3561,118700,42.72,1,2
3562,118733,65.21,1,3
3563,118766,64.87,1,3
3564,118800,46.67,1,2
3565,118833,64.7,1,3
3566,118866,63.95,1,3
3567,118899,49.49,1,2
3568,118933,64.85,1,3
3569,118966,64.05,1,3
3570,119000,50.5,1,3
3571,119033,62.34,1,3
3572,119066,61.4,1,3
3573,119100,56.91,1,3
3574,119133,61.1,1,3
3575,119166,60.53,1,3
3576,119200,61.73,1,3
3577,119233,55.65,1,3
3578,119266,53.73,1,3
3579,119300,92.2,1,4
3580,119333,82.71,1,4
3581,119366,79.85,1,4
3582,119399,88.73,1,4
3583,119433,78,1,4
3584,119466,75.77,1,4
3585,119500,85.69,1,4
3586,119533,67.99,1,3
3587,119566,64.38,1,3
3588,119600,82.76,1,4
3589,119633,52.41,1,3
3590,119666,49.66,1,2
3591,119700,70.25,1,3
3592,119733,59,1,3
3593,119766,57.87,1,3
3594,119800,78.34,1,4
3595,119833,68.76,1,3
3596,119866,66.74,1,3
3597,119899,73.51,1,3
3598,119933,68,1,3
3599,119966,67.01,1,3
3600,120000,64.51,1,3
3601,120033,66.29,1,3
3602,120066,65,1,3
3603,120100,54.54,1,3
3604,120133,69.97,1,3
3605,120166,68.96,1,3
3606,120200,52.6,1,3
3607,120233,73.39,1,3
3608,120266,71.88,1,3
3609,120300,46.66,1,2
3610,120333,75.89,1,4
3611,120366,74.55,1,3
3612,120399,47.7,1,2
3613,120433,68.8,1,3
3614,120466,67.68,1,3
3615,120500,43.74,1,2
3616,120533,68.23,1,3
3617,120566,66.86,1,3
3618,120600,46.33,1,2
3619,120633,66,1,3
3620,120666,64.54,1,3
3621,120700,47.87,1,2
3622,120733,63.01,1,3
3623,120766,61.49,1,3
3624,120800,54.45,1,3
3625,120833,61.66,1,3
3626,120866,59.48,1,3
3627,120899,56.38,1,3
3628,120933,59.21,1,3
3629,120966,57.82,1,3
3630,121000,61.71,1,3
3631,121033,58.72,1,3
3632,121066,57.22,1,3
3633,121100,63.9,1,3
3634,121133,54.08,1,3
3635,121166,52.31,1,3
3636,121200,64.31,1,3
3637,121233,47.63,1,2
3638,121266,46.23,1,2
3639,121300,65.22,1,3
3640,121333,45.13,1,2
3641,121366,43.45,1,2
3642,121399,65.19,1,3
3643,121433,54,1,3
3644,121466,52.82,1,3
3645,121500,72.32,1,3
3646,121533,58.86,1,3
3647,121566,57.8,1,3
3648,121600,73.01,1,3
3649,121633,63.2,1,3
3650,121666,61.42,1,3
3651,121700,68.71,1,3
3652,121733,62.42,1,3
3653,121766,61.38,1,3
3654,121800,58.85,1,3
3655,121833,62.68,1,3
3656,121866,62.14,1,3
3657,121899,51.29,1,3
3658,121933,68.27,1,3
3659,121966,67.37,1,3
3660,122000,51.05,1,3
3661,122033,71.3,1,3
3662,122066,70.82,1,3
3663,122100,45.1,1,2
3664,122133,67.97,1,3
3665,122166,67.22,1,3
3666,122200,36.24,1,2
3667,122233,66.8,1,3
3668,122266,66.37,1,3
3669,122300,39.28,1,2
3670,122333,64.83,1,3
3671,122366,64.23,1,3
3672,122399,42.65,1,2
3673,122433,64.23,1,3
3674,122466,63.44,1,3
3675,122500,50.17,1,3
3676,122533,63.1,1,3
3677,122566,62.43,1,3
3678,122600,56.45,1,3
3679,122633,61.16,1,3
3680,122666,59.35,1,3
3681,122700,59.44,1,3
3682,122733,62.54,1,3
3683,122766,61.07,1,3
3684,122800,62.82,1,3
3685,122833,55.8,1,3
3686,122866,54.09,1,3
3687,122899,64.07,1,3
3688,122933,55.73,1,3
3689,122966,52.21,1,3
3690,123000,64.91,1,3
3691,123033,48.39,1,2
3692,123066,47.14,1,2
3693,123100,63.65,1,3
3694,123133,48.64,1,2
3695,123166,46.56,1,2
3696,123200,67.25,1,3
3697,123233,51.35,1,3
3698,123266,49.59,1,2
3699,123300,93.04,1,4
3700,123333,90.36,1,4
3701,123366,89.26,1,4
3702,123399,90.66,1,4
3703,123433,78.95,1,4
3704,123466,76.75,1,4
3705,123500,78.26,1,4
3706,123533,77.72,1,4
3707,123566,76.25,1,4
3708,123600,74.11,1,3
3709,123633,73.61,1,3
3710,123666,71.22,1,3
3711,123700,60.69,1,3
3712,123733,73.27,1,3
3713,123766,71.85,1,3
3714,123800,54.43,1,3
3715,123833,71.32,1,3
3716,123866,70.18,1,3
3717,123899,41.52,1,2
3718,123933,66.88,1,3
3719,123966,66.16,1,3
3720,124000,40.07,1,2
3721,124033,64.24,1,3
3722,124066,63.28,1,3
3723,124100,40.62,1,2
3724,124133,64.37,1,3
3725,124166,63.2,1,3
3726,124200,43.89,1,2
3727,124233,63.03,1,3
3728,124266,62.48,1,3
3729,124300,47.49,1,2
3730,124333,61.15,1,3
3731,124366,60.61,1,3
3732,124399,55.3,1,3
3733,124433,64.07,1,3
3734,124466,62.57,1,3
3735,124500,60.59,1,3
3736,124533,58.94,1,3
3737,124566,57.51,1,3
3738,124600,63.72,1,3
3739,124633,55.56,1,3
3740,124666,52.88,1,3
3741,124700,64.86,1,3
3742,124733,51.83,1,3
3743,124766,50.37,1,3
3744,124800,64.32,1,3
3745,124833,47.6,1,2
3746,124866,45.79,1,2
3747,124899,69.58,1,3
3748,124933,46.82,1,2
3749,124966,45.42,1,2
3750,125000,76.63,1,4
3751,125033,64.76,1,3
3752,125066,63.41,1,3
3753,125100,75.19,1,4
3754,125133,60.3,1,3
3755,125166,58.12,1,3
3756,125200,68.07,1,3
3757,125233,60.99,1,3
3758,125266,58.71,1,3
3759,125300,64.37,1,3
3760,125333,60.21,1,3
3761,125366,58.48,1,3
3762,125399,59.81,1,3
3763,125433,65.15,1,3
3764,125466,64.52,1,3
3765,125500,54.66,1,3
3766,125533,66.85,1,3
3767,125566,66.32,1,3
3768,125600,46.55,1,2
3769,125633,65.97,1,3
3770,125666,65.6,1,3
3771,125700,40.81,1,2
3772,125733,64.79,1,3
3773,125766,64.3,1,3
3774,125800,39.12,1,2
3775,125833,63.54,1,3
3776,125866,63.03,1,3
3777,125899,41.68,1,2
3778,125933,63.71,1,3
3779,125966,63.1,1,3
3780,126000,42.4,1,2
3781,126033,62.93,1,3
3782,126066,62.47,1,3
3783,126100,50.55,1,3
3784,126133,65.62,1,3
3785,126166,64.13,1,3
3786,126200,57.28,1,3
3787,126233,64.88,1,3
3788,126266,64.24,1,3
3789,126300,62.31,1,3
3790,126333,64.52,1,3
3791,126366,62.83,1,3
3792,126399,64.9,1,3
3793,126433,58.7,1,3
3794,126466,56.65,1,3
3795,126500,66.14,1,3
3796,126533,55.45,1,3
3797,126566,53.56,1,3
3798,126600,66.23,1,3
3799,126633,50.65,1,3
3800,126666,49.46,1,2
3801,126700,69.93,1,3
3802,126733,53.33,1,3
3803,126766,51.43,1,3
3804,126800,71.99,1,3
3805,126833,53.65,1,3
3806,126866,51.52,1,3
3807,126899,69.28,1,3
3808,126933,55.37,1,3
3809,126966,53.41,1,3
3810,127000,64.18,1,3
3811,127033,58.5,1,3
3812,127066,57.09,1,3
3813,127100,59.64,1,3
3814,127133,61.95,1,3
3815,127166,60.76,1,3
3816,127200,59.17,1,3
3817,127233,66.86,1,3
3818,127266,65.8,1,3
3819,127300,88.53,1,4
3820,127333,92.22,1,4
3821,127366,92.09,1,4
3822,127399,61.31,1,3
3823,127433,84.69,1,4
3824,127466,83.24,1,4
3825,127500,59.68,1,3
3826,127533,82.17,1,4
3827,127566,80.44,1,4
3828,127600,53.26,1,3
3829,127633,69.32,1,3
3830,127666,66.9,1,3
3831,127700,39.99,1,2
3832,127733,66.4,1,3
3833,127766,65.5,1,3
3834,127800,46.2,1,2
3835,127833,67.76,1,3
3836,127866,67.4,1,3
3837,127899,52.94,1,3
3838,127933,69.06,1,3
3839,127966,68.82,1,3
3840,128000,60.93,1,3
3841,128033,70.24,1,3
3842,128066,68.98,1,3
3843,128100,66.35,1,3
3844,128133,68.59,1,3
3845,128166,65.83,1,3
3846,128199,68.2,1,3
3847,128233,55.52,1,3
3848,128266,53.79,1,3
3849,128300,69.77,1,3
3850,128333,57.48,1,3
3851,128366,54.21,1,3
3852,128400,72.31,1,3
3853,128433,55.26,1,3
3854,128466,53.42,1,3
3855,128500,76.09,1,4
3856,128533,54.61,1,3
3857,128566,52.73,1,3
3858,128600,72.73,1,3
3859,128633,52.9,1,3
3860,128666,51.87,1,3
3861,128699,67.83,1,3
3862,128733,53.15,1,3
3863,128766,51.17,1,3
3864,128800,62.74,1,3
3865,128833,62.34,1,3
3866,128866,60.72,1,3
3867,128900,64.96,1,3
3868,128933,66.35,1,3
3869,128966,64.97,1,3
3870,129000,59.29,1,3
3871,129033,68.09,1,3
3872,129066,66.43,1,3
3873,129100,52.84,1,3
3874,129133,65.45,1,3
3875,129166,64.9,1,3
3876,129199,44.56,1,2
3877,129233,65.05,1,3
3878,129266,64.86,1,3
3879,129300,40.89,1,2
3880,129333,65.4,1,3
3881,129366,64.72,1,3
3882,129400,39.26,1,2
3883,129433,64.49,1,3
3884,129466,64.03,1,3
3885,129500,43.7,1,2
3886,129533,66.02,1,3
3887,129566,65.46,1,3
3888,129600,48.68,1,2
3889,129633,67.66,1,3
3890,129666,67.36,1,3
3891,129699,52.47,1,3
3892,129733,71.35,1,3
3893,129766,70.65,1,3
3894,129800,63.55,1,3
3895,129833,64.43,1,3
3896,129866,62.34,1,3
3897,129900,65.45,1,3
3898,129933,62.05,1,3
3899,129966,60.97,1,3
3900,130000,65.46,1,3
3901,130033,61.56,1,3
3902,130066,59.79,1,3
3903,130100,69.25,1,3
3904,130133,55.6,1,3
3905,130166,54.68,1,3
3906,130199,77.74,1,4
3907,130233,53.98,1,3
3908,130266,52.15,1,3
3909,130300,73.55,1,3
3910,130333,50.44,1,3
3911,130366,47.85,1,2
3912,130400,68.71,1,3
3913,130433,50.7,1,3
3914,130466,49.36,1,2
3915,130500,64.24,1,3
3916,130533,53.87,1,3
3917,130566,52.78,1,3
3918,130600,61.7,1,3
3919,130633,61.93,1,3
3920,130666,61.19,1,3
3921,130699,61.38,1,3
3922,130733,63.86,1,3
3923,130766,62.77,1,3
3924,130800,55.31,1,3
3925,130833,64.65,1,3
3926,130866,63.8,1,3
3927,130900,46.98,1,2
3928,130933,66.13,1,3
3929,130966,65.26,1,3
3930,131000,43.08,1,2
3931,131033,65.66,1,3
3932,131066,65.03,1,3
3933,131100,37.98,1,2
3934,131133,65.94,1,3
3935,131166,65.91,1,3
3936,131200,44.45,1,2
3937,131233,66,1,3
3938,131266,65.68,1,3
3939,131300,85.69,1,4
3940,131333,90.13,1,4
3941,131366,89.02,1,4
3942,131400,72.42,1,3
3943,131433,89.38,1,4
3944,131466,88.04,1,4
3945,131500,77.56,1,4
3946,131533,83.81,1,4
3947,131566,82.24,1,4
3948,131600,76.98,1,4
3949,131633,71.15,1,3
3950,131666,68.19,1,3
3951,131700,67.22,1,3
3952,131733,66.54,1,3
3953,131766,63.61,1,3
3954,131800,74.09,1,3
3955,131833,62.77,1,3
3956,131866,59.39,1,3
3957,131900,77.83,1,4
3958,131933,60.25,1,3
3959,131966,58.25,1,3
3960,132000,74.29,1,3
3961,132033,57.59,1,3
3962,132066,55.79,1,3
3963,132100,71.68,1,3
3964,132133,51.14,1,3
3965,132166,49.25,1,2
3966,132200,67.69,1,3
3967,132233,51.27,1,3
3968,132266,49.66,1,2
3969,132300,66.48,1,3
3970,132333,62.22,1,3
3971,132366,60.27,1,3
3972,132400,66.29,1,3
3973,132433,66.3,1,3
3974,132466,64.16,1,3
3975,132500,57.96,1,3
3976,132533,64.78,1,3
3977,132566,63.81,1,3
3978,132600,56.7,1,3
3979,132633,64.11,1,3
3980,132666,63.84,1,3
3981,132700,45.97,1,2
3982,132733,64.27,1,3
3983,132766,63.7,1,3
3984,132800,39.19,1,2
3985,132833,64.28,1,3
3986,132866,63.54,1,3
3987,132900,40.72,1,2
3988,132933,65.79,1,3
3989,132966,65.54,1,3
3990,133000,40.95,1,2
3991,133033,65.65,1,3
3992,133066,64.92,1,3
3993,133100,48.06,1,2
3994,133133,68.69,1,3
3995,133166,67.74,1,3
3996,133200,54.59,1,3
3997,133233,71,1,3
3998,133266,69.72,1,3
3999,133300,62.48,1,3
4000,133333,75.77,1,4
4001,133366,74.65,1,3
4002,133400,70.84,1,3
4003,133433,66.39,1,3
4004,133466,65.07,1,3
4005,133500,71.3,1,3
4006,133533,65.74,1,3
4007,133566,63.52,1,3
4008,133600,74.77,1,3
4009,133633,61.98,1,3
4010,133666,58.5,1,3
4011,133700,72.74,1,3
4012,133733,55.17,1,3
4013,133766,53.24,1,3
4014,133800,70.2,1,3
4015,133833,48.77,1,2
4016,133866,46.4,1,2
4017,133900,66.81,1,3
4018,133933,49.23,1,2
4019,133966,48.09,1,2
4020,134000,66.05,1,3
4021,134033,57.19,1,3
4022,134066,54.47,1,3
4023,134100,64.47,1,3
4024,134133,60.11,1,3
4025,134166,56.77,1,3
4026,134200,61.87,1,3
4027,134233,60.42,1,3
4028,134266,59.78,1,3
4029,134300,56.63,1,3
4030,134333,65.21,1,3
4031,134366,64.04,1,3
4032,134400,53.86,1,3
4033,134433,63.6,1,3
4034,134466,62.83,1,3
4035,134500,45.74,1,2
4036,134533,66.11,1,3
4037,134566,65.81,1,3
4038,134600,45.79,1,2
4039,134633,66.15,1,3
4040,134666,65.89,1,3
4041,134700,46.2,1,2
4042,134733,66.81,1,3
4043,134766,66.31,1,3
4044,134800,45.91,1,2
4045,134833,68.11,1,3
4046,134866,67.61,1,3
4047,134900,51.05,1,3
4048,134933,71.49,1,3
4049,134966,71.22,1,3
4050,135000,60.02,1,3
4051,135033,71.94,1,3
4052,135066,70.17,1,3
4053,135100,63.16,1,3
4054,135133,67.84,1,3
4055,135166,67.38,1,3
4056,135200,65.93,1,3
4057,135233,66.81,1,3
4058,135266,65.38,1,3
4059,135300,92.25,1,4
4060,135333,86.55,1,4
4061,135366,85.13,1,4
4062,135400,87.66,1,4
4063,135433,74.3,1,3
4064,135466,71.78,1,3
4065,135500,87,1,4
4066,135533,62.43,1,3
4067,135566,60.24,1,3
4068,135600,78.82,1,4
4069,135633,54.59,1,3
4070,135666,50.82,1,3
4071,135700,68.67,1,3
4072,135733,50.83,1,3
4073,135766,48.59,1,2
4074,135800,66.87,1,3
4075,135833,55.61,1,3
4076,135866,52.72,1,3
4077,135900,63.57,1,3
4078,135933,59.86,1,3
4079,135966,55.81,1,3
4080,136000,59.74,1,3
4081,136033,60.52,1,3
4082,136066,58.92,1,3
4083,136100,55.33,1,3
4084,136133,62.59,1,3
4085,136166,62.02,1,3
4086,136200,56.73,1,3
4087,136233,65.24,1,3
4088,136266,64.25,1,3
4089,136300,53.7,1,3
4090,136333,66.58,1,3
4091,136366,65.76,1,3
4092,136400,45.82,1,2
4093,136433,68.96,1,3
4094,136466,68.62,1,3
4095,136500,44.29,1,2
4096,136533,69.98,1,3
4097,136566,69.48,1,3
4098,136600,54.96,1,3
4099,136633,71.27,1,3
4100,136666,70.62,1,3
4101,136700,52.98,1,3
4102,136733,72.32,1,3
4103,136766,71.84,1,3
4104,136800,59.47,1,3
4105,136833,69.67,1,3
4106,136866,69.03,1,3
4107,136900,61.13,1,3
4108,136933,68.77,1,3
4109,136966,67.83,1,3
4110,137000,63.91,1,3
4111,137033,71.43,1,3
4112,137066,70.26,1,3
4113,137100,70.22,1,3
4114,137133,62.33,1,3
4115,137166,60.82,1,3
4116,137200,72.25,1,3
4117,137233,55.61,1,3
4118,137266,53.94,1,3
4119,137300,67.8,1,3
4120,137333,43.66,1,2
4121,137366,42.36,1,2
4122,137400,64.99,1,3
4123,137433,51.69,1,3
4124,137466,47.99,1,2
4125,137500,62.73,1,3
4126,137533,49.06,1,2
4127,137566,46.83,1,2
4128,137600,63.95,1,3
4129,137633,49.44,1,2
4130,137666,48.26,1,2
4131,137700,62.58,1,3
4132,137733,54.32,1,3
4133,137766,53.41,1,3
4134,137800,61.65,1,3
4135,137833,61.15,1,3
4136,137866,60.46,1,3
4137,137900,58.4,1,3
4138,137933,63.93,1,3
4139,137966,63.49,1,3
4140,138000,59.49,1,3
4141,138033,68.17,1,3
4142,138066,67.8,1,3
4143,138100,51.06,1,3
4144,138133,69.4,1,3
4145,138166,68.62,1,3
4146,138200,49.2,1,2
4147,138233,70.85,1,3
4148,138266,70.36,1,3
4149,138300,51.55,1,3
4150,138333,72.1,1,3
4151,138366,71.73,1,3
4152,138400,54.96,1,3
4153,138433,75.29,1,4
4154,138466,74.51,1,3
4155,138500,51.43,1,3
4156,138533,72.13,1,3
4157,138566,71.59,1,3
4158,138600,55.1,1,3
4159,138633,69.79,1,3
4160,138666,69.19,1,3
4161,138700,61.16,1,3
4162,138733,71,1,3
4163,138766,70.11,1,3
4164,138800,65.76,1,3
4165,138833,67.3,1,3
4166,138866,65.75,1,3
4167,138900,70.05,1,3
4168,138933,61.26,1,3
4169,138966,58.89,1,3
4170,139000,64.06,1,3
4171,139033,51.36,1,3
4172,139066,48.55,1,2
4173,139100,64.68,1,3
4174,139133,46.15,1,2
4175,139166,44.73,1,2
4176,139200,65.57,1,3
4177,139233,45.96,1,2
4178,139266,43.94,1,2
4179,139300,93.37,1,4
4180,139333,75.6,1,4
4181,139366,73.9,1,3
4182,139400,89.16,1,4
4183,139433,83.17,1,4
4184,139466,80.32,1,4
4185,139500,85.75,1,4
4186,139533,80.07,1,4
4187,139566,77.18,1,4
4188,139600,85.72,1,4
4189,139633,70.52,1,3
4190,139666,67.9,1,3
4191,139700,70.28,1,3
4192,139733,71.47,1,3
4193,139766,70.61,1,3
4194,139800,69.87,1,3
4195,139833,72.19,1,3
4196,139866,70.72,1,3
4197,139900,64.02,1,3
4198,139933,73.41,1,3
4199,139966,72.72,1,3
4200,140000,67.84,1,3
4201,140033,78.21,1,4
4202,140066,77.29,1,4
4203,140100,54.34,1,3
4204,140133,79.57,1,4
4205,140166,78.19,1,4
4206,140200,52.02,1,3
4207,140233,75.99,1,4
4208,140266,74.63,1,3
4209,140300,50.75,1,3
4210,140333,70.95,1,3
4211,140366,69.98,1,3
4212,140400,53.14,1,3
4213,140433,70.69,1,3
4214,140466,69.7,1,3
4215,140500,61.03,1,3
4216,140533,72.81,1,3
4217,140566,71.16,1,3
4218,140600,65.51,1,3
4219,140633,70.07,1,3
4220,140666,68.36,1,3
4221,140700,65.61,1,3
4222,140733,64.34,1,3
4223,140766,62.21,1,3
4224,140800,63.41,1,3
4225,140833,52.5,1,3
4226,140866,51.87,1,3
4227,140900,65.21,1,3
4228,140933,43.69,1,2
4229,140966,42.11,1,2
4230,141000,65.75,1,3
4231,141033,44.32,1,2
4232,141066,43.07,1,2
4233,141100,66.13,1,3
4234,141133,49.48,1,2
4235,141166,48.1,1,2
4236,141200,64.23,1,3
4237,141233,53.26,1,3
4238,141266,50.5,1,3
4239,141300,66.85,1,3
4240,141333,55.84,1,3
4241,141366,54.48,1,3
4242,141400,65.64,1,3
4243,141433,64.28,1,3
4244,141466,61.9,1,3
4245,141500,67.15,1,3
4246,141533,64.93,1,3
4247,141566,63.71,1,3
4248,141600,59,1,3
4249,141633,68.05,1,3
4250,141666,74.08,1,3
4251,141700,64.03,1,3
4252,141733,78.53,1,4
4253,141766,76.83,1,4
4254,141800,58.51,1,3
4255,141833,78.75,1,4
4256,141866,77.43,1,4
4257,141900,53.9,1,3
4258,141933,75.1,1,4
4259,141966,74.37,1,3
4260,142000,42.52,1,2
4261,142033,70.03,1,3
4262,142066,69.25,1,3
4263,142100,44.81,1,2
4264,142133,69.93,1,3
4265,142166,68.74,1,3
4266,142200,48.43,1,2
4267,142233,67.34,1,3
4268,142266,66.74,1,3
4269,142300,56.72,1,3
4270,142333,69.75,1,3
4271,142366,68.78,1,3
4272,142400,58.26,1,3
4273,142433,63.24,1,3
4274,142466,62.37,1,3
4275,142500,63.08,1,3
4276,142533,58.98,1,3
4277,142566,57.69,1,3
4278,142600,61.66,1,3
4279,142633,51.06,1,3
4280,142666,49.57,1,2
4281,142700,66.59,1,3
4282,142733,48.48,1,2
4283,142766,47.16,1,2
4284,142800,63.54,1,3
4285,142833,44.2,1,2
4286,142866,42.4,1,2
4287,142900,67.35,1,3
4288,142933,46.29,1,2
4289,142966,44.87,1,2
4290,143000,63.36,1,3
4291,143033,53.22,1,3
4292,143066,51.2,1,3
4293,143100,68.44,1,3
4294,143133,57.76,1,3
4295,143166,56.86,1,3
4296,143200,68.12,1,3
4297,143233,62.22,1,3
4298,143266,61.37,1,3
4299,143300,89.24,1,4
4300,143333,85.94,1,4
4301,143366,83.16,1,4
4302,143400,85.42,1,4
4303,143433,89.27,1,4
4304,143466,88.53,1,4
4305,143500,77.12,1,4
4306,143533,88.71,1,4
4307,143566,87.93,1,4
4308,143600,65.25,1,3
4309,143633,81.45,1,4
4310,143666,77.67,1,4
4311,143700,51.89,1,3
4312,143733,74.95,1,3
4313,143766,74.16,1,3
4314,143800,45.03,1,2
4315,143833,71.54,1,3
4316,143866,70.27,1,3
4317,143900,46.99,1,2
4318,143933,70.42,1,3
4319,143966,69.02,1,3
4320,144000,51.43,1,3
4321,144033,71.24,1,3
4322,144066,70.48,1,3
4323,144100,55.92,1,3
4324,144133,65.96,1,3
4325,144166,65.21,1,3
4326,144200,57.8,1,3
4327,144233,65.06,1,3
4328,144266,64.4,1,3
4329,144300,60.19,1,3
4330,144333,55.26,1,3
4331,144366,53.66,1,3
4332,144400,63.19,1,3
4333,144433,49.76,1,2
4334,144466,46.92,1,2
4335,144500,63.14,1,3
4336,144533,44.98,1,2
4337,144566,43.73,1,2
4338,144600,64.34,1,3
4339,144633,45.5,1,2
4340,144666,44.14,1,2
4341,144700,68.31,1,3
4342,144733,50.81,1,3
4343,144766,48.99,1,2
4344,144800,67.97,1,3
4345,144833,53.9,1,3
4346,144866,52.49,1,3
4347,144900,69.5,1,3
4348,144933,61.13,1,3
4349,144966,59.57,1,3
4350,145000,67.02,1,3
4351,145033,64.64,1,3
4352,145066,63.55,1,3
4353,145100,63.53,1,3
4354,145133,71.56,1,3
4355,145166,70.92,1,3
4356,145200,52.54,1,3
4357,145233,72.98,1,3
4358,145266,72.18,1,3
4359,145300,64.66,1,3
4360,145333,74.96,1,3
4361,145366,74.44,1,3
4362,145400,40.68,1,2
4363,145433,70.34,1,3
4364,145466,69.59,1,3
4365,145500,51.32,1,3
4366,145533,69.27,1,3
4367,145566,68.56,1,3
4368,145600,38.13,1,2
4369,145633,68.64,1,3
4370,145666,67.33,1,3
4371,145700,52.55,1,3
4372,145733,70.31,1,3
4373,145766,69.15,1,3
4374,145800,46.46,1,2
4375,145833,64.44,1,3
4376,145866,63.72,1,3
4377,145900,58.06,1,3
4378,145933,61.22,1,3
4379,145966,59.82,1,3
4380,146000,56.42,1,3
4381,146033,57.44,1,3
4382,146066,54.1,1,3
4383,146100,64.5,1,3
4384,146133,54.06,1,3
4385,146166,48.64,1,2
4386,146200,60.13,1,3
4387,146233,46.07,1,2
4388,146266,44.63,1,2
4389,146300,66.47,1,3
4390,146333,43.41,1,2
4391,146366,41.84,1,2
4392,146400,65.28,1,3
4393,146433,46.95,1,2
4394,146466,45.83,1,2
4395,146500,69.84,1,3
4396,146533,51.48,1,3
4397,146566,49.55,1,2
4398,146600,69.62,1,3
4399,146633,56.43,1,3
4400,146666,54.95,1,3
4401,146700,68.29,1,3
4402,146733,62,1,3
4403,146766,60.92,1,3
4404,146800,60.75,1,3
4405,146833,66.19,1,3
4406,146866,64.69,1,3
4407,146900,69.32,1,3
4408,146933,71.16,1,3
4409,146966,70.31,1,3
4410,147000,69.68,1,3
4411,147033,75.12,1,4
4412,147066,74.41,1,3
4413,147100,52.68,1,3
4414,147133,72.71,1,3
4415,147166,72.15,1,3
4416,147200,45.36,1,2
4417,147233,69.12,1,3
4418,147266,68.5,1,3
4419,147300,93.82,1,4
4420,147333,94.73,1,4
4421,147366,94.36,1,4
4422,147400,62.38,1,3
4423,147433,93.93,1,4
4424,147466,92.07,1,4
4425,147500,74.03,1,3
4426,147533,91.89,1,4
4427,147566,88.05,1,4
4428,147600,64.5,1,3
4429,147633,70.83,1,3
4430,147666,68.37,1,3
4431,147700,60.41,1,3
4432,147733,66.22,1,3
4433,147766,63.9,1,3
4434,147800,59.81,1,3
4435,147833,59.91,1,3
4436,147866,57.76,1,3
4437,147900,66.09,1,3
4438,147933,56.24,1,3
4439,147966,54.65,1,3
4440,148000,64.85,1,3
4441,148033,53.4,1,3
4442,148066,52.21,1,3
4443,148100,69.69,1,3
4444,148133,53.71,1,3
4445,148166,51.84,1,3
4446,148200,71.06,1,3
4447,148233,52.64,1,3
4448,148266,49.98,1,2
4449,148300,73.33,1,3
4450,148333,56.04,1,3
4451,148366,53.78,1,3
4452,148400,68.59,1,3
4453,148433,58.3,1,3
4454,148466,57.01,1,3
4455,148500,68.22,1,3
4456,148533,63.42,1,3
4457,148566,61.72,1,3
4458,148600,68.28,1,3
4459,148633,67.22,1,3
4460,148666,65.2,1,3
4461,148700,66.96,1,3
4462,148733,75.95,1,4
4463,148766,75.22,1,4
4464,148800,54.41,1,3
4465,148833,70.32,1,3
4466,148866,69.71,1,3
4467,148900,44.82,1,2
4468,148933,67.17,1,3
4469,148966,66.45,1,3
4470,149000,41.69,1,2
4471,149033,67.05,1,3
4472,149066,66.2,1,3
4473,149100,38.46,1,2
4474,149133,66.22,1,3
4475,149166,65.72,1,3
4476,149200,41.24,1,2
4477,149233,66.18,1,3
4478,149266,65.86,1,3
4479,149300,44.42,1,2
4480,149333,64.55,1,3
4481,149366,63.92,1,3
4482,149400,52.64,1,3
4483,149433,64.54,1,3
4484,149466,63.75,1,3
4485,149500,58.07,1,3
4486,149533,62.18,1,3
4487,149566,61.37,1,3
4488,149600,62.24,1,3
4489,149633,54.7,1,3
4490,149666,53.43,1,3
4491,149700,63.59,1,3
4492,149733,52.34,1,3
4493,149766,51.19,1,3
4494,149800,66.31,1,3
4495,149833,51.2,1,3
4496,149866,48.98,1,2
4497,149900,69.63,1,3
4498,149933,51.34,1,3
4499,149966,49.63,1,2
4500,150000,76.28,1,4
4501,150033,55.22,1,3
4502,150066,53.6,1,3
4503,150100,71.59,1,3
4504,150133,57.62,1,3
4505,150166,55.62,1,3
4506,150200,67.96,1,3
4507,150233,59.77,1,3
4508,150266,57.88,1,3
4509,150300,69.14,1,3
4510,150333,65.29,1,3
4511,150366,64.14,1,3
4512,150400,65.38,1,3
4513,150433,69.14,1,3
4514,150466,68.49,1,3
4515,150500,53.72,1,3
4516,150533,69.3,1,3
4517,150566,68.45,1,3
4518,150600,47.15,1,2
4519,150633,67.65,1,3
4520,150666,67.21,1,3
4521,150700,42.46,1,2
4522,150733,66.93,1,3
4523,150766,66.18,1,3
4524,150800,41.69,1,2
4525,150833,67.95,1,3
4526,150866,67.05,1,3
4527,150900,40.43,1,2
4528,150933,68.23,1,3
4529,150966,67.32,1,3
4530,151000,44.82,1,2
4531,151033,68.05,1,3
4532,151066,67.35,1,3
4533,151100,53.92,1,3
4534,151133,68.72,1,3
4535,151166,67.67,1,3
4536,151200,59.81,1,3
4537,151233,65.79,1,3
4538,151266,64.6,1,3
4539,151300,91.95,1,4
4540,151333,86.29,1,4
4541,151366,83.67,1,4
4542,151400,87.5,1,4
4543,151433,80.93,1,4
4544,151466,74.02,1,3
4545,151500,85.77,1,4
4546,151533,71.42,1,3
4547,151566,68.91,1,3
4548,151600,86,1,4
4549,151633,56.63,1,3
4550,151666,53.16,1,3
4551,151700,81.93,1,4
4552,151733,59.61,1,3
4553,151766,56.6,1,3
4554,151800,73.64,1,3
4555,151833,55.57,1,3
4556,151866,53.76,1,3
4557,151900,73.75,1,3
4558,151933,57.49,1,3
4559,151966,55.67,1,3
4560,152000,70.45,1,3
4561,152033,59.25,1,3
4562,152066,57.66,1,3
4563,152100,68.63,1,3
4564,152133,68.71,1,3
4565,152166,66.4,1,3
4566,152200,59.36,1,3
4567,152233,67.17,1,3
4568,152266,65.4,1,3
4569,152300,46.99,1,2
4570,152333,67.23,1,3
4571,152366,66.28,1,3
4572,152400,42.63,1,2
4573,152433,65.81,1,3
4574,152466,65.54,1,3
4575,152500,36.71,1,2
4576,152533,65.43,1,3
4577,152566,63.99,1,3
4578,152600,38.17,1,2
4579,152633,65.61,1,3
4580,152666,65.14,1,3
4581,152700,36.94,1,2
4582,152733,66.08,1,3
4583,152766,65.17,1,3
4584,152800,47.3,1,2
4585,152833,69.39,1,3
4586,152866,68.03,1,3
4587,152900,55.76,1,3
4588,152933,68.01,1,3
4589,152966,66.12,1,3
4590,153000,59.23,1,3
4591,153033,65.97,1,3
4592,153066,65.24,1,3
4593,153100,67.37,1,3
4594,153133,58.26,1,3
4595,153166,55.64,1,3
4596,153200,64.23,1,3
4597,153233,51.81,1,3
4598,153266,50.04,1,3
4599,153300,67.35,1,3
4600,153333,52.15,1,3
4601,153366,50.66,1,3
4602,153400,73.39,1,3
4603,153433,54.86,1,3
4604,153466,52.09,1,3
4605,153500,69.68,1,3
4606,153533,47.55,1,2
4607,153566,45.73,1,2
4608,153600,68.04,1,3
4609,153633,48.01,1,2
4610,153666,46.38,1,2
4611,153700,65.03,1,3
4612,153733,56.06,1,3
4613,153766,54.79,1,3
4614,153800,62.35,1,3
4615,153833,66.12,1,3
4616,153866,64.85,1,3
4617,153900,57.14,1,3
4618,153933,66.54,1,3
4619,153966,65.4,1,3
4620,154000,57.68,1,3
4621,154033,65.68,1,3
4622,154066,64.32,1,3
4623,154100,44.09,1,2
4624,154133,66.74,1,3
4625,154166,66.39,1,3
4626,154200,36.33,1,2
4627,154233,67.28,1,3
4628,154266,66.73,1,3
4629,154300,36.8,1,2
4630,154333,67.04,1,3
4631,154366,65.84,1,3
4632,154400,42.02,1,2
4633,154433,66.7,1,3
4634,154466,66.43,1,3
4635,154500,47.54,1,2
4636,154533,70.79,1,3
4637,154566,69.95,1,3
4638,154600,55.06,1,3
4639,154633,67.86,1,3
4640,154666,67.39,1,3
4641,154700,66.52,1,3
4642,154733,68.95,1,3
4643,154766,68.12,1,3
4644,154800,67.96,1,3
4645,154833,63.77,1,3
4646,154866,62.08,1,3
4647,154900,69.74,1,3
4648,154933,56.68,1,3
4649,154966,54.19,1,3
4650,155000,70.21,1,3
4651,155033,55.58,1,3
4652,155066,53.97,1,3
4653,155100,75.53,1,4
4654,155133,57.74,1,3
4655,155166,55.72,1,3
4656,155200,72.26,1,3
4657,155233,51.55,1,3
4658,155266,49.35,1,2
4659,155300,92.9,1,4
4660,155333,73.83,1,3
4661,155366,71.55,1,3
4662,155400,81.46,1,4
4663,155433,74.43,1,3
4664,155466,72.69,1,3
4665,155500,76.93,1,4
4666,155533,79.36,1,4
4667,155566,76.51,1,4
4668,155600,67.94,1,3
4669,155633,71.21,1,3
4670,155666,69.41,1,3
4671,155700,56.68,1,3
4672,155733,70.82,1,3
4673,155766,69.34,1,3
4674,155800,43.82,1,2
4675,155833,69.14,1,3
4676,155866,68.03,1,3
4677,155900,39.21,1,2
4678,155933,68.63,1,3
4679,155966,67.37,1,3
4680,156000,42.49,1,2
4681,156033,68.42,1,3
4682,156066,67,1,3
4683,156100,42.09,1,2
4684,156133,66.67,1,3
4685,156166,66.22,1,3
4686,156200,48.59,1,2
4687,156233,71.2,1,3
4688,156266,70.84,1,3
4689,156300,54.72,1,3
4690,156333,69.53,1,3
4691,156366,68.21,1,3
4692,156400,63.86,1,3
4693,156433,71.14,1,3
4694,156466,70.02,1,3
4695,156500,69.85,1,3
4696,156533,56.36,1,3
4697,156566,53.85,1,3
4698,156600,66.61,1,3
4699,156633,52.93,1,3
4700,156666,51.39,1,3
4701,156700,71.39,1,3
4702,156733,50.28,1,3
4703,156766,48.97,1,2
4704,156800,72.36,1,3
4705,156833,51.53,1,3
4706,156866,49.96,1,2
4707,156900,74.8,1,3
4708,156933,51.13,1,3
4709,156966,48.78,1,2
4710,157000,64.74,1,3
4711,157033,56.43,1,3
4712,157066,49.99,1,2
4713,157100,68,1,3
4714,157133,58.32,1,3
4715,157166,57.71,1,3
4716,157200,62.77,1,3
4717,157233,62.53,1,3
4718,157266,61.46,1,3
4719,157300,59.39,1,3
4720,157333,64.69,1,3
4721,157366,63.09,1,3
4722,157400,42.08,1,2
4723,157433,66.44,1,3
4724,157466,65.82,1,3
4725,157500,47.28,1,2
4726,157533,66.17,1,3
4727,157566,66.04,1,3
4728,157600,34.61,1,2
4729,157633,66.72,1,3
4730,157666,66.56,1,3
4731,157700,43.95,1,2
4732,157733,67.42,1,3
4733,157766,66.98,1,3
4734,157800,35.92,1,2
4735,157833,67.43,1,3
4736,157866,66.63,1,3
4737,157900,49.02,1,2
4738,157933,70.05,1,3
4739,157966,68.88,1,3
4740,158000,51.09,1,3
4741,158033,70.82,1,3
4742,158066,69.8,1,3
4743,158100,68.2,1,3
4744,158133,69.92,1,3
4745,158166,69.32,1,3
4746,158200,64.38,1,3
4747,158233,64.96,1,3
4748,158266,64.21,1,3
4749,158300,68.95,1,3
4750,158333,60.17,1,3
4751,158366,58.36,1,3
4752,158400,71.3,1,3
4753,158433,56.58,1,3
4754,158466,54.89,1,3
4755,158500,73.85,1,3
4756,158533,54.57,1,3
4757,158566,52.79,1,3
4758,158600,71.74,1,3
4759,158633,52.82,1,3
4760,158666,48.95,1,2
4761,158700,69.35,1,3
4762,158733,53.77,1,3
4763,158766,51.56,1,3
4764,158800,66.88,1,3
4765,158833,55.92,1,3
4766,158866,54.24,1,3
4767,158900,64.13,1,3
4768,158933,62.35,1,3
4769,158966,61.72,1,3
4770,159000,56.47,1,3
4771,159033,64.9,1,3
4772,159066,63.95,1,3
4773,159100,53.04,1,3
4774,159133,66.28,1,3
4775,159166,65.6,1,3
4776,159200,42.99,1,2
4777,159233,66.03,1,3
4778,159266,65.45,1,3
4779,159300,91.37,1,4
4780,159333,96.09,1,4
4781,159366,95.37,1,4
4782,159400,69.05,1,3
4783,159433,93.73,1,4
4784,159466,92.85,1,4
4785,159500,66.37,1,3
4786,159533,90.48,1,4
4787,159566,88.44,1,4
4788,159600,68.38,1,3
4789,159633,76.53,1,4
4790,159666,74.29,1,3
4791,159700,62.57,1,3
4792,159733,78.97,1,4
4793,159766,77.56,1,4
4794,159800,71.65,1,3
4795,159833,79.61,1,4
4796,159866,78.56,1,4
4797,159900,71.96,1,3
4798,159933,68.29,1,3
4799,159966,66.8,1,3
4800,160000,73.9,1,3
4801,160033,59.7,1,3
4802,160066,55.34,1,3
4803,160100,70.56,1,3
4804,160133,51.59,1,3
4805,160166,49.66,1,2
4806,160200,69.83,1,3
4807,160233,56.8,1,3
4808,160266,54.82,1,3
4809,160300,76.46,1,4
4810,160333,48.39,1,2
4811,160366,46.91,1,2
4812,160400,69.2,1,3
4813,160433,54.77,1,3
4814,160466,52.96,1,3
4815,160500,69.7,1,3
4816,160533,56.93,1,3
4817,160566,55.72,1,3
4818,160600,59.79,1,3
4819,160633,60.52,1,3
4820,160666,58.42,1,3
4821,160700,64.25,1,3
4822,160733,65.16,1,3
4823,160766,64.7,1,3
4824,160800,47.17,1,2
4825,160833,65.46,1,3
4826,160866,65.52,1,3
4827,160900,51.8,1,3
4828,160933,67.12,1,3
4829,160966,66.55,1,3
4830,161000,36.14,1,2
4831,161033,66.84,1,3
4832,161066,66.35,1,3
4833,161100,45.85,1,2
4834,161133,70.13,1,3
4835,161166,69.72,1,3
4836,161200,36.44,1,2
4837,161233,67.86,1,3
4838,161266,67.25,1,3
4839,161300,48.86,1,2
4840,161333,68.81,1,3
4841,161366,68.13,1,3
4842,161400,49.07,1,2
4843,161433,71.02,1,3
4844,161466,70.07,1,3
4845,161500,64.92,1,3
4846,161533,76,1,4
4847,161566,74.6,1,3
4848,161600,68.15,1,3
4849,161633,65.67,1,3
4850,161666,64.14,1,3
4851,161700,69.48,1,3
4852,161733,55.9,1,3
4853,161766,54.18,1,3
4854,161800,65.52,1,3
4855,161833,47.47,1,2
4856,161866,45.66,1,2
4857,161900,69.73,1,3
4858,161933,52.56,1,3
4859,161966,50.76,1,3
4860,162000,71.58,1,3
4861,162033,46.85,1,2
4862,162066,44.71,1,2
4863,162100,68.74,1,3
4864,162133,48.62,1,2
4865,162166,45.93,1,2
4866,162200,68.17,1,3
4867,162233,51.97,1,3
4868,162266,51.16,1,3
4869,162300,59.72,1,3
4870,162333,56.33,1,3
4871,162366,55.57,1,3
4872,162400,58.96,1,3
4873,162433,64.85,1,3
4874,162466,62.83,1,3
4875,162500,56.25,1,3
4876,162533,64.89,1,3
4877,162566,64.2,1,3
4878,162600,50.58,1,3
4879,162633,68.23,1,3
4880,162666,67.58,1,3
4881,162700,43.13,1,2
4882,162733,68.77,1,3
4883,162766,67.8,1,3
4884,162800,44.85,1,2
4885,162833,68.83,1,3
4886,162866,68.25,1,3
4887,162900,41.46,1,2
4888,162933,68.62,1,3
4889,162966,67.99,1,3
4890,163000,43.73,1,2
4891,163033,68.65,1,3
4892,163066,68.17,1,3
4893,163100,47.71,1,2
4894,163133,72.83,1,3
4895,163166,71.06,1,3
4896,163200,61.09,1,3
4897,163233,79.15,1,4
4898,163266,78.65,1,4
4899,163300,93.6,1,4
4900,163333,87.24,1,4
4901,163366,86,1,4
4902,163400,82.89,1,4
4903,163433,76.38,1,4
4904,163466,73.81,1,3
4905,163500,83.59,1,4
4906,163533,65.85,1,3
4907,163566,61.67,1,3
4908,163600,79.71,1,4
4909,163633,59.19,1,3
4910,163666,51.58,1,3
4911,163700,73.49,1,3
4912,163733,49.24,1,2
4913,163766,47.04,1,2
4914,163800,67.28,1,3
4915,163833,50.77,1,3
4916,163866,48.81,1,2
4917,163900,68.84,1,3
4918,163933,48.68,1,2
4919,163966,47.14,1,2
4920,164000,61.32,1,3
4921,164033,54.75,1,3
4922,164066,53.32,1,3
4923,164100,65.08,1,3
4924,164133,59.52,1,3
4925,164166,58.14,1,3
4926,164200,53.92,1,3
4927,164233,63.31,1,3
4928,164266,62.02,1,3
4929,164300,59,1,3
4930,164333,67.47,1,3
4931,164366,66.81,1,3
4932,164400,47.02,1,2
4933,164433,70.04,1,3
4934,164466,69.54,1,3
4935,164500,54.51,1,3
4936,164533,72.04,1,3
4937,164566,71.15,1,3
4938,164600,34.27,1,2
4939,164633,68.66,1,3
4940,164666,68.11,1,3
4941,164700,44.59,1,2
4942,164733,71.31,1,3
4943,164766,70.63,1,3
4944,164800,40.99,1,2
4945,164833,74.12,1,3
4946,164866,73.53,1,3
4947,164900,57.89,1,3
4948,164933,78.05,1,4
4949,164966,77.55,1,4
4950,165000,63.43,1,3
4951,165033,72.4,1,3
4952,165066,70.95,1,3
4953,165100,71.09,1,3
4954,165133,65.7,1,3
4955,165166,64.78,1,3
4956,165200,66.72,1,3
4957,165233,58.34,1,3
4958,165266,57.63,1,3
4959,165300,69.69,1,3
4960,165333,54.01,1,3
4961,165366,51.18,1,3
4962,165400,69.3,1,3
4963,165433,45.1,1,2
4964,165466,42.76,1,2
4965,165500,69.04,1,3
4966,165533,43.76,1,2
4967,165566,42.09,1,2
4968,165600,64.46,1,3
4969,165633,45.86,1,2
4970,165666,44.13,1,2
4971,165700,66.64,1,3
4972,165733,53.37,1,3
4973,165766,52.18,1,3
4974,165800,59.68,1,3
4975,165833,60.07,1,3
4976,165866,57.71,1,3
4977,165900,62.62,1,3
4978,165933,61.1,1,3
4979,165966,60.02,1,3
4980,166000,47.58,1,2
4981,166033,65.62,1,3
4982,166066,65.24,1,3
4983,166100,62.84,1,3
4984,166133,70.24,1,3
4985,166166,68.31,1,3
4986,166200,49.57,1,2
4987,166233,73.9,1,3
4988,166266,72.94,1,3
4989,166300,47.13,1,2
4990,166333,69.9,1,3
4991,166366,69.35,1,3
4992,166400,37.86,1,2
4993,166433,69.95,1,3
4994,166466,69.03,1,3
4995,166500,47.8,1,2
4996,166533,72.37,1,3
4997,166566,71.63,1,3
4998,166600,43.81,1,2
4999,166633,75.91,1,4
5000,166666,79.95,1,4
5001,166700,69.07,1,3
5002,166733,74.38,1,3
5003,166766,73.01,1,3
5004,166800,65.41,1,3
5005,166833,70.94,1,3
5006,166866,69.03,1,3
5007,166900,68.42,1,3
5008,166933,62.69,1,3
5009,166966,59.45,1,3
5010,167000,65.22,1,3
5011,167033,50.92,1,3
5012,167066,48.18,1,2
5013,167100,69.69,1,3
5014,167133,43.79,1,2
5015,167166,42.04,1,2
5016,167200,65.17,1,3
5017,167233,43.3,1,2
5018,167266,41.76,1,2
5019,167300,95.12,1,4
5020,167333,72.15,1,3
5021,167366,69.7,1,3
5022,167400,86,1,4
5023,167433,74.41,1,3
5024,167466,72.42,1,3
5025,167500,88.44,1,4
5026,167533,77.66,1,4
5027,167566,75.15,1,4
5028,167600,71.92,1,3
5029,167633,67.06,1,3
5030,167666,63.45,1,3
5031,167700,62.39,1,3
5032,167733,70.27,1,3
5033,167766,67.92,1,3
5034,167800,63.42,1,3
5035,167833,73.26,1,3
5036,167866,72.43,1,3
5037,167900,55.07,1,3
5038,167933,80.17,1,4
5039,167966,79.64,1,4
5040,168000,46.16,1,2
5041,168033,74.45,1,3
5042,168066,73.49,1,3
5043,168100,45.56,1,2
5044,168133,72.87,1,3
5045,168166,71.92,1,3
5046,168200,45.27,1,2
5047,168233,73.69,1,3
5048,168266,72.96,1,3
5049,168300,51.03,1,3
5050,168333,78.56,1,4
5051,168366,77.32,1,4
5052,168400,59.87,1,3
5053,168433,76.7,1,4
5054,168466,73.88,1,3
5055,168500,66.75,1,3
5056,168533,70.44,1,3
5057,168566,67.93,1,3
5058,168600,65.62,1,3
5059,168633,61.67,1,3
5060,168666,60.3,1,3
5061,168700,68.49,1,3
5062,168733,52.95,1,3
5063,168766,50.7,1,3
5064,168800,64.24,1,3
5065,168833,48.58,1,2
5066,168866,45.74,1,2
5067,168900,65.87,1,3
5068,168933,39.52,1,2
5069,168966,38.09,1,2
5070,169000,66.17,1,3
5071,169033,46.08,1,2
5072,169066,43.35,1,2
5073,169100,66.62,1,3
5074,169133,50.13,1,3
5075,169166,48.2,1,2
5076,169200,62.34,1,3
5077,169233,52.72,1,3
5078,169266,51.45,1,3
5079,169300,63.41,1,3
5080,169333,56.65,1,3
5081,169366,55.18,1,3
5082,169400,58.36,1,3
5083,169433,63.67,1,3
5084,169466,62.91,1,3
5085,169500,60.14,1,3
5086,169533,72,1,3
5087,169566,71.01,1,3
5088,169600,52.47,1,3
5089,169633,77.35,1,4
5090,169666,76.68,1,4
5091,169700,49.07,1,2
5092,169733,71.69,1,3
5093,169766,70.56,1,3
5094,169800,35.31,1,2
5095,169833,70.54,1,3
5096,169866,70.25,1,3
5097,169900,42.97,1,2
5098,169933,71.45,1,3
5099,169966,70.89,1,3
5100,170000,42.1,1,2
5101,170033,72.3,1,3
5102,170066,71.67,1,3
5103,170100,59.54,1,3
5104,170133,73.76,1,3
5105,170166,73.06,1,3
5106,170200,54.71,1,3
5107,170233,68.12,1,3
5108,170266,66.81,1,3
5109,170300,65.48,1,3
5110,170333,59.91,1,3
5111,170366,58.75,1,3
5112,170400,63.22,1,3
5113,170433,53.13,1,3
5114,170466,50.11,1,3
5115,170500,68.24,1,3
5116,170533,50.1,1,3
5117,170566,48.5,1,2
5118,170600,64.33,1,3
5119,170633,43.56,1,2
5120,170666,42.47,1,2
5121,170700,65.89,1,3
5122,170733,47.02,1,2
5123,170766,45.72,1,2
5124,170800,64.73,1,3
5125,170833,48.31,1,2
5126,170866,47.26,1,2
5127,170900,67.79,1,3
5128,170933,60.48,1,3
5129,170966,59.62,1,3
5130,171000,60.17,1,3
5131,171033,60.8,1,3
5132,171066,59.75,1,3
5133,171100,63.22,1,3
5134,171133,61.84,1,3
5135,171166,60.87,1,3
5136,171200,62.27,1,3
5137,171233,68.53,1,3
5138,171266,68.2,1,3
5139,171300,95.04,1,4
5140,171333,94.05,1,4
5141,171366,93,1,4
5142,171400,70.52,1,3
5143,171433,90.25,1,4
5144,171466,89.76,1,4
5145,171500,57.92,1,3
5146,171533,86.41,1,4
5147,171566,84.8,1,4
5148,171600,57.24,1,3
5149,171633,78.29,1,4
5150,171666,75,1,3
5151,171700,47,1,2
5152,171733,74.36,1,3
5153,171766,72.94,1,3
5154,171800,54.48,1,3
5155,171833,72.45,1,3
5156,171866,71.85,1,3
5157,171900,55.33,1,3
5158,171933,67.22,1,3
5159,171966,65.37,1,3
5160,172000,60.06,1,3
5161,172033,62.03,1,3
5162,172066,60.39,1,3
5163,172100,63.34,1,3
5164,172133,54.5,1,3
5165,172166,52.96,1,3
5166,172200,66.2,1,3
5167,172233,54.42,1,3
5168,172266,53.13,1,3
5169,172300,66.68,1,3
5170,172333,47.34,1,2
5171,172366,45.87,1,2
5172,172400,66.95,1,3
5173,172433,43.44,1,2
5174,172466,41.91,1,2
5175,172500,68.35,1,3
5176,172533,48.08,1,2
5177,172566,45.24,1,2
5178,172600,66.34,1,3
5179,172633,52.74,1,3
5180,172666,51.02,1,3
5181,172700,63.61,1,3
5182,172733,55.36,1,3
5183,172766,53.89,1,3
5184,172800,60.6,1,3
5185,172833,60.3,1,3
5186,172866,59.13,1,3
5187,172900,61.53,1,3
5188,172933,66.05,1,3
5189,172966,65.41,1,3
5190,173000,50.63,1,3
5191,173033,73.1,1,3
5192,173066,71.93,1,3
5193,173100,43.28,1,2
5194,173133,70.98,1,3
5195,173166,70.37,1,3
5196,173200,37.58,1,2
5197,173233,69.99,1,3
5198,173266,69.03,1,3
5199,173300,38.05,1,2
5200,173333,70.17,1,3
5201,173366,69.3,1,3
5202,173400,38.62,1,2
5203,173433,69.84,1,3
5204,173466,69.36,1,3
5205,173500,41.28,1,2
5206,173533,67.43,1,3
5207,173566,66.58,1,3
5208,173600,49.56,1,2
5209,173633,62.34,1,3
5210,173666,60.82,1,3
5211,173700,55.46,1,3
5212,173733,55.34,1,3
5213,173766,53.72,1,3
5214,173800,54.57,1,3
5215,173833,47.92,1,2
5216,173866,45.06,1,2
5217,173900,58.7,1,3
5218,173933,38.77,1,2
5219,173966,36.6,1,2
5220,174000,62.6,1,3
5221,174033,32.86,1,2
5222,174066,31.14,1,2
5223,174100,63.51,1,3
5224,174133,39.62,1,2
5225,174166,38.11,1,2
5226,174200,64.67,1,3
5227,174233,46.29,1,2
5228,174266,44.42,1,2
5229,174300,65.26,1,3
5230,174333,49.58,1,2
5231,174366,47.95,1,2
5232,174400,64.57,1,3
5233,174433,54.88,1,3
5234,174466,53.53,1,3
5235,174500,57.08,1,3
5236,174533,58.76,1,3
5237,174566,57.65,1,3
5238,174600,52.54,1,3
5239,174633,70.7,1,3
5240,174666,69.68,1,3
5241,174700,50.25,1,3
5242,174733,67.45,1,3
5243,174766,66.48,1,3
5244,174800,43.67,1,2
5245,174833,67.56,1,3
5246,174866,66.8,1,3
5247,174900,36.43,1,2
5248,174933,70.1,1,3
5249,174966,68.25,1,3
5250,175000,47.55,1,2
5251,175033,84.32,1,4
5252,175066,83.86,1,4
5253,175100,54.82,1,3
5254,175133,85.5,1,4
5255,175166,83.97,1,4
5256,175200,57.97,1,3
5257,175233,82.77,1,4
5258,175266,81.93,1,4
5259,175300,96.66,1,4
5260,175333,95.19,1,4
5261,175366,93.7,1,4
5262,175400,84.46,1,4
5263,175433,95.35,1,4
5264,175466,88.22,1,4
5265,175500,88.63,1,4
5266,175533,79.54,1,4
5267,175566,74.18,1,3
5268,175600,75.71,1,4
5269,175633,51.15,1,3
5270,175666,48.05,1,2
5271,175700,69.9,1,3
5272,175733,45.61,1,2
5273,175766,43.75,1,2
5274,175800,61.86,1,3
5275,175833,46.04,1,2
5276,175866,43.08,1,2
5277,175900,67.34,1,3
5278,175933,47.13,1,2
5279,175966,45.51,1,2
5280,176000,63.25,1,3
5281,176033,50.89,1,3
5282,176066,49.52,1,2
5283,176100,67.16,1,3
5284,176133,55.38,1,3
5285,176166,53.48,1,3
5286,176200,50.39,1,3
5287,176233,61.45,1,3
5288,176266,59.69,1,3
5289,176300,55.26,1,3
5290,176333,66.21,1,3
5291,176366,63.8,1,3
5292,176400,41.94,1,2
5293,176433,65.26,1,3
5294,176466,63.79,1,3
5295,176500,44.47,1,2
5296,176533,68.01,1,3
5297,176566,67.18,1,3
5298,176600,36.96,1,2
5299,176633,70.24,1,3
5300,176666,68.68,1,3
5301,176700,44.44,1,2
5302,176733,75.64,1,4
5303,176766,74.17,1,3
5304,176800,41.13,1,2
5305,176833,73.07,1,3
5306,176866,72.39,1,3
5307,176900,56.9,1,3
5308,176933,70.81,1,3
5309,176966,69.85,1,3
5310,177000,55.53,1,3
5311,177033,69.64,1,3
5312,177066,68.47,1,3
5313,177100,65.49,1,3
5314,177133,65.65,1,3
5315,177166,63.87,1,3
5316,177200,65.93,1,3
5317,177233,65.64,1,3
5318,177266,63.36,1,3
5319,177300,76.73,1,4
5320,177333,62.14,1,3
5321,177366,59.71,1,3
5322,177400,70.78,1,3
5323,177433,60.96,1,3
5324,177466,59.54,1,3
5325,177500,78.66,1,4
5326,177533,65.24,1,3
5327,177566,64.68,1,3
5328,177600,76.66,1,4
5329,177633,63.86,1,3
5330,177666,62.35,1,3
5331,177700,82.05,1,4
5332,177733,66.43,1,3
5333,177766,64.81,1,3
5334,177800,79.24,1,4
5335,177833,70.06,1,3
5336,177866,67.65,1,3
5337,177900,87.47,1,4
5338,177933,81.93,1,4
5339,177966,80.39,1,4
5340,178000,70.79,1,3
5341,178033,85.51,1,4
5342,178066,84.09,1,4
5343,178100,72.47,1,3
5344,178133,86.9,1,4
5345,178166,85.21,1,4
5346,178200,62.4,1,3
5347,178233,81.41,1,4
5348,178266,79.69,1,4
5349,178300,55.87,1,3
5350,178333,82.33,1,4
5351,178366,78.74,1,4
5352,178400,52.77,1,3
5353,178433,80.36,1,4
5354,178466,79.46,1,4
5355,178500,57.38,1,3
5356,178533,81.36,1,4
5357,178566,79.34,1,4
5358,178600,59.64,1,3
5359,178633,78.22,1,4
5360,178666,75.28,1,4
5361,178700,62.79,1,3
5362,178733,72.88,1,3
5363,178766,70.73,1,3
5364,178800,63.74,1,3
5365,178833,72.44,1,3
5366,178866,69.72,1,3
5367,178900,70.91,1,3
5368,178933,71.68,1,3
5369,178966,69.14,1,3
5370,179000,75,1,3
5371,179033,67.08,1,3
5372,179066,65.15,1,3
5373,179100,78.16,1,4
5374,179133,60.43,1,3
5375,179166,58.74,1,3
5376,179200,74.65,1,3
5377,179233,57.37,1,3
5378,179266,53.84,1,3
5379,179300,94.45,1,4
5380,179333,75.01,1,4
5381,179366,71.22,1,3
5382,179400,88.37,1,4
5383,179433,76.14,1,4
5384,179466,74.43,1,3
5385,179500,90.14,1,4
5386,179533,75.58,1,4
5387,179566,71.64,1,3
5388,179600,64.35,1,3
5389,179633,69.71,1,3
5390,179666,67.16,1,3
5391,179700,70.32,1,3
5392,179733,79.25,1,4
5393,179766,78.87,1,4
5394,179800,63.01,1,3
5395,179833,81.77,1,4
5396,179866,80.39,1,4
5397,179900,59.37,1,3
5398,179933,84.8,1,4
5399,179966,83.28,1,4
5400,180000,51.14,1,3
5401,180033,78.68,1,4
5402,180066,73.55,1,3
5403,180100,47.25,1,2
5404,180133,70.32,1,3
5405,180166,67.4,1,3
5406,180200,42.37,1,2
5407,180233,72.52,1,3
5408,180266,71.7,1,3
5409,180300,60.2,1,3
5410,180333,76.38,1,4
5411,180366,75.79,1,4
5412,180400,59.63,1,3
5413,180433,78.77,1,4
5414,180466,77.26,1,4
5415,180500,74.23,1,3
5416,180533,77.98,1,4
5417,180566,76.01,1,4
5418,180600,78.13,1,4
5419,180633,80.26,1,4
5420,180666,78.07,1,4
5421,180700,81.37,1,4
5422,180733,68.47,1,3
5423,180766,65.87,1,3
5424,180800,78.59,1,4
5425,180833,59.64,1,3
5426,180866,56.83,1,3
5427,180900,80.84,1,4
5428,180933,50.68,1,3
5429,180966,47.38,1,2
5430,181000,71.43,1,3
5431,181033,46.75,1,2
5432,181066,44.24,1,2
5433,181100,73.71,1,3
5434,181133,48.45,1,2
5435,181166,46.29,1,2
5436,181200,63.89,1,3
5437,181233,61.06,1,3
5438,181266,60.09,1,3
5439,181300,67.1,1,3
5440,181333,63.94,1,3
5441,181366,62.44,1,3
5442,181400,51.9,1,3
5443,181433,66.5,1,3
5444,181466,64.39,1,3
5445,181500,64.22,1,3
5446,181533,65.87,1,3
5447,181566,64.45,1,3
5448,181600,38.17,1,2
5449,181633,74.02,1,3
5450,181666,73.34,1,3
5451,181700,58.27,1,3
5452,181733,76.6,1,4
5453,181766,77.92,1,4
5454,181800,47.67,1,2
5455,181833,77.54,1,4
5456,181866,76.87,1,4
5457,181900,58.87,1,3
5458,181933,80.43,1,4
5459,181966,79.74,1,4
5460,182000,52.11,1,3
5461,182033,76.76,1,4
5462,182066,71.13,1,3
5463,182100,53.62,1,3
5464,182133,72.5,1,3
5465,182166,68.38,1,3
5466,182200,50.69,1,3
5467,182233,65.86,1,3
5468,182266,63.74,1,3
5469,182300,67.71,1,3
5470,182333,65.48,1,3
5471,182366,64.13,1,3
5472,182400,76.57,1,4
5473,182433,70.53,1,3
5474,182466,68.86,1,3
5475,182500,86.93,1,4
5476,182533,64.81,1,3
5477,182566,63.48,1,3
5478,182600,84.32,1,4
5479,182633,61.04,1,3
5480,182666,59.34,1,3
5481,182700,86.84,1,4
5482,182733,61.05,1,3
5483,182766,58.88,1,3
5484,182800,80.52,1,4
5485,182833,63.73,1,3
5486,182866,60.21,1,3
5487,182900,79.14,1,4
5488,182933,60.78,1,3
5489,182966,58.26,1,3
5490,183000,72.86,1,3
5491,183033,65.54,1,3
5492,183066,61.98,1,3
5493,183100,67.39,1,3
5494,183133,68.46,1,3
5495,183166,65.97,1,3
5496,183200,62.93,1,3
5497,183233,70.66,1,3
5498,183266,69.58,1,3
5499,183300,99.51,1,4
5500,183333,99.34,1,4
5501,183366,99.3,1,4
5502,183400,80.86,1,4
5503,183433,94.83,1,4
5504,183466,94.58,1,4
5505,183500,79.57,1,4
5506,183533,94.28,1,4
5507,183566,92.82,1,4
5508,183600,70.67,1,3
5509,183633,88.98,1,4
5510,183666,84.97,1,4
5511,183700,65.55,1,3
5512,183733,82.84,1,4
5513,183766,79.74,1,4
5514,183800,62.19,1,3
5515,183833,76.57,1,4
5516,183866,72.86,1,3
5517,183900,62.7,1,3
5518,183933,75,1,3
5519,183966,73,1,3
5520,184000,62.93,1,3
5521,184033,68.69,1,3
5522,184066,66.18,1,3
5523,184100,69.34,1,3
5524,184133,57.85,1,3
5525,184166,56.24,1,3
5526,184200,69.46,1,3
5527,184233,62.47,1,3
5528,184266,59.85,1,3
5529,184300,80.15,1,4
5530,184333,64.59,1,3
5531,184366,62.93,1,3
5532,184400,81.39,1,4
5533,184433,55.46,1,3
5534,184466,53.18,1,3
5535,184500,82.76,1,4
5536,184533,62.63,1,3
5537,184566,58.73,1,3
5538,184600,73.01,1,3
5539,184633,62.63,1,3
5540,184666,59.2,1,3
5541,184700,76.01,1,4
5542,184733,64.15,1,3
5543,184766,59.13,1,3
5544,184800,59.87,1,3
5545,184833,67.9,1,3
5546,184866,65.36,1,3
5547,184900,65.53,1,3
5548,184933,69.92,1,3
5549,184966,68.32,1,3
5550,185000,60.28,1,3
5551,185033,70.33,1,3
5552,185066,69.79,1,3
5553,185100,67.18,1,3
5554,185133,92.2,1,4
5555,185166,92.07,1,4
5556,185200,64.3,1,3
5557,185233,84.21,1,4
5558,185266,82.61,1,4
5559,185300,69.89,1,3
5560,185333,82.76,1,4
5561,185366,82.44,1,4
5562,185400,61.72,1,3
5563,185433,85.4,1,4
5564,185466,84.53,1,4
5565,185500,65.82,1,3
5566,185533,81.09,1,4
5567,185566,77.6,1,4
5568,185600,59.08,1,3
5569,185633,75.78,1,4
5570,185666,73.31,1,3
5571,185700,66.75,1,3
5572,185733,73.72,1,3
5573,185766,72.4,1,3
5574,185800,63.29,1,3
5575,185833,69.82,1,3
5576,185866,68.7,1,3
5577,185900,69.81,1,3
5578,185933,58.07,1,3
5579,185966,55.29,1,3
5580,186000,64.23,1,3
5581,186033,47.63,1,2
5582,186066,45.49,1,2
5583,186100,68.14,1,3
5584,186133,48.59,1,2
5585,186166,47,1,2
5586,186200,68.01,1,3
5587,186233,53.25,1,3
5588,186266,50.68,1,3
5589,186300,77.11,1,4
5590,186333,56.63,1,3
5591,186366,55.34,1,3
5592,186400,74.81,1,3
5593,186433,67.44,1,3
5594,186466,65.83,1,3
5595,186500,78.6,1,4
5596,186533,72.71,1,3
5597,186566,71.15,1,3
5598,186600,63.9,1,3
5599,186633,75.46,1,4
5600,186666,73.55,1,3
5601,186700,70.07,1,3
5602,186733,75.57,1,4
5603,186766,73.2,1,3
5604,186800,51.26,1,3
5605,186833,73.65,1,3
5606,186866,69.97,1,3
5607,186900,55.12,1,3
5608,186933,74.95,1,3
5609,186966,74.74,1,3
5610,187000,50.95,1,3
5611,187033,85.5,1,4
5612,187066,84.49,1,4
5613,187100,69.25,1,3
5614,187133,89.05,1,4
5615,187166,86.22,1,4
5616,187200,61.32,1,3
5617,187233,87.21,1,4
5618,187266,86.8,1,4
5619,187300,97.65,1,4
5620,187333,98.76,1,4
5621,187366,98.57,1,4
5622,187400,83.43,1,4
5623,187433,98.1,1,4
5624,187466,97.95,1,4
5625,187500,93.35,1,4
5626,187533,91.39,1,4
5627,187566,89.05,1,4
5628,187600,91.64,1,4
5629,187633,70.95,1,3
5630,187666,67.48,1,3
5631,187700,78.66,1,4
5632,187733,57.74,1,3
5633,187766,54.99,1,3
5634,187800,69.02,1,3
5635,187833,49.33,1,2
5636,187866,47.13,1,2
5637,187900,66.58,1,3
5638,187933,47.49,1,2
5639,187966,45.31,1,2
5640,188000,62.41,1,3
5641,188033,44.08,1,2
5642,188066,41.46,1,2
5643,188100,65.68,1,3
5644,188133,50.02,1,3
5645,188166,47.89,1,2
5646,188200,59.84,1,3
5647,188233,59.81,1,3
5648,188266,58.64,1,3
5649,188300,59.24,1,3
5650,188333,64.26,1,3
5651,188366,62.84,1,3
5652,188400,57.25,1,3
5653,188433,76.01,1,4
5654,188466,74.57,1,3
5655,188500,55.63,1,3
5656,188533,80.35,1,4
5657,188566,79.94,1,4
5658,188600,53.37,1,3
5659,188633,74.53,1,3
5660,188666,73.91,1,3
5661,188700,52.32,1,3
5662,188733,74.64,1,3
5663,188766,74.41,1,3
5664,188800,47.17,1,2
5665,188833,75.07,1,4
5666,188866,73.59,1,3
5667,188900,51.75,1,3
5668,188933,80.31,1,4
5669,188966,74.16,1,3
5670,189000,59.95,1,3
5671,189033,75.32,1,4
5672,189066,74.57,1,3
5673,189100,62.73,1,3
5674,189133,76.93,1,4
5675,189166,75.8,1,4
5676,189200,64.76,1,3
5677,189233,68.11,1,3
5678,189266,66.96,1,3
5679,189300,67.04,1,3
5680,189333,65.29,1,3
5681,189366,64.01,1,3
5682,189400,68.48,1,3
5683,189433,63.48,1,3
5684,189466,58.21,1,3
5685,189500,67.62,1,3
5686,189533,53.28,1,3
5687,189566,51.78,1,3
5688,189600,66.17,1,3
5689,189633,52.31,1,3
5690,189666,48.42,1,2
5691,189700,64.75,1,3
5692,189733,52.36,1,3
5693,189766,48.55,1,2
5694,189800,67,1,3
5695,189833,59.26,1,3
5696,189866,58.07,1,3
5697,189900,69.3,1,3
5698,189933,60.63,1,3
5699,189966,59.06,1,3
5700,190000,64.93,1,3
5701,190033,67.21,1,3
5702,190066,65.95,1,3
5703,190100,72.74,1,3
5704,190133,70.99,1,3
5705,190166,70.23,1,3
5706,190200,68.89,1,3
5707,190233,82.19,1,4
5708,190266,81.13,1,4
5709,190300,68.56,1,3
5710,190333,73.86,1,3
5711,190366,73.41,1,3
5712,190400,64.64,1,3
5713,190433,73.13,1,3
5714,190466,72.32,1,3
5715,190500,54.61,1,3
5716,190533,72.29,1,3
5717,190566,71.76,1,3
5718,190600,53,1,3
5719,190633,75.62,1,4
5720,190666,74.75,1,3
5721,190700,59.05,1,3
5722,190733,74.91,1,3
5723,190766,73.5,1,3
5724,190800,61.32,1,3
5725,190833,73.35,1,3
5726,190866,71.19,1,3
5727,190900,63.22,1,3
5728,190933,64.83,1,3
5729,190966,63.21,1,3
5730,191000,63.08,1,3
5731,191033,61.39,1,3
5732,191066,59.59,1,3
5733,191100,64.86,1,3
5734,191133,58.35,1,3
5735,191166,56.63,1,3
5736,191200,62.48,1,3
5737,191233,48.85,1,2
5738,191266,46.91,1,2
5739,191300,99.91,1,4
5740,191333,92.37,1,4
5741,191366,93.04,1,4
5742,191400,99.11,1,4
5743,191433,90.67,1,4
5744,191466,89.72,1,4
5745,191500,97.67,1,4
5746,191533,86.88,1,4
5747,191566,86.26,1,4
5748,191600,93.88,1,4
5749,191633,73.21,1,3
5750,191666,79.7,1,4
5751,191700,80.84,1,4
5752,191733,77.46,1,4
5753,191766,75.66,1,4
5754,191800,80.23,1,4
5755,191833,80.47,1,4
5756,191866,78.2,1,4
5757,191900,76.3,1,4
5758,191933,80.59,1,4
5759,191966,79.07,1,4
5760,192000,70.69,1,3
5761,192033,77.72,1,4
5762,192066,76.27,1,4
5763,192100,57.88,1,3
5764,192133,72.49,1,3
5765,192166,71.6,1,3
5766,192200,53.43,1,3
5767,192233,70.9,1,3
5768,192266,70.22,1,3
5769,192300,51.11,1,3
5770,192333,73.82,1,3
5771,192366,72.72,1,3
5772,192400,58.21,1,3
5773,192433,71.97,1,3
5774,192466,71.15,1,3
5775,192500,58.65,1,3
5776,192533,66.95,1,3
5777,192566,64.32,1,3
5778,192600,60.05,1,3
5779,192633,62.51,1,3
5780,192666,60.86,1,3
5781,192700,60.89,1,3
5782,192733,57.87,1,3
5783,192766,56.69,1,3
5784,192800,60.23,1,3
5785,192833,53.31,1,3
5786,192866,50.77,1,3
5787,192900,60.62,1,3
5788,192933,44.48,1,2
5789,192966,43.47,1,2
5790,193000,61.54,1,3
5791,193033,52.15,1,3
5792,193066,50.35,1,3
5793,193100,65.32,1,3
5794,193133,51.1,1,3
5795,193166,49.8,1,2
5796,193200,64.87,1,3
5797,193233,60.61,1,3
5798,193266,59.2,1,3
5799,193300,67.95,1,3
5800,193333,60.27,1,3
5801,193366,59.5,1,3
5802,193400,64.86,1,3
5803,193433,66.91,1,3
5804,193466,65.77,1,3
5805,193500,67.35,1,3
5806,193533,75.17,1,4
5807,193566,74.91,1,3
5808,193600,65.79,1,3
5809,193633,82.56,1,4
5810,193666,81.75,1,4
5811,193700,61.1,1,3
5812,193733,70.14,1,3
5813,193766,68.96,1,3
5814,193800,49.59,1,2
5815,193833,67.02,1,3
5816,193866,66.33,1,3
5817,193900,46.01,1,2
5818,193933,66.24,1,3
5819,193966,65.69,1,3
5820,194000,45.51,1,2
5821,194033,66.47,1,3
5822,194066,65.24,1,3
5823,194100,54.31,1,3
5824,194133,64.12,1,3
5825,194166,63.72,1,3
5826,194200,53.25,1,3
5827,194233,61.46,1,3
5828,194266,60.34,1,3
5829,194300,57.95,1,3
5830,194333,58.39,1,3
5831,194366,57.49,1,3
5832,194400,60.52,1,3
5833,194433,51.41,1,3
5834,194466,50.97,1,3
5835,194500,59.69,1,3
5836,194533,48.45,1,2
5837,194566,47.14,1,2
5838,194600,60.82,1,3
5839,194633,44.85,1,2
5840,194666,43.84,1,2
5841,194700,61,1,3
5842,194733,48.3,1,2
5843,194766,46.91,1,2
5844,194800,65.46,1,3
5845,194833,56.01,1,3
5846,194866,54.54,1,3
5847,194900,64.6,1,3
5848,194933,58.01,1,3
5849,194966,56.67,1,3
5850,195000,66,1,3
5851,195033,59.34,1,3
5852,195066,57.63,1,3
5853,195100,61.7,1,3
5854,195133,62.99,1,3
5855,195166,62.14,1,3
5856,195200,57.91,1,3
5857,195233,69.41,1,3
5858,195266,69.05,1,3
5859,195300,96.33,1,4
5860,195333,94.98,1,4
5861,195366,95.54,1,4
5862,195400,73.65,1,3
5863,195433,93.25,1,4
5864,195466,91.6,1,4
5865,195500,79.1,1,4
5866,195533,89.87,1,4
5867,195566,87.63,1,4
5868,195600,59.69,1,3
5869,195633,74.12,1,3
5870,195666,69.87,1,3
5871,195700,56.66,1,3
5872,195733,68.76,1,3
5873,195766,66.42,1,3
5874,195800,48.97,1,2
5875,195833,66.4,1,3
5876,195866,65.1,1,3
5877,195900,59.51,1,3
5878,195933,59.74,1,3
5879,195966,58.84,1,3
5880,196000,56.31,1,3
5881,196033,56.44,1,3
5882,196066,55.5,1,3
5883,196100,65.02,1,3
5884,196133,51.57,1,3
5885,196166,49.11,1,2
5886,196200,59.35,1,3
5887,196233,44.88,1,2
5888,196266,43.04,1,2
5889,196300,61.76,1,3
5890,196333,46.19,1,2
5891,196366,44.65,1,2
5892,196400,58.99,1,3
5893,196433,51.13,1,3
5894,196466,50.22,1,3
5895,196500,73.23,1,3
5896,196533,54.7,1,3
5897,196566,53.6,1,3
5898,196600,63.68,1,3
5899,196633,62.99,1,3
5900,196666,62.41,1,3
5901,196700,66.12,1,3
5902,196733,62.72,1,3
5903,196766,61.85,1,3
5904,196800,56.43,1,3
5905,196833,63.46,1,3
5906,196866,61.62,1,3
5907,196900,61.15,1,3
5908,196933,67.62,1,3
5909,196966,66.58,1,3
5910,197000,45.33,1,2
5911,197033,70.59,1,3
5912,197066,69.55,1,3
5913,197100,54.15,1,3
5914,197133,64.57,1,3
5915,197166,63.92,1,3
5916,197200,38.64,1,2
5917,197233,62.95,1,3
5918,197266,62.28,1,3
5919,197300,46.52,1,2
5920,197333,63.32,1,3
5921,197366,62.61,1,3
5922,197400,44.83,1,2
5923,197433,62.8,1,3
5924,197466,62.45,1,3
5925,197500,52.92,1,3
5926,197533,60.22,1,3
5927,197566,59.58,1,3
5928,197600,49.71,1,2
5929,197633,56.62,1,3
5930,197666,56.12,1,3
5931,197700,58.71,1,3
5932,197733,54.87,1,3
5933,197766,54.18,1,3
5934,197800,59.86,1,3
5935,197833,48.62,1,2
5936,197866,47.17,1,2
5937,197900,59.58,1,3
5938,197933,43.47,1,2
5939,197966,42.01,1,2
5940,198000,57.46,1,3
5941,198033,40.9,1,2
5942,198066,39.28,1,2
5943,198100,61.05,1,3
5944,198133,43.46,1,2
5945,198166,42.57,1,2
5946,198200,63.54,1,3
5947,198233,54.35,1,3
5948,198266,52.27,1,3
5949,198300,66.3,1,3
5950,198333,55.65,1,3
5951,198366,54.76,1,3
5952,198400,59.88,1,3
5953,198433,59.88,1,3
5954,198466,57.92,1,3
5955,198500,60.39,1,3
5956,198533,61.68,1,3
5957,198566,60.95,1,3
5958,198600,54.48,1,3
5959,198633,65.41,1,3
5960,198666,64.97,1,3
5961,198700,53.92,1,3
5962,198733,66.18,1,3
5963,198766,65.33,1,3
5964,198800,40.47,1,2
5965,198833,61.62,1,3
5966,198866,60.77,1,3
5967,198900,43.06,1,2
5968,198933,61.7,1,3
5969,198966,61.07,1,3
5970,199000,38.24,1,2
5971,199033,62.56,1,3
5972,199066,62.21,1,3
5973,199100,47.45,1,2
5974,199133,61.66,1,3
5975,199166,60.39,1,3
5976,199200,46.19,1,2
5977,199233,58.41,1,3
5978,199266,57.09,1,3
5979,199300,97.98,1,4
5980,199333,94.85,1,4
5981,199366,93.19,1,4
5982,199400,90.04,1,4
5983,199433,91.76,1,4
5984,199466,89.67,1,4
5985,199500,92.21,1,4
5986,199533,83.38,1,4
5987,199566,80.57,1,4
5988,199600,84.83,1,4
5989,199633,57.17,1,3
5990,199666,52.85,1,3
5991,199700,68.44,1,3
5992,199733,49.56,1,2
5993,199766,46.15,1,2
5994,199800,65.91,1,3
5995,199833,54.79,1,3
5996,199866,52.97,1,3
5997,199900,74.83,1,3
5998,199933,59.64,1,3
5999,199966,58.35,1,3
6000,200000,77.44,1,4
6001,200033,67.73,1,3
6002,200066,64.51,1,3
6003,200100,69.99,1,3
6004,200133,66.32,1,3
6005,200166,64.3,1,3
6006,200200,64.11,1,3
6007,200233,65.74,1,3
6008,200266,63.38,1,3
6009,200300,61.74,1,3
6010,200333,67.32,1,3
6011,200366,65.75,1,3
6012,200400,46.19,1,2
6013,200433,62.38,1,3
6014,200466,61.84,1,3
6015,200500,44.55,1,2
6016,200533,59.99,1,3
6017,200566,59.12,1,3
6018,200600,36.81,1,2
6019,200633,58.98,1,3
6020,200666,58.69,1,3
6021,200700,36.86,1,2
6022,200733,59.55,1,3
6023,200766,58.51,1,3
6024,200800,45.68,1,2
6025,200833,59.9,1,3
6026,200866,58.81,1,3
6027,200900,44.64,1,2
6028,200933,59.37,1,3
6029,200966,57.68,1,3
6030,201000,51.53,1,3
6031,201033,58.47,1,3
6032,201066,57.24,1,3
6033,201100,57.05,1,3
6034,201133,58.89,1,3
6035,201166,57.61,1,3
6036,201200,65.33,1,3
6037,201233,52.05,1,3
6038,201266,49.3,1,2
6039,201300,60.76,1,3
6040,201333,47.07,1,2
6041,201366,45.43,1,2
6042,201400,60.47,1,3
6043,201433,45.74,1,2
6044,201466,44.28,1,2
6045,201500,64.67,1,3
6046,201533,46.88,1,2
6047,201566,45.46,1,2
6048,201600,73.31,1,3
6049,201633,53.69,1,3
6050,201666,53.11,1,3
6051,201700,64.33,1,3
6052,201733,51.94,1,3
6053,201766,50.86,1,3
6054,201800,63.18,1,3
6055,201833,57.14,1,3
6056,201866,55.25,1,3
6057,201900,57.53,1,3
6058,201933,58.79,1,3
6059,201966,57.61,1,3
6060,202000,52.99,1,3
6061,202033,60.28,1,3
6062,202066,59.35,1,3
6063,202100,44.25,1,2
6064,202133,59.04,1,3
6065,202166,58.3,1,3
6066,202200,39.98,1,2
6067,202233,58.36,1,3
6068,202266,58.07,1,3
6069,202300,32.77,1,2
6070,202333,60.31,1,3
6071,202366,59.31,1,3
6072,202400,39.07,1,2
6073,202433,58.62,1,3
6074,202466,58.68,1,3
6075,202500,39.25,1,2
6076,202533,59.74,1,3
6077,202566,58.76,1,3
6078,202600,44.44,1,2
6079,202633,57.3,1,3
6080,202666,56.66,1,3
6081,202700,54.55,1,3
6082,202733,61.82,1,3
6083,202766,59.17,1,3
6084,202800,59.04,1,3
6085,202833,56.61,1,3
6086,202866,55.58,1,3
6087,202900,68.2,1,3
6088,202933,49.82,1,2
6089,202966,47.54,1,2
6090,203000,58.63,1,3
6091,203033,48.11,1,2
6092,203066,43.47,1,2
6093,203100,58.38,1,3
6094,203133,43.37,1,2
6095,203166,41.98,1,2
6096,203200,62.65,1,3
6097,203233,41.36,1,2
6098,203266,40.4,1,2
6099,203300,96.9,1,4
6100,203333,81.05,1,4
6101,203366,79.6,1,4
6102,203400,89.83,1,4
6103,203433,77.09,1,4
6104,203466,77.52,1,4
6105,203500,81.6,1,4
6106,203533,77.59,1,4
6107,203566,75.02,1,4
6108,203600,77.17,1,4
6109,203633,67.37,1,3
6110,203666,60.91,1,3
6111,203700,59.54,1,3
6112,203733,62.98,1,3
6113,203766,61.5,1,3
6114,203800,44.66,1,2
6115,203833,60.89,1,3
6116,203866,60.19,1,3
6117,203900,35.85,1,2
6118,203933,61.69,1,3
6119,203966,60.46,1,3
6120,204000,37.76,1,2
6121,204033,64.29,1,3
6122,204066,63.26,1,3
6123,204100,37.14,1,2
6124,204133,60.82,1,3
6125,204166,60.1,1,3
6126,204200,40.73,1,2
6127,204233,59.88,1,3
6128,204266,59.36,1,3
6129,204300,42.98,1,2
6130,204333,60.65,1,3
6131,204366,58.93,1,3
6132,204400,53.39,1,3
6133,204433,66.14,1,3
6134,204466,65.82,1,3
6135,204500,60.71,1,3
6136,204533,59.41,1,3
6137,204566,57.54,1,3
6138,204600,67.41,1,3
6139,204633,51.17,1,3
6140,204666,49.83,1,2
6141,204700,62.17,1,3
6142,204733,42.5,1,2
6143,204766,41.44,1,2
6144,204800,59.09,1,3
6145,204833,40.75,1,2
6146,204866,38.86,1,2
6147,204900,59.81,1,3
6148,204933,42.45,1,2
6149,204966,40.54,1,2
6150,205000,59.79,1,3
6151,205033,43.18,1,2
6152,205066,42.2,1,2
6153,205100,56.35,1,3
6154,205133,44.71,1,2
6155,205166,43.61,1,2
6156,205200,56.41,1,3
6157,205233,49.8,1,2
6158,205266,48.06,1,2
6159,205299,55.24,1,3
6160,205333,56.29,1,3
6161,205366,54.98,1,3
6162,205400,51.14,1,3
6163,205433,59.28,1,3
6164,205466,59,1,3
6165,205500,43.12,1,2
6166,205533,58.05,1,3
6167,205566,58.14,1,3
6168,205600,35.42,1,2
6169,205633,60.7,1,3
6170,205666,60.39,1,3
6171,205700,36.87,1,2
6172,205733,63.49,1,3
6173,205766,63.15,1,3
6174,205799,37.81,1,2
6175,205833,61.36,1,3
6176,205866,60.95,1,3
6177,205900,38.77,1,2
6178,205933,59.27,1,3
6179,205966,58.82,1,3
6180,206000,44.25,1,2
6181,206033,58.21,1,3
6182,206066,57.63,1,3
6183,206100,54.51,1,3
6184,206133,66.9,1,3
6185,206166,63.76,1,3
6186,206200,55.79,1,3
6187,206233,55.47,1,3
6188,206266,53.87,1,3
6189,206299,60.47,1,3
6190,206333,50.27,1,3
6191,206366,48.98,1,2
6192,206400,58.24,1,3
6193,206433,43.34,1,2
6194,206466,41.4,1,2
6195,206500,56.96,1,3
6196,206533,44.85,1,2
6197,206566,43.42,1,2
6198,206600,59.96,1,3
6199,206633,40.37,1,2
6200,206666,39.07,1,2
6201,206700,56.06,1,3
6202,206733,40.24,1,2
6203,206766,39.27,1,2
6204,206799,56.65,1,3
6205,206833,41.72,1,2
6206,206866,41,1,2
6207,206900,56.26,1,3
6208,206933,49.93,1,2
6209,206966,48.7,1,2
6210,207000,56.55,1,3
6211,207033,55.32,1,3
6212,207066,54.4,1,3
6213,207100,51.97,1,3
6214,207133,56.56,1,3
6215,207166,55.86,1,3
6216,207200,45.54,1,2
6217,207233,58.27,1,3
6218,207266,57.41,1,3
6219,207299,94.32,1,4
6220,207333,96.57,1,4
6221,207366,95.75,1,4
6222,207400,78.67,1,4
6223,207433,97.59,1,4
6224,207466,97.41,1,4
6225,207500,71.83,1,3
6226,207533,90.98,1,4
6227,207566,90.27,1,4
6228,207600,73.41,1,3
6229,207633,73.96,1,3
6230,207666,68.91,1,3
6231,207700,51.1,1,3
6232,207733,69.22,1,3
6233,207766,66.31,1,3
6234,207799,60.23,1,3
6235,207833,74.51,1,3
6236,207866,72.27,1,3
6237,207900,64.15,1,3
6238,207933,67.44,1,3
6239,207966,66.1,1,3
6240,208000,63.26,1,3
6241,208033,53.87,1,3
6242,208066,51.7,1,3
6243,208100,60.2,1,3
6244,208133,48.71,1,2
6245,208166,46.6,1,2
6246,208200,57.49,1,3
6247,208233,45.23,1,2
6248,208266,42.83,1,2
6249,208299,59.37,1,3
6250,208333,47.76,1,2
6251,208366,46.08,1,2
6252,208400,65.63,1,3
6253,208433,47.28,1,2
6254,208466,45.75,1,2
6255,208500,60.33,1,3
6256,208533,44.71,1,2
6257,208566,40.79,1,2
6258,208600,61.19,1,3
6259,208633,49.6,1,2
6260,208666,46.42,1,2
6261,208700,58.04,1,3
6262,208733,52.55,1,3
6263,208766,51.85,1,3
6264,208799,56.99,1,3
6265,208833,53.83,1,3
6266,208866,52.85,1,3
6267,208900,49.38,1,2
6268,208933,56.85,1,3
6269,208966,56.22,1,3
6270,209000,47.28,1,2
6271,209033,61.7,1,3
6272,209066,60.6,1,3
6273,209100,41.48,1,2
6274,209133,67.86,1,3
6275,209166,66.5,1,3
6276,209200,36.83,1,2
6277,209233,58.87,1,3
6278,209266,58.49,1,3
6279,209299,36.2,1,2
6280,209333,58.82,1,3
6281,209366,58.57,1,3
6282,209400,38.63,1,2
6283,209433,57.82,1,3
6284,209466,57.37,1,3
6285,209500,40.43,1,2
6286,209533,65.38,1,3
6287,209566,63.62,1,3
6288,209600,48.41,1,2
6289,209633,58.36,1,3
6290,209666,57.37,1,3
6291,209700,53.33,1,3
6292,209733,54.89,1,3
6293,209766,53.69,1,3
6294,209799,55.33,1,3
6295,209833,45.9,1,2
6296,209866,44.29,1,2
6297,209900,55.75,1,3
6298,209933,38.3,1,2
6299,209966,37.06,1,2
6300,210000,57.18,1,3
6301,210033,38.84,1,2
6302,210066,36.99,1,2
6303,210100,56.02,1,3
6304,210133,36.57,1,2
6305,210166,34.99,1,2
6306,210200,56.11,1,3
6307,210233,39.07,1,2
6308,210266,37.43,1,2
6309,210299,61.47,1,3
6310,210333,48.54,1,2
6311,210366,47.62,1,2
6312,210400,62.6,1,3
6313,210433,55.1,1,3
6314,210466,53.79,1,3
6315,210500,58.26,1,3
6316,210533,56.62,1,3
6317,210566,55.55,1,3
6318,210600,50.48,1,3
6319,210633,59,1,3
6320,210666,58.49,1,3
6321,210700,46.62,1,2
6322,210733,63.68,1,3
6323,210766,62.7,1,3
6324,210799,44.9,1,2
6325,210833,71.67,1,3
6326,210866,71.08,1,3
6327,210900,37.79,1,2
6328,210933,62.98,1,3
6329,210966,62.22,1,3
6330,211000,36.54,1,2
6331,211033,59.89,1,3
6332,211066,58.9,1,3
6333,211100,39.9,1,2
6334,211133,58.42,1,3
6335,211166,58.15,1,3
6336,211200,39.19,1,2
6337,211233,62.3,1,3
6338,211266,61.87,1,3
6339,211299,92.41,1,4
6340,211333,91.65,1,4
6341,211366,90.9,1,4
6342,211400,87.88,1,4
6343,211433,87.37,1,4
6344,211466,86.07,1,4
6345,211500,87.34,1,4
6346,211533,78.89,1,4
6347,211566,76.57,1,4
6348,211600,82.51,1,4
6349,211633,47.35,1,2
6350,211666,42.78,1,2
6351,211700,65.35,1,3
6352,211733,41.98,1,2
6353,211766,40.75,1,2
6354,211799,57.74,1,3
6355,211833,39.56,1,2
6356,211866,38.33,1,2
6357,211900,60.69,1,3
6358,211933,49.86,1,2
6359,211966,48.8,1,2
6360,212000,63.62,1,3
6361,212033,55.03,1,3
6362,212066,54.12,1,3
6363,212100,68.71,1,3
6364,212133,59.71,1,3
6365,212166,58.52,1,3
6366,212200,57.04,1,3
6367,212233,60.76,1,3
6368,212266,59.98,1,3
6369,212299,55.39,1,3
6370,212333,61.82,1,3
6371,212366,60.58,1,3
6372,212400,47.2,1,2
6373,212433,65.04,1,3
6374,212466,64.16,1,3
6375,212500,50.87,1,3
6376,212533,67.18,1,3
6377,212566,66.12,1,3
6378,212600,35.36,1,2
6379,212633,60.27,1,3
6380,212666,58.33,1,3
6381,212700,33.95,1,2
6382,212733,57.91,1,3
6383,212766,57.16,1,3
6384,212799,35.03,1,2
6385,212833,58.6,1,3
6386,212866,56.62,1,3
6387,212900,39.75,1,2
6388,212933,58.13,1,3
6389,212966,56.3,1,3
6390,213000,46.17,1,2
6391,213033,55.92,1,3
6392,213066,55.01,1,3
6393,213100,52.7,1,3
6394,213133,52.89,1,3
6395,213166,52.27,1,3
6396,213200,53.14,1,3
6397,213233,47.35,1,2
6398,213266,46.41,1,2
6399,213299,58.47,1,3
6400,213333,42.77,1,2
6401,213366,40.23,1,2
6402,213400,57.34,1,3
6403,213433,36.71,1,2
6404,213466,35.37,1,2
6405,213500,60.43,1,3
6406,213533,38.17,1,2
6407,213566,36.9,1,2
6408,213600,58.04,1,3
6409,213633,50.14,1,3
6410,213666,48.78,1,2
6411,213700,68.9,1,3
6412,213733,58.13,1,3
6413,213766,57.32,1,3
6414,213799,66.39,1,3
6415,213833,57.44,1,3
6416,213866,54.94,1,3
6417,213900,61.22,1,3
6418,213933,58.96,1,3
6419,213966,58.4,1,3
6420,214000,45.53,1,2
6421,214033,59.68,1,3
6422,214066,58.41,1,3
6423,214100,47.12,1,2
6424,214133,61.66,1,3
6425,214166,61.07,1,3
6426,214200,36.16,1,2
6427,214233,62.03,1,3
6428,214266,60.16,1,3
6429,214299,34.21,1,2
6430,214333,59.22,1,3
6431,214366,59.04,1,3
6432,214400,28.02,1,2
6433,214433,57.71,1,3
6434,214466,57.11,1,3
6435,214500,40.16,1,2
6436,214533,58.27,1,3
6437,214566,56.98,1,3
6438,214600,36.28,1,2
6439,214633,56.44,1,3
6440,214666,55.65,1,3
6441,214700,52.43,1,3
6442,214733,57.04,1,3
6443,214766,56.33,1,3
6444,214799,49.64,1,2
6445,214833,54,1,3
6446,214866,52.97,1,3
6447,214900,59.82,1,3
6448,214933,49.07,1,2
6449,214966,47.12,1,2
6450,215000,58.45,1,3
6451,215033,45.82,1,2
6452,215066,40.33,1,2
6453,215100,60.22,1,3
6454,215133,40.55,1,2
6455,215166,39.35,1,2
6456,215200,59.51,1,3
6457,215233,42.76,1,2
6458,215266,41.84,1,2
6459,215299,97.38,1,4
6460,215333,94.4,1,4
6461,215366,93.74,1,4
6462,215400,93.27,1,4
6463,215433,95.96,1,4
6464,215466,87.18,1,4
6465,215500,96.55,1,4
6466,215533,93.61,1,4
6467,215566,85.75,1,4
6468,215600,83.39,1,4
6469,215633,72.42,1,3
6470,215666,67.97,1,3
6471,215700,63.08,1,3
6472,215733,66.71,1,3
6473,215766,64.45,1,3
6474,215799,40.9,1,2
6475,215833,65.12,1,3
6476,215866,64.08,1,3
6477,215900,34.14,1,2
6478,215933,57.81,1,3
6479,215966,56.66,1,3
6480,216000,27.51,1,2
6481,216033,59.71,1,3
6482,216066,58.96,1,3
6483,216100,34.91,1,2
6484,216133,56.9,1,3
6485,216166,56.3,1,3
6486,216200,33.13,1,2
6487,216233,60.47,1,3
6488,216266,59.01,1,3
6489,216299,45.46,1,2
6490,216333,55.73,1,3
6491,216366,54.63,1,3
6492,216400,49.32,1,2
6493,216433,54.65,1,3
6494,216466,52.9,1,3
6495,216500,58.12,1,3
6496,216533,51.31,1,3
6497,216566,49.12,1,2
6498,216600,65.03,1,3
6499,216633,53,1,3
6500,216666,58.95,1,3
6501,216700,77.16,1,4
6502,216733,50.5,1,3
6503,216766,48.52,1,2
6504,216799,74.63,1,3
6505,216833,48.94,1,2
6506,216866,46.82,1,2
6507,216900,65.92,1,3
6508,216933,53.1,1,3
6509,216966,49.05,1,2
6510,217000,65.07,1,3
6511,217033,56.22,1,3
6512,217066,54.98,1,3
6513,217100,68.86,1,3
6514,217133,57.42,1,3
6515,217166,54.55,1,3
6516,217200,63.32,1,3
6517,217233,57.7,1,3
6518,217266,57.18,1,3
6519,217299,51.67,1,3
6520,217333,56.78,1,3
6521,217366,56.05,1,3
6522,217400,43.78,1,2
6523,217433,57.65,1,3
6524,217466,57.13,1,3
6525,217500,39.54,1,2
6526,217533,57.84,1,3
6527,217566,56.13,1,3
6528,217600,30.48,1,2
6529,217633,54.99,1,3
6530,217666,54.67,1,3
6531,217700,31.8,1,2
6532,217733,58.33,1,3
6533,217766,57.91,1,3
6534,217799,33.61,1,2
6535,217833,56.6,1,3
6536,217866,56.17,1,3
6537,217900,39.67,1,2
6538,217933,59.4,1,3
6539,217966,59.04,1,3
6540,218000,50.34,1,3
6541,218033,54.22,1,3
6542,218066,53.73,1,3
6543,218100,53.28,1,3
6544,218133,55.78,1,3
6545,218166,54.28,1,3
6546,218200,58.32,1,3
6547,218233,51.2,1,3
6548,218266,49.23,1,2
6549,218299,65.44,1,3
6550,218333,52.49,1,3
6551,218366,49.98,1,2
6552,218400,69.39,1,3
6553,218433,45.46,1,2
6554,218466,44.03,1,2
6555,218500,65.57,1,3
6556,218533,43.59,1,2
6557,218566,42.26,1,2
6558,218600,65,1,3
6559,218633,47.65,1,2
6560,218666,46.15,1,2
6561,218700,59.58,1,3
6562,218733,57.33,1,3
6563,218766,55.89,1,3
6564,218799,62.54,1,3
6565,218833,55.57,1,3
6566,218866,54.16,1,3
6567,218900,56.6,1,3
6568,218933,57.47,1,3
6569,218966,56.5,1,3
6570,219000,47.52,1,2
6571,219033,56.79,1,3
6572,219066,56.14,1,3
6573,219100,35.64,1,2
6574,219133,57.62,1,3
6575,219166,57.34,1,3
6576,219200,28.64,1,2
6577,219233,55.93,1,3
6578,219266,55.49,1,3
6579,219299,86.58,1,4
6580,219333,92.08,1,4
6581,219366,91.63,1,4
6582,219400,67.07,1,3
6583,219433,90.13,1,4
6584,219466,89.44,1,4
6585,219500,66.78,1,3
6586,219533,88.43,1,4
6587,219566,86.17,1,4
6588,219600,71.37,1,3
6589,219633,68.87,1,3
6590,219666,65.83,1,3
6591,219700,58.57,1,3
6592,219733,61.45,1,3
6593,219766,59.71,1,3
6594,219799,60.58,1,3
6595,219833,60.42,1,3
6596,219866,58.18,1,3
6597,219900,68.32,1,3
6598,219933,54.11,1,3
6599,219966,51.11,1,3
6600,220000,74.58,1,3
6601,220033,53.42,1,3
6602,220066,50.76,1,3
6603,220100,72.34,1,3
6604,220133,46.72,1,2
6605,220166,44.31,1,2
6606,220200,64.27,1,3
6607,220233,46.07,1,2
6608,220266,44.1,1,2
6609,220299,57.97,1,3
6610,220333,49.56,1,2
6611,220366,47.93,1,2
6612,220400,62.12,1,3
6613,220433,60.27,1,3
6614,220466,57.76,1,3
6615,220500,60.41,1,3
6616,220533,58,1,3
6617,220566,57.12,1,3
6618,220600,46.78,1,2
6619,220633,57.47,1,3
6620,220666,56.65,1,3
6621,220700,39.79,1,2
6622,220733,58.95,1,3
6623,220766,58.37,1,3
6624,220799,30.72,1,2
6625,220833,56.37,1,3
6626,220866,55.96,1,3
6627,220900,31.11,1,2
6628,220933,55.96,1,3
6629,220966,55.39,1,3
6630,221000,28.6,1,2
6631,221033,57.5,1,3
6632,221066,57.31,1,3
6633,221100,33.17,1,2
6634,221133,61.14,1,3
6635,221166,60.71,1,3
6636,221200,47.84,1,2
6637,221233,62.37,1,3
6638,221266,61.82,1,3
6639,221299,53.3,1,3
6640,221333,62.7,1,3
6641,221366,60.91,1,3
6642,221400,57.62,1,3
6643,221433,54.09,1,3
6644,221466,52.57,1,3
6645,221500,58.91,1,3
6646,221533,50.81,1,3
6647,221566,48.81,1,2
6648,221600,70.7,1,3
6649,221633,50.07,1,3
6650,221666,47.7,1,2
6651,221700,69.78,1,3
6652,221733,48.76,1,2
6653,221766,46.31,1,2
6654,221799,69.02,1,3
6655,221833,40.69,1,2
6656,221866,39.49,1,2
6657,221900,61.37,1,3
6658,221933,41.6,1,2
6659,221966,40.61,1,2
6660,222000,58.1,1,3
6661,222033,50.29,1,3
6662,222066,48.29,1,2
6663,222100,54.64,1,3
6664,222133,54.64,1,3
6665,222166,52.97,1,3
6666,222200,53,1,3
6667,222233,55.13,1,3
6668,222266,54.32,1,3
6669,222299,42.09,1,2
6670,222333,56.26,1,3
6671,222366,55.91,1,3
6672,222400,36.39,1,2
6673,222433,56.57,1,3
6674,222466,56.16,1,3
6675,222500,27.24,1,2
6676,222533,56.83,1,3
6677,222566,56.68,1,3
6678,222600,33.04,1,2
6679,222633,56.51,1,3
6680,222666,56.05,1,3
6681,222700,31.04,1,2
6682,222733,57.02,1,3
6683,222766,56.58,1,3
6684,222799,39.54,1,2
6685,222833,59.02,1,3
6686,222866,58.61,1,3
6687,222900,49.43,1,2
6688,222933,60.45,1,3
6689,222966,58.35,1,3
6690,223000,53.42,1,3
6691,223033,55.78,1,3
6692,223066,54.46,1,3
6693,223100,55.95,1,3
6694,223133,48.7,1,2
6695,223166,47.58,1,2
6696,223200,59.68,1,3
6697,223233,45.66,1,2
6698,223266,43.72,1,2
6699,223299,96.06,1,4
6700,223333,79.79,1,4
6701,223366,79.13,1,4
6702,223400,93.72,1,4
6703,223433,79.03,1,4
6704,223466,77.01,1,4
6705,223500,90.43,1,4
6706,223533,71.42,1,3
6707,223566,69.5,1,3
6708,223600,82.17,1,4
6709,223633,62.06,1,3
6710,223666,55.3,1,3
6711,223700,66.52,1,3
6712,223733,59.99,1,3
6713,223766,57.51,1,3
6714,223799,60.84,1,3
6715,223833,60.21,1,3
6716,223866,58.79,1,3
6717,223900,50.7,1,3
6718,223933,58.79,1,3
6719,223966,57.48,1,3
6720,224000,40.56,1,2
6721,224033,57.38,1,3
6722,224066,56.24,1,3
6723,224100,33.18,1,2
6724,224133,58.16,1,3
6725,224166,56.64,1,3
6726,224200,33.53,1,2
6727,224233,58.78,1,3
6728,224266,57.67,1,3
6729,224299,33.46,1,2
6730,224333,58.12,1,3
6731,224366,57.51,1,3
6732,224400,37.69,1,2
6733,224433,57.09,1,3
6734,224466,56.56,1,3
6735,224500,43.27,1,2
6736,224533,62.65,1,3
6737,224566,60.92,1,3
6738,224600,58.45,1,3
6739,224633,59.88,1,3
6740,224666,59.09,1,3
6741,224700,59.67,1,3
6742,224733,53.07,1,3
6743,224766,51.19,1,3
6744,224799,58,1,3
6745,224833,44.24,1,2
6746,224866,42.08,1,2
6747,224900,62.98,1,3
6748,224933,41.13,1,2
6749,224966,39.47,1,2
6750,225000,69.15,1,3
6751,225033,45.92,1,2
6752,225066,42.36,1,2
6753,225100,67.69,1,3
6754,225133,45.41,1,2
6755,225166,44.06,1,2
6756,225200,63.02,1,3
6757,225233,45.82,1,2
6758,225266,43.69,1,2
6759,225299,62.79,1,3
6760,225333,48.22,1,2
6761,225366,47.13,1,2
6762,225400,58.04,1,3
6763,225433,53.8,1,3
6764,225466,53.04,1,3
6765,225500,48.81,1,2
6766,225533,54.31,1,3
6767,225566,53.81,1,3
6768,225600,38.4,1,2
6769,225633,57.3,1,3
6770,225666,57.1,1,3
6771,225700,34.3,1,2
6772,225733,57.78,1,3
6773,225766,56.51,1,3
6774,225799,29.82,1,2
6775,225833,57.19,1,3
6776,225866,56.94,1,3
6777,225900,29.93,1,2
6778,225933,56.67,1,3
6779,225966,56.34,1,3
6780,226000,33.26,1,2
6781,226033,56.78,1,3
6782,226066,55.39,1,3
6783,226100,37.5,1,2
6784,226133,58.89,1,3
6785,226166,58.37,1,3
6786,226200,46.78,1,2
6787,226233,61.4,1,3
6788,226266,60.09,1,3
6789,226299,59.64,1,3
6790,226333,57.39,1,3
6791,226366,56.47,1,3
6792,226400,58.36,1,3
6793,226433,44.76,1,2
6794,226466,41.9,1,2
6795,226500,57.24,1,3
6796,226533,39.96,1,2
6797,226566,38.55,1,2
6798,226600,60.12,1,3
6799,226633,38.81,1,2
6800,226666,37.25,1,2
6801,226700,64.97,1,3
6802,226733,42.93,1,2
6803,226766,41.1,1,2
6804,226799,61.11,1,3
6805,226833,40.35,1,2
6806,226866,39.01,1,2
6807,226900,60.13,1,3
6808,226933,43.14,1,2
6809,226966,41.77,1,2
6810,227000,56.47,1,3
6811,227033,46.66,1,2
6812,227066,45.74,1,2
6813,227100,54.47,1,3
6814,227133,56.21,1,3
6815,227166,54.16,1,3
6816,227200,47.49,1,2
6817,227233,57.16,1,3
6818,227266,56.87,1,3
6819,227299,92.42,1,4
6820,227333,92.63,1,4
6821,227366,91.48,1,4
6822,227400,69.44,1,3
6823,227433,91.89,1,4
6824,227466,91.47,1,4
6825,227500,68.12,1,3
6826,227533,87.74,1,4
6827,227566,86.19,1,4
6828,227600,62.06,1,3
6829,227633,64.94,1,3
6830,227666,62.65,1,3
6831,227700,42.08,1,2
6832,227733,61.44,1,3
6833,227766,60.19,1,3
6834,227799,46.94,1,2
6835,227833,68.74,1,3
6836,227866,66.91,1,3
6837,227900,62.55,1,3
6838,227933,70.86,1,3
6839,227966,70.11,1,3
6840,228000,62.85,1,3
6841,228033,59.06,1,3
6842,228066,57.32,1,3
6843,228100,65.26,1,3
6844,228133,44.91,1,2
6845,228166,42.83,1,2
6846,228200,58.69,1,3
6847,228233,37.99,1,2
6848,228266,35.92,1,2
6849,228299,65.63,1,3
6850,228333,42.72,1,2
6851,228366,40.49,1,2
6852,228400,64.66,1,3
6853,228433,44.5,1,2
6854,228466,43.56,1,2
6855,228500,64.32,1,3
6856,228533,45.6,1,2
6857,228566,43.92,1,2
6858,228600,55.26,1,3
6859,228633,51.52,1,3
6860,228666,49.86,1,2
6861,228700,59.11,1,3
6862,228733,55.71,1,3
6863,228766,55.15,1,3
6864,228799,47.07,1,2
6865,228833,58.07,1,3
6866,228866,57.74,1,3
6867,228900,46.25,1,2
6868,228933,58.88,1,3
6869,228966,58.47,1,3
6870,229000,33.23,1,2
6871,229033,60.46,1,3
6872,229066,59.93,1,3
6873,229100,37,1,2
6874,229133,65.22,1,3
6875,229166,63.83,1,3
6876,229200,32.22,1,2
6877,229233,62.98,1,3
6878,229266,62.71,1,3
6879,229299,40.75,1,2
6880,229333,62.28,1,3
6881,229366,61.94,1,3
6882,229400,39.92,1,2
6883,229433,59.11,1,3
6884,229466,58.55,1,3
6885,229500,49.98,1,2
6886,229533,69.57,1,3
6887,229566,66.78,1,3
6888,229600,56.85,1,3
6889,229633,61.5,1,3
6890,229666,60.61,1,3
6891,229700,68.34,1,3
6892,229733,53.74,1,3
6893,229766,52.27,1,3
6894,229799,59.98,1,3
6895,229833,43.03,1,2
6896,229866,41.27,1,2
6897,229900,62.05,1,3
6898,229933,38,1,2
6899,229966,36.24,1,2
6900,230000,62.5,1,3
6901,230033,37.47,1,2
6902,230066,36.4,1,2
6903,230100,59.94,1,3
6904,230133,40.17,1,2
6905,230166,39.39,1,2
6906,230200,54.27,1,3
6907,230233,45.02,1,2
6908,230266,44.02,1,2
6909,230299,60.07,1,3
6910,230333,49.61,1,2
6911,230366,48.24,1,2
6912,230400,53.23,1,3
6913,230433,56.39,1,3
6914,230466,55.69,1,3
6915,230500,49.87,1,2
6916,230533,59.64,1,3
6917,230566,59.33,1,3
6918,230600,35.16,1,2
6919,230633,60.97,1,3
6920,230666,60.15,1,3
6921,230700,35.47,1,2
6922,230733,59.35,1,3
6923,230766,58.74,1,3
6924,230799,31.22,1,2
6925,230833,63.32,1,3
6926,230866,62.29,1,3
6927,230900,42.83,1,2
6928,230933,59.24,1,3
6929,230966,58.42,1,3
6930,231000,35.13,1,2
6931,231033,60.7,1,3
6932,231066,60.07,1,3
6933,231100,46.07,1,2
6934,231133,60.46,1,3
6935,231166,59.82,1,3
6936,231200,50.82,1,3
6937,231233,66.27,1,3
6938,231266,65.49,1,3
6939,231299,96.27,1,4
6940,231333,90.3,1,4
6941,231366,89.09,1,4
6942,231400,88.92,1,4
6943,231433,81.23,1,4
6944,231466,78.27,1,4
6945,231500,89.59,1,4
6946,231533,72.97,1,3
6947,231566,69.8,1,3
6948,231600,83.98,1,4
6949,231633,52.71,1,3
6950,231666,45.42,1,2
6951,231700,67.33,1,3
6952,231733,42.85,1,2
6953,231766,39.88,1,2
6954,231799,58.18,1,3
6955,231833,44.27,1,2
6956,231866,43.22,1,2
6957,231900,57.79,1,3
6958,231933,47.76,1,2
6959,231966,46.23,1,2
6960,232000,52.07,1,3
6961,232033,51.37,1,3
6962,232066,50.59,1,3
6963,232100,56.7,1,3
6964,232133,56.91,1,3
6965,232166,55.58,1,3
6966,232200,43.65,1,2
6967,232233,57.73,1,3
6968,232266,57.22,1,3
6969,232299,43.78,1,2
6970,232333,59.54,1,3
6971,232366,58.31,1,3
6972,232400,31.35,1,2
6973,232433,62.88,1,3
6974,232466,62.34,1,3
6975,232500,43.58,1,2
6976,232533,70.41,1,3
6977,232566,68.87,1,3
6978,232600,42.49,1,2
6979,232633,62.46,1,3
6980,232666,61.65,1,3
6981,232700,44.6,1,2
6982,232733,62.05,1,3
6983,232766,60.13,1,3
6984,232799,44.26,1,2
6985,232833,59.52,1,3
6986,232866,58.48,1,3
6987,232900,54.9,1,3
6988,232933,62.35,1,3
6989,232966,61.37,1,3
6990,233000,56.37,1,3
6991,233033,55.46,1,3
6992,233066,54.2,1,3
6993,233100,61.83,1,3
6994,233133,42.93,1,2
6995,233166,41.7,1,2
6996,233200,57.27,1,3
6997,233233,35.98,1,2
6998,233266,34.26,1,2
6999,233299,57.65,1,3
7000,233333,43.23,1,2
7001,233366,41.12,1,2
7002,233400,64.73,1,3
7003,233433,42.81,1,2
7004,233466,39.84,1,2
7005,233500,59.87,1,3
7006,233533,43.67,1,2
7007,233566,42.59,1,2
7008,233600,58.85,1,3
7009,233633,48.75,1,2
7010,233666,46.28,1,2
7011,233700,54.89,1,3
7012,233733,51.81,1,3
7013,233766,51.26,1,3
7014,233799,54.38,1,3
7015,233833,55.76,1,3
7016,233866,55.11,1,3
7017,233900,44.42,1,2
7018,233933,56.9,1,3
7019,233966,56.34,1,3
7020,234000,37.17,1,2
7021,234033,60.83,1,3
7022,234066,59.31,1,3
7023,234100,35.92,1,2
7024,234133,65.8,1,3
7025,234166,65.55,1,3
7026,234200,42.9,1,2
7027,234233,68.44,1,3
7028,234266,68.08,1,3
7029,234299,41.25,1,2
7030,234333,59.83,1,3
7031,234366,59.54,1,3
7032,234400,43.02,1,2
7033,234433,58.04,1,3
7034,234466,57.7,1,3
7035,234500,46.68,1,2
7036,234533,62.82,1,3
7037,234566,61.87,1,3
7038,234600,54.56,1,3
7039,234633,61.53,1,3
7040,234666,58.83,1,3
7041,234700,58.15,1,3
7042,234733,48.28,1,2
7043,234766,46.59,1,2
7044,234799,58.97,1,3
7045,234833,42.64,1,2
7046,234866,41.39,1,2
7047,234900,58.83,1,3
7048,234933,36.59,1,2
7049,234966,35.86,1,2
7050,235000,60.02,1,3
7051,235033,38.96,1,2
7052,235066,38.13,1,2
7053,235100,58.94,1,3
7054,235133,38.91,1,2
7055,235166,37.54,1,2
7056,235200,58.04,1,3
7057,235233,43.49,1,2
7058,235266,41.73,1,2
7059,235299,95.47,1,4
7060,235333,95.04,1,4
7061,235366,93.01,1,4
7062,235400,90.58,1,4
7063,235433,93.69,1,4
7064,235466,93.67,1,4
7065,235500,86.73,1,4
7066,235533,92.72,1,4
7067,235566,88.85,1,4
7068,235600,75.22,1,4
7069,235633,68.55,1,3
7070,235666,63.78,1,3
7071,235700,38.82,1,2
7072,235733,68.49,1,3
7073,235766,67.04,1,3
7074,235799,40.74,1,2
7075,235833,71.72,1,3
7076,235866,75.5,1,4
7077,235900,52.79,1,3
7078,235933,73.04,1,3
7079,235966,72.86,1,3
7080,236000,43.09,1,2
7081,236033,66.36,1,3
7082,236066,64.29,1,3
7083,236100,48.3,1,2
7084,236133,61.76,1,3
7085,236166,60.6,1,3
7086,236200,53.91,1,3
7087,236233,63.51,1,3
7088,236266,60.62,1,3
7089,236299,58.28,1,3
7090,236333,60.57,1,3
7091,236366,59.16,1,3
7092,236400,59.17,1,3
7093,236433,46.95,1,2
7094,236466,45.67,1,2
7095,236500,57.68,1,3
7096,236533,39.62,1,2
7097,236566,37.91,1,2
7098,236600,57.34,1,3
7099,236633,36.87,1,2
7100,236666,35.19,1,2
7101,236700,59.51,1,3
7102,236733,36.47,1,2
7103,236766,34.75,1,2
7104,236799,59.09,1,3
7105,236833,37.81,1,2
7106,236866,36.85,1,2
7107,236900,53.66,1,3
7108,236933,44.35,1,2
7109,236966,43.02,1,2
7110,237000,55.93,1,3
7111,237033,55.58,1,3
7112,237066,54.65,1,3
7113,237100,58.09,1,3
7114,237133,60.78,1,3
7115,237166,59.93,1,3
7116,237200,47.62,1,2
7117,237233,63.54,1,3
7118,237266,61.56,1,3
7119,237299,38.96,1,2
7120,237333,59.79,1,3
7121,237366,58.35,1,3
7122,237400,37.7,1,2
7123,237433,69.59,1,3
7124,237466,69.16,1,3
7125,237500,46.86,1,2
7126,237533,75.62,1,4
7127,237566,75.32,1,4
7128,237600,49.76,1,2
7129,237633,70.17,1,3
7130,237666,70.77,1,3
7131,237700,44.65,1,2
7132,237733,60.14,1,3
7133,237766,58.21,1,3
7134,237799,44.76,1,2
7135,237833,61.08,1,3
7136,237866,60.42,1,3
7137,237900,51.9,1,3
7138,237933,60,1,3
7139,237966,58.93,1,3
7140,238000,55.38,1,3
7141,238033,50.43,1,3
7142,238066,49.04,1,2
7143,238100,58.1,1,3
7144,238133,42.29,1,2
7145,238166,40.67,1,2
7146,238200,58.15,1,3
7147,238233,38.7,1,2
7148,238266,37.45,1,2
7149,238299,58.31,1,3
7150,238333,39.15,1,2
7151,238366,37.98,1,2
7152,238400,60.8,1,3
7153,238433,36.44,1,2
7154,238466,34.32,1,2
7155,238500,56.74,1,3
7156,238533,42.01,1,2
7157,238566,40.53,1,2
7158,238600,57.51,1,3
7159,238633,51.25,1,3
7160,238666,50.39,1,3
7161,238700,59.07,1,3
7162,238733,62.81,1,3
7163,238766,62.59,1,3
7164,238799,61.18,1,3
7165,238833,64.27,1,3
7166,238866,62.96,1,3
7167,238900,46.64,1,2
7168,238933,61.68,1,3
7169,238966,60.64,1,3
7170,239000,37.55,1,2
7171,239033,63.47,1,3
7172,239066,62.8,1,3
7173,239100,38.34,1,2
7174,239133,71.26,1,3
7175,239166,71,1,3
7176,239200,49.18,1,2
7177,239233,68.21,1,3
7178,239266,67.6,1,3
7179,239299,90.55,1,4
7180,239333,96.91,1,4
7181,239366,96.24,1,4
7182,239400,74.37,1,3
7183,239433,92.03,1,4
7184,239466,91.51,1,4
7185,239500,77.77,1,4
7186,239533,88.15,1,4
7187,239566,86.22,1,4
7188,239600,79.91,1,4
7189,239633,65.39,1,3
7190,239666,58.11,1,3
7191,239700,59.15,1,3
7192,239733,48.19,1,2
7193,239766,45.31,1,2
7194,239799,58.77,1,3
7195,239833,42.6,1,2
7196,239866,40.53,1,2
7197,239900,57.62,1,3
7198,239933,37.04,1,2
7199,239966,35.61,1,2
7200,240000,59.82,1,3
7201,240033,35.37,1,2
7202,240066,33.65,1,2
7203,240100,61.4,1,3
7204,240133,40.67,1,2
7205,240166,39.55,1,2
7206,240200,53.84,1,3
7207,240233,47.21,1,2
7208,240266,45.99,1,2
7209,240299,67.12,1,3
7210,240333,57.2,1,3
7211,240366,56.24,1,3
7212,240400,63.52,1,3
7213,240433,66.9,1,3
7214,240466,66.01,1,3
7215,240500,64.21,1,3
7216,240533,70.35,1,3
7217,240566,69.66,1,3
7218,240600,48.39,1,2
7219,240633,68.28,1,3
7220,240666,65.26,1,3
7221,240700,38.43,1,2
7222,240733,66.91,1,3
7223,240766,65.75,1,3
7224,240799,40.16,1,2
7225,240833,70.59,1,3
7226,240866,68.78,1,3
7227,240900,43.8,1,2
7228,240933,66.68,1,3
7229,240966,66.39,1,3
7230,241000,37.15,1,2
7231,241033,60.03,1,3
7232,241066,59.39,1,3
7233,241100,44.54,1,2
7234,241133,53.5,1,3
7235,241166,52.39,1,3
7236,241200,45.44,1,2
7237,241233,49.35,1,2
7238,241266,47.92,1,2
7239,241299,52.54,1,3
7240,241333,46.78,1,2
7241,241366,45.71,1,2
7242,241400,55.9,1,3
7243,241433,39.52,1,2
7244,241466,37.91,1,2
7245,241500,55.49,1,3
7246,241533,35.51,1,2
7247,241566,33.32,1,2
7248,241600,58.93,1,3
7249,241633,33.36,1,2
7250,241666,39.9,1,2
7251,241700,62.72,1,3
7252,241733,43.84,1,2
7253,241766,42.74,1,2
7254,241799,61.72,1,3
7255,241833,47.15,1,2
7256,241866,45.18,1,2
7257,241900,62.18,1,3
7258,241933,53.49,1,3
7259,241966,52.29,1,3
7260,242000,59.26,1,3
7261,242033,59.16,1,3
7262,242066,58.59,1,3
7263,242100,56.95,1,3
7264,242133,69.22,1,3
7265,242166,68.29,1,3
7266,242200,55.32,1,3
7267,242233,67.01,1,3
7268,242266,66.33,1,3
7269,242299,42.2,1,2
7270,242333,65.35,1,3
7271,242366,65.04,1,3
7272,242400,34.85,1,2
7273,242433,66.07,1,3
7274,242466,63.99,1,3
7275,242500,36.25,1,2
7276,242533,66.54,1,3
7277,242566,65.27,1,3
7278,242600,47.58,1,2
7279,242633,64.22,1,3
7280,242666,63.36,1,3
7281,242700,41.44,1,2
7282,242733,59.34,1,3
7283,242766,58.68,1,3
7284,242799,45.01,1,2
7285,242833,56.06,1,3
7286,242866,55.35,1,3
7287,242900,51.65,1,3
7288,242933,49.25,1,2
7289,242966,48.12,1,2
7290,243000,55.01,1,3
7291,243033,43.26,1,2
7292,243066,42.02,1,2
7293,243100,56.45,1,3
7294,243133,42.14,1,2
7295,243166,41.29,1,2
7296,243200,59.51,1,3
7297,243233,38.21,1,2
7298,243266,36.62,1,2
7299,243299,95.83,1,4
7300,243333,78.91,1,4
7301,243366,77.91,1,4
7302,243400,93.53,1,4
7303,243433,82.52,1,4
7304,243466,79.88,1,4
7305,243500,91.8,1,4
7306,243533,81.14,1,4
7307,243566,79.9,1,4
7308,243600,85.64,1,4
7309,243633,66.69,1,3
7310,243666,60.68,1,3
7311,243700,74.03,1,3
7312,243733,73.65,1,3
7313,243766,71.1,1,3
7314,243799,66.68,1,3
7315,243833,77.79,1,4
7316,243866,76.21,1,4
7317,243900,69.94,1,3
7318,243933,72.66,1,3
7319,243966,70.53,1,3
7320,244000,39.58,1,2
7321,244033,65.66,1,3
7322,244066,64.6,1,3
7323,244100,36.37,1,2
7324,244133,69.17,1,3
7325,244166,68.55,1,3
7326,244200,34.85,1,2
7327,244233,65.86,1,3
7328,244266,64.03,1,3
7329,244299,47.38,1,2
7330,244333,62.87,1,3
7331,244366,61.2,1,3
7332,244400,39.68,1,2
7333,244433,55.79,1,3
7334,244466,54.03,1,3
7335,244500,48.68,1,2
7336,244533,54.66,1,3
7337,244566,53.71,1,3
7338,244600,47.57,1,2
7339,244633,49.44,1,2
7340,244666,48.33,1,2
7341,244700,55.92,1,3
7342,244733,44.3,1,2
7343,244766,41.75,1,2
7344,244799,53.32,1,3
7345,244833,37.2,1,2
7346,244866,35.98,1,2
7347,244900,58.9,1,3
7348,244933,37.58,1,2
7349,244966,36.26,1,2
7350,245000,60.7,1,3
7351,245033,40.8,1,2
7352,245066,38.99,1,2
7353,245100,62.82,1,3
7354,245133,42.87,1,2
7355,245166,41.28,1,2
7356,245200,54.33,1,3
7357,245233,50.16,1,3
7358,245266,48.11,1,2
7359,245299,57.21,1,3
7360,245333,59.24,1,3
7361,245366,57.73,1,3
7362,245400,58.82,1,3
7363,245433,70.89,1,3
7364,245466,70.41,1,3
7365,245500,60.56,1,3
7366,245533,70.99,1,3
7367,245566,69.21,1,3
7368,245600,42.06,1,2
7369,245633,60.46,1,3
7370,245666,59.53,1,3
7371,245700,38.43,1,2
7372,245733,59.38,1,3
7373,245766,58.73,1,3
7374,245799,29.15,1,2
7375,245833,64.92,1,3
7376,245866,61.56,1,3
7377,245900,31.56,1,2
7378,245933,56.2,1,3
7379,245966,56.19,1,3
7380,246000,32.07,1,2
7381,246033,56.95,1,3
7382,246066,56.26,1,3
7383,246100,39.77,1,2
7384,246133,53.61,1,3
7385,246166,51.96,1,3
7386,246200,48.99,1,2
7387,246233,55.68,1,3
7388,246266,54.13,1,3
7389,246299,55.26,1,3
7390,246333,45.5,1,2
7391,246366,43.49,1,2
7392,246400,53.48,1,3
7393,246433,39.44,1,2
7394,246466,37.81,1,2
7395,246500,60.89,1,3
7396,246533,38.44,1,2
7397,246566,36.81,1,2
7398,246600,58.36,1,3
7399,246633,36.94,1,2
7400,246666,35.81,1,2
7401,246700,65.26,1,3
7402,246733,41.82,1,2
7403,246766,40.56,1,2
7404,246799,59.73,1,3
7405,246833,42.8,1,2
7406,246866,41.52,1,2
7407,246900,61.33,1,3
7408,246933,49.22,1,2
7409,246966,49.3,1,2
7410,247000,51.12,1,3
7411,247033,58.93,1,3
7412,247066,57.78,1,3
7413,247100,60.88,1,3
7414,247133,66.91,1,3
7415,247166,66.16,1,3
7416,247200,44.29,1,2
7417,247233,65.9,1,3
7418,247266,64.97,1,3
7419,247299,92.7,1,4
7420,247333,90.89,1,4
7421,247366,89.77,1,4
7422,247400,61.81,1,3
7423,247433,90.01,1,4
7424,247466,89.47,1,4
7425,247500,60.43,1,3
7426,247533,85.95,1,4
7427,247566,84.69,1,4
7428,247600,53.38,1,3
7429,247633,63.36,1,3
7430,247666,60.1,1,3
7431,247700,36.97,1,2
7432,247733,59.03,1,3
7433,247766,56.34,1,3
7434,247799,39.77,1,2
7435,247833,58.12,1,3
7436,247866,56.35,1,3
7437,247900,52.7,1,3
7438,247933,57.57,1,3
7439,247966,56.72,1,3
7440,248000,54.39,1,3
7441,248033,49.63,1,2
7442,248066,47.98,1,2
7443,248100,61.02,1,3
7444,248133,43.1,1,2
7445,248166,40.45,1,2
7446,248200,59.41,1,3
7447,248233,43.55,1,2
7448,248266,41.97,1,2
7449,248299,69.13,1,3
7450,248333,45.34,1,2
7451,248366,44,1,2
7452,248400,69.99,1,3
7453,248433,47,1,2
7454,248466,45.19,1,2
7455,248500,69.19,1,3
7456,248533,51.58,1,3
7457,248566,50.6,1,3
7458,248600,60.16,1,3
7459,248633,54.94,1,3
7460,248666,53.17,1,3
7461,248700,63.73,1,3
7462,248733,59.68,1,3
7463,248766,58.53,1,3
7464,248799,54.06,1,3
7465,248833,68.29,1,3
7466,248866,67.4,1,3
7467,248900,53.96,1,3
7468,248933,61.56,1,3
7469,248966,60.86,1,3
7470,249000,33.74,1,2
7471,249033,59.94,1,3
7472,249066,59.61,1,3
7473,249100,34.03,1,2
7474,249133,58.45,1,3
7475,249166,58.2,1,3
7476,249200,27.95,1,2
7477,249233,57.66,1,3
7478,249266,57.37,1,3
7479,249299,31.5,1,2
7480,249333,59.59,1,3
7481,249366,59.14,1,3
7482,249400,35.09,1,2
7483,249433,58.51,1,3
7484,249466,56.65,1,3
7485,249500,46.25,1,2
7486,249533,60.13,1,3
7487,249566,59.56,1,3
7488,249600,47.76,1,2
7489,249633,59.83,1,3
7490,249666,57.26,1,3
7491,249700,61.29,1,3
7492,249733,50.07,1,3
7493,249766,48.26,1,2
7494,249799,57.08,1,3
7495,249833,41.11,1,2
7496,249866,38.69,1,2
7497,249900,63.97,1,3
7498,249933,45.37,1,2
7499,249966,44.13,1,2
7500,250000,73.18,1,3
7501,250033,44.09,1,2
7502,250066,42.26,1,2
7503,250100,73.09,1,3
7504,250133,46.2,1,2
7505,250166,44.19,1,2
7506,250200,64.22,1,3
7507,250233,46.26,1,2
7508,250266,44.76,1,2
7509,250299,59.01,1,3
7510,250333,50.98,1,3
7511,250366,50.15,1,3
7512,250400,60.67,1,3
7513,250433,56.3,1,3
7514,250466,54.95,1,3
7515,250500,50.54,1,3
7516,250533,63.08,1,3
7517,250566,62.24,1,3
7518,250600,44.53,1,2
7519,250633,60.57,1,3
7520,250666,59.31,1,3
7521,250700,37.25,1,2
7522,250733,59.59,1,3
7523,250766,58.47,1,3
7524,250799,32.12,1,2
7525,250833,58.08,1,3
7526,250866,58.87,1,3
7527,250900,27.52,1,2
7528,250933,56.37,1,3
7529,250966,55.79,1,3
7530,251000,35.14,1,2
7531,251033,59.34,1,3
7532,251066,56.71,1,3
7533,251100,36.51,1,2
7534,251133,59.99,1,3
7535,251166,59.31,1,3
7536,251200,53.18,1,3
7537,251233,64.51,1,3
7538,251266,63.45,1,3
7539,251299,92.68,1,4
7540,251333,91.03,1,4
7541,251366,90.34,1,4
7542,251400,85.59,1,4
7543,251433,84.56,1,4
7544,251466,83.27,1,4
7545,251500,85.23,1,4
7546,251533,69.67,1,3
7547,251566,66.88,1,3
7548,251600,84.12,1,4
7549,251633,51.94,1,3
7550,251666,47.3,1,2
7551,251700,70.79,1,3
7552,251733,43.09,1,2
7553,251766,40.73,1,2
7554,251799,68.47,1,3
7555,251833,43.79,1,2
7556,251866,41.12,1,2
7557,251900,60.9,1,3
7558,251933,44.74,1,2
7559,251966,42.32,1,2
7560,252000,57.15,1,3
7561,252033,47.1,1,2
7562,252066,45.39,1,2
7563,252100,52.21,1,3
7564,252133,51.81,1,3
7565,252166,49.8,1,2
7566,252200,48.83,1,2
7567,252233,57.57,1,3
7568,252266,56.62,1,3
7569,252299,40.83,1,2
7570,252333,56.34,1,3
7571,252366,55.63,1,3
7572,252400,35.44,1,2
7573,252433,59.75,1,3
7574,252466,59.31,1,3
7575,252500,38.62,1,2
7576,252533,61.82,1,3
7577,252566,60.6,1,3
7578,252600,28.67,1,2
7579,252633,57.27,1,3
7580,252666,56.79,1,3
7581,252700,31.88,1,2
7582,252733,58.31,1,3
7583,252766,57.94,1,3
7584,252799,35.32,1,2
7585,252833,62.73,1,3
7586,252866,61.92,1,3
7587,252900,52.66,1,3
7588,252933,64.13,1,3
7589,252966,63.01,1,3
7590,253000,57.25,1,3
7591,253033,55,1,3
7592,253066,53.79,1,3
7593,253100,56.43,1,3
7594,253133,49.1,1,2
7595,253166,48.09,1,2
7596,253200,58.34,1,3
7597,253233,38.92,1,2
7598,253266,37.64,1,2
7599,253299,59.77,1,3
7600,253333,41.8,1,2
7601,253366,40.4,1,2
7602,253400,60.84,1,3
7603,253433,37.81,1,2
7604,253466,36.63,1,2
7605,253500,62.11,1,3
7606,253533,39.05,1,2
7607,253566,36.8,1,2
7608,253600,56.13,1,3
7609,253633,44.29,1,2
7610,253666,42.78,1,2
7611,253700,52.6,1,3
7612,253733,45.96,1,2
7613,253766,44.69,1,2
7614,253799,52.89,1,3
7615,253833,55.53,1,3
7616,253866,52.41,1,3
7617,253900,48.41,1,2
7618,253933,56.54,1,3
7619,253966,53.62,1,3
7620,254000,40.28,1,2
7621,254033,59.87,1,3
7622,254066,58.98,1,3
7623,254100,40.13,1,2
7624,254133,62.57,1,3
7625,254166,61.94,1,3
7626,254200,38.83,1,2
7627,254233,60.9,1,3
7628,254266,59.9,1,3
7629,254299,33.12,1,2
7630,254333,61.54,1,3
7631,254366,58,1,3
7632,254400,34.16,1,2
7633,254433,60.57,1,3
7634,254466,60.07,1,3
7635,254500,47.7,1,2
7636,254533,63.17,1,3
7637,254566,62.56,1,3
7638,254600,50.83,1,3
7639,254633,65.39,1,3
7640,254666,64.03,1,3
7641,254700,54.67,1,3
7642,254733,50.78,1,3
7643,254766,49.31,1,2
7644,254799,61.11,1,3
7645,254833,43.48,1,2
7646,254866,41.92,1,2
7647,254900,59,1,3
7648,254933,39.26,1,2
7649,254966,38,1,2
7650,255000,58.47,1,3
7651,255033,38.89,1,2
7652,255066,36.82,1,2
7653,255100,57.3,1,3
7654,255133,34.33,1,2
7655,255166,33.31,1,2
7656,255200,56.32,1,3
7657,255233,36.96,1,2
7658,255266,35.91,1,2
7659,255299,95.34,1,4
7660,255333,93.05,1,4
7661,255366,92.83,1,4
7662,255400,92.6,1,4
7663,255433,87.75,1,4
7664,255466,84.54,1,4
7665,255500,86.82,1,4
7666,255533,87.2,1,4
7667,255566,85.41,1,4
7668,255600,78.71,1,4
7669,255633,66.73,1,3
7670,255666,61.96,1,3
7671,255700,45.98,1,2
7672,255733,75.61,1,4
7673,255766,75.09,1,4
7674,255799,47.62,1,2
7675,255833,73.84,1,3
7676,255866,72.67,1,3
7677,255900,48.44,1,2
7678,255933,68.25,1,3
7679,255966,66.85,1,3
7680,256000,37.42,1,2
7681,256033,64.48,1,3
7682,256066,63.55,1,3
7683,256100,39.66,1,2
7684,256133,71.13,1,3
7685,256166,70.02,1,3
7686,256200,52.81,1,3
7687,256233,68.91,1,3
7688,256266,67.83,1,3
7689,256300,56.36,1,3
7690,256333,65.83,1,3
7691,256366,63.92,1,3
7692,256399,61.08,1,3
7693,256433,54.45,1,3
7694,256466,52.49,1,3
7695,256500,59.69,1,3
7696,256533,45.14,1,2
7697,256566,41.97,1,2
7698,256600,60.05,1,3
7699,256633,41.17,1,2
7700,256666,37.83,1,2
7701,256700,58.08,1,3
7702,256733,38.14,1,2
7703,256766,36.26,1,2
7704,256800,58.54,1,3
7705,256833,38.1,1,2
7706,256866,36.49,1,2
7707,256899,59.55,1,3
7708,256933,44.53,1,2
7709,256966,43.09,1,2
7710,257000,62.26,1,3
7711,257033,56.12,1,3
7712,257066,54.28,1,3
7713,257100,62.46,1,3
7714,257133,57.92,1,3
7715,257166,56.71,1,3
7716,257200,55.84,1,3
7717,257233,59.7,1,3
7718,257266,58.56,1,3
7719,257300,43.59,1,2
7720,257333,63.78,1,3
7721,257366,63.36,1,3
7722,257399,41.73,1,2
7723,257433,77.17,1,4
7724,257466,71.03,1,3
7725,257500,46.87,1,2
7726,257533,68.07,1,3
7727,257566,66.96,1,3
7728,257600,39.58,1,2
7729,257633,62.71,1,3
7730,257666,60.63,1,3
7731,257700,33.97,1,2
7732,257733,57.54,1,3
7733,257766,56.61,1,3
7734,257800,36.54,1,2
7735,257833,60.44,1,3
7736,257866,59.75,1,3
7737,257899,43.44,1,2
7738,257933,59.12,1,3
7739,257966,58.14,1,3
7740,258000,54.93,1,3
7741,258033,55.78,1,3
7742,258066,54.56,1,3
7743,258100,56.94,1,3
7744,258133,49.11,1,2
7745,258166,47.68,1,2
7746,258200,58.87,1,3
7747,258233,40.48,1,2
7748,258266,39.73,1,2
7749,258300,62.79,1,3
7750,258333,44.86,1,2
7751,258366,43.86,1,2
7752,258399,63.77,1,3
7753,258433,41.59,1,2
7754,258466,40.12,1,2
7755,258500,61.42,1,3
7756,258533,44.03,1,2
7757,258566,41.52,1,2
7758,258600,63.37,1,3
7759,258633,55.16,1,3
7760,258666,52.16,1,3
7761,258700,67.04,1,3
7762,258733,65.59,1,3
7763,258766,66.31,1,3
7764,258800,61.48,1,3
7765,258833,61.33,1,3
7766,258866,60.7,1,3
7767,258899,48.31,1,2
7768,258933,60.1,1,3
7769,258966,59.36,1,3
7770,259000,47.51,1,2
7771,259033,66.23,1,3
7772,259066,66.03,1,3
7773,259100,44.87,1,2
7774,259133,70.07,1,3
7775,259166,69.86,1,3
7776,259200,42.3,1,2
7777,259233,62.38,1,3
7778,259266,61.83,1,3
7779,259300,89.67,1,4
7780,259333,92.75,1,4
7781,259366,92.26,1,4
7782,259399,70.83,1,3
7783,259433,89.24,1,4
7784,259466,87.16,1,4
7785,259500,72.59,1,3
7786,259533,87.36,1,4
7787,259566,83.94,1,4
7788,259600,72.44,1,3
7789,259633,60.41,1,3
7790,259666,56.13,1,3
7791,259700,58.86,1,3
7792,259733,48.64,1,2
7793,259766,46.88,1,2
7794,259800,59.06,1,3
7795,259833,45.71,1,2
7796,259866,44.36,1,2
7797,259899,65.77,1,3
7798,259933,43.86,1,2
7799,259966,41.63,1,2
7800,260000,64.34,1,3
7801,260033,39.83,1,2
7802,260066,38.09,1,2
7803,260100,63.8,1,3
7804,260133,39.34,1,2
7805,260166,37.33,1,2
7806,260200,60.97,1,3
7807,260233,54.48,1,3
7808,260266,51.93,1,3
7809,260300,72.63,1,3
7810,260333,63.59,1,3
7811,260366,61.61,1,3
7812,260399,66.39,1,3
7813,260433,68.87,1,3
7814,260466,67.39,1,3
7815,260500,60.41,1,3
7816,260533,60.74,1,3
7817,260566,59.93,1,3
7818,260600,39.85,1,2
7819,260633,62.2,1,3
7820,260666,61,1,3
7821,260700,42.4,1,2
7822,260733,61.75,1,3
7823,260766,61.15,1,3
7824,260800,35.54,1,2
7825,260833,63.17,1,3
7826,260866,62.27,1,3
7827,260899,36.81,1,2
7828,260933,59.43,1,3
7829,260966,58.47,1,3
7830,261000,31.53,1,2
7831,261033,59.72,1,3
7832,261066,58.65,1,3
7833,261100,43.64,1,2
7834,261133,59.33,1,3
7835,261166,58.53,1,3
7836,261200,43.62,1,2
7837,261233,55.01,1,3
7838,261266,53.29,1,3
7839,261300,53.57,1,3
7840,261333,52.41,1,3
7841,261366,51.69,1,3
7842,261399,53,1,3
7843,261433,43,1,2
7844,261466,42.01,1,2
7845,261500,62.26,1,3
7846,261533,44.42,1,2
7847,261566,42.57,1,2
7848,261600,59.71,1,3
7849,261633,38.73,1,2
7850,261666,36.98,1,2
7851,261700,62.41,1,3
7852,261733,40.85,1,2
7853,261766,38.02,1,2
7854,261800,58.42,1,3
7855,261833,45.55,1,2
7856,261866,43.47,1,2
7857,261899,63.86,1,3
7858,261933,59.75,1,3
7859,261966,58.68,1,3
7860,262000,68.92,1,3
7861,262033,66.62,1,3
7862,262066,65.73,1,3
7863,262100,66.77,1,3
7864,262133,64.31,1,3
7865,262166,63.48,1,3
7866,262200,46.18,1,2
7867,262233,58.7,1,3
7868,262266,58.1,1,3
7869,262300,43.84,1,2
7870,262333,60.29,1,3
7871,262366,59.55,1,3
7872,262400,34.41,1,2
7873,262433,60.43,1,3
7874,262466,59.92,1,3
7875,262500,35.53,1,2
7876,262533,58.74,1,3
7877,262566,58.35,1,3
7878,262600,28.38,1,2
7879,262633,58.1,1,3
7880,262666,57.41,1,3
7881,262700,35.6,1,2
7882,262733,58.13,1,3
7883,262766,56.86,1,3
7884,262800,39.65,1,2
7885,262833,57.36,1,3
7886,262866,56.37,1,3
7887,262900,51.73,1,3
7888,262933,57.93,1,3
7889,262966,56.94,1,3
7890,263000,54.72,1,3
7891,263033,52.2,1,3
7892,263066,51.24,1,3
7893,263100,64.62,1,3
7894,263133,45.3,1,2
7895,263166,43.6,1,2
7896,263200,66.44,1,3
7897,263233,46.44,1,2
7898,263266,44.49,1,2
7899,263300,94.42,1,4
7900,263333,71.1,1,3
7901,263366,69.79,1,3
7902,263400,91.04,1,4
7903,263433,75.78,1,4
7904,263466,74.07,1,3
7905,263500,90.04,1,4
7906,263533,74.54,1,3
7907,263566,71.56,1,3
7908,263600,80.85,1,4
7909,263633,67.19,1,3
7910,263666,63.39,1,3
7911,263700,73.7,1,3
7912,263733,67.34,1,3
7913,263766,64.89,1,3
7914,263800,58.42,1,3
7915,263833,66.34,1,3
7916,263866,64.33,1,3
7917,263900,54.08,1,3
7918,263933,60.48,1,3
7919,263966,59.13,1,3
7920,264000,35.13,1,2
7921,264033,60.38,1,3
7922,264066,59.58,1,3
7923,264100,39.1,1,2
7924,264133,59.69,1,3
7925,264166,59.23,1,3
7926,264200,29.99,1,2
7927,264233,60.82,1,3
7928,264266,60.07,1,3
7929,264300,34.38,1,2
7930,264333,60.26,1,3
7931,264366,59.91,1,3
7932,264400,34.33,1,2
7933,264433,62.66,1,3
7934,264466,61.86,1,3
7935,264500,51.85,1,3
7936,264533,64.72,1,3
7937,264566,64.96,1,3
7938,264600,53.91,1,3
7939,264633,58.8,1,3
7940,264666,57.68,1,3
7941,264700,60.55,1,3
7942,264733,56.59,1,3
7943,264766,55.27,1,3
7944,264800,66.17,1,3
7945,264833,52.74,1,3
7946,264866,51.59,1,3
7947,264900,71.08,1,3
7948,264933,57.62,1,3
7949,264966,56.21,1,3
7950,265000,69.9,1,3
7951,265033,41.55,1,2
7952,265066,39.87,1,2
7953,265100,65.49,1,3
7954,265133,43.49,1,2
7955,265166,42.24,1,2
7956,265200,61.89,1,3
7957,265233,50.79,1,3
7958,265266,49.75,1,2
7959,265300,65.63,1,3
7960,265333,56.15,1,3
7961,265366,55.07,1,3
7962,265400,58.33,1,3
7963,265433,56.36,1,3
7964,265466,55.28,1,3
7965,265500,54.07,1,3
7966,265533,57.97,1,3
7967,265566,57.17,1,3
7968,265600,39.38,1,2
7969,265633,58.89,1,3
7970,265666,58.69,1,3
7971,265700,42.23,1,2
7972,265733,59.69,1,3
7973,265766,59.41,1,3
7974,265800,29.58,1,2
7975,265833,60.08,1,3
7976,265866,59.71,1,3
7977,265900,31.92,1,2
7978,265933,60.42,1,3
7979,265966,59.64,1,3
7980,266000,30.39,1,2
7981,266033,63.08,1,3
7982,266066,62.56,1,3
7983,266100,46.65,1,2
7984,266133,64.44,1,3
7985,266166,63.39,1,3
7986,266200,46.3,1,2
7987,266233,64.97,1,3
7988,266266,64.35,1,3
7989,266300,58.3,1,3
7990,266333,59.17,1,3
7991,266366,57.51,1,3
7992,266400,57.27,1,3
7993,266433,56.47,1,3
7994,266466,53.32,1,3
7995,266500,71.47,1,3
7996,266533,49.12,1,2
7997,266566,45.9,1,2
7998,266600,66.45,1,3
7999,266633,44.12,1,2
8000,266666,47.93,1,2
8001,266700,70.53,1,3
8002,266733,41.82,1,2
8003,266766,40.16,1,2
8004,266800,65.49,1,3
8005,266833,44.18,1,2
8006,266866,42.53,1,2
8007,266900,64.47,1,3
8008,266933,49.83,1,2
8009,266966,48.01,1,2
8010,267000,61.87,1,3
8011,267033,51.7,1,3
8012,267066,50.12,1,3
8013,267100,54.6,1,3
8014,267133,53.92,1,3
8015,267166,52.47,1,3
8016,267200,51.43,1,3
8017,267233,58.86,1,3
8018,267266,58.39,1,3
8019,267300,93.11,1,4
8020,267333,91.75,1,4
8021,267366,91.34,1,4
8022,267400,68.02,1,3
8023,267433,91.59,1,4
8024,267466,90.66,1,4
8025,267500,64.51,1,3
8026,267533,88.54,1,4
8027,267566,87.84,1,4
8028,267600,55.84,1,3
8029,267633,68.75,1,3
8030,267666,66.96,1,3
8031,267700,43.63,1,2
8032,267733,74.27,1,3
8033,267766,74.07,1,3
8034,267800,49.48,1,2
8035,267833,73.82,1,3
8036,267866,73.17,1,3
8037,267900,59.62,1,3
8038,267933,72.87,1,3
8039,267966,71.42,1,3
8040,268000,60.02,1,3
8041,268033,63.41,1,3
8042,268066,61.4,1,3
8043,268100,64.8,1,3
8044,268133,57.19,1,3
8045,268166,54.87,1,3
8046,268200,72.43,1,3
8047,268233,53.91,1,3
8048,268266,51.86,1,3
8049,268300,67.08,1,3
8050,268333,43.05,1,2
8051,268366,41.38,1,2
8052,268400,62.9,1,3
8053,268433,39.39,1,2
8054,268466,38.08,1,2
8055,268500,60.94,1,3
8056,268533,41.11,1,2
8057,268566,39.7,1,2
8058,268600,59.09,1,3
8059,268633,46.7,1,2
8060,268666,45.3,1,2
8061,268700,56.97,1,3
8062,268733,51.58,1,3
8063,268766,50.62,1,3
8064,268800,54.28,1,3
8065,268833,57.06,1,3
8066,268866,55.66,1,3
8067,268900,46.58,1,2
8068,268933,58.61,1,3
8069,268966,57.78,1,3
8070,269000,41.17,1,2
8071,269033,61.68,1,3
8072,269066,61.19,1,3
8073,269100,38.68,1,2
8074,269133,61.15,1,3
8075,269166,60.01,1,3
8076,269200,32.79,1,2
8077,269233,62.81,1,3
8078,269266,62.64,1,3
8079,269300,33.7,1,2
8080,269333,65.16,1,3
8081,269366,64.62,1,3
8082,269400,42.24,1,2
8083,269433,68.87,1,3
8084,269466,68.1,1,3
8085,269500,50.85,1,3
8086,269533,65.35,1,3
8087,269566,64.95,1,3
8088,269600,54.83,1,3
8089,269633,61.78,1,3
8090,269666,59.92,1,3
8091,269700,57.25,1,3
8092,269733,51.92,1,3
8093,269766,50.34,1,3
8094,269800,64.9,1,3
8095,269833,48.54,1,2
8096,269866,46.55,1,2
8097,269900,63.61,1,3
8098,269933,38.16,1,2
8099,269966,37.26,1,2
8100,270000,60.7,1,3
8101,270033,35.36,1,2
8102,270066,34.15,1,2
8103,270100,60.63,1,3
8104,270133,41.71,1,2
8105,270166,39.75,1,2
8106,270200,59.54,1,3
8107,270233,42.82,1,2
8108,270266,41.34,1,2
8109,270300,57.98,1,3
8110,270333,47.67,1,2
8111,270366,46.42,1,2
8112,270400,56.58,1,3
8113,270433,52.13,1,3
8114,270466,50.45,1,3
8115,270500,52.21,1,3
8116,270533,58.3,1,3
8117,270566,57.44,1,3
8118,270600,53.74,1,3
8119,270633,62.7,1,3
8120,270666,62.21,1,3
8121,270700,41.44,1,2
8122,270733,64.06,1,3
8123,270766,63.45,1,3
8124,270800,40.94,1,2
8125,270833,63.17,1,3
8126,270866,62.76,1,3
8127,270900,34.08,1,2
8128,270933,66.01,1,3
8129,270966,65.83,1,3
8130,271000,37.24,1,2
8131,271033,69.3,1,3
8132,271066,68.5,1,3
8133,271100,40.07,1,2
8134,271133,70.19,1,3
8135,271166,69.47,1,3
8136,271200,50.85,1,3
8137,271233,67.42,1,3
8138,271266,65.32,1,3
8139,271300,91.11,1,4
8140,271333,90.09,1,4
8141,271366,89.71,1,4
8142,271400,85.45,1,4
8143,271433,87.02,1,4
8144,271466,85.17,1,4
8145,271500,85.42,1,4
8146,271533,74.97,1,3
8147,271566,67.66,1,3
8148,271600,82.8,1,4
8149,271633,47.46,1,2
8150,271666,40.67,1,2
8151,271700,62.66,1,3
8152,271733,39.47,1,2
8153,271766,37.42,1,2
8154,271800,60.08,1,3
8155,271833,48.14,1,2
8156,271866,45.47,1,2
8157,271900,66.05,1,3
8158,271933,49.03,1,2
8159,271966,47.83,1,2
8160,272000,63.45,1,3
8161,272033,52.54,1,3
8162,272066,51.43,1,3
8163,272100,53.63,1,3
8164,272133,55.87,1,3
8165,272166,53.49,1,3
8166,272200,53.83,1,3
8167,272233,65.57,1,3
8168,272266,65.13,1,3
8169,272300,60.69,1,3
8170,272333,68.74,1,3
8171,272366,67.44,1,3
8172,272400,44.15,1,2
8173,272433,67.26,1,3
8174,272466,66.82,1,3
8175,272500,37.72,1,2
8176,272533,65.47,1,3
8177,272566,64.67,1,3
8178,272600,35.03,1,2
8179,272633,66.9,1,3
8180,272666,65.85,1,3
8181,272700,41.43,1,2
8182,272733,71.79,1,3
8183,272766,70.13,1,3
8184,272800,42.31,1,2
8185,272833,64.42,1,3
8186,272866,63.58,1,3
8187,272900,50.84,1,3
8188,272933,63.59,1,3
8189,272966,62.23,1,3
8190,273000,56.77,1,3
8191,273033,57.78,1,3
8192,273066,55.79,1,3
8193,273100,58.2,1,3
8194,273133,49.03,1,2
8195,273166,48.35,1,2
8196,273200,60.5,1,3
8197,273233,41.34,1,2
8198,273266,39.33,1,2
8199,273300,61.57,1,3
8200,273333,37.92,1,2
8201,273366,36.37,1,2
8202,273400,58.52,1,3
8203,273433,40.01,1,2
8204,273466,38.56,1,2
8205,273500,59.67,1,3
8206,273533,44.01,1,2
8207,273566,41.63,1,2
8208,273600,65.23,1,3
8209,273633,47.64,1,2
8210,273666,46.96,1,2
8211,273700,61.64,1,3
8212,273733,56.17,1,3
8213,273766,54.77,1,3
8214,273800,58.47,1,3
8215,273833,60,1,3
8216,273866,58.61,1,3
8217,273900,52.3,1,3
8218,273933,66.28,1,3
8219,273966,65.46,1,3
8220,274000,58.77,1,3
8221,274033,67.89,1,3
8222,274066,66.72,1,3
8223,274100,43.69,1,2
8224,274133,63.78,1,3
8225,274166,62.71,1,3
8226,274200,35.86,1,2
8227,274233,63.56,1,3
8228,274266,62.57,1,3
8229,274300,32.22,1,2
8230,274333,63.14,1,3
8231,274366,62.52,1,3
8232,274400,41.56,1,2
8233,274433,61.68,1,3
8234,274466,60.14,1,3
8235,274500,43.9,1,2
8236,274533,58.63,1,3
8237,274566,57.83,1,3
8238,274600,50.7,1,3
8239,274633,58.08,1,3
8240,274666,57.33,1,3
8241,274700,55.44,1,3
8242,274733,50.56,1,3
8243,274766,49.48,1,2
8244,274800,59.74,1,3
8245,274833,42.97,1,2
8246,274866,41.64,1,2
8247,274900,57.96,1,3
8248,274933,39.83,1,2
8249,274966,38.05,1,2
8250,275000,65.52,1,3
8251,275033,41.22,1,2
8252,275066,39.68,1,2
8253,275100,68.94,1,3
8254,275133,52.31,1,3
8255,275166,50.51,1,3
8256,275200,68.58,1,3
8257,275233,58.67,1,3
8258,275266,54.43,1,3
8259,275300,98.02,1,4
8260,275333,84.67,1,4
8261,275366,84.07,1,4
8262,275400,84.28,1,4
8263,275433,91.39,1,4
8264,275466,91.05,1,4
8265,275500,86.07,1,4
8266,275533,89.01,1,4
8267,275566,85.94,1,4
8268,275600,78.12,1,4
8269,275633,83.57,1,4
8270,275666,76.01,1,4
8271,275700,63.71,1,3
8272,275733,70.9,1,3
8273,275766,69.06,1,3
8274,275800,36.9,1,2
8275,275833,66.61,1,3
8276,275866,65.67,1,3
8277,275900,40.98,1,2
8278,275933,66.74,1,3
8279,275966,65.98,1,3
8280,276000,35.37,1,2
8281,276033,63.05,1,3
8282,276066,61.69,1,3
8283,276100,45.75,1,2
8284,276133,64.71,1,3
8285,276166,63.45,1,3
8286,276200,49.67,1,2
8287,276233,63.5,1,3
8288,276266,62.6,1,3
8289,276300,56.76,1,3
8290,276333,62.6,1,3
8291,276366,61.34,1,3
8292,276400,60.81,1,3
8293,276433,52.86,1,3
8294,276466,50.95,1,3
8295,276500,68.9,1,3
8296,276533,50.79,1,3
8297,276566,48.24,1,2
8298,276600,62.9,1,3
8299,276633,47.98,1,2
8300,276666,45.63,1,2
8301,276700,65.61,1,3
8302,276733,49.26,1,2
8303,276766,48.03,1,2
8304,276800,71.21,1,3
8305,276833,62.01,1,3
8306,276866,59.44,1,3
8307,276900,75.81,1,4
8308,276933,59.07,1,3
8309,276966,57.91,1,3
8310,277000,64.19,1,3
8311,277033,58.47,1,3
8312,277066,57.35,1,3
8313,277100,64.39,1,3
8314,277133,61.82,1,3
8315,277166,60.62,1,3
8316,277200,50.62,1,3
8317,277233,63.5,1,3
8318,277266,62.29,1,3
8319,277300,53.48,1,3
8320,277333,61.92,1,3
8321,277366,60.91,1,3
8322,277400,39.55,1,2
8323,277433,63.23,1,3
8324,277466,62.34,1,3
8325,277500,40.49,1,2
8326,277533,62.11,1,3
8327,277566,61.67,1,3
8328,277600,34.17,1,2
8329,277633,64.72,1,3
8330,277666,63.56,1,3
8331,277700,43.11,1,2
8332,277733,61.93,1,3
8333,277766,60.68,1,3
8334,277800,44.23,1,2
8335,277833,62.92,1,3
8336,277866,62.52,1,3
8337,277900,57.23,1,3
8338,277933,59.24,1,3
8339,277966,58.6,1,3
8340,278000,58.81,1,3
8341,278033,63.73,1,3
8342,278066,62.01,1,3
8343,278100,68.38,1,3
8344,278133,46.6,1,2
8345,278166,45.26,1,2
8346,278200,63.84,1,3
8347,278233,43.49,1,2
8348,278266,41.78,1,2
8349,278300,64.54,1,3
8350,278333,43.44,1,2
8351,278366,41.65,1,2
8352,278400,64.99,1,3
8353,278433,47.61,1,2
8354,278466,46.14,1,2
8355,278500,69.32,1,3
8356,278533,56.52,1,3
8357,278566,55.13,1,3
8358,278600,63.93,1,3
8359,278633,55.84,1,3
8360,278666,54.76,1,3
8361,278700,61.51,1,3
8362,278733,56.59,1,3
8363,278766,55.48,1,3
8364,278800,49.16,1,2
8365,278833,58.65,1,3
8366,278866,58.18,1,3
8367,278900,55.36,1,3
8368,278933,62.11,1,3
8369,278966,60.91,1,3
8370,279000,36.7,1,2
8371,279033,61.63,1,3
8372,279066,61.26,1,3
8373,279100,39.54,1,2
8374,279133,62.69,1,3
8375,279166,61.71,1,3
8376,279200,31.78,1,2
8377,279233,63.35,1,3
8378,279266,62.49,1,3
8379,279300,91.33,1,4
8380,279333,92.73,1,4
8381,279366,91.31,1,4
8382,279400,70.56,1,3
8383,279433,90.27,1,4
8384,279466,89.72,1,4
8385,279500,82.42,1,4
8386,279533,89.09,1,4
8387,279566,87.39,1,4
8388,279600,79.23,1,4
8389,279633,80.54,1,4
8390,279666,75.34,1,4
8391,279700,74.18,1,3
8392,279733,72.37,1,3
8393,279766,70.02,1,3
8394,279800,78.32,1,4
8395,279833,57.13,1,3
8396,279866,53.59,1,3
8397,279900,71.61,1,3
8398,279933,46.44,1,2
8399,279966,43.68,1,2
8400,280000,67.18,1,3
8401,280033,50.5,1,3
8402,280066,47.44,1,2
8403,280100,70.32,1,3
8404,280133,52.07,1,3
8405,280166,49.42,1,2
8406,280200,65.64,1,3
8407,280233,57.04,1,3
8408,280266,55.53,1,3
8409,280300,63.73,1,3
8410,280333,57.61,1,3
8411,280366,55.58,1,3
8412,280400,54.32,1,3
8413,280433,57.09,1,3
8414,280466,57.16,1,3
8415,280500,54.68,1,3
8416,280533,58.23,1,3
8417,280566,49.1,1,2
8418,280600,47.3,1,2
8419,280633,60.96,1,3
8420,280666,42.92,1,2
8421,280700,41.22,1,2
8422,280733,61.88,1,3
8423,280766,37.34,1,2
8424,280800,35.69,1,2
8425,280833,64.73,1,3
8426,280866,40.89,1,2
8427,280900,39.89,1,2
8428,280933,64.56,1,3
8429,280966,47.39,1,2
8430,281000,46.76,1,2
8431,281033,68.09,1,3
8432,281066,52.21,1,3
8433,281100,50.88,1,3
8434,281133,65.21,1,3
8435,281166,57.05,1,3
8436,281200,55.42,1,3
8437,281233,61.55,1,3
8438,281266,71.39,1,3
8439,281300,70.11,1,3
8440,281333,67.02,1,3
8441,281366,76.4,1,4
8442,281400,74.65,1,3
8443,281433,55.05,1,3
8444,281466,72.34,1,3
8445,281500,71.06,1,3
8446,281533,39.81,1,2
8447,281566,66.21,1,3
8448,281600,65.87,1,3
8449,281633,37.35,1,2
8450,281666,66.57,1,3
8451,281700,66.19,1,3
8452,281733,44.4,1,2
8453,281766,68.22,1,3
8454,281800,67.16,1,3
8455,281833,47.76,1,2
8456,281866,67.85,1,3
8457,281900,66.71,1,3
8458,281933,50.27,1,3
8459,281966,58.67,1,3
8460,282000,57.01,1,3
8461,282033,52.84,1,3
8462,282066,57.93,1,3
8463,282100,56.63,1,3
8464,282133,55.92,1,3
8465,282166,54.12,1,3
8466,282200,50.97,1,3
8467,282233,59.81,1,3
8468,282266,45.16,1,2
8469,282300,43.26,1,2
8470,282333,61.65,1,3
8471,282366,39.05,1,2
8472,282400,37.56,1,2
8473,282433,64.31,1,3
8474,282466,43.39,1,2
8475,282500,38.91,1,2
8476,282533,66.37,1,3
8477,282566,53.44,1,3
8478,282600,51.8,1,3
8479,282633,71.1,1,3
8480,282666,52.97,1,3
8481,282700,52.05,1,3
8482,282733,66.48,1,3
8483,282766,59.87,1,3
8484,282800,58.38,1,3
8485,282833,63.62,1,3
8486,282866,69.31,1,3
8487,282900,67.84,1,3
8488,282933,63.01,1,3
8489,282966,73.4,1,3
8490,283000,71.91,1,3
8491,283033,55.74,1,3
8492,283066,71.7,1,3
8493,283100,69.51,1,3
8494,283133,45.79,1,2
8495,283166,67.67,1,3
8496,283200,67.29,1,3
8497,283233,36.62,1,2
8498,283266,93.25,1,4
8499,283300,93.3,1,4
8500,283333,72.46,1,3
8501,283366,93.74,1,4
8502,283400,93.58,1,4
8503,283433,73.7,1,3
8504,283466,90.47,1,4
8505,283500,88.37,1,4
8506,283533,70.22,1,3
8507,283566,83.53,1,4
8508,283600,72.7,1,3
8509,283633,57.74,1,3
8510,283666,62.02,1,3
8511,283700,59.54,1,3
8512,283733,57.72,1,3
8513,283766,55.05,1,3
8514,283800,52.86,1,3
8515,283833,62.15,1,3
8516,283866,50.78,1,3
8517,283900,48.94,1,2
8518,283933,62.28,1,3
8519,283966,44.5,1,2
8520,284000,42.84,1,2
8521,284033,63.6,1,3
8522,284066,43.01,1,2
8523,284100,41.34,1,2
8524,284133,70.88,1,3
8525,284166,45.84,1,2
8526,284200,44.65,1,2
8527,284233,69.39,1,3
8528,284266,53.44,1,3
8529,284300,51.86,1,3
8530,284333,69.14,1,3
8531,284366,56.17,1,3
8532,284400,54.89,1,3
8533,284433,64.84,1,3
8534,284466,64.4,1,3
8535,284500,63.11,1,3
8536,284533,62.34,1,3
8537,284566,73.77,1,3
8538,284600,72.63,1,3
8539,284633,63.33,1,3
8540,284666,76.68,1,4
8541,284700,76.15,1,4
8542,284733,52.7,1,3
8543,284766,69.58,1,3
8544,284800,68.49,1,3
8545,284833,40.46,1,2
8546,284866,66.49,1,3
8547,284900,66.15,1,3
8548,284933,37.67,1,2
8549,284966,69.25,1,3
8550,285000,68.57,1,3
8551,285033,40.25,1,2
8552,285066,67.53,1,3
8553,285100,66.29,1,3
8554,285133,45.09,1,2
8555,285166,65.74,1,3
8556,285200,63.8,1,3
8557,285233,48.99,1,2
8558,285266,59.04,1,3
8559,285300,58.64,1,3
8560,285333,55.46,1,3
8561,285366,53.06,1,3
8562,285400,51.17,1,3
8563,285433,59.89,1,3
8564,285466,49.29,1,2
8565,285500,47.81,1,2
8566,285533,61.28,1,3
8567,285566,46.7,1,2
8568,285600,42.87,1,2
8569,285633,63.41,1,3
8570,285666,43.52,1,2
8571,285700,41.55,1,2
8572,285733,65.16,1,3
8573,285766,39.66,1,2
8574,285800,38.08,1,2
8575,285833,71.64,1,3
8576,285866,47.78,1,2
8577,285900,46.5,1,2
8578,285933,67.89,1,3
8579,285966,55.98,1,3
8580,286000,54.26,1,3
8581,286033,66.27,1,3
8582,286066,59.35,1,3
8583,286100,58.35,1,3
8584,286133,59.76,1,3
8585,286166,69.12,1,3
8586,286200,68.5,1,3
8587,286233,63.85,1,3
8588,286266,68.99,1,3
8589,286300,68.09,1,3
8590,286333,51.73,1,3
8591,286366,70.48,1,3
8592,286400,68.33,1,3
8593,286433,41.63,1,2
8594,286466,67.59,1,3
8595,286500,67.1,1,3
8596,286533,39.61,1,2
8597,286566,65.09,1,3
8598,286600,63.36,1,3
8599,286633,36.32,1,2
8600,286666,68.86,1,3
8601,286700,68.42,1,3
8602,286733,43.54,1,2
8603,286766,63.01,1,3
8604,286800,61.75,1,3
8605,286833,43.99,1,2
8606,286866,61.62,1,3
8607,286900,61.17,1,3
8608,286933,53.09,1,3
8609,286966,57.52,1,3
8610,287000,56.61,1,3
8611,287033,57.35,1,3
8612,287066,58.22,1,3
8613,287100,56.06,1,3
8614,287133,63,1,3
8615,287166,47.13,1,2
8616,287200,45.86,1,2
8617,287233,61.28,1,3
8618,287266,94.39,1,4
8619,287300,93.34,1,4
8620,287333,93.15,1,4
8621,287366,75.89,1,4
8622,287400,73.74,1,3
8623,287433,94.96,1,4
8624,287466,73.65,1,3
8625,287500,70.18,1,3
8626,287533,92.44,1,4
8627,287566,76.52,1,4
8628,287600,67.8,1,3
8629,287633,82.8,1,4
8630,287666,67.73,1,3
8631,287700,63.82,1,3
8632,287733,69.01,1,3
8633,287766,69.93,1,3
8634,287800,68.21,1,3
8635,287833,71.56,1,3
8636,287866,73.54,1,3
8637,287900,71.13,1,3
8638,287933,56.26,1,3
8639,287966,75.82,1,4
8640,288000,74.18,1,3
8641,288033,53.25,1,3
8642,288066,69.71,1,3
8643,288100,68.6,1,3
8644,288133,37.57,1,2
8645,288166,66.91,1,3
8646,288200,65.98,1,3
8647,288233,39.56,1,2
8648,288266,63.45,1,3
8649,288300,62.79,1,3
8650,288333,35.11,1,2
8651,288366,62.3,1,3
8652,288400,61.58,1,3
8653,288433,43.87,1,2
8654,288466,63.4,1,3
8655,288500,63.08,1,3
8656,288533,43.57,1,2
8657,288566,63.7,1,3
8658,288600,61.91,1,3
8659,288633,57.66,1,3
8660,288666,61.57,1,3
8661,288700,60.56,1,3
8662,288733,57.56,1,3
8663,288766,55.56,1,3
8664,288800,53.64,1,3
8665,288833,64.17,1,3
8666,288866,46.53,1,2
8667,288900,44.27,1,2
8668,288933,63.77,1,3
8669,288966,42.57,1,2
8670,289000,40.36,1,2
8671,289033,72.32,1,3
8672,289066,47.66,1,2
8673,289100,46.12,1,2
8674,289133,72.73,1,3
8675,289166,53.9,1,3
8676,289200,51.4,1,3
8677,289233,77.66,1,4
8678,289266,54.9,1,3
8679,289300,53.59,1,3
8680,289333,63.05,1,3
8681,289366,59.74,1,3
8682,289400,58.62,1,3
8683,289433,68.22,1,3
8684,289466,71.75,1,3
8685,289500,66.93,1,3
8686,289533,60.49,1,3
8687,289566,69.12,1,3
8688,289600,67.05,1,3
8689,289633,54.38,1,3
8690,289666,67.29,1,3
8691,289700,66.68,1,3
8692,289733,36.59,1,2
8693,289766,64.81,1,3
8694,289800,63.88,1,3
8695,289833,41.92,1,2
8696,289866,64.43,1,3
8697,289900,64.1,1,3
8698,289933,34.72,1,2
8699,289966,64.03,1,3
8700,290000,63.34,1,3
8701,290033,42.28,1,2
8702,290066,63.23,1,3
8703,290100,62.64,1,3
8704,290133,43.28,1,2
8705,290166,64.14,1,3
8706,290200,62.68,1,3
8707,290233,51.66,1,3
8708,290266,65.19,1,3
8709,290300,63.93,1,3
8710,290333,60.53,1,3
8711,290366,63.16,1,3
8712,290400,61.7,1,3
8713,290433,62.24,1,3
8714,290466,54.46,1,3
8715,290500,53.5,1,3
8716,290533,62.56,1,3
8717,290566,46.88,1,2
8718,290600,44.89,1,2
8719,290633,72.42,1,3
8720,290666,53.2,1,3
8721,290700,52.02,1,3
8722,290733,69.35,1,3
8723,290766,53.5,1,3
8724,290800,51.18,1,3
8725,290833,75.26,1,4
8726,290866,48.62,1,2
8727,290900,46.76,1,2
8728,290933,65.2,1,3
8729,290966,54.99,1,3
8730,291000,53.3,1,3
8731,291033,66.52,1,3
8732,291066,62.75,1,3
8733,291100,61.97,1,3
8734,291133,55.98,1,3
8735,291166,64.56,1,3
8736,291200,63.6,1,3
8737,291233,59.28,1,3
8738,291266,93.76,1,4
8739,291300,93.35,1,4
8740,291333,73.39,1,3
8741,291366,91.33,1,4
8742,291400,90.84,1,4
8743,291433,67.93,1,3
8744,291466,88.81,1,4
8745,291500,87.52,1,4
8746,291533,60.55,1,3
8747,291566,84.56,1,4
8748,291600,68.6,1,3
8749,291633,44.9,1,2
8750,291666,77.72,1,4
8751,291700,76.41,1,4
8752,291733,53.32,1,3
8753,291766,73.58,1,3
8754,291800,72.24,1,3
8755,291833,55.48,1,3
8756,291866,77.42,1,4
8757,291900,75.31,1,4
8758,291933,64.74,1,3
8759,291966,74.95,1,3
8760,292000,71.68,1,3
8761,292033,67.64,1,3
8762,292066,68.64,1,3
8763,292100,66.63,1,3
8764,292133,68.49,1,3
8765,292166,54.89,1,3
8766,292200,51.94,1,3
8767,292233,68.85,1,3
8768,292266,50.86,1,3
8769,292300,48.71,1,2
8770,292333,73.96,1,3
8771,292366,51.53,1,3
8772,292400,49.22,1,2
8773,292433,73.13,1,3
8774,292466,52.18,1,3
8775,292500,50.46,1,3
8776,292533,70.7,1,3
8777,292566,52.16,1,3
8778,292600,50.73,1,3
8779,292633,69.65,1,3
8780,292666,54.46,1,3
8781,292700,52.92,1,3
8782,292733,61.27,1,3
8783,292766,61.3,1,3
8784,292800,60.17,1,3
8785,292833,54.35,1,3
8786,292866,62.52,1,3
8787,292900,61.28,1,3
8788,292933,47.76,1,2
8789,292966,62.71,1,3
8790,293000,62.21,1,3
8791,293033,40.65,1,2
8792,293066,62.28,1,3
8793,293100,61.86,1,3
8794,293133,39.67,1,2
8795,293166,65.98,1,3
8796,293200,64.75,1,3
8797,293233,36.49,1,2
8798,293266,63.82,1,3
8799,293300,63.36,1,3
8800,293333,41.16,1,2
8801,293366,65.47,1,3
8802,293400,64.95,1,3
8803,293433,42.94,1,2
8804,293466,64.89,1,3
8805,293500,64.29,1,3
8806,293533,56.54,1,3
8807,293566,70.17,1,3
8808,293600,69.1,1,3
8809,293633,62.09,1,3
8810,293666,66.09,1,3
8811,293700,62.78,1,3
8812,293733,63,1,3
8813,293766,54.71,1,3
8814,293800,53.1,1,3
8815,293833,64.03,1,3
8816,293866,46.89,1,2
8817,293900,44.84,1,2
8818,293933,65.35,1,3
8819,293966,48.31,1,2
8820,294000,46.02,1,2
8821,294033,74.65,1,3
8822,294066,45.93,1,2
8823,294100,43.57,1,2
8824,294133,65.93,1,3
8825,294166,47.44,1,2
8826,294200,45.31,1,2
8827,294233,65.25,1,3
8828,294266,50.25,1,3
8829,294300,49.08,1,2
8830,294333,61.46,1,3
8831,294366,56,1,3
8832,294400,54.22,1,3
8833,294433,62.02,1,3
8834,294466,59.57,1,3
8835,294500,58.3,1,3
8836,294533,47.14,1,2
8837,294566,63.68,1,3
8838,294600,63.41,1,3
8839,294633,47.9,1,2
8840,294666,64.65,1,3
8841,294700,63.49,1,3
8842,294733,39.76,1,2
8843,294766,64.5,1,3
8844,294800,64.06,1,3
8845,294833,45.92,1,2
8846,294866,64.64,1,3
8847,294900,63.95,1,3
8848,294933,34.84,1,2
8849,294966,65.95,1,3
8850,295000,65.52,1,3
8851,295033,46.28,1,2
8852,295066,69.56,1,3
8853,295100,68.73,1,3
8854,295133,52.51,1,3
8855,295166,72.19,1,3
8856,295200,70.76,1,3
8857,295233,66.3,1,3
8858,295266,94.47,1,4
8859,295300,94.1,1,4
8860,295333,84.91,1,4
8861,295366,80.95,1,4
8862,295400,78.91,1,4
8863,295433,87.52,1,4
8864,295466,76.37,1,4
8865,295500,73.38,1,3
8866,295533,86.03,1,4
8867,295566,67.72,1,3
8868,295600,53.8,1,3
8869,295633,73.01,1,3
8870,295666,49.29,1,2
8871,295700,46.64,1,2
8872,295733,72.33,1,3
8873,295766,46.79,1,2
8874,295800,43.41,1,2
8875,295833,68.5,1,3
8876,295866,50.16,1,3
8877,295900,48.31,1,2
8878,295933,61.64,1,3
8879,295966,56.24,1,3
8880,296000,54.96,1,3
8881,296033,67.98,1,3
8882,296066,60.82,1,3
8883,296100,58.86,1,3
8884,296133,51.15,1,3
8885,296166,62.07,1,3
8886,296200,60.68,1,3
8887,296233,54.2,1,3
8888,296266,63.96,1,3
8889,296300,63.31,1,3
8890,296333,40.71,1,2
8891,296366,70.17,1,3
8892,296400,69.75,1,3
8893,296433,49.02,1,2
8894,296466,67.73,1,3
8895,296500,66.51,1,3
8896,296533,36.46,1,2
8897,296566,66.17,1,3
8898,296600,65.59,1,3
8899,296633,43.26,1,2
8900,296666,67.97,1,3
8901,296700,67.48,1,3
8902,296733,42.36,1,2
8903,296766,77.53,1,4
8904,296800,76.48,1,4
8905,296833,63.17,1,3
8906,296866,70.85,1,3
8907,296900,69.55,1,3
8908,296933,57.31,1,3
8909,296966,64.45,1,3
8910,297000,62.47,1,3
8911,297033,65.27,1,3
8912,297066,52.74,1,3
8913,297100,50.87,1,3
8914,297133,59.41,1,3
8915,297166,45.74,1,2
8916,297200,43.88,1,2
8917,297233,65.58,1,3
8918,297266,40.69,1,2
8919,297300,38.96,1,2
8920,297333,60.68,1,3
8921,297366,40.28,1,2
8922,297400,38.85,1,2
8923,297433,64.19,1,3
8924,297466,41.1,1,2
8925,297500,39.37,1,2
8926,297533,59.52,1,3
8927,297566,45.92,1,2
8928,297600,44.77,1,2
8929,297633,65.2,1,3
8930,297666,56.03,1,3
8931,297700,54.94,1,3
8932,297733,52.66,1,3
8933,297766,60.09,1,3
8934,297800,57.66,1,3
8935,297833,53.3,1,3
8936,297866,63.96,1,3
8937,297900,62.72,1,3
8938,297933,47.79,1,2
8939,297966,68.32,1,3
8940,298000,67.1,1,3
8941,298033,56.46,1,3
8942,298066,72.3,1,3
8943,298100,71.14,1,3
8944,298133,41.67,1,2
8945,298166,67.7,1,3
8946,298200,66.71,1,3
8947,298233,44.87,1,2
8948,298266,69.44,1,3
8949,298300,68.91,1,3
8950,298333,40.49,1,2
8951,298366,69.17,1,3
8952,298400,68.5,1,3
8953,298433,52.37,1,3
8954,298466,74.08,1,3
8955,298500,72.21,1,3
8956,298533,55.19,1,3
8957,298566,69,1,3
8958,298600,67.29,1,3
8959,298633,65.24,1,3
8960,298666,60.94,1,3
8961,298700,58.85,1,3
8962,298733,61.07,1,3
8963,298766,55.2,1,3
8964,298800,53.27,1,3
8965,298833,66.42,1,3
8966,298866,46.01,1,2
8967,298900,43.74,1,2
8968,298933,62.73,1,3
8969,298966,43.94,1,2
8970,299000,42.3,1,2
8971,299033,65.83,1,3
8972,299066,42.89,1,2
8973,299100,42.09,1,2
8974,299133,61.56,1,3
8975,299166,49.6,1,2
8976,299200,47.65,1,2
8977,299233,66.43,1,3
8978,299266,91.42,1,4
8979,299300,90.36,1,4
8980,299333,84.4,1,4
8981,299366,85.16,1,4
8982,299400,82.93,1,4
8983,299433,87.62,1,4
8984,299466,87.99,1,4
8985,299500,86.73,1,4
8986,299533,68.47,1,3
8987,299566,90.92,1,4
8988,299600,76.83,1,4
8989,299633,67.96,1,3
8990,299666,77.34,1,4
8991,299700,75.97,1,4
8992,299733,48.18,1,2
8993,299766,75.27,1,4
8994,299800,73.84,1,3
8995,299833,50.16,1,3
8996,299866,73.28,1,3
8997,299900,72.31,1,3
8998,299933,41.59,1,2
8999,299966,72.21,1,3
9000,300000,76.39,1,4
9001,300033,58.86,1,3
9002,300066,79.33,1,4
9003,300100,78.6,1,4
9004,300133,59.92,1,3
9005,300166,72.94,1,3
9006,300200,71.69,1,3
9007,300233,62.06,1,3
9008,300266,64.55,1,3
9009,300300,62,1,3
9010,300333,65.29,1,3
9011,300366,53.88,1,3
9012,300400,51.14,1,3
9013,300433,64.97,1,3
9014,300466,48.84,1,2
9015,300500,47.14,1,2
9016,300533,64.26,1,3
9017,300566,40.37,1,2
9018,300600,38.93,1,2
9019,300633,65.04,1,3
9020,300666,46.68,1,2
9021,300700,44.94,1,2
9022,300733,68.38,1,3
9023,300766,49.01,1,2
9024,300800,47.49,1,2
9025,300833,68.02,1,3
9026,300866,54.21,1,3
9027,300900,53,1,3
9028,300933,66.97,1,3
9029,300966,61.25,1,3
9030,301000,58.82,1,3
9031,301033,57.15,1,3
9032,301066,63.33,1,3
9033,301100,62.55,1,3
9034,301133,57.52,1,3
9035,301166,71.56,1,3
9036,301200,70.61,1,3
9037,301233,60.48,1,3
9038,301266,75.36,1,4
9039,301300,74.27,1,3
9040,301333,55.29,1,3
9041,301366,70.43,1,3
9042,301400,69.71,1,3
9043,301433,40.96,1,2
9044,301466,69.22,1,3
9045,301500,68.73,1,3
9046,301533,40.2,1,2
9047,301566,70.01,1,3
9048,301600,69.32,1,3
9049,301633,47.34,1,2
9050,301666,68.57,1,3
9051,301700,67.48,1,3
9052,301733,52.59,1,3
9053,301766,67.99,1,3
9054,301800,67.11,1,3
9055,301833,55.65,1,3
9056,301866,67.5,1,3
9057,301900,66.32,1,3
9058,301933,62.02,1,3
9059,301966,61.49,1,3
9060,302000,60.09,1,3
9061,302033,66.25,1,3
9062,302066,49.42,1,2
9063,302100,47.39,1,2
9064,302133,66.03,1,3
9065,302166,43.76,1,2
9066,302200,42.34,1,2
9067,302233,66.68,1,3
9068,302266,43.86,1,2
9069,302300,43.63,1,2
9070,302333,68.63,1,3
9071,302366,50.05,1,3
9072,302400,48.28,1,2
9073,302433,71.66,1,3
9074,302466,54.35,1,3
9075,302500,52.19,1,3
9076,302533,71.28,1,3
9077,302566,56.19,1,3
9078,302600,54.47,1,3
9079,302633,64.06,1,3
9080,302666,59.96,1,3
9081,302700,59.2,1,3
9082,302733,56.9,1,3
9083,302766,70.25,1,3
9084,302800,68.47,1,3
9085,302833,58.87,1,3
9086,302866,75.22,1,4
9087,302900,73.65,1,3
9088,302933,52.55,1,3
9089,302966,71.62,1,3
9090,303000,70.87,1,3
9091,303033,47.8,1,2
9092,303066,70.2,1,3
9093,303100,69.01,1,3
9094,303133,42.12,1,2
9095,303166,71.26,1,3
9096,303200,70.37,1,3
9097,303233,46.57,1,2
9098,303266,97.12,1,4
9099,303300,97.02,1,4
9100,303333,73.49,1,3
9101,303366,95.22,1,4
9102,303400,94.69,1,4
9103,303433,81.58,1,4
9104,303466,88.14,1,4
9105,303500,84.23,1,4
9106,303533,84.93,1,4
9107,303566,83.44,1,4
9108,303600,68.96,1,3
9109,303633,71.68,1,3
9110,303666,65.5,1,3
9111,303700,62.54,1,3
9112,303733,73.86,1,3
9113,303766,56.88,1,3
9114,303800,54.53,1,3
9115,303833,73.03,1,3
9116,303866,54.18,1,3
9117,303900,51.94,1,3
9118,303933,76.49,1,4
9119,303966,62.24,1,3
9120,304000,60.5,1,3
9121,304033,77.63,1,4
9122,304066,62.96,1,3
9123,304100,60.36,1,3
9124,304133,76.56,1,4
9125,304166,64.15,1,3
9126,304200,62.26,1,3
9127,304233,69.8,1,3
9128,304266,63.64,1,3
9129,304300,61.88,1,3
9130,304333,59.59,1,3
9131,304366,68.81,1,3
9132,304400,65.97,1,3
9133,304433,68.12,1,3
9134,304466,69.1,1,3
9135,304500,68.03,1,3
9136,304533,54.95,1,3
9137,304566,72.32,1,3
9138,304600,71.44,1,3
9139,304633,51.67,1,3
9140,304666,69.83,1,3
9141,304700,69.22,1,3
9142,304733,36.68,1,2
9143,304766,70.18,1,3
9144,304800,69.19,1,3
9145,304833,49.09,1,2
9146,304866,69.87,1,3
9147,304900,68.75,1,3
9148,304933,44.18,1,2
9149,304966,68.84,1,3
9150,305000,68.11,1,3
9151,305033,56.3,1,3
9152,305066,66.77,1,3
9153,305100,65.49,1,3
9154,305133,57.84,1,3
9155,305166,66.71,1,3
9156,305200,65.4,1,3
9157,305233,72.8,1,3
9158,305266,60.69,1,3
9159,305300,58.44,1,3
9160,305333,66.24,1,3
9161,305366,57.54,1,3
9162,305400,56.29,1,3
9163,305433,69.69,1,3
9164,305466,49.31,1,2
9165,305500,48.04,1,2
9166,305533,69.18,1,3
9167,305566,57.08,1,3
9168,305600,54.82,1,3
9169,305633,76.74,1,4
9170,305666,65.2,1,3
9171,305700,64.15,1,3
9172,305733,70.81,1,3
9173,305766,63.95,1,3
9174,305800,62.31,1,3
9175,305833,71.34,1,3
9176,305866,63.48,1,3
9177,305900,61.87,1,3
9178,305933,58.27,1,3
9179,305966,65.27,1,3
9180,306000,64.02,1,3
9181,306033,58.79,1,3
9182,306066,66.74,1,3
9183,306100,65.85,1,3
9184,306133,43.76,1,2
9185,306166,67.09,1,3
9186,306200,66.83,1,3
9187,306233,44.79,1,2
9188,306266,66.94,1,3
9189,306300,66.3,1,3
9190,306333,34.14,1,2
9191,306366,71.37,1,3
9192,306400,70.85,1,3
9193,306433,46.89,1,2
9194,306466,71.12,1,3
9195,306500,70.37,1,3
9196,306533,46.01,1,2
9197,306566,66.99,1,3
9198,306600,66.27,1,3
9199,306633,56.32,1,3
9200,306666,67.01,1,3
9201,306700,65.76,1,3
9202,306733,62.78,1,3
9203,306766,70.75,1,3
9204,306800,68.51,1,3
9205,306833,73.88,1,3
9206,306866,62.95,1,3
9207,306900,60.62,1,3
9208,306933,69.41,1,3
9209,306966,50.15,1,3
9210,307000,47.84,1,2
9211,307033,69.92,1,3
9212,307066,48.04,1,2
9213,307100,46.59,1,2
9214,307133,66.39,1,3
9215,307166,53.81,1,3
9216,307200,51.26,1,3
9217,307233,77.1,1,4
9218,307266,92.88,1,4
9219,307300,91,1,4
9220,307333,91.77,1,4
9221,307366,82.8,1,4
9222,307400,81.86,1,4
9223,307433,84.2,1,4
9224,307466,81.43,1,4
9225,307500,79.53,1,4
9226,307533,72.27,1,3
9227,307566,81.48,1,4
9228,307600,72.65,1,3
9229,307633,62.54,1,3
9230,307666,71.67,1,3
9231,307700,70.28,1,3
9232,307733,48.49,1,2
9233,307766,70.75,1,3
9234,307800,69.21,1,3
9235,307833,40.95,1,2
9236,307866,70.55,1,3
9237,307900,69.95,1,3
9238,307933,35.63,1,2
9239,307966,69.06,1,3
9240,308000,68.14,1,3
9241,308033,43.08,1,2
9242,308066,72.35,1,3
9243,308100,71.97,1,3
9244,308133,52.49,1,3
9245,308166,69.44,1,3
9246,308200,68.77,1,3
9247,308233,56.13,1,3
9248,308266,67.81,1,3
9249,308300,66.88,1,3
9250,308333,72.14,1,3
9251,308366,75.72,1,4
9252,308400,73.83,1,3
9253,308433,75.06,1,4
9254,308466,74.41,1,3
9255,308500,72.49,1,3
9256,308533,77.43,1,4
9257,308566,56.44,1,3
9258,308600,53.93,1,3
9259,308633,77.49,1,4
9260,308666,51.13,1,3
9261,308700,49.22,1,2
9262,308733,69.85,1,3
9263,308766,54.2,1,3
9264,308800,51.75,1,3
9265,308833,75.17,1,4
9266,308866,61.17,1,3
9267,308900,59,1,3
9268,308933,66.64,1,3
9269,308966,62.31,1,3
9270,309000,59.45,1,3
9271,309033,66.12,1,3
9272,309066,66.13,1,3
9273,309100,63.05,1,3
9274,309133,49.34,1,2
9275,309166,64.76,1,3
9276,309200,64.08,1,3
9277,309233,52.68,1,3
9278,309266,65.85,1,3
9279,309300,65.83,1,3
9280,309333,38.69,1,2
9281,309366,68.13,1,3
9282,309400,67.48,1,3
9283,309433,43.5,1,2
9284,309466,67.58,1,3
9285,309500,67.05,1,3
9286,309533,37.38,1,2
9287,309566,71.23,1,3
9288,309600,71.05,1,3
9289,309633,49.92,1,2
9290,309666,71.62,1,3
9291,309700,69.8,1,3
9292,309733,48.43,1,2
9293,309766,70.18,1,3
9294,309800,69.62,1,3
9295,309833,61.94,1,3
9296,309866,66.04,1,3
9297,309900,63.05,1,3
9298,309933,65.57,1,3
9299,309966,63.74,1,3
9300,310000,62.2,1,3
9301,310033,75.85,1,4
9302,310066,58.47,1,3
9303,310100,57.31,1,3
9304,310133,76.07,1,4
9305,310166,54.05,1,3
9306,310200,51.77,1,3
9307,310233,75.19,1,4
9308,310266,47.55,1,2
9309,310300,46.07,1,2
9310,310333,64.88,1,3
9311,310366,49.64,1,2
9312,310400,48.68,1,2
9313,310433,74.37,1,3
9314,310466,58.25,1,3
9315,310500,56.89,1,3
9316,310533,63.68,1,3
9317,310566,65.06,1,3
9318,310600,63.81,1,3
9319,310633,60.94,1,3
9320,310666,64.43,1,3
9321,310700,62.84,1,3
9322,310733,44.83,1,2
9323,310766,66.53,1,3
9324,310800,65.72,1,3
9325,310833,50.15,1,3
9326,310866,67.18,1,3
9327,310900,66.74,1,3
9328,310933,37.54,1,2
9329,310966,67.64,1,3
9330,311000,66.98,1,3
9331,311033,41.78,1,2
9332,311066,69.1,1,3
9333,311100,68.78,1,3
9334,311133,38.45,1,2
9335,311166,72.07,1,3
9336,311200,71.17,1,3
9337,311233,54.5,1,3
9338,311266,93.23,1,4
9339,311300,92.42,1,4
9340,311333,72.61,1,3
9341,311366,88.91,1,4
9342,311400,87.74,1,4
9343,311433,80.09,1,4
9344,311466,83.35,1,4
9345,311500,81.52,1,4
9346,311533,80.84,1,4
9347,311566,78.76,1,4
9348,311600,71.43,1,3
9349,311633,79.96,1,4
9350,311666,68.31,1,3
9351,311700,63.71,1,3
9352,311733,80.31,1,4
9353,311766,55.54,1,3
9354,311800,53.04,1,3
9355,311833,71.72,1,3
9356,311866,50.18,1,3
9357,311900,47.03,1,2
9358,311933,71.19,1,3
9359,311966,51.99,1,3
9360,312000,50.05,1,3
9361,312033,68.44,1,3
9362,312066,58.19,1,3
9363,312100,58.01,1,3
9364,312133,63.74,1,3
9365,312166,63.13,1,3
9366,312200,61.86,1,3
9367,312233,59.88,1,3
9368,312266,62.6,1,3
9369,312300,61.5,1,3
9370,312333,51.79,1,3
9371,312366,65.04,1,3
9372,312400,62.98,1,3
9373,312433,45.08,1,2
9374,312466,67.17,1,3
9375,312500,65.99,1,3
9376,312533,40.82,1,2
9377,312566,67.36,1,3
9378,312600,66.93,1,3
9379,312633,38.67,1,2
9380,312666,67.82,1,3
9381,312700,66.6,1,3
9382,312733,42.1,1,2
9383,312766,73.08,1,3
9384,312800,72.39,1,3
9385,312833,58.53,1,3
9386,312866,77.84,1,4
9387,312900,77.34,1,4
9388,312933,61.98,1,3
9389,312966,72.02,1,3
9390,313000,70.86,1,3
9391,313033,69.94,1,3
9392,313066,64.78,1,3
9393,313100,64.01,1,3
9394,313133,67.51,1,3
9395,313166,56.87,1,3
9396,313200,55.29,1,3
9397,313233,77.09,1,4
9398,313266,49.96,1,2
9399,313300,47.53,1,2
9400,313333,72.49,1,3
9401,313366,45.83,1,2
9402,313400,44.32,1,2
9403,313433,73.89,1,3
9404,313466,45.03,1,2
9405,313500,42.1,1,2
9406,313533,67.8,1,3
9407,313566,50.04,1,3
9408,313600,49.15,1,2
9409,313633,65.36,1,3
9410,313666,56.69,1,3
9411,313700,54.89,1,3
9412,313733,58.29,1,3
9413,313766,62.3,1,3
9414,313800,61.43,1,3
9415,313833,52.39,1,3
9416,313866,62.24,1,3
9417,313900,61.82,1,3
9418,313933,47.77,1,2
9419,313966,67.2,1,3
9420,314000,66.05,1,3
9421,314033,50.06,1,3
9422,314066,68.21,1,3
9423,314100,67.32,1,3
9424,314133,40.54,1,2
9425,314166,67.9,1,3
9426,314200,66.49,1,3
9427,314233,37.73,1,2
9428,314266,67.47,1,3
9429,314300,66.61,1,3
9430,314333,47.37,1,2
9431,314366,72.25,1,3
9432,314400,70.7,1,3
9433,314433,52.93,1,3
9434,314466,75.44,1,4
9435,314500,74.88,1,3
9436,314533,64.26,1,3
9437,314566,65.46,1,3
9438,314600,63.97,1,3
9439,314633,66.35,1,3
9440,314666,59.37,1,3
9441,314700,57.72,1,3
9442,314733,68.26,1,3
9443,314766,52.1,1,3
9444,314800,50.29,1,3
9445,314833,71.35,1,3
9446,314866,44.77,1,2
9447,314900,43,1,2
9448,314933,73.26,1,3
9449,314966,45.33,1,2
9450,315000,44.02,1,2
9451,315033,66.95,1,3
9452,315066,42.78,1,2
9453,315100,41.36,1,2
9454,315133,65.33,1,3
9455,315166,51.91,1,3
9456,315200,50.26,1,3
9457,315233,62.76,1,3
9458,315266,90.94,1,4
9459,315300,90.28,1,4
9460,315333,77.58,1,4
9461,315366,85.37,1,4
9462,315400,83.45,1,4
9463,315433,76.97,1,4
9464,315466,85.34,1,4
9465,315500,84,1,4
9466,315533,59.89,1,3
9467,315566,85.47,1,4
9468,315600,75.38,1,4
9469,315633,51.28,1,3
9470,315666,74.22,1,3
9471,315700,73.6,1,3
9472,315733,45.53,1,2
9473,315766,72.61,1,3
9474,315800,72.07,1,3
9475,315833,44.41,1,2
9476,315866,70.43,1,3
9477,315900,69.24,1,3
9478,315933,54.32,1,3
9479,315966,76.21,1,4
9480,316000,75.21,1,4
9481,316033,65.47,1,3
9482,316066,79.67,1,4
9483,316100,78.89,1,4
9484,316133,69.19,1,3
9485,316166,64.83,1,3
9486,316200,62.52,1,3
9487,316233,69.92,1,3
9488,316266,55.38,1,3
9489,316300,53.9,1,3
9490,316333,68.11,1,3
9491,316366,44.31,1,2
9492,316400,42.73,1,2
9493,316433,69.57,1,3
9494,316466,42.53,1,2
9495,316500,40.96,1,2
9496,316533,66.13,1,3
9497,316566,45.93,1,2
9498,316600,44.81,1,2
9499,316633,70.05,1,3
9500,316666,52.8,1,3
9501,316700,50.36,1,3
9502,316733,63.28,1,3
9503,316766,61.45,1,3
9504,316800,59.59,1,3
9505,316833,63.39,1,3
9506,316866,66.15,1,3
9507,316900,64.47,1,3
9508,316933,55.6,1,3
9509,316966,64.38,1,3
9510,317000,63.69,1,3
9511,317033,46.99,1,2
9512,317066,67.8,1,3
9513,317100,66.16,1,3
9514,317133,48.73,1,2
9515,317166,77.31,1,4
9516,317200,76.52,1,4
9517,317233,47.16,1,2
9518,317266,73.61,1,3
9519,317300,73.14,1,3
9520,317333,46.29,1,2
9521,317366,68.19,1,3
9522,317400,67.09,1,3
9523,317433,43.37,1,2
9524,317466,69.55,1,3
9525,317500,68.03,1,3
9526,317533,50.21,1,3
9527,317566,74.97,1,3
9528,317600,73.41,1,3
9529,317633,59.72,1,3
9530,317666,65.93,1,3
9531,317700,64.63,1,3
9532,317733,64.42,1,3
9533,317766,57.26,1,3
9534,317800,55.64,1,3
9535,317833,65.15,1,3
9536,317866,50.78,1,3
9537,317900,48.51,1,2
9538,317933,65.01,1,3
9539,317966,40.72,1,2
9540,318000,39.5,1,2
9541,318033,67.34,1,3
9542,318066,39.22,1,2
9543,318100,37.8,1,2
9544,318133,59.84,1,3
9545,318166,42.41,1,2
9546,318200,40.54,1,2
9547,318233,65.95,1,3
9548,318266,46.33,1,2
9549,318300,44.93,1,2
9550,318333,59.59,1,3
9551,318366,61.26,1,3
9552,318400,57.34,1,3
9553,318433,65.37,1,3
9554,318466,65.36,1,3
9555,318500,64.43,1,3
9556,318533,46.06,1,2
9557,318566,67.41,1,3
9558,318600,66.92,1,3
9559,318633,51.09,1,3
9560,318666,68.55,1,3
9561,318700,67.1,1,3
9562,318733,39.74,1,2
9563,318766,73.81,1,3
9564,318800,73.07,1,3
9565,318833,51.11,1,3
9566,318866,77.1,1,4
9567,318900,76.67,1,4
9568,318933,44.66,1,2
9569,318966,70.12,1,3
9570,319000,69.09,1,3
9571,319033,49.82,1,2
9572,319066,68.09,1,3
9573,319100,67.49,1,3
9574,319133,45.29,1,2
9575,319166,66.47,1,3
9576,319200,65.48,1,3
9577,319233,60.87,1,3
9578,319266,93.9,1,4
9579,319300,93.18,1,4
9580,319333,85.77,1,4
9581,319366,78.54,1,4
9582,319400,75.65,1,4
9583,319433,84.5,1,4
9584,319466,67.8,1,3
9585,319500,65.24,1,3
9586,319533,80.95,1,4
9587,319566,54.23,1,3
9588,319600,43.43,1,2
9589,319633,71.32,1,3
9590,319666,41.19,1,2
9591,319700,38.45,1,2
9592,319733,63.57,1,3
9593,319766,45.35,1,2
9594,319800,43.79,1,2
9595,319833,68.47,1,3
9596,319866,51.05,1,3
9597,319900,48.96,1,2
9598,319933,63.78,1,3
9599,319966,61.97,1,3
9600,320000,60.94,1,3
9601,320033,71.51,1,3
9602,320066,74.27,1,3
9603,320100,73.62,1,3
9604,320133,54.82,1,3
9605,320166,71.85,1,3
9606,320200,70.61,1,3
9607,320233,50.31,1,3
9608,320266,68.75,1,3
9609,320300,67.98,1,3
9610,320333,37.01,1,2
9611,320366,73.53,1,3
9612,320400,73.08,1,3
9613,320433,48.46,1,2
9614,320466,73.76,1,3
9615,320500,72.91,1,3
9616,320533,44.84,1,2
9617,320566,73.09,1,3
9618,320600,72.87,1,3
9619,320633,47.89,1,2
9620,320666,69.61,1,3
9621,320700,67.89,1,3
9622,320733,46.18,1,2
9623,320766,63.95,1,3
9624,320800,62.48,1,3
9625,320833,54.32,1,3
9626,320866,57.59,1,3
9627,320900,56.57,1,3
9628,320933,54.56,1,3
9629,320966,51.37,1,3
9630,321000,49.61,1,2
9631,321033,65.37,1,3
9632,321066,44.38,1,2
9633,321100,43.32,1,2
9634,321133,60.97,1,3
9635,321166,38.24,1,2
9636,321200,37.06,1,2
9637,321233,69.71,1,3
9638,321266,40.13,1,2
9639,321300,38.89,1,2
9640,321333,61.86,1,3
9641,321366,43.28,1,2
9642,321400,41.61,1,2
9643,321433,67.94,1,3
9644,321466,48.01,1,2
9645,321500,46.93,1,2
9646,321533,60.23,1,3
9647,321566,60.67,1,3
9648,321600,58.42,1,3
9649,321633,74.31,1,3
9650,321666,71.49,1,3
9651,321700,70.3,1,3
9652,321733,60.47,1,3
9653,321766,72.97,1,3
9654,321800,72.36,1,3
9655,321833,55.47,1,3
9656,321866,71.12,1,3
9657,321900,70.15,1,3
9658,321933,33.43,1,2
9659,321966,68.38,1,3
9660,322000,68.04,1,3
9661,322033,46.02,1,2
9662,322066,70.12,1,3
9663,322100,69.44,1,3
9664,322133,39.22,1,2
9665,322166,70.84,1,3
9666,322200,69.73,1,3
9667,322233,51.26,1,3
9668,322266,65.78,1,3
9669,322300,64.37,1,3
9670,322333,46.19,1,2
9671,322366,62.43,1,3
9672,322400,60.79,1,3
9673,322433,56.22,1,3
9674,322466,57.24,1,3
9675,322500,56.54,1,3
9676,322533,56.64,1,3
9677,322566,53.15,1,3
9678,322600,50.58,1,3
9679,322633,65.56,1,3
9680,322666,47.45,1,2
9681,322700,44.56,1,2
9682,322733,62.33,1,3
9683,322766,40.68,1,2
9684,322800,38.87,1,2
9685,322833,66.76,1,3
9686,322866,40.98,1,2
9687,322900,39.47,1,2
9688,322933,69.68,1,3
9689,322966,48.16,1,2
9690,323000,46.74,1,2
9691,323033,65.42,1,3
9692,323066,49.28,1,2
9693,323100,47.73,1,2
9694,323133,64.68,1,3
9695,323166,60.13,1,3
9696,323200,58.54,1,3
9697,323233,64.89,1,3
9698,323266,94.68,1,4
9699,323300,94.36,1,4
9700,323333,89.6,1,4
9701,323366,90.76,1,4
9702,323400,89.07,1,4
9703,323433,78.49,1,4
9704,323466,88.46,1,4
9705,323500,86.36,1,4
9706,323533,55.7,1,3
9707,323566,85.79,1,4
9708,323600,79.14,1,4
9709,323633,45.39,1,2
9710,323666,74.28,1,3
9711,323700,72.42,1,3
9712,323733,46.1,1,2
9713,323766,72.6,1,3
9714,323800,71.34,1,3
9715,323833,43.61,1,2
9716,323866,69.12,1,3
9717,323900,67.82,1,3
9718,323933,50.6,1,3
9719,323966,66.16,1,3
9720,324000,65.41,1,3
9721,324033,51.22,1,3
9722,324066,61.11,1,3
9723,324100,59.95,1,3
9724,324133,56.62,1,3
9725,324166,53.76,1,3
9726,324200,51.94,1,3
9727,324233,59.69,1,3
9728,324266,45.59,1,2
9729,324300,43.99,1,2
9730,324333,65.12,1,3
9731,324366,42.11,1,2
9732,324400,40.45,1,2
9733,324433,68.06,1,3
9734,324466,42.16,1,2
9735,324500,40.39,1,2
9736,324533,68.15,1,3
9737,324566,50.88,1,3
9738,324600,49.38,1,2
9739,324633,75.18,1,4
9740,324666,48.64,1,2
9741,324700,47.48,1,2
9742,324733,62.89,1,3
9743,324766,58.69,1,3
9744,324800,57.23,1,3
9745,324833,65.91,1,3
9746,324866,66.56,1,3
9747,324900,65.1,1,3
9748,324933,55.96,1,3
9749,324966,73.36,1,3
9750,325000,75.07,1,4
9751,325033,58.81,1,3
9752,325066,72.72,1,3
9753,325100,71.56,1,3
9754,325133,44.15,1,2
9755,325166,68.91,1,3
9756,325200,67.94,1,3
9757,325233,37.11,1,2
9758,325266,67.32,1,3
9759,325300,66.32,1,3
9760,325333,36.08,1,2
9761,325366,66.27,1,3
9762,325400,64.99,1,3
9763,325433,39.69,1,2
9764,325466,62.76,1,3
9765,325500,62.21,1,3
9766,325533,43.06,1,2
9767,325566,60.66,1,3
9768,325600,59.45,1,3
9769,325633,43.16,1,2
9770,325666,60.28,1,3
9771,325700,59.18,1,3
9772,325733,57.98,1,3
9773,325766,55.85,1,3
9774,325800,54.15,1,3
9775,325833,60.26,1,3
9776,325866,51.47,1,3
9777,325900,49.72,1,2
9778,325933,61.8,1,3
9779,325966,38.78,1,2
9780,326000,37.05,1,2
9781,326033,63.14,1,3
9782,326066,39.73,1,2
9783,326100,38.47,1,2
9784,326133,69.3,1,3
9785,326166,45.73,1,2
9786,326200,44.46,1,2
9787,326233,69.14,1,3
9788,326266,48.13,1,2
9789,326300,46.9,1,2
9790,326333,67.99,1,3
9791,326366,49.25,1,2
9792,326400,48.2,1,2
9793,326433,62.22,1,3
9794,326466,57.19,1,3
9795,326500,54.93,1,3
9796,326533,56.95,1,3
9797,326566,65.88,1,3
9798,326600,65.1,1,3
9799,326633,52.84,1,3
9800,326666,70.79,1,3
9801,326700,70.41,1,3
9802,326733,46.15,1,2
9803,326766,67.88,1,3
9804,326800,67.5,1,3
9805,326833,37.17,1,2
9806,326866,64.83,1,3
9807,326900,64,1,3
9808,326933,36.25,1,2
9809,326966,64.42,1,3
9810,327000,64.03,1,3
9811,327033,35.44,1,2
9812,327066,62.58,1,3
9813,327100,61.81,1,3
9814,327133,40.18,1,2
9815,327166,63.44,1,3
9816,327200,62.77,1,3
9817,327233,49.11,1,2
9818,327266,91.92,1,4
9819,327300,91.71,1,4
9820,327333,80.75,1,4
9821,327366,87.73,1,4
9822,327400,84.9,1,4
9823,327433,82.69,1,4
9824,327466,72.45,1,3
9825,327500,68.6,1,3
9826,327533,82.95,1,4
9827,327566,60.28,1,3
9828,327600,49.11,1,2
9829,327633,67.06,1,3
9830,327666,41.52,1,2
9831,327700,38.86,1,2
9832,327733,67.29,1,3
9833,327766,51.01,1,3
9834,327800,49.59,1,2
9835,327833,75.68,1,4
9836,327866,55.12,1,3
9837,327900,52.22,1,3
9838,327933,75.24,1,4
9839,327966,55.3,1,3
9840,328000,52.74,1,3
9841,328033,63.95,1,3
9842,328066,56.36,1,3
9843,328100,54.08,1,3
9844,328133,57.7,1,3
9845,328166,60.37,1,3
9846,328200,59.19,1,3
9847,328233,49.75,1,2
9848,328266,68.13,1,3
9849,328300,67.08,1,3
9850,328333,42.45,1,2
9851,328366,68.11,1,3
9852,328400,66.5,1,3
9853,328433,35.23,1,2
9854,328466,64.84,1,3
9855,328500,63.85,1,3
9856,328533,35.3,1,2
9857,328566,65.31,1,3
9858,328600,64.96,1,3
9859,328633,40.71,1,2
9860,328666,63.27,1,3
9861,328700,62.03,1,3
9862,328733,44.84,1,2
9863,328766,61.67,1,3
9864,328800,61.17,1,3
9865,328833,45.82,1,2
9866,328866,60.99,1,3
9867,328900,59.95,1,3
9868,328933,50.46,1,3
9869,328966,58.54,1,3
9870,329000,57.19,1,3
9871,329033,61.16,1,3
9872,329066,54.93,1,3
9873,329100,52.98,1,3
9874,329133,61.38,1,3
9875,329166,42.92,1,2
9876,329200,41.13,1,2
9877,329233,63.11,1,3
9878,329266,39.19,1,2
9879,329300,37.99,1,2
9880,329333,60.71,1,3
9881,329366,40.67,1,2
9882,329400,37.87,1,2
9883,329433,66.17,1,3
9884,329466,46.71,1,2
9885,329500,45.27,1,2
9886,329533,65.89,1,3
9887,329566,49.4,1,2
9888,329600,47.2,1,2
9889,329633,65.17,1,3
9890,329666,58.35,1,3
9891,329700,57.21,1,3
9892,329733,54.96,1,3
9893,329766,60.42,1,3
9894,329800,58.21,1,3
9895,329833,50.26,1,3
9896,329866,61.7,1,3
9897,329900,60.89,1,3
9898,329933,43.87,1,2
9899,329966,65.11,1,3
9900,330000,63.1,1,3
9901,330033,36.42,1,2
9902,330066,63.54,1,3
9903,330100,63.08,1,3
9904,330133,36.12,1,2
9905,330166,63.23,1,3
9906,330200,62.82,1,3
9907,330233,35.8,1,2
9908,330266,65.65,1,3
9909,330300,65.34,1,3
9910,330333,45.3,1,2
9911,330366,62.92,1,3
9912,330400,62.58,1,3
9913,330433,44.02,1,2
9914,330466,61.87,1,3
9915,330500,60.91,1,3
9916,330533,52.96,1,3
9917,330566,58.76,1,3
9918,330600,57.94,1,3
9919,330633,56.25,1,3
9920,330666,63.02,1,3
9921,330700,62.03,1,3
9922,330733,68.74,1,3
9923,330766,50.08,1,3
9924,330800,48.73,1,2
9925,330833,65.45,1,3
9926,330866,43.99,1,2
9927,330900,42.75,1,2
9928,330933,65.07,1,3
9929,330966,39.04,1,2
9930,331000,37.69,1,2
9931,331033,61.64,1,3
9932,331066,39.4,1,2
9933,331100,38.16,1,2
9934,331133,64.2,1,3
9935,331166,43.23,1,2
9936,331200,41.99,1,2
9937,331233,59.5,1,3
9938,331266,91.36,1,4
9939,331300,91.08,1,4
9940,331333,88.28,1,4
9941,331366,81.96,1,4
9942,331400,80.43,1,4
9943,331433,77.79,1,4
9944,331466,85.34,1,4
9945,331500,84.97,1,4
9946,331533,63.95,1,3
9947,331566,83.79,1,4
9948,331600,72.48,1,3
9949,331633,42.66,1,2
9950,331666,66.28,1,3
9951,331700,64.96,1,3
9952,331733,37.26,1,2
9953,331766,67.95,1,3
9954,331800,66.57,1,3
9955,331833,40.04,1,2
9956,331866,71.95,1,3
9957,331900,71.46,1,3
9958,331933,50.88,1,3
9959,331966,73.79,1,3
9960,332000,72.79,1,3
9961,332033,57.41,1,3
9962,332066,68.09,1,3
9963,332100,65.56,1,3
9964,332133,53.58,1,3
9965,332166,60.54,1,3
9966,332200,58.67,1,3
9967,332233,57.09,1,3
9968,332266,58.64,1,3
9969,332300,57.01,1,3
9970,332333,68.08,1,3
9971,332366,54.09,1,3
9972,332400,52.76,1,3
9973,332433,72.21,1,3
9974,332466,45.51,1,2
9975,332500,43.64,1,2
9976,332533,63,1,3
9977,332566,39,1,2
9978,332600,37.33,1,2
9979,332633,63.05,1,3
9980,332666,40.18,1,2
9981,332700,38.26,1,2
9982,332733,59.97,1,3
9983,332766,42.04,1,2
9984,332800,40.65,1,2
9985,332833,57.71,1,3
9986,332866,48.12,1,2
9987,332900,47.11,1,2
9988,332933,53.84,1,3
9989,332966,55.07,1,3
9990,333000,53.66,1,3
9991,333033,51.52,1,3
9992,333066,60.73,1,3
9993,333100,59.13,1,3
9994,333133,44.64,1,2
9995,333166,61.92,1,3
9996,333200,61.67,1,3
9997,333233,40.51,1,2
9998,333266,64.09,1,3
9999,333300,64.29,1,3
10000,333333,39.73,1,2
10001,333366,69.62,1,3
10002,333400,67.6,1,3
10003,333433,37.02,1,2
10004,333466,73.78,1,3
10005,333500,72.48,1,3
10006,333533,50.3,1,3
10007,333566,79.43,1,4
10008,333600,77.69,1,4
10009,333633,60.8,1,3
10010,333666,77.97,1,4
10011,333700,77.15,1,4
10012,333733,57.32,1,3
10013,333766,59.08,1,3
10014,333800,58.32,1,3
10015,333833,54.71,1,3
10016,333866,54.31,1,3
10017,333900,53.24,1,3
10018,333933,60.41,1,3
10019,333966,48.93,1,2
10020,334000,46.5,1,2
10021,334033,62.41,1,3
10022,334066,43.12,1,2
10023,334100,41.47,1,2
10024,334133,61.58,1,3
10025,334166,37.59,1,2
10026,334200,36.26,1,2
10027,334233,59.24,1,3
10028,334266,34.96,1,2
10029,334300,34.1,1,2
10030,334333,60.33,1,3
10031,334366,43.21,1,2
10032,334400,40.65,1,2
10033,334433,58.22,1,3
10034,334466,47.71,1,2
10035,334500,46.92,1,2
10036,334533,54.51,1,3
10037,334566,55.87,1,3
10038,334600,55.41,1,3
10039,334633,50.37,1,3
10040,334666,59.7,1,3
10041,334700,58.77,1,3
10042,334733,41.64,1,2
10043,334766,67.3,1,3
10044,334800,67.7,1,3
10045,334833,40.96,1,2
10046,334866,69.72,1,3
10047,334900,68.94,1,3
10048,334933,37.75,1,2
10049,334966,64.11,1,3
10050,335000,63.45,1,3
10051,335033,36.03,1,2
10052,335066,65.6,1,3
10053,335100,64.97,1,3
10054,335133,45.14,1,2
10055,335166,73.19,1,3
10056,335200,72.73,1,3
10057,335233,61.65,1,3
10058,335266,98.03,1,4
10059,335300,97.86,1,4
10060,335333,91.24,1,4
10061,335366,92.01,1,4
10062,335400,91.37,1,4
10063,335433,84.47,1,4
10064,335466,82.67,1,4
10065,335500,81.5,1,4
10066,335533,83.71,1,4
10067,335566,81.34,1,4
10068,335600,63.56,1,3
10069,335633,68.17,1,3
10070,335666,43.75,1,2
10071,335700,41.41,1,2
10072,335733,67.79,1,3
10073,335766,40.41,1,2
10074,335800,38.25,1,2
10075,335833,63.35,1,3
10076,335866,39.57,1,2
10077,335900,37.56,1,2
10078,335933,59.8,1,3
10079,335966,41.65,1,2
10080,336000,39.67,1,2
10081,336033,59.53,1,3
10082,336066,44.18,1,2
10083,336100,42.05,1,2
10084,336133,56.2,1,3
10085,336166,52.3,1,3
10086,336200,50.13,1,3
10087,336233,53.23,1,3
10088,336266,58.27,1,3
10089,336300,57.62,1,3
10090,336333,43.31,1,2
10091,336366,66.01,1,3
10092,336400,64.95,1,3
10093,336433,48,1,2
10094,336466,74.21,1,3
10095,336500,72.79,1,3
10096,336533,39.2,1,2
10097,336566,71.16,1,3
10098,336600,69.39,1,3
10099,336633,36.52,1,2
10100,336666,67.98,1,3
10101,336700,66.43,1,3
10102,336733,33.87,1,2
10103,336766,69.02,1,3
10104,336800,67.45,1,3
10105,336833,44.19,1,2
10106,336866,70.78,1,3
10107,336900,69.57,1,3
10108,336933,49.73,1,2
10109,336966,65.73,1,3
10110,337000,63.71,1,3
10111,337033,52.84,1,3
10112,337066,59.25,1,3
10113,337100,57.21,1,3
10114,337133,52.92,1,3
10115,337166,46.98,1,2
10116,337200,45.38,1,2
10117,337233,56.75,1,3
10118,337266,36.49,1,2
10119,337300,35.04,1,2
10120,337333,58.37,1,3
10121,337366,30.28,1,2
10122,337400,28.69,1,2
10123,337433,57.67,1,3
10124,337466,30.51,1,2
10125,337500,29.18,1,2
10126,337533,55.5,1,3
10127,337566,34.63,1,2
10128,337600,33.62,1,2
10129,337633,55.99,1,3
10130,337666,38.3,1,2
10131,337700,36.72,1,2
10132,337733,58.8,1,3
10133,337766,46.84,1,2
10134,337800,45.59,1,2
10135,337833,53.53,1,3
10136,337866,57.64,1,3
10137,337900,56.82,1,3
10138,337933,44.94,1,2
10139,337966,59.55,1,3
10140,338000,58.51,1,3
10141,338033,38.51,1,2
10142,338066,71.1,1,3
10143,338100,69.28,1,3
10144,338133,39.31,1,2
10145,338166,71.25,1,3
10146,338200,68.67,1,3
10147,338233,40.24,1,2
10148,338266,74.39,1,3
10149,338300,73.54,1,3
10150,338333,35.41,1,2
10151,338366,66.48,1,3
10152,338400,65.84,1,3
10153,338433,37.87,1,2
10154,338466,69.09,1,3
10155,338500,68.15,1,3
10156,338533,42.83,1,2
10157,338566,67.71,1,3
10158,338600,66.31,1,3
10159,338633,52.41,1,3
10160,338666,63.27,1,3
10161,338700,61.46,1,3
10162,338733,52.52,1,3
10163,338766,46.01,1,2
10164,338800,43.91,1,2
10165,338833,55.69,1,3
10166,338866,38.76,1,2
10167,338900,37.26,1,2
10168,338933,56.42,1,3
10169,338966,30.86,1,2
10170,339000,29.46,1,2
10171,339033,57.83,1,3
10172,339066,28.74,1,2
10173,339100,27.93,1,2
10174,339133,57.01,1,3
10175,339166,30.55,1,2
10176,339200,29.32,1,2
10177,339233,58.75,1,3
10178,339266,86.82,1,4
10179,339300,84.91,1,4
10180,339333,88.85,1,4
10181,339366,78.53,1,4
10182,339400,75.23,1,4
10183,339433,88.54,1,4
10184,339466,78.09,1,4
10185,339500,75.5,1,4
10186,339533,75.57,1,4
10187,339566,80.06,1,4
10188,339600,66.5,1,3
10189,339633,52.6,1,3
10190,339666,70.56,1,3
10191,339700,68.5,1,3
10192,339733,47.95,1,2
10193,339766,77.92,1,4
10194,339800,75.55,1,4
10195,339833,40.44,1,2
10196,339866,73.41,1,3
10197,339900,72.22,1,3
10198,339933,36.91,1,2
10199,339966,70.31,1,3
10200,340000,69.11,1,3
10201,340033,34.04,1,2
10202,340066,67.18,1,3
10203,340100,66.17,1,3
10204,340133,32.49,1,2
10205,340166,69.68,1,3
10206,340200,66.52,1,3
10207,340233,45.51,1,2
10208,340266,62.27,1,3
10209,340300,60.63,1,3
10210,340333,48.33,1,2
10211,340366,54.32,1,3
10212,340400,52.99,1,3
10213,340433,53.06,1,3
10214,340466,43.39,1,2
10215,340500,41.18,1,2
10216,340533,55.54,1,3
10217,340566,33.72,1,2
10218,340600,32.19,1,2
10219,340633,57.95,1,3
10220,340666,32.38,1,2
10221,340700,30.55,1,2
10222,340733,56.3,1,3
10223,340766,29.29,1,2
10224,340800,27.88,1,2
10225,340833,56.14,1,3
10226,340866,31.13,1,2
10227,340900,29.98,1,2
10228,340933,56.72,1,3
10229,340966,36.95,1,2
10230,341000,35.86,1,2
10231,341033,60.25,1,3
10232,341066,50.59,1,3
10233,341100,49.37,1,2
10234,341133,56.45,1,3
10235,341166,56.89,1,3
10236,341200,55.69,1,3
10237,341233,46.64,1,2
10238,341266,59.12,1,3
10239,341300,57.69,1,3
10240,341333,39.25,1,2
10241,341366,63.25,1,3
10242,341400,62.37,1,3
10243,341433,37.42,1,2
10244,341466,70.19,1,3
10245,341500,69.67,1,3
10246,341533,30.71,1,2
10247,341566,67.74,1,3
10248,341600,66.85,1,3
10249,341633,33.84,1,2
10250,341666,69.09,1,3
10251,341700,67.91,1,3
10252,341733,33.52,1,2
10253,341766,63.27,1,3
10254,341800,62.05,1,3
10255,341833,37.89,1,2
10256,341866,59.09,1,3
10257,341900,56.82,1,3
10258,341933,45.54,1,2
10259,341966,56.72,1,3
10260,342000,53.45,1,3
10261,342033,47.74,1,2
10262,342066,48.22,1,2
10263,342100,46.25,1,2
10264,342133,53.24,1,3
10265,342166,42.25,1,2
10266,342200,39.7,1,2
10267,342233,58.35,1,3
10268,342266,35.45,1,2
10269,342300,33.22,1,2
10270,342333,59.02,1,3
10271,342366,31.8,1,2
10272,342400,30.33,1,2
10273,342433,58.47,1,3
10274,342466,30.44,1,2
10275,342500,29.07,1,2
10276,342533,54.92,1,3
10277,342566,35.31,1,2
10278,342600,33.97,1,2
10279,342633,59.33,1,3
10280,342666,41.37,1,2
10281,342700,39.62,1,2
10282,342733,58.21,1,3
10283,342766,51.94,1,3
10284,342800,50.27,1,3
10285,342833,49.36,1,2
10286,342866,60.24,1,3
10287,342900,56.99,1,3
10288,342933,44.08,1,2
10289,342966,63.04,1,3
10290,343000,60.21,1,3
10291,343033,33.91,1,2
10292,343066,63.1,1,3
10293,343100,62.58,1,3
10294,343133,34.08,1,2
10295,343166,62.82,1,3
10296,343200,62.22,1,3
10297,343233,29.82,1,2
10298,343266,94.25,1,4
10299,343300,93.82,1,4
10300,343333,65.8,1,3
10301,343366,89.53,1,4
10302,343400,88.17,1,4
10303,343433,64.44,1,3
10304,343466,87.37,1,4
10305,343500,85.78,1,4
10306,343533,67.56,1,3
10307,343566,79.09,1,4
10308,343600,63.9,1,3
10309,343633,53.34,1,3
10310,343666,55.06,1,3
10311,343700,51.31,1,3
10312,343733,56.01,1,3
10313,343766,46.1,1,2
10314,343800,44.52,1,2
10315,343833,62.03,1,3
10316,343866,40.16,1,2
10317,343900,38.62,1,2
10318,343933,68.17,1,3
10319,343966,40.24,1,2
10320,344000,38.42,1,2
10321,344033,63.76,1,3
10322,344066,33.85,1,2
10323,344100,31.78,1,2
10324,344133,59.93,1,3
10325,344166,35.48,1,2
10326,344200,34.02,1,2
10327,344233,59.04,1,3
10328,344266,40.95,1,2
10329,344300,38.84,1,2
10330,344333,64.09,1,3
10331,344366,53.85,1,3
10332,344400,51.76,1,3
10333,344433,57.78,1,3
10334,344466,56.09,1,3
10335,344500,54.84,1,3
10336,344533,45.95,1,2
10337,344566,60.26,1,3
10338,344600,58.64,1,3
10339,344633,37.28,1,2
10340,344666,62.34,1,3
10341,344700,61.89,1,3
10342,344733,30.52,1,2
10343,344766,61.38,1,3
10344,344800,60.7,1,3
10345,344833,25.6,1,2
10346,344866,59.22,1,3
10347,344900,58.8,1,3
10348,344933,23.49,1,1
10349,344966,57.79,1,3
10350,345000,57.36,1,3
10351,345033,29.31,1,2
10352,345066,62.72,1,3
10353,345100,61.49,1,3
10354,345133,40.08,1,2
10355,345166,61.63,1,3
10356,345200,57.47,1,3
10357,345233,50.65,1,3
10358,345266,54.6,1,3
10359,345300,53.24,1,3
10360,345333,50.7,1,3
10361,345366,50.31,1,3
10362,345400,48.68,1,2
10363,345433,54.43,1,3
10364,345466,44.78,1,2
10365,345500,42.12,1,2
10366,345533,59.26,1,3
10367,345566,39.18,1,2
10368,345600,37.43,1,2
10369,345633,64.13,1,3
10370,345666,35.75,1,2
10371,345700,33.88,1,2
10372,345733,58.73,1,3
10373,345766,32.21,1,2
10374,345800,30.52,1,2
10375,345833,55.88,1,3
10376,345866,37.42,1,2
10377,345900,36.18,1,2
10378,345933,56.65,1,3
10379,345966,41.8,1,2
10380,346000,40.28,1,2
10381,346033,51.65,1,3
10382,346066,54.41,1,3
10383,346100,53.52,1,3
10384,346133,46.54,1,2
10385,346166,54.98,1,3
10386,346200,54.33,1,3
10387,346233,38.22,1,2
10388,346266,57.67,1,3
10389,346300,56.84,1,3
10390,346333,32.61,1,2
10391,346366,59.68,1,3
10392,346400,58.43,1,3
10393,346433,26.99,1,2
10394,346466,61.01,1,3
10395,346500,60.45,1,3
10396,346533,27.41,1,2
10397,346566,60.79,1,3
10398,346600,60.13,1,3
10399,346633,25.96,1,2
10400,346666,58.43,1,3
10401,346700,57.22,1,3
10402,346733,42.26,1,2
10403,346766,62.49,1,3
10404,346800,61.42,1,3
10405,346833,48.09,1,2
10406,346866,61.99,1,3
10407,346900,60.58,1,3
10408,346933,54.11,1,3
10409,346966,53.53,1,3
10410,347000,52.09,1,3
10411,347033,56.03,1,3
10412,347066,41.67,1,2
10413,347100,39.41,1,2
10414,347133,68.13,1,3
10415,347166,40.07,1,2
10416,347200,38.43,1,2
10417,347233,63.11,1,3
10418,347266,90.75,1,4
10419,347300,89.97,1,4
10420,347333,96.55,1,4
10421,347366,66.23,1,3
10422,347400,63.75,1,3
10423,347433,87.17,1,4
10424,347466,66.32,1,3
10425,347500,62.42,1,3
10426,347533,82.66,1,4
10427,347566,62.08,1,3
10428,347600,44.88,1,2
10429,347633,58.13,1,3
10430,347666,50.14,1,3
10431,347700,47.89,1,2
10432,347733,50.89,1,3
10433,347766,57.2,1,3
10434,347800,55.6,1,3
10435,347833,43.17,1,2
10436,347866,58.31,1,3
10437,347900,57.45,1,3
10438,347933,38.87,1,2
10439,347966,62.81,1,3
10440,348000,61.61,1,3
10441,348033,32.96,1,2
10442,348066,63.75,1,3
10443,348100,62.98,1,3
10444,348133,30.74,1,2
10445,348166,64.24,1,3
10446,348200,62.98,1,3
10447,348233,32.14,1,2
10448,348266,63.58,1,3
10449,348300,61.75,1,3
10450,348333,35.96,1,2
10451,348366,67.83,1,3
10452,348400,66.57,1,3
10453,348433,52.53,1,3
10454,348466,72.42,1,3
10455,348500,70.99,1,3
10456,348533,61.21,1,3
10457,348566,65.6,1,3
10458,348600,63.91,1,3
10459,348633,56.66,1,3
10460,348666,50.37,1,3
10461,348700,49.01,1,2
10462,348733,57.85,1,3
10463,348766,36.89,1,2
10464,348800,34.92,1,2
10465,348833,59.46,1,3
10466,348866,35.28,1,2
10467,348900,33.73,1,2
10468,348933,61.71,1,3
10469,348966,34.34,1,2
10470,349000,32.5,1,2
10471,349033,58.25,1,3
10472,349066,31.59,1,2
10473,349100,30.42,1,2
10474,349133,53.9,1,3
10475,349166,34.3,1,2
10476,349200,32.86,1,2
10477,349233,52.39,1,3
10478,349266,43.13,1,2
10479,349300,42.05,1,2
10480,349333,49.09,1,2
10481,349366,47.84,1,2
10482,349400,46.84,1,2
10483,349433,43.98,1,2
10484,349466,55.62,1,3
10485,349500,54.58,1,3
10486,349533,37.18,1,2
10487,349566,57.39,1,3
10488,349600,56.61,1,3
10489,349633,34.46,1,2
10490,349666,63.3,1,3
10491,349700,62.83,1,3
10492,349733,33.12,1,2
10493,349766,66.03,1,3
10494,349800,65.65,1,3
10495,349833,28.97,1,2
10496,349866,63.89,1,3
10497,349900,62.83,1,3
10498,349933,33,1,2
10499,349966,63.88,1,3
10500,350000,68.08,1,3
10501,350033,48.64,1,2
10502,350066,72.33,1,3
10503,350100,69.8,1,3
10504,350133,55.72,1,3
10505,350166,68.33,1,3
10506,350200,65.84,1,3
10507,350233,63.71,1,3
10508,350266,55.84,1,3
10509,350300,53.77,1,3
10510,350333,53.85,1,3
10511,350366,43.36,1,2
10512,350400,41.85,1,2
10513,350433,59.34,1,3
10514,350466,37.88,1,2
10515,350500,36.1,1,2
10516,350533,61.58,1,3
10517,350566,41.25,1,2
10518,350600,39.58,1,2
10519,350633,58.64,1,3
10520,350666,38.03,1,2
10521,350700,36.21,1,2
10522,350733,60.14,1,3
10523,350766,42.96,1,2
10524,350800,41.75,1,2
10525,350833,58.86,1,3
10526,350866,46.17,1,2
10527,350900,44.47,1,2
10528,350933,59,1,3
10529,350966,54.61,1,3
10530,351000,53.78,1,3
10531,351033,54.81,1,3
10532,351066,57.98,1,3
10533,351100,57.44,1,3
10534,351133,47.83,1,2
10535,351166,59.62,1,3
10536,351200,58.66,1,3
10537,351233,44.24,1,2
10538,351266,96.8,1,4
10539,351300,96.7,1,4
10540,351333,87.93,1,4
10541,351366,95.33,1,4
10542,351400,95.14,1,4
10543,351433,72.03,1,3
10544,351466,94.23,1,4
10545,351500,91.06,1,4
10546,351533,69.54,1,3
10547,351566,89.45,1,4
10548,351600,79.96,1,4
10549,351633,53.76,1,3
10550,351666,73.67,1,3
10551,351700,71.14,1,3
10552,351733,57.98,1,3
10553,351766,79.85,1,4
10554,351800,74.32,1,3
10555,351833,62.98,1,3
10556,351866,66.41,1,3
10557,351900,64.18,1,3
10558,351933,61.69,1,3
10559,351966,58.86,1,3
10560,352000,57.02,1,3
10561,352033,61.73,1,3
10562,352066,47.78,1,2
10563,352100,45.47,1,2
10564,352133,58.73,1,3
10565,352166,43.25,1,2
10566,352200,41.52,1,2
10567,352233,59.18,1,3
10568,352266,39.33,1,2
10569,352300,37.65,1,2
10570,352333,58.49,1,3
10571,352366,39.72,1,2
10572,352400,37.5,1,2
10573,352433,57.22,1,3
10574,352466,42.06,1,2
10575,352500,40.14,1,2
10576,352533,58.98,1,3
10577,352566,50.43,1,3
10578,352600,49.11,1,2
10579,352633,63.23,1,3
10580,352666,54.69,1,3
10581,352700,52.92,1,3
10582,352733,55.85,1,3
10583,352766,60.71,1,3
10584,352800,60.16,1,3
10585,352833,48.55,1,2
10586,352866,68.01,1,3
10587,352900,67.43,1,3
10588,352933,50.49,1,3
10589,352966,72.84,1,3
10590,353000,71.98,1,3
10591,353033,46.45,1,2
10592,353066,70.02,1,3
10593,353100,68.96,1,3
10594,353133,42.03,1,2
10595,353166,69.14,1,3
10596,353200,68.24,1,3
10597,353233,42.31,1,2
10598,353266,66.34,1,3
10599,353300,65.45,1,3
10600,353333,47.15,1,2
10601,353366,68.16,1,3
10602,353400,67.18,1,3
10603,353433,55.57,1,3
10604,353466,64.99,1,3
10605,353500,62.59,1,3
10606,353533,58.09,1,3
10607,353566,57.89,1,3
10608,353600,55.92,1,3
10609,353633,56.25,1,3
10610,353666,49.99,1,2
10611,353700,48.35,1,2
10612,353733,57.35,1,3
10613,353766,40.43,1,2
10614,353800,38.96,1,2
10615,353833,59.18,1,3
10616,353866,36.79,1,2
10617,353900,35.48,1,2
10618,353933,58.96,1,3
10619,353966,39.07,1,2
10620,354000,38.06,1,2
10621,354033,60.02,1,3
10622,354066,45.07,1,2
10623,354100,43.8,1,2
10624,354133,61.73,1,3
10625,354166,46.37,1,2
10626,354200,44.81,1,2
10627,354233,67.28,1,3
10628,354266,59.42,1,3
10629,354300,57.46,1,3
10630,354333,64.61,1,3
10631,354366,65.27,1,3
10632,354400,64.56,1,3
10633,354433,59.21,1,3
10634,354466,68.21,1,3
10635,354500,66.81,1,3
10636,354533,49.52,1,2
10637,354566,68.81,1,3
10638,354600,66.88,1,3
10639,354633,41.74,1,2
10640,354666,68.7,1,3
10641,354700,67.86,1,3
10642,354733,42.01,1,2
10643,354766,72.95,1,3
10644,354800,72.5,1,3
10645,354833,42.69,1,2
10646,354866,68.26,1,3
10647,354900,67.28,1,3
10648,354933,41.62,1,2
10649,354966,62.55,1,3
10650,355000,61.75,1,3
10651,355033,44.82,1,2
10652,355066,64.51,1,3
10653,355100,63.13,1,3
10654,355133,50.32,1,3
10655,355166,57.48,1,3
10656,355200,56.28,1,3
10657,355233,53.51,1,3
10658,355266,95.48,1,4
10659,355300,95.16,1,4
10660,355333,91.02,1,4
10661,355366,78.76,1,4
10662,355400,77.42,1,4
10663,355433,90.46,1,4
10664,355466,69.99,1,3
10665,355500,67.44,1,3
10666,355533,87.17,1,4
10667,355566,65.12,1,3
10668,355600,41.95,1,2
10669,355633,60.72,1,3
10670,355666,40.18,1,2
10671,355700,38.5,1,2
10672,355733,58.67,1,3
10673,355766,43.25,1,2
10674,355800,40.95,1,2
10675,355833,58.75,1,3
10676,355866,49.95,1,2
10677,355900,49.02,1,2
10678,355933,62.13,1,3
10679,355966,61.09,1,3
10680,356000,60.57,1,3
10681,356033,65.97,1,3
10682,356066,69.65,1,3
10683,356100,68.51,1,3
10684,356133,65.54,1,3
10685,356166,68.31,1,3
10686,356200,67.03,1,3
10687,356233,48.27,1,2
10688,356266,69.06,1,3
10689,356300,68.04,1,3
10690,356333,39.63,1,2
10691,356366,65.26,1,3
10692,356400,64.42,1,3
10693,356433,35.21,1,2
10694,356466,66.38,1,3
10695,356500,65.19,1,3
10696,356533,39.17,1,2
10697,356566,67.86,1,3
10698,356600,67.01,1,3
10699,356633,43.6,1,2
10700,356666,69.94,1,3
10701,356700,68.97,1,3
10702,356733,46.02,1,2
10703,356766,65.32,1,3
10704,356800,64.1,1,3
10705,356833,52.76,1,3
10706,356866,57.9,1,3
10707,356900,55.19,1,3
10708,356933,57.79,1,3
10709,356966,47.3,1,2
10710,357000,45.18,1,2
10711,357033,58.82,1,3
10712,357066,42.36,1,2
10713,357100,41.64,1,2
10714,357133,57.91,1,3
10715,357166,41.51,1,2
10716,357200,40.28,1,2
10717,357233,57.74,1,3
10718,357266,36.56,1,2
10719,357300,35.32,1,2
10720,357333,58.82,1,3
10721,357366,35.39,1,2
10722,357400,33.82,1,2
10723,357433,58.71,1,3
10724,357466,44.05,1,2
10725,357500,42.67,1,2
10726,357533,57.38,1,3
10727,357566,50.14,1,3
10728,357600,48.7,1,2
10729,357633,56.64,1,3
10730,357666,55.47,1,3
10731,357700,54.67,1,3
10732,357733,53.8,1,3
10733,357766,58.21,1,3
10734,357800,57.52,1,3
10735,357833,40.17,1,2
10736,357866,59.89,1,3
10737,357900,59.06,1,3
10738,357933,35.11,1,2
10739,357966,62.15,1,3
10740,358000,61,1,3
10741,358033,34.8,1,2
10742,358066,60.8,1,3
10743,358100,60.13,1,3
10744,358133,34.44,1,2
10745,358166,62.59,1,3
10746,358200,60.68,1,3
10747,358233,36.23,1,2
10748,358266,63.31,1,3
10749,358300,61.62,1,3
10750,358333,52.67,1,3
10751,358366,69.88,1,3
10752,358400,69.15,1,3
10753,358433,54.06,1,3
10754,358466,68.51,1,3
10755,358500,67.28,1,3
10756,358533,60.6,1,3
10757,358566,62.24,1,3
10758,358600,59.66,1,3
10759,358633,63.96,1,3
10760,358666,51.76,1,3
10761,358700,49.1,1,2
10762,358733,61.45,1,3
10763,358766,47.24,1,2
10764,358800,45.65,1,2
10765,358833,62.17,1,3
10766,358866,42.47,1,2
10767,358900,40.68,1,2
10768,358933,60.87,1,3
10769,358966,45.72,1,2
10770,359000,44.55,1,2
10771,359033,69.79,1,3
10772,359066,51.51,1,3
10773,359100,49.96,1,2
10774,359133,73.3,1,3
10775,359166,58.51,1,3
10776,359200,57.09,1,3
10777,359233,64.52,1,3
10778,359266,95.71,1,4
10779,359300,95.38,1,4
10780,359333,87.19,1,4
10781,359366,90.15,1,4
10782,359400,89.12,1,4
10783,359433,86.92,1,4
10784,359466,92.34,1,4
10785,359500,89.82,1,4
10786,359533,79.33,1,4
10787,359566,90.92,1,4
10788,359600,80.42,1,4
10789,359633,51.62,1,3
10790,359666,75.17,1,4
10791,359700,73.17,1,3
10792,359733,39.99,1,2
10793,359766,67.19,1,3
10794,359800,65.28,1,3
10795,359833,35.61,1,2
10796,359866,66.3,1,3
10797,359900,64.9,1,3
10798,359933,38.31,1,2
10799,359966,61.92,1,3
10800,360000,61.11,1,3
10801,360033,45.96,1,2
10802,360066,63.26,1,3
10803,360100,61.65,1,3
10804,360133,53.49,1,3
10805,360166,56.64,1,3
10806,360200,54.52,1,3
10807,360233,59.16,1,3
10808,360266,54.62,1,3
10809,360300,52.68,1,3
10810,360333,61.06,1,3
10811,360366,47.33,1,2
10812,360400,44.81,1,2
10813,360433,66.37,1,3
10814,360466,39.86,1,2
10815,360500,38.29,1,2
10816,360533,62.13,1,3
10817,360566,37.53,1,2
10818,360600,35.66,1,2
10819,360633,69.33,1,3
10820,360666,49.12,1,2
10821,360700,47.28,1,2
10822,360733,73.2,1,3
10823,360766,53.82,1,3
10824,360800,52.98,1,3
10825,360833,69.71,1,3
10826,360866,58.98,1,3
10827,360900,57.25,1,3
10828,360933,61.01,1,3
10829,360966,57.24,1,3
10830,361000,55.93,1,3
10831,361033,48.59,1,2
10832,361066,59.89,1,3
10833,361100,58.72,1,3
10834,361133,46.44,1,2
10835,361166,60.17,1,3
10836,361200,58.29,1,3
10837,361233,41.39,1,2
10838,361266,65.24,1,3
10839,361300,63.75,1,3
10840,361333,33.13,1,2
10841,361366,62.91,1,3
10842,361400,62.17,1,3
10843,361433,31.62,1,2
10844,361466,62.45,1,3
10845,361500,61.36,1,3
10846,361533,34.22,1,2
10847,361566,62.97,1,3
10848,361600,61.16,1,3
10849,361633,41.1,1,2
10850,361666,61.68,1,3
10851,361700,61.43,1,3
10852,361733,47.51,1,2
10853,361766,56.61,1,3
10854,361800,55.94,1,3
10855,361833,55.65,1,3
10856,361866,61.11,1,3
10857,361900,59.91,1,3
10858,361933,68.31,1,3
10859,361966,59.22,1,3
10860,362000,56.53,1,3
10861,362033,65.65,1,3
10862,362066,45.22,1,2
10863,362100,43.56,1,2
10864,362133,64.35,1,3
10865,362166,46.26,1,2
10866,362200,44.7,1,2
10867,362233,63.08,1,3
10868,362266,43.5,1,2
10869,362300,42.01,1,2
10870,362333,72.88,1,3
10871,362366,50.73,1,3
10872,362400,49.36,1,2
10873,362433,72.15,1,3
10874,362466,60.18,1,3
10875,362500,57.04,1,3
10876,362533,66.61,1,3
10877,362566,55.58,1,3
10878,362600,53.8,1,3
10879,362633,55.31,1,3
10880,362666,54.88,1,3
10881,362700,53.76,1,3
10882,362733,49.17,1,2
10883,362766,58.23,1,3
10884,362800,56.3,1,3
10885,362833,41.49,1,2
10886,362866,59.28,1,3
10887,362900,58.77,1,3
10888,362933,37.52,1,2
10889,362966,61.76,1,3
10890,363000,61.25,1,3
10891,363033,30.78,1,2
10892,363066,59.91,1,3
10893,363100,59.51,1,3
10894,363133,31.9,1,2
10895,363166,59.63,1,3
10896,363200,58.34,1,3
10897,363233,35.72,1,2
10898,363266,95.5,1,4
10899,363300,95.12,1,4
10900,363333,84.47,1,4
10901,363366,93.79,1,4
10902,363400,92.67,1,4
10903,363433,84.34,1,4
10904,363466,90.17,1,4
10905,363500,87.81,1,4
10906,363533,83.25,1,4
10907,363566,79.98,1,4
10908,363600,56.27,1,3
10909,363633,60.45,1,3
10910,363666,52.34,1,3
10911,363700,50.22,1,3
10912,363733,60.77,1,3
10913,363766,40.49,1,2
10914,363800,39.24,1,2
10915,363833,62.37,1,3
10916,363866,42.53,1,2
10917,363900,41.26,1,2
10918,363933,61.47,1,3
10919,363966,38.59,1,2
10920,364000,37.14,1,2
10921,364033,61.11,1,3
10922,364066,45.26,1,2
10923,364100,44.47,1,2
10924,364133,62.03,1,3
10925,364166,53.46,1,3
10926,364200,51.04,1,3
10927,364233,61.09,1,3
10928,364266,56.34,1,3
10929,364300,55.64,1,3
10930,364333,59.52,1,3
10931,364366,59.7,1,3
10932,364400,58.32,1,3
10933,364433,49.34,1,2
10934,364466,62.47,1,3
10935,364500,61.88,1,3
10936,364533,42.38,1,2
10937,364566,64.67,1,3
10938,364600,63.52,1,3
10939,364633,36.81,1,2
10940,364666,66.78,1,3
10941,364700,65.71,1,3
10942,364733,35.9,1,2
10943,364766,63.76,1,3
10944,364800,62.76,1,3
10945,364833,37.55,1,2
10946,364866,68.49,1,3
10947,364900,68.27,1,3
10948,364933,41.54,1,2
10949,364966,67.97,1,3
10950,365000,67.48,1,3
10951,365033,51.71,1,3
10952,365066,64.65,1,3
10953,365100,62.89,1,3
10954,365133,58.13,1,3
10955,365166,60.79,1,3
10956,365200,58.47,1,3
10957,365233,61.21,1,3
10958,365266,55.53,1,3
10959,365300,53.46,1,3
10960,365333,65.49,1,3
10961,365366,53.67,1,3
10962,365400,51,1,3
10963,365433,72.45,1,3
10964,365466,50.41,1,3
10965,365500,48.09,1,2
10966,365533,70.44,1,3
10967,365566,46.43,1,2
10968,365600,45.14,1,2
10969,365633,79.46,1,4
10970,365666,53.1,1,3
10971,365700,51.13,1,3
10972,365733,71.79,1,3
10973,365766,55.69,1,3
10974,365800,53.93,1,3
10975,365833,68.7,1,3
10976,365866,56.23,1,3
10977,365900,53.7,1,3
10978,365933,60.72,1,3
10979,365966,60.48,1,3
10980,366000,57.92,1,3
10981,366033,54.34,1,3
10982,366066,62.38,1,3
10983,366100,60.81,1,3
10984,366133,46.81,1,2
10985,366166,74.21,1,3
10986,366200,72.89,1,3
10987,366233,46.61,1,2
10988,366266,69.34,1,3
10989,366300,68.43,1,3
10990,366333,42.75,1,2
10991,366366,73.63,1,3
10992,366400,72.72,1,3
10993,366433,39.93,1,2
10994,366466,68.83,1,3
10995,366500,67.93,1,3
10996,366533,42.87,1,2
10997,366566,71.82,1,3
10998,366600,70.1,1,3
10999,366633,47.11,1,2
11000,366666,74.32,1,3
11001,366700,72.55,1,3
11002,366733,54.71,1,3
11003,366766,64.86,1,3
11004,366800,62.95,1,3
11005,366833,56.76,1,3
11006,366866,54.83,1,3
11007,366900,52.81,1,3
11008,366933,67.06,1,3
11009,366966,56.11,1,3
11010,367000,52.09,1,3
11011,367033,63.67,1,3
11012,367066,46.39,1,2
11013,367100,44.88,1,2
11014,367133,71.03,1,3
11015,367166,42.08,1,2
11016,367200,40.49,1,2
11017,367233,68.5,1,3
11018,367266,92.76,1,4
11019,367300,92.1,1,4
11020,367333,92.37,1,4
11021,367366,71.66,1,3
11022,367400,70.1,1,3
11023,367433,90.72,1,4
11024,367466,75.42,1,4
11025,367500,73.32,1,3
11026,367533,82.71,1,4
11027,367566,74.28,1,3
11028,367600,60.17,1,3
11029,367633,63.33,1,3
11030,367666,64.67,1,3
11031,367700,62.17,1,3
11032,367733,52.4,1,3
11033,367766,68.71,1,3
11034,367800,67.17,1,3
11035,367833,49.87,1,2
11036,367866,73.18,1,3
11037,367900,71.84,1,3
11038,367933,41.83,1,2
11039,367966,70.27,1,3
11040,368000,71.29,1,3
11041,368033,40.38,1,2
11042,368066,69.14,1,3
11043,368100,67.88,1,3
11044,368133,35.66,1,2
11045,368166,67.36,1,3
11046,368200,64.66,1,3
11047,368233,34.77,1,2
11048,368266,65.47,1,3
11049,368300,63.87,1,3
11050,368333,45.42,1,2
11051,368366,61.17,1,3
11052,368400,59.07,1,3
11053,368433,46.41,1,2
11054,368466,58.27,1,3
11055,368500,56.21,1,3
11056,368533,53.82,1,3
11057,368566,51.69,1,3
11058,368600,49.77,1,2
11059,368633,57.89,1,3
11060,368666,47.16,1,2
11061,368700,45.48,1,2
11062,368733,58.34,1,3
11063,368766,39.21,1,2
11064,368800,37.62,1,2
11065,368833,60.26,1,3
11066,368866,37.23,1,2
11067,368900,35.82,1,2
11068,368933,58.95,1,3
11069,368966,35.32,1,2
11070,369000,33.33,1,2
11071,369033,60.23,1,3
11072,369066,42.37,1,2
11073,369100,40.79,1,2
11074,369133,61.07,1,3
11075,369166,48.11,1,2
11076,369200,47.16,1,2
11077,369233,60.49,1,3
11078,369266,58.64,1,3
11079,369300,56.89,1,3
11080,369333,68.31,1,3
11081,369366,59.8,1,3
11082,369400,58.99,1,3
11083,369433,55.69,1,3
11084,369466,65.27,1,3
11085,369500,62.37,1,3
11086,369533,40.38,1,2
11087,369566,65.92,1,3
11088,369600,63.42,1,3
11089,369633,35.84,1,2
11090,369666,76.51,1,4
11091,369700,75.29,1,4
11092,369733,37.32,1,2
11093,369766,70.1,1,3
11094,369800,69.19,1,3
11095,369833,34.86,1,2
11096,369866,66.76,1,3
11097,369900,65.39,1,3
11098,369933,39.14,1,2
11099,369966,62.59,1,3
11100,370000,61.27,1,3
11101,370033,41.04,1,2
11102,370066,60.7,1,3
11103,370100,58.57,1,3
11104,370133,53.37,1,3
11105,370166,56.58,1,3
11106,370200,55.17,1,3
11107,370233,55.5,1,3
11108,370266,48.83,1,2
11109,370300,47.39,1,2
11110,370333,58.22,1,3
11111,370366,43.13,1,2
11112,370400,41.47,1,2
11113,370433,58.03,1,3
11114,370466,42.75,1,2
11115,370500,41.79,1,2
11116,370533,62.07,1,3
11117,370566,38.17,1,2
11118,370600,36.63,1,2
11119,370633,60.93,1,3
11120,370666,36.29,1,2
11121,370700,34.97,1,2
11122,370733,60,1,3
11123,370766,45.36,1,2
11124,370800,43.83,1,2
11125,370833,67.44,1,3
11126,370866,53.54,1,3
11127,370900,52.12,1,3
11128,370933,67.35,1,3
11129,370966,64.4,1,3
11130,371000,63.1,1,3
11131,371033,56.1,1,3
11132,371066,61.93,1,3
11133,371100,60.78,1,3
11134,371133,47.33,1,2
11135,371166,64.85,1,3
11136,371200,63.61,1,3
11137,371233,36.74,1,2
11138,371266,97.24,1,4
11139,371300,97.22,1,4
11140,371333,68.83,1,3
11141,371366,95.44,1,4
11142,371400,95.42,1,4
11143,371433,64.5,1,3
11144,371466,88.92,1,4
11145,371500,86.41,1,4
11146,371533,63.79,1,3
11147,371566,84.75,1,4
11148,371600,69.97,1,3
11149,371633,42.06,1,2
11150,371666,66.53,1,3
11151,371700,64.67,1,3
11152,371733,53.17,1,3
11153,371766,70.45,1,3
11154,371800,69.43,1,3
11155,371833,58.76,1,3
11156,371866,59.13,1,3
11157,371900,57.29,1,3
11158,371933,60.22,1,3
11159,371966,51.06,1,3
11160,372000,49.71,1,2
11161,372033,69.31,1,3
11162,372066,52.61,1,3
11163,372100,50.38,1,3
11164,372133,69.66,1,3
11165,372166,50.65,1,3
11166,372200,49.4,1,2
11167,372233,71.26,1,3
11168,372266,39.8,1,2
11169,372300,39.08,1,2
11170,372333,61.44,1,3
11171,372366,41.34,1,2
11172,372400,40.18,1,2
11173,372433,61.89,1,3
11174,372466,47.43,1,2
11175,372500,45.27,1,2
11176,372533,61.43,1,3
11177,372566,51.62,1,3
11178,372600,50.15,1,3
11179,372633,61.59,1,3
11180,372666,63.36,1,3
11181,372700,61.49,1,3
11182,372733,47.43,1,2
11183,372766,64.06,1,3
11184,372800,62.99,1,3
11185,372833,39.77,1,2
11186,372866,61.79,1,3
11187,372900,60.84,1,3
11188,372933,35.4,1,2
11189,372966,62.75,1,3
11190,373000,61.73,1,3
11191,373033,30.61,1,2
11192,373066,61.42,1,3
11193,373100,60.74,1,3
11194,373133,29.7,1,2
11195,373166,62.82,1,3
11196,373200,62.02,1,3
11197,373233,32.8,1,2
11198,373266,63.57,1,3
11199,373300,63.23,1,3
11200,373333,44.36,1,2
11201,373366,64.37,1,3
11202,373400,62.82,1,3
11203,373433,57.48,1,3
11204,373466,58.68,1,3
11205,373500,57.29,1,3
11206,373533,55.11,1,3
11207,373566,48.55,1,2
11208,373600,46.81,1,2
11209,373633,59.38,1,3
11210,373666,44.51,1,2
11211,373700,43.27,1,2
11212,373733,71.21,1,3
11213,373766,48.74,1,2
11214,373800,46.47,1,2
11215,373833,70.56,1,3
11216,373866,51.71,1,3
11217,373900,49.81,1,2
11218,373933,65.1,1,3
11219,373966,39.12,1,2
11220,374000,37.59,1,2
11221,374033,59.03,1,3
11222,374066,40.64,1,2
11223,374100,39.26,1,2
11224,374133,58.19,1,3
11225,374166,45.89,1,2
11226,374200,44.79,1,2
11227,374233,56.43,1,3
11228,374266,55.11,1,3
11229,374300,54.08,1,3
11230,374333,50.95,1,3
11231,374366,59.14,1,3
11232,374400,57.44,1,3
11233,374433,43.28,1,2
11234,374466,61.08,1,3
11235,374500,60.63,1,3
11236,374533,37.05,1,2
11237,374566,61.78,1,3
11238,374600,61.17,1,3
11239,374633,32.97,1,2
11240,374666,61.93,1,3
11241,374700,61.62,1,3
11242,374733,30.19,1,2
11243,374766,61.67,1,3
11244,374800,61.2,1,3
11245,374833,32.57,1,2
11246,374866,65.99,1,3
11247,374900,64.35,1,3
11248,374933,42.06,1,2
11249,374966,78.92,1,4
11250,375000,82.9,1,4
11251,375033,65.63,1,3
11252,375066,77.94,1,4
11253,375100,76.45,1,4
11254,375133,71.99,1,3
11255,375166,65.77,1,3
11256,375200,64.66,1,3
11257,375233,59.9,1,3
11258,375266,99.2,1,4
11259,375300,97.49,1,4
11260,375333,95.63,1,4
11261,375366,79.92,1,4
11262,375400,78.48,1,4
11263,375433,94.59,1,4
11264,375466,73.12,1,3
11265,375500,70.66,1,3
11266,375533,86.54,1,4
11267,375566,66.4,1,3
11268,375600,45.34,1,2
11269,375633,66.87,1,3
11270,375666,44.02,1,2
11271,375700,41.67,1,2
11272,375733,57.62,1,3
11273,375766,43.62,1,2
11274,375800,41.14,1,2
11275,375833,62.4,1,3
11276,375866,54.08,1,3
11277,375900,52.85,1,3
11278,375933,53.66,1,3
11279,375966,60.35,1,3
11280,376000,58.89,1,3
11281,376033,54.11,1,3
11282,376066,63.12,1,3
11283,376100,59.9,1,3
11284,376133,35.04,1,2
11285,376166,68.18,1,3
11286,376200,67.36,1,3
11287,376233,43.43,1,2
11288,376266,67.49,1,3
11289,376300,66.18,1,3
11290,376333,31.86,1,2
11291,376366,66.65,1,3
11292,376400,65.73,1,3
11293,376433,39.14,1,2
11294,376466,67.27,1,3
11295,376500,66.47,1,3
11296,376533,38.28,1,2
11297,376566,71.8,1,3
11298,376600,70.09,1,3
11299,376633,63.24,1,3
11300,376666,84.05,1,4
11301,376700,83.17,1,4
11302,376733,65.82,1,3
11303,376766,70.81,1,3
11304,376800,69.13,1,3
11305,376833,70.98,1,3
11306,376866,52.46,1,3
11307,376900,50.85,1,3
11308,376933,58.41,1,3
11309,376966,45.79,1,2
11310,377000,43.53,1,2
11311,377033,64.29,1,3
11312,377066,42.95,1,2
11313,377100,41.38,1,2
11314,377133,62.38,1,3
11315,377166,37.18,1,2
11316,377200,35.56,1,2
11317,377233,61.72,1,3
11318,377266,35.89,1,2
11319,377300,34.48,1,2
11320,377333,56.54,1,3
11321,377366,40.36,1,2
11322,377400,38.84,1,2
11323,377433,59.92,1,3
11324,377466,51.08,1,3
11325,377500,49.79,1,2
11326,377533,54.91,1,3
11327,377566,58.58,1,3
11328,377600,55.55,1,3
11329,377633,55.86,1,3
11330,377666,62.32,1,3
11331,377700,60.46,1,3
11332,377733,40.01,1,2
11333,377766,69.42,1,3
11334,377800,68.68,1,3
11335,377833,45.3,1,2
11336,377866,74.11,1,3
11337,377900,73.05,1,3
11338,377933,41.27,1,2
11339,377966,71.55,1,3
11340,378000,70.64,1,3
11341,378033,44.77,1,2
11342,378066,69.67,1,3
11343,378100,68.82,1,3
11344,378133,38.46,1,2
11345,378166,65.5,1,3
11346,378200,64.04,1,3
11347,378233,50.22,1,3
11348,378266,71.36,1,3
11349,378300,67.52,1,3
11350,378333,56.58,1,3
11351,378366,58.11,1,3
11352,378400,56.31,1,3
11353,378433,64.79,1,3
11354,378466,50.8,1,3
11355,378500,49.59,1,2
11356,378533,57.38,1,3
11357,378566,47.13,1,2
11358,378600,44.61,1,2
11359,378633,61,1,3
11360,378666,37.89,1,2
11361,378700,36.73,1,2
11362,378733,59.79,1,3
11363,378766,34.37,1,2
11364,378800,33.14,1,2
11365,378833,60.72,1,3
11366,378866,34.93,1,2
11367,378900,33.67,1,2
11368,378933,53.9,1,3
11369,378966,41.89,1,2
11370,379000,41.07,1,2
11371,379033,60.4,1,3
11372,379066,49.9,1,2
11373,379100,47.74,1,2
11374,379133,57.66,1,3
11375,379166,55.24,1,3
11376,379200,54.39,1,3
11377,379233,54,1,3
11378,379266,94.58,1,4
11379,379300,94.22,1,4
11380,379333,73.48,1,3
11381,379366,91.82,1,4
11382,379400,89.59,1,4
11383,379433,67.96,1,3
11384,379466,90.38,1,4
11385,379500,89.13,1,4
11386,379533,63.9,1,3
11387,379566,89.19,1,4
11388,379600,80.36,1,4
11389,379633,50.06,1,3
11390,379666,79.02,1,4
11391,379700,76.75,1,4
11392,379733,46.85,1,2
11393,379766,67.59,1,3
11394,379800,66.28,1,3
11395,379833,46.88,1,2
11396,379866,68.06,1,3
11397,379900,66.32,1,3
11398,379933,54.98,1,3
11399,379966,65.7,1,3
11400,380000,64.34,1,3
11401,380033,60.03,1,3
11402,380066,55.73,1,3
11403,380100,53.8,1,3
11404,380133,60.77,1,3
11405,380166,47.42,1,2
11406,380200,44.44,1,2
11407,380233,60.07,1,3
11408,380266,36.09,1,2
11409,380300,34.89,1,2
11410,380333,58.6,1,3
11411,380366,35.22,1,2
11412,380400,34.35,1,2
11413,380433,58.51,1,3
11414,380466,37.83,1,2
11415,380500,36.82,1,2
11416,380533,57.68,1,3
11417,380566,42.71,1,2
11418,380600,41.42,1,2
11419,380633,61.28,1,3
11420,380666,53.31,1,3
11421,380700,52.63,1,3
11422,380733,60.16,1,3
11423,380766,61.76,1,3
11424,380800,58.97,1,3
11425,380833,63.55,1,3
11426,380866,61.92,1,3
11427,380900,60.5,1,3
11428,380933,47.83,1,2
11429,380966,63.5,1,3
11430,381000,62.14,1,3
11431,381033,39.76,1,2
11432,381066,69.42,1,3
11433,381100,66.66,1,3
11434,381133,37.13,1,2
11435,381166,70.62,1,3
11436,381200,69.25,1,3
11437,381233,40.19,1,2
11438,381266,70.86,1,3
11439,381300,69.4,1,3
11440,381333,35.38,1,2
11441,381366,64.67,1,3
11442,381400,63.7,1,3
11443,381433,40.6,1,2
11444,381466,60.32,1,3
11445,381500,59.2,1,3
11446,381533,43.53,1,2
11447,381566,55.98,1,3
11448,381600,54.69,1,3
11449,381633,56.6,1,3
11450,381666,52.59,1,3
11451,381700,51.4,1,3
11452,381733,56.64,1,3
11453,381766,43.19,1,2
11454,381800,41.74,1,2
11455,381833,58.37,1,3
11456,381866,40.53,1,2
11457,381900,39.4,1,2
11458,381933,62.71,1,3
11459,381966,39.68,1,2
11460,382000,38.27,1,2
11461,382033,61.38,1,3
11462,382066,39.03,1,2
11463,382100,37.23,1,2
11464,382133,58.84,1,3
11465,382166,39.04,1,2
11466,382200,37.97,1,2
11467,382233,57.18,1,3
11468,382266,45.49,1,2
11469,382300,44.21,1,2
11470,382333,66.12,1,3
11471,382366,58.94,1,3
11472,382400,57.6,1,3
11473,382433,59.37,1,3
11474,382466,62.57,1,3
11475,382500,61.08,1,3
11476,382533,46.06,1,2
11477,382566,63.39,1,3
11478,382600,62.85,1,3
11479,382633,38.37,1,2
11480,382666,62.21,1,3
11481,382700,61.32,1,3
11482,382733,35.36,1,2
11483,382766,64.41,1,3
11484,382800,63.7,1,3
11485,382833,32.4,1,2
11486,382866,62.98,1,3
11487,382900,62.34,1,3
11488,382933,33.53,1,2
11489,382966,59.22,1,3
11490,383000,58.81,1,3
11491,383033,33.22,1,2
11492,383066,60.15,1,3
11493,383100,59.23,1,3
11494,383133,42.69,1,2
11495,383166,58.82,1,3
11496,383200,56.76,1,3
11497,383233,50.08,1,3
11498,383266,96.28,1,4
11499,383300,96.23,1,4
11500,383333,90.9,1,4
11501,383366,82.94,1,4
11502,383400,78.22,1,4
11503,383433,93.84,1,4
11504,383466,74.95,1,3
11505,383500,71.86,1,3
11506,383533,92.65,1,4
11507,383566,73.36,1,3
11508,383600,61.56,1,3
11509,383633,79.55,1,4
11510,383666,53.63,1,3
11511,383700,50.41,1,3
11512,383733,74.95,1,3
11513,383766,48.88,1,2
11514,383800,46.36,1,2
11515,383833,64.24,1,3
11516,383866,48.79,1,2
11517,383900,47.69,1,2
11518,383933,60.25,1,3
11519,383966,59.44,1,3
11520,384000,57.98,1,3
11521,384033,61.07,1,3
11522,384066,60.52,1,3
11523,384100,58.35,1,3
11524,384133,53.54,1,3
11525,384166,63.75,1,3
11526,384200,61.79,1,3
11527,384233,42.82,1,2
11528,384266,63.07,1,3
11529,384300,62.29,1,3
11530,384333,34.9,1,2
11531,384366,65.03,1,3
11532,384400,64.27,1,3
11533,384433,34.1,1,2
11534,384466,64.5,1,3
11535,384500,63.95,1,3
11536,384533,37.31,1,2
11537,384566,65.3,1,3
11538,384600,64.63,1,3
11539,384633,33.35,1,2
11540,384666,65.88,1,3
11541,384700,64.5,1,3
11542,384733,46.81,1,2
11543,384766,72.43,1,3
11544,384800,71.44,1,3
11545,384833,63.24,1,3
11546,384866,68.9,1,3
11547,384900,67.85,1,3
11548,384933,60.36,1,3
11549,384966,55.67,1,3
11550,385000,53.93,1,3
11551,385033,62.9,1,3
11552,385066,49.05,1,2
11553,385100,46.88,1,2
11554,385133,68.05,1,3
11555,385166,50.06,1,3
11556,385200,48.39,1,2
11557,385233,73.09,1,3
11558,385266,53.2,1,3
11559,385300,51.67,1,3
11560,385333,69.45,1,3
11561,385366,45.44,1,2
11562,385400,43.66,1,2
11563,385433,64.28,1,3
11564,385466,41.65,1,2
11565,385500,40.42,1,2
11566,385533,55.33,1,3
11567,385566,50.24,1,3
11568,385600,48.84,1,2
11569,385633,55.58,1,3
11570,385666,55.72,1,3
11571,385700,54.23,1,3
11572,385733,50.49,1,3
11573,385766,59.2,1,3
11574,385800,57.95,1,3
11575,385833,43.21,1,2
11576,385866,61.41,1,3
11577,385900,60.64,1,3
11578,385933,37,1,2
11579,385966,64.26,1,3
11580,386000,63.76,1,3
11581,386033,31.88,1,2
11582,386066,66.61,1,3
11583,386100,65.7,1,3
11584,386133,35.11,1,2
11585,386166,63.6,1,3
11586,386200,62.49,1,3
11587,386233,38.32,1,2
11588,386266,66.79,1,3
11589,386300,65.05,1,3
11590,386333,51.18,1,3
11591,386366,79.52,1,4
11592,386400,78.48,1,4
11593,386433,62.26,1,3
11594,386466,74.65,1,3
11595,386500,73.78,1,3
11596,386533,71.38,1,3
11597,386566,63.84,1,3
11598,386600,62.57,1,3
11599,386633,64.73,1,3
11600,386666,50.52,1,3
11601,386700,48.96,1,2
11602,386733,64.66,1,3
11603,386766,45.78,1,2
11604,386800,41.94,1,2
11605,386833,63.66,1,3
11606,386866,42.79,1,2
11607,386900,39.96,1,2
11608,386933,66.07,1,3
11609,386966,36.9,1,2
11610,387000,35.64,1,2
11611,387033,60.39,1,3
11612,387066,41.34,1,2
11613,387100,40.04,1,2
11614,387133,58.74,1,3
11615,387166,46.1,1,2
11616,387200,44.08,1,2
11617,387233,54.02,1,3
11618,387266,95.22,1,4
11619,387300,94.57,1,4
11620,387333,89.32,1,4
11621,387366,87.65,1,4
11622,387400,86.42,1,4
11623,387433,77.76,1,4
11624,387466,92.3,1,4
11625,387500,89.72,1,4
11626,387533,65.1,1,3
11627,387566,92.74,1,4
11628,387600,84.01,1,4
11629,387633,48.53,1,2
11630,387666,79.1,1,4
11631,387700,77.28,1,4
11632,387733,48.22,1,2
11633,387766,78.03,1,4
11634,387800,75.31,1,4
11635,387833,43.13,1,2
11636,387866,71.13,1,3
11637,387900,70.07,1,3
11638,387933,48.87,1,2
11639,387966,77.24,1,4
11640,388000,75.96,1,4
11641,388033,59.23,1,3
11642,388066,75.67,1,4
11643,388100,73.23,1,3
11644,388133,70.24,1,3
11645,388166,66.4,1,3
11646,388200,64.67,1,3
11647,388233,62.38,1,3
11648,388266,48.72,1,2
11649,388300,46.15,1,2
11650,388333,61.43,1,3
11651,388366,39.25,1,2
11652,388400,37.05,1,2
11653,388433,62.31,1,3
11654,388466,35.46,1,2
11655,388500,34.36,1,2
11656,388533,63.03,1,3
11657,388566,36.05,1,2
11658,388600,34.66,1,2
11659,388633,59.08,1,3
11660,388666,43.93,1,2
11661,388700,42.96,1,2
11662,388733,58.27,1,3
11663,388766,45.22,1,2
11664,388800,44.2,1,2
11665,388833,59.26,1,3
11666,388866,54.34,1,3
11667,388900,52.23,1,3
11668,388933,56.73,1,3
11669,388966,61.7,1,3
11670,389000,60.72,1,3
11671,389033,47.29,1,2
11672,389066,65.3,1,3
11673,389100,63.21,1,3
11674,389133,40.34,1,2
11675,389166,74.58,1,3
11676,389200,73.63,1,3
11677,389233,42.78,1,2
11678,389266,76.2,1,4
11679,389300,75.57,1,4
11680,389333,41.75,1,2
11681,389366,78.18,1,4
11682,389400,77.71,1,4
11683,389433,43.7,1,2
11684,389466,69.9,1,3
11685,389500,68.86,1,3
11686,389533,41.46,1,2
11687,389566,67.97,1,3
11688,389600,66.96,1,3
11689,389633,50.25,1,3
11690,389666,69.06,1,3
11691,389700,67.81,1,3
11692,389733,57,1,3
11693,389766,61.15,1,3
11694,389800,58.66,1,3
11695,389833,62.48,1,3
11696,389866,49.45,1,2
11697,389900,47.77,1,2
11698,389933,59.15,1,3
11699,389966,42.53,1,2
11700,390000,41.39,1,2
11701,390033,61.03,1,3
11702,390066,38.2,1,2
11703,390100,36.61,1,2
11704,390133,61,1,3
11705,390166,35.74,1,2
11706,390200,34.79,1,2
11707,390233,60.93,1,3
11708,390266,33.93,1,2
11709,390300,32.6,1,2
11710,390333,59.37,1,3
11711,390366,43.59,1,2
11712,390400,41.79,1,2
11713,390433,59.88,1,3
11714,390466,53.79,1,3
11715,390500,52.48,1,3
11716,390533,66.43,1,3
11717,390566,63.3,1,3
11718,390600,61.63,1,3
11719,390633,55.4,1,3
11720,390666,64.52,1,3
11721,390700,63.1,1,3
11722,390733,45.73,1,2
11723,390766,65.76,1,3
11724,390800,65,1,3
11725,390833,42.37,1,2
11726,390866,69.84,1,3
11727,390900,69.09,1,3
11728,390933,39.86,1,2
11729,390966,67.88,1,3
11730,391000,67.22,1,3
11731,391033,35.48,1,2
11732,391066,68.57,1,3
11733,391100,68.29,1,3
11734,391133,37.26,1,2
11735,391166,64.19,1,3
11736,391200,63.8,1,3
11737,391233,36.92,1,2
11738,391266,95.25,1,4
11739,391300,94.72,1,4
11740,391333,80.63,1,4
11741,391366,89.33,1,4
11742,391400,88.38,1,4
11743,391433,81.81,1,4
11744,391466,81.44,1,4
11745,391500,79.61,1,4
11746,391533,79.45,1,4
11747,391566,68.81,1,3
11748,391600,51.04,1,3
11749,391633,67.1,1,3
11750,391666,53.05,1,3
11751,391700,49.14,1,2
11752,391733,71.73,1,3
11753,391766,47.66,1,2
11754,391800,45.72,1,2
11755,391833,69.51,1,3
11756,391866,41.35,1,2
11757,391900,38.79,1,2
11758,391933,67.44,1,3
11759,391966,44.25,1,2
11760,392000,40.73,1,2
11761,392033,63.82,1,3
11762,392066,52.77,1,3
11763,392100,50.38,1,3
11764,392133,72.34,1,3
11765,392166,65.44,1,3
11766,392200,64.72,1,3
11767,392233,63.61,1,3
11768,392266,64.3,1,3
11769,392300,62.87,1,3
11770,392333,49.86,1,2
11771,392366,62.93,1,3
11772,392400,61.46,1,3
11773,392433,39.41,1,2
11774,392466,66.85,1,3
11775,392500,65.13,1,3
11776,392533,37.19,1,2
11777,392566,67.01,1,3
11778,392600,66.37,1,3
11779,392633,32.6,1,2
11780,392666,62.72,1,3
11781,392700,62.09,1,3
11782,392733,34.53,1,2
11783,392766,61.77,1,3
11784,392800,61.26,1,3
11785,392833,38.18,1,2
11786,392866,63.29,1,3
11787,392900,62.47,1,3
11788,392933,46.21,1,2
11789,392966,62.58,1,3
11790,393000,61.89,1,3
11791,393033,52.16,1,3
11792,393066,52.86,1,3
11793,393100,50.95,1,3
11794,393133,55.73,1,3
11795,393166,49.04,1,2
11796,393200,47.49,1,2
11797,393233,63.83,1,3
11798,393266,52.69,1,3
11799,393300,51.32,1,3
11800,393333,70.89,1,3
11801,393366,49.93,1,2
11802,393400,47.78,1,2
11803,393433,66.17,1,3
11804,393466,39.22,1,2
11805,393500,37.7,1,2
11806,393533,62.26,1,3
11807,393566,38.39,1,2
11808,393600,36.96,1,2
11809,393633,63.13,1,3
11810,393666,40.91,1,2
11811,393700,39.26,1,2
11812,393733,62.4,1,3
11813,393766,50.19,1,3
11814,393800,49.02,1,2
11815,393833,60.82,1,3
11816,393866,57.31,1,3
11817,393900,55.39,1,3
11818,393933,50,1,2
11819,393966,56.71,1,3
11820,394000,55.75,1,3
11821,394033,44.78,1,2
11822,394066,65.13,1,3
11823,394100,64.42,1,3
11824,394133,36.31,1,2
11825,394166,63.24,1,3
11826,394200,62.47,1,3
11827,394233,29.97,1,2
11828,394266,64.75,1,3
11829,394300,64.25,1,3
11830,394333,32.05,1,2
11831,394366,63,1,3
11832,394400,62.53,1,3
11833,394433,38.03,1,2
11834,394466,66.12,1,3
11835,394500,65.31,1,3
11836,394533,43.08,1,2
11837,394566,62.95,1,3
11838,394600,60.92,1,3
11839,394633,49.95,1,2
11840,394666,56.39,1,3
11841,394700,54.87,1,3
11842,394733,55.56,1,3
11843,394766,49.23,1,2
11844,394800,47.9,1,2
11845,394833,58.98,1,3
11846,394866,52.14,1,3
11847,394900,49.96,1,2
11848,394933,68.44,1,3
11849,394966,47.83,1,2
11850,395000,46.32,1,2
11851,395033,65.17,1,3
11852,395066,41.83,1,2
11853,395100,40.51,1,2
11854,395133,60.53,1,3
11855,395166,37.4,1,2
11856,395200,36.52,1,2
11857,395233,60.04,1,3
11858,395266,88.3,1,4
11859,395300,86.45,1,4
11860,395333,89.98,1,4
11861,395366,74.98,1,3
11862,395400,73.63,1,3
11863,395433,83.69,1,4
11864,395466,76.81,1,4
11865,395500,73.28,1,3
11866,395533,77.2,1,4
11867,395566,78.62,1,4
11868,395600,63.44,1,3
11869,395633,50.94,1,3
11870,395666,65.68,1,3
11871,395700,64.6,1,3
11872,395733,42.98,1,2
11873,395766,70.6,1,3
11874,395800,69.71,1,3
11875,395833,32.99,1,2
11876,395866,65.65,1,3
11877,395900,64.65,1,3
11878,395933,34.51,1,2
11879,395966,70.12,1,3
11880,396000,69.51,1,3
11881,396033,47,1,2
11882,396066,75.67,1,4
11883,396100,75,1,3
11884,396133,58.1,1,3
11885,396166,77.83,1,4
11886,396200,76.94,1,4
11887,396233,56.06,1,3
11888,396266,67.98,1,3
11889,396300,66.89,1,3
11890,396333,56.87,1,3
11891,396366,59.71,1,3
11892,396400,58.16,1,3
11893,396433,60,1,3
11894,396466,52.33,1,3
11895,396500,48.11,1,2
11896,396533,61.86,1,3
11897,396566,52.16,1,3
11898,396600,49.36,1,2
11899,396633,62.32,1,3
11900,396666,36.83,1,2
11901,396700,35.58,1,2
11902,396733,60.19,1,3
11903,396766,34.63,1,2
11904,396800,33.3,1,2
11905,396833,61.83,1,3
11906,396866,36.01,1,2
11907,396900,34.59,1,2
11908,396933,58.82,1,3
11909,396966,42.4,1,2
11910,397000,40.97,1,2
11911,397033,55.71,1,3
11912,397066,54.53,1,3
11913,397100,51.81,1,3
11914,397133,55.76,1,3
11915,397166,57.48,1,3
11916,397200,55.36,1,3
11917,397233,56.6,1,3
11918,397266,68.9,1,3
11919,397300,67.79,1,3
11920,397333,44.77,1,2
11921,397366,74.05,1,3
11922,397400,72.35,1,3
11923,397433,42.22,1,2
11924,397466,64.44,1,3
11925,397500,63.69,1,3
11926,397533,30.72,1,2
11927,397566,66.49,1,3
11928,397600,65.91,1,3
11929,397633,38.04,1,2
11930,397666,73.38,1,3
11931,397700,73.13,1,3
11932,397733,50.26,1,3
11933,397766,74.17,1,3
11934,397800,72.05,1,3
11935,397833,52.11,1,3
11936,397866,64.75,1,3
11937,397900,63.41,1,3
11938,397933,49.78,1,2
11939,397966,56.21,1,3
11940,398000,54.8,1,3
11941,398033,54.64,1,3
11942,398066,54.02,1,3
11943,398100,52.36,1,3
11944,398133,61.37,1,3
11945,398166,42.69,1,2
11946,398200,41.38,1,2
11947,398233,59.47,1,3
11948,398266,36.28,1,2
11949,398300,34.55,1,2
11950,398333,59.66,1,3
11951,398366,34.4,1,2
11952,398400,32.95,1,2
11953,398433,60.35,1,3
11954,398466,36.6,1,2
11955,398500,35.32,1,2
11956,398533,64.51,1,3
11957,398566,44.69,1,2
11958,398600,43.93,1,2
11959,398633,60.47,1,3
11960,398666,50.44,1,3
11961,398700,47.87,1,2
11962,398733,61.16,1,3
11963,398766,64.83,1,3
11964,398800,59.67,1,3
11965,398833,60.62,1,3
11966,398866,68.33,1,3
11967,398900,66.93,1,3
11968,398933,63.62,1,3
11969,398966,75.16,1,4
11970,399000,74.6,1,3
11971,399033,49.87,1,2
11972,399066,70.69,1,3
11973,399100,68.76,1,3
11974,399133,35.97,1,2
11975,399166,64.12,1,3
11976,399200,62.46,1,3
11977,399233,33.24,1,2
11978,399266,94.52,1,4
11979,399300,94.18,1,4
11980,399333,70.2,1,3
11981,399366,93.05,1,4
11982,399400,92.13,1,4
11983,399433,72.43,1,3
11984,399466,86.2,1,4
11985,399500,84.63,1,4
11986,399533,67.75,1,3
11987,399566,81.42,1,4
11988,399600,68.37,1,3
11989,399633,60.35,1,3
11990,399666,59.25,1,3
11991,399700,57.66,1,3
11992,399733,60.19,1,3
11993,399766,58.12,1,3
11994,399800,56.72,1,3
11995,399833,63.28,1,3
11996,399866,41.99,1,2
11997,399900,40.12,1,2
11998,399933,64.17,1,3
11999,399966,40.91,1,2
12000,400000,47,1,2
12001,400033,77.61,1,4
12002,400066,48.09,1,2
12003,400100,45.32,1,2
12004,400133,75.4,1,4
12005,400166,51.52,1,3
12006,400200,48.79,1,2
12007,400233,74.23,1,3
12008,400266,56.84,1,3
12009,400300,54.74,1,3
12010,400333,65.97,1,3
12011,400366,61.89,1,3
12012,400400,59.62,1,3
12013,400433,64.48,1,3
12014,400466,70.84,1,3
12015,400500,69.87,1,3
12016,400533,59.18,1,3
12017,400566,75.66,1,4
12018,400600,74.12,1,3
12019,400633,50.03,1,3
12020,400666,69.7,1,3
12021,400700,69.02,1,3
12022,400733,36.14,1,2
12023,400766,65.94,1,3
12024,400800,65.31,1,3
12025,400833,37.12,1,2
12026,400866,65.73,1,3
12027,400900,64.77,1,3
12028,400933,38.02,1,2
12029,400966,66.68,1,3
12030,401000,66.12,1,3
12031,401033,41.01,1,2
12032,401066,65.38,1,3
12033,401100,64.85,1,3
12034,401133,41.81,1,2
12035,401166,61.73,1,3
12036,401200,60.06,1,3
12037,401233,54.58,1,3
12038,401266,60.9,1,3
12039,401300,58.53,1,3
12040,401333,57.3,1,3
12041,401366,53.42,1,3
12042,401400,52.24,1,3
12043,401433,63.04,1,3
12044,401466,44.22,1,2
12045,401500,42.64,1,2
12046,401533,63.56,1,3
12047,401566,41.42,1,2
12048,401600,39.42,1,2
12049,401633,67.84,1,3
12050,401666,47.58,1,2
12051,401700,45.56,1,2
12052,401733,73.9,1,3
12053,401766,50.04,1,3
12054,401800,48.61,1,2
12055,401833,73.16,1,3
12056,401866,50.16,1,3
12057,401900,48.28,1,2
12058,401933,62.75,1,3
12059,401966,57.29,1,3
12060,402000,55.23,1,3
12061,402033,61.39,1,3
12062,402066,68.48,1,3
12063,402100,67.38,1,3
12064,402133,56.35,1,3
12065,402166,66.33,1,3
12066,402200,65.14,1,3
12067,402233,47.44,1,2
12068,402266,66.24,1,3
12069,402300,64.43,1,3
12070,402333,35.32,1,2
12071,402366,65.39,1,3
12072,402400,64.82,1,3
12073,402433,34.55,1,2
12074,402466,63.74,1,3
12075,402500,62.45,1,3
12076,402533,35.94,1,2
12077,402566,61.04,1,3
12078,402600,60.32,1,3
12079,402633,35.69,1,2
12080,402666,62.81,1,3
12081,402700,62.36,1,3
12082,402733,41.02,1,2
12083,402766,64.41,1,3
12084,402800,63.27,1,3
12085,402833,44.74,1,2
12086,402866,62.94,1,3
12087,402900,62.3,1,3
12088,402933,57.66,1,3
12089,402966,57.45,1,3
12090,403000,55.72,1,3
12091,403033,63.5,1,3
12092,403066,49.01,1,2
12093,403100,47.01,1,2
12094,403133,65.12,1,3
12095,403166,44.85,1,2
12096,403200,42.13,1,2
12097,403233,73.21,1,3
12098,403266,90.24,1,4
12099,403300,89.46,1,4
12100,403333,90.89,1,4
12101,403366,69.82,1,3
12102,403400,67.56,1,3
12103,403433,88.35,1,4
12104,403466,66.65,1,3
12105,403500,64.18,1,3
12106,403533,82.2,1,4
12107,403566,68.62,1,3
12108,403600,60.34,1,3
12109,403633,66.65,1,3
12110,403666,63.99,1,3
12111,403700,60.76,1,3
12112,403733,57.16,1,3
12113,403766,64.56,1,3
12114,403800,63.07,1,3
12115,403833,43.99,1,2
12116,403866,63.84,1,3
12117,403900,62.67,1,3
12118,403933,38.8,1,2
12119,403966,65.97,1,3
12120,404000,63.7,1,3
12121,404033,39.14,1,2
12122,404066,65.46,1,3
12123,404100,64.96,1,3
12124,404133,38.95,1,2
12125,404166,67.2,1,3
12126,404200,66.94,1,3
12127,404233,38.33,1,2
12128,404266,66.3,1,3
12129,404300,64.98,1,3
12130,404333,42.02,1,2
12131,404366,71.25,1,3
12132,404400,69.85,1,3
12133,404433,58.07,1,3
12134,404466,73.38,1,3
12135,404500,71.65,1,3
12136,404533,64.38,1,3
12137,404566,67.28,1,3
12138,404600,66.06,1,3
12139,404633,66.13,1,3
12140,404666,52.13,1,3
12141,404700,48.76,1,2
12142,404733,63.94,1,3
12143,404766,45.12,1,2
12144,404800,42.9,1,2
12145,404833,66.79,1,3
12146,404866,39.51,1,2
12147,404900,37.9,1,2
12148,404933,65.41,1,3
12149,404966,39.72,1,2
12150,405000,38.14,1,2
12151,405033,62.22,1,3
12152,405066,41.91,1,2
12153,405100,40.4,1,2
12154,405133,61.31,1,3
12155,405166,46.28,1,2
12156,405200,45.06,1,2
12157,405233,59.07,1,3
12158,405266,56.41,1,3
12159,405300,55.11,1,3
12160,405333,54.25,1,3
12161,405366,59.08,1,3
12162,405400,57.67,1,3
12163,405433,47.49,1,2
12164,405466,59.69,1,3
12165,405500,58.84,1,3
12166,405533,39.31,1,2
12167,405566,65.42,1,3
12168,405600,64.37,1,3
12169,405633,43.17,1,2
12170,405666,75.73,1,4
12171,405700,75.33,1,4
12172,405733,41.94,1,2
12173,405766,65.91,1,3
12174,405800,65,1,3
12175,405833,37.18,1,2
12176,405866,66.31,1,3
12177,405900,64.98,1,3
12178,405933,36.39,1,2
12179,405966,64.95,1,3
12180,406000,63.6,1,3
12181,406033,44.46,1,2
12182,406066,67.83,1,3
12183,406100,66.51,1,3
12184,406133,52.98,1,3
12185,406166,62.25,1,3
12186,406200,60.04,1,3
12187,406233,59.72,1,3
12188,406266,48.98,1,2
12189,406300,47.96,1,2
12190,406333,64.66,1,3
12191,406366,46.39,1,2
12192,406400,45.05,1,2
12193,406433,67.15,1,3
12194,406466,42.01,1,2
12195,406500,40,1,2
12196,406533,64.97,1,3
12197,406566,40.11,1,2
12198,406600,38.49,1,2
12199,406633,61.8,1,3
12200,406666,39.26,1,2
12201,406700,38.2,1,2
12202,406733,63.66,1,3
12203,406766,54.34,1,3
12204,406800,51.84,1,3
12205,406833,67.63,1,3
12206,406866,63.35,1,3
12207,406900,61.98,1,3
12208,406933,66.59,1,3
12209,406966,62.26,1,3
12210,407000,60.88,1,3
12211,407033,51.08,1,3
12212,407066,58.59,1,3
12213,407100,57.7,1,3
12214,407133,47.24,1,2
12215,407166,70.38,1,3
12216,407200,69.35,1,3
12217,407233,45.77,1,2
12218,407266,97.16,1,4
12219,407300,95.43,1,4
12220,407333,69.88,1,3
12221,407366,92.62,1,4
12222,407400,92.25,1,4
12223,407433,62.69,1,3
12224,407466,88.52,1,4
12225,407500,86.59,1,4
12226,407533,61.89,1,3
12227,407566,86.58,1,4
12228,407600,76.08,1,4
12229,407633,50.75,1,3
12230,407666,68.83,1,3
12231,407700,66.4,1,3
12232,407733,50.7,1,3
12233,407766,65.52,1,3
12234,407800,63.17,1,3
12235,407833,56.73,1,3
12236,407866,57.82,1,3
12237,407900,55.49,1,3
12238,407933,63.48,1,3
12239,407966,55.69,1,3
12240,408000,53.71,1,3
12241,408033,74.01,1,3
12242,408066,45.9,1,2
12243,408100,43.45,1,2
12244,408133,68.39,1,3
12245,408166,43.66,1,2
12246,408200,42.13,1,2
12247,408233,68.31,1,3
12248,408266,42.85,1,2
12249,408300,41.39,1,2
12250,408333,74.59,1,3
12251,408366,60.09,1,3
12252,408400,58.32,1,3
12253,408433,74.63,1,3
12254,408466,65.58,1,3
12255,408500,64.01,1,3
12256,408533,70.56,1,3
12257,408566,65.61,1,3
12258,408600,63.14,1,3
12259,408633,56.51,1,3
12260,408666,59.43,1,3
12261,408700,58.09,1,3
12262,408733,48.05,1,2
12263,408766,64.17,1,3
12264,408800,62.22,1,3
12265,408833,41.26,1,2
12266,408866,65.19,1,3
12267,408900,64.55,1,3
12268,408933,33,1,2
12269,408966,62.83,1,3
12270,409000,61.53,1,3
12271,409033,30.24,1,2
12272,409066,64.69,1,3
12273,409100,64.09,1,3
12274,409133,33.85,1,2
12275,409166,62.69,1,3
12276,409200,61.76,1,3
12277,409233,41.7,1,2
12278,409266,67.17,1,3
12279,409300,66.66,1,3
12280,409333,45.98,1,2
12281,409366,62.11,1,3
12282,409400,60.97,1,3
12283,409433,51.81,1,3
12284,409466,62.59,1,3
12285,409500,61.62,1,3
12286,409533,63.62,1,3
12287,409566,57.42,1,3
12288,409600,54.56,1,3
12289,409633,69.73,1,3
12290,409666,48.53,1,2
12291,409700,45.84,1,2
12292,409733,66.29,1,3
12293,409766,39.98,1,2
12294,409800,38.32,1,2
12295,409833,62.01,1,3
12296,409866,37.52,1,2
12297,409900,37.3,1,2
12298,409933,72.51,1,3
12299,409966,45.4,1,2
12300,410000,43.63,1,2
12301,410033,67.45,1,3
12302,410066,54.95,1,3
12303,410099,53.03,1,3
12304,410133,60.49,1,3
12305,410166,53.44,1,3
12306,410200,52.22,1,3
12307,410233,53.43,1,3
12308,410266,56.78,1,3
12309,410300,55.9,1,3
12310,410333,49.88,1,2
12311,410366,60.34,1,3
12312,410400,59.71,1,3
12313,410433,41.64,1,2
12314,410466,62.93,1,3
12315,410500,61,1,3
12316,410533,34.64,1,2
12317,410566,64.31,1,3
12318,410599,63.84,1,3
12319,410633,32.94,1,2
12320,410666,67.15,1,3
12321,410700,66.27,1,3
12322,410733,38.58,1,2
12323,410766,73.28,1,3
12324,410800,72.34,1,3
12325,410833,42.34,1,2
12326,410866,68.04,1,3
12327,410900,67.21,1,3
12328,410933,44.06,1,2
12329,410966,66.7,1,3
12330,411000,65.85,1,3
12331,411033,54.91,1,3
12332,411066,71.52,1,3
12333,411099,68.1,1,3
12334,411133,62.7,1,3
12335,411166,62.87,1,3
12336,411200,61.55,1,3
12337,411233,67.67,1,3
12338,411266,89.54,1,4
12339,411300,89.02,1,4
12340,411333,87.73,1,4
12341,411366,62.56,1,3
12342,411400,60.82,1,3
12343,411433,84.69,1,4
12344,411466,56.01,1,3
12345,411500,53.07,1,3
12346,411533,77.9,1,4
12347,411566,54.42,1,3
12348,411599,43.86,1,2
12349,411633,68.48,1,3
12350,411666,46.08,1,2
12351,411700,44.17,1,2
12352,411733,58.55,1,3
12353,411766,50.08,1,3
12354,411800,48.65,1,2
12355,411833,61.58,1,3
12356,411866,57.36,1,3
12357,411900,55.05,1,3
12358,411933,48.84,1,2
12359,411966,65.14,1,3
12360,412000,63.58,1,3
12361,412033,52.33,1,3
12362,412066,63.88,1,3
12363,412099,63.01,1,3
12364,412133,37.53,1,2
12365,412166,68.11,1,3
12366,412200,66.71,1,3
12367,412233,41.54,1,2
12368,412266,73.62,1,3
12369,412300,72.81,1,3
12370,412333,36.18,1,2
12371,412366,76.48,1,4
12372,412400,75.72,1,4
12373,412433,52.89,1,3
12374,412466,72.8,1,3
12375,412500,71.25,1,3
12376,412533,40.69,1,2
12377,412566,70.71,1,3
12378,412599,69.15,1,3
12379,412633,54.49,1,3
12380,412666,69.98,1,3
12381,412700,68.52,1,3
12382,412733,55.92,1,3
12383,412766,66.46,1,3
12384,412800,62.31,1,3
12385,412833,64.26,1,3
12386,412866,46.29,1,2
12387,412900,44.59,1,2
12388,412933,61.99,1,3
12389,412966,41.97,1,2
12390,413000,40.36,1,2
12391,413033,66.23,1,3
12392,413066,39.05,1,2
12393,413099,37.97,1,2
12394,413133,59.97,1,3
12395,413166,35.61,1,2
12396,413200,34.06,1,2
12397,413233,63.56,1,3
12398,413266,37.62,1,2
12399,413300,36.6,1,2
12400,413333,58.23,1,3
12401,413366,45.97,1,2
12402,413400,44.29,1,2
12403,413433,62.21,1,3
12404,413466,55.16,1,3
12405,413500,53.9,1,3
12406,413533,57.37,1,3
12407,413566,59.58,1,3
12408,413599,58.73,1,3
12409,413633,56.98,1,3
12410,413666,63.32,1,3
12411,413700,62.67,1,3
12412,413733,40.96,1,2
12413,413766,65.65,1,3
12414,413800,64.36,1,3
12415,413833,40.58,1,2
12416,413866,72.06,1,3
12417,413900,71.76,1,3
12418,413933,36.01,1,2
12419,413966,69.59,1,3
12420,414000,69.11,1,3
12421,414033,37.74,1,2
12422,414066,66.75,1,3
12423,414099,66.02,1,3
12424,414133,34.61,1,2
12425,414166,64.74,1,3
12426,414200,62.5,1,3
12427,414233,44.83,1,2
12428,414266,62.61,1,3
12429,414300,61.26,1,3
12430,414333,47.82,1,2
12431,414366,57.9,1,3
12432,414400,57.03,1,3
12433,414433,58.25,1,3
12434,414466,51.35,1,3
12435,414500,47.43,1,2
12436,414533,57.47,1,3
12437,414566,45.05,1,2
12438,414599,43.77,1,2
12439,414633,64.74,1,3
12440,414666,44.54,1,2
12441,414700,42.88,1,2
12442,414733,59.89,1,3
12443,414766,39.62,1,2
12444,414800,38.21,1,2
12445,414833,62.68,1,3
12446,414866,36.47,1,2
12447,414900,35.46,1,2
12448,414933,58.98,1,3
12449,414966,42.9,1,2
12450,415000,41.13,1,2
12451,415033,66.58,1,3
12452,415066,47.36,1,2
12453,415099,45.97,1,2
12454,415133,57.07,1,3
12455,415166,55.43,1,3
12456,415200,53.41,1,3
12457,415233,56.72,1,3
12458,415266,93.54,1,4
12459,415300,92.47,1,4
12460,415333,77.64,1,4
12461,415366,89.49,1,4
12462,415400,88.81,1,4
12463,415433,66.41,1,3
12464,415466,87.47,1,4
12465,415500,85.93,1,4
12466,415533,58.07,1,3
12467,415566,82.49,1,4
12468,415599,70.93,1,3
12469,415633,36.81,1,2
12470,415666,66.31,1,3
12471,415700,63.93,1,3
12472,415733,37.33,1,2
12473,415766,66.68,1,3
12474,415800,65.85,1,3
12475,415833,45.58,1,2
12476,415866,67.03,1,3
12477,415900,65.39,1,3
12478,415933,48,1,2
12479,415966,61.73,1,3
12480,416000,59.43,1,3
12481,416033,57.45,1,3
12482,416066,54.29,1,3
12483,416099,53.5,1,3
12484,416133,57.93,1,3
12485,416166,58.25,1,3
12486,416200,51.74,1,3
12487,416233,69.97,1,3
12488,416266,51.76,1,3
12489,416300,49.94,1,2
12490,416333,68.55,1,3
12491,416366,41.01,1,2
12492,416400,39.61,1,2
12493,416433,65.46,1,3
12494,416466,39.59,1,2
12495,416500,37.52,1,2
12496,416533,62.82,1,3
12497,416566,40.25,1,2
12498,416599,38.02,1,2
12499,416633,65.94,1,3
12500,416666,54.4,1,3
12501,416700,53.15,1,3
12502,416733,62.41,1,3
12503,416766,61.42,1,3
12504,416800,60.51,1,3
12505,416833,59.43,1,3
12506,416866,64.78,1,3
12507,416900,62.95,1,3
12508,416933,49.01,1,2
12509,416966,66.62,1,3
12510,417000,64.54,1,3
12511,417033,42.15,1,2
12512,417066,67.27,1,3
12513,417099,66.55,1,3
12514,417133,34.09,1,2
12515,417166,63.99,1,3
12516,417200,62.92,1,3
12517,417233,33.83,1,2
12518,417266,64.87,1,3
12519,417300,64.4,1,3
12520,417333,43.24,1,2
12521,417366,73.82,1,3
12522,417400,70.84,1,3
12523,417433,49.54,1,2
12524,417466,72.04,1,3
12525,417500,70.9,1,3
12526,417533,52.35,1,3
12527,417566,62.64,1,3
12528,417599,62.05,1,3
12529,417633,53.49,1,3
12530,417666,54.41,1,3
12531,417700,51.99,1,3
12532,417733,57.41,1,3
12533,417766,55.77,1,3
12534,417800,53.78,1,3
12535,417833,63.18,1,3
12536,417866,48.72,1,2
12537,417900,46.5,1,2
12538,417933,64.26,1,3
12539,417966,36.61,1,2
12540,418000,34.77,1,2
12541,418033,65.31,1,3
12542,418066,35.46,1,2
12543,418099,34.33,1,2
12544,418133,60.39,1,3
12545,418166,36.39,1,2
12546,418200,35.15,1,2
12547,418233,62.58,1,3
12548,418266,42.23,1,2
12549,418300,40.77,1,2
12550,418333,61.81,1,3
12551,418366,51.69,1,3
12552,418400,50.43,1,3
12553,418433,57.69,1,3
12554,418466,59.64,1,3
12555,418500,58.52,1,3
12556,418533,50.41,1,3
12557,418566,68.79,1,3
12558,418599,68.58,1,3
12559,418633,52.83,1,3
12560,418666,69.96,1,3
12561,418700,69.17,1,3
12562,418733,35.88,1,2
12563,418766,68.09,1,3
12564,418800,67.29,1,3
12565,418833,36.56,1,2
12566,418866,70.99,1,3
12567,418900,70.44,1,3
12568,418933,40.83,1,2
12569,418966,78.77,1,4
12570,419000,77.72,1,4
12571,419033,54.17,1,3
12572,419066,69.51,1,3
12573,419099,69.01,1,3
12574,419133,42.57,1,2
12575,419166,63.63,1,3
12576,419200,62.57,1,3
12577,419233,54.66,1,3
12578,419266,94.01,1,4
12579,419300,92.9,1,4
12580,419333,81.78,1,4
12581,419366,82.74,1,4
12582,419400,81.61,1,4
12583,419433,84.23,1,4
12584,419466,68,1,3
12585,419500,65.2,1,3
12586,419533,82.51,1,4
12587,419566,58.59,1,3
12588,419599,40.48,1,2
12589,419633,64.93,1,3
12590,419666,35.07,1,2
12591,419700,33.11,1,2
12592,419733,66.26,1,3
12593,419766,37.43,1,2
12594,419800,35.71,1,2
12595,419833,66.77,1,3
12596,419866,42.82,1,2
12597,419900,40.67,1,2
12598,419933,65.98,1,3
12599,419966,51.74,1,3
12600,420000,50.24,1,3
12601,420033,68.83,1,3
12602,420066,66.23,1,3
12603,420099,64.73,1,3
12604,420133,65.33,1,3
12605,420166,74.84,1,3
12606,420200,74.01,1,3
12607,420233,59.8,1,3
12608,420266,69.9,1,3
12609,420300,67.65,1,3
12610,420333,39.25,1,2
12611,420366,65.36,1,3
12612,420400,64.13,1,3
12613,420433,32.67,1,2
12614,420466,68.16,1,3
12615,420500,67.56,1,3
12616,420533,32.33,1,2
12617,420566,67.08,1,3
12618,420599,65.64,1,3
12619,420633,34.51,1,2
12620,420666,61.19,1,3
12621,420700,59.23,1,3
12622,420733,32.11,1,2
12623,420766,54.81,1,3
12624,420800,52.72,1,3
12625,420833,35.68,1,2
12626,420866,53.59,1,3
12627,420900,52.07,1,3
12628,420933,42.9,1,2
12629,420966,45.19,1,2
12630,421000,43.07,1,2
12631,421033,46.63,1,2
12632,421066,35.11,1,2
12633,421099,33.47,1,2
12634,421133,56.03,1,3
12635,421166,36.06,1,2
12636,421200,34.25,1,2
12637,421233,61.24,1,3
12638,421266,36.47,1,2
12639,421300,35.34,1,2
12640,421333,69.58,1,3
12641,421366,33.61,1,2
12642,421400,31.78,1,2
12643,421433,61.61,1,3
12644,421466,33.03,1,2
12645,421500,31.4,1,2
12646,421533,60.6,1,3
12647,421566,43.25,1,2
12648,421599,39.72,1,2
12649,421633,55.07,1,3
12650,421666,51.6,1,3
12651,421700,49.99,1,2
12652,421733,63.3,1,3
12653,421766,61.23,1,3
12654,421800,59.17,1,3
12655,421833,53.13,1,3
12656,421866,58.81,1,3
12657,421900,57.24,1,3
12658,421933,37.94,1,2
12659,421966,63.14,1,3
12660,422000,60.97,1,3
12661,422033,35.41,1,2
12662,422066,64.86,1,3
12663,422099,63.84,1,3
12664,422133,32.02,1,2
12665,422166,64.07,1,3
12666,422200,63.24,1,3
12667,422233,28.9,1,2
12668,422266,64.56,1,3
12669,422300,63.86,1,3
12670,422333,41.8,1,2
12671,422366,93.45,1,4
12672,422400,92.85,1,4
12673,422433,64.83,1,3
12674,422466,91.41,1,4
12675,422500,90.7,1,4
12676,422533,74.87,1,3
12677,422566,87.57,1,4
12678,422599,86.51,1,4
12679,422633,81.11,1,4
12680,422666,80.37,1,4
12681,422700,75.77,1,4
12682,422733,75.1,1,4
12683,422766,72.35,1,3
12684,422800,68.65,1,3
12685,422833,80.05,1,4
12686,422866,60.74,1,3
12687,422900,58.69,1,3
12688,422933,74.14,1,3
12689,422966,52.47,1,3
12690,423000,50.88,1,3
12691,423033,76.21,1,4
12692,423066,49.77,1,2
12693,423099,47.12,1,2
12694,423133,67.08,1,3
12695,423166,55.79,1,3
12696,423200,55.26,1,3
12697,423233,72.55,1,3
12698,423266,89.67,1,4
12699,423300,89.39,1,4
12700,423333,93.22,1,4
12701,423366,83.91,1,4
12702,423400,83.3,1,4
12703,423433,87.28,1,4
12704,423466,84.78,1,4
12705,423500,82.91,1,4
12706,423533,77.71,1,4
12707,423566,81.71,1,4
12708,423599,67.97,1,3
12709,423633,55.5,1,3
12710,423666,65.69,1,3
12711,423700,63.31,1,3
12712,423733,41.19,1,2
12713,423766,63.19,1,3
12714,423800,61.42,1,3
12715,423833,39.53,1,2
12716,423866,63.12,1,3
12717,423900,61.35,1,3
12718,423933,42.1,1,2
12719,423966,67.88,1,3
12720,424000,66.57,1,3
12721,424033,48.24,1,2
12722,424066,73.58,1,3
12723,424099,72.2,1,3
12724,424133,51.95,1,3
12725,424166,72.37,1,3
12726,424200,68.47,1,3
12727,424233,58.06,1,3
12728,424266,61.76,1,3
12729,424300,58.96,1,3
12730,424333,58.5,1,3
12731,424366,61.28,1,3
12732,424400,58.22,1,3
12733,424433,63.39,1,3
12734,424466,53.12,1,3
12735,424500,51.13,1,3
12736,424533,61.24,1,3
12737,424566,45.24,1,2
12738,424599,43.49,1,2
12739,424633,59.47,1,3
12740,424666,40.57,1,2
12741,424700,39.07,1,2
12742,424733,57.21,1,3
12743,424766,40.05,1,2
12744,424800,38.74,1,2
12745,424833,57.77,1,3
12746,424866,45.92,1,2
12747,424900,44.56,1,2
12748,424933,52.58,1,3
12749,424966,49.05,1,2
12750,425000,52.8,1,3
12751,425033,53.8,1,3
12752,425066,58.14,1,3
12753,425099,56.38,1,3
12754,425133,56.36,1,3
12755,425166,67,1,3
12756,425200,65.6,1,3
12757,425233,49.92,1,2
12758,425266,65.97,1,3
12759,425300,63.51,1,3
12760,425333,37.56,1,2
12761,425366,61.03,1,3
12762,425400,59.79,1,3
12763,425433,37.62,1,2
12764,425466,60.81,1,3
12765,425500,59.49,1,3
12766,425533,39.15,1,2
12767,425566,65.1,1,3
12768,425599,64.15,1,3
12769,425633,43.41,1,2
12770,425666,68.46,1,3
12771,425700,66.12,1,3
12772,425733,46.6,1,2
12773,425766,66.7,1,3
12774,425800,63.59,1,3
12775,425833,62.11,1,3
12776,425866,62.59,1,3
12777,425900,61.35,1,3
12778,425933,59.13,1,3
12779,425966,58.83,1,3
12780,426000,57.29,1,3
12781,426033,71.22,1,3
12782,426066,58.71,1,3
12783,426099,57.64,1,3
12784,426133,68.89,1,3
12785,426166,54.11,1,3
12786,426200,52.99,1,3
12787,426233,74.03,1,3
12788,426266,54.04,1,3
12789,426300,52.65,1,3
12790,426333,73.18,1,3
12791,426366,54.53,1,3
12792,426400,52.8,1,3
12793,426433,86.64,1,4
12794,426466,68.55,1,3
12795,426500,69.61,1,3
12796,426533,80.85,1,4
12797,426566,75.23,1,4
12798,426599,73.96,1,3
12799,426633,75.52,1,4
12800,426666,77.07,1,4
12801,426700,75.93,1,4
12802,426733,65.15,1,3
12803,426766,81.61,1,4
12804,426800,78.8,1,4
12805,426833,56.22,1,3
12806,426866,79.69,1,4
12807,426900,80.38,1,4
12808,426933,43.31,1,2
12809,426966,75.53,1,4
12810,427000,71.21,1,3
12811,427033,36.42,1,2
12812,427066,73.96,1,3
12813,427099,72.55,1,3
12814,427133,38.77,1,2
12815,427166,70.75,1,3
12816,427200,69.07,1,3
12817,427233,43.28,1,2
12818,427266,98.62,1,4
12819,427300,96.3,1,4
12820,427333,78.13,1,4
12821,427366,89.37,1,4
12822,427400,88.2,1,4
12823,427433,76.39,1,4
12824,427466,87.09,1,4
12825,427500,85.01,1,4
12826,427533,81.24,1,4
12827,427566,78.35,1,4
12828,427599,59.85,1,3
12829,427633,71.12,1,3
12830,427666,49.85,1,2
12831,427700,47.49,1,2
12832,427733,72.34,1,3
12833,427766,46.51,1,2
12834,427800,44.39,1,2
12835,427833,78.23,1,4
12836,427866,54.93,1,3
12837,427900,53.47,1,3
12838,427933,77,1,4
12839,427966,50.73,1,3
12840,428000,49.06,1,2
12841,428033,73.38,1,3
12842,428066,49.56,1,2
12843,428099,48.36,1,2
12844,428133,65.33,1,3
12845,428166,56.14,1,3
12846,428200,54.1,1,3
12847,428233,57.97,1,3
12848,428266,62.69,1,3
12849,428300,60.77,1,3
12850,428333,53.21,1,3
12851,428366,64.94,1,3
12852,428400,63.17,1,3
12853,428433,41.35,1,2
12854,428466,66.67,1,3
12855,428500,64.7,1,3
12856,428533,36.4,1,2
12857,428566,63.6,1,3
12858,428599,62.31,1,3
12859,428633,31.46,1,2
12860,428666,65.37,1,3
12861,428700,62.9,1,3
12862,428733,33.86,1,2
12863,428766,64.64,1,3
12864,428800,62.87,1,3
12865,428833,32.3,1,2
12866,428866,63.31,1,3
12867,428900,62.38,1,3
12868,428933,44.07,1,2
12869,428966,72.38,1,3
12870,429000,70.84,1,3
12871,429033,58.55,1,3
12872,429066,73.6,1,3
12873,429099,72.25,1,3
12874,429133,64.75,1,3
12875,429166,62.08,1,3
12876,429200,56.3,1,3
12877,429233,63.33,1,3
12878,429266,40.61,1,2
12879,429300,38.84,1,2
12880,429333,67.7,1,3
12881,429366,44.07,1,2
12882,429400,41.3,1,2
12883,429433,71.05,1,3
12884,429466,39.36,1,2
12885,429500,37.51,1,2
12886,429533,71.22,1,3
12887,429566,40.73,1,2
12888,429599,38.13,1,2
12889,429633,64.52,1,3
12890,429666,42.73,1,2
12891,429700,41.15,1,2
12892,429733,54.45,1,3
12893,429766,47.88,1,2
12894,429800,46.1,1,2
12895,429833,53.23,1,3
12896,429866,55.5,1,3
12897,429900,52.02,1,3
12898,429933,45.5,1,2
12899,429966,57.8,1,3
12900,430000,56.56,1,3
12901,430033,37.96,1,2
12902,430066,61.86,1,3
12903,430099,61.28,1,3
12904,430133,32.92,1,2
12905,430166,66.33,1,3
12906,430200,64.89,1,3
12907,430233,33.65,1,2
12908,430266,64.91,1,3
12909,430300,64.19,1,3
12910,430333,32.74,1,2
12911,430366,65.55,1,3
12912,430400,64.42,1,3
12913,430433,36.04,1,2
12914,430466,66.11,1,3
12915,430500,64.28,1,3
12916,430533,45.67,1,2
12917,430566,79.47,1,4
12918,430599,76.8,1,4
12919,430633,58.55,1,3
12920,430666,69.4,1,3
12921,430700,67.05,1,3
12922,430733,62.64,1,3
12923,430766,57.71,1,3
12924,430800,55.08,1,3
12925,430833,62.47,1,3
12926,430866,38.73,1,2
12927,430900,37.05,1,2
12928,430933,60.63,1,3
12929,430966,33.75,1,2
12930,431000,32.28,1,2
12931,431033,60.25,1,3
12932,431066,35.17,1,2
12933,431099,33.81,1,2
12934,431133,62.04,1,3
12935,431166,33.23,1,2
12936,431200,31.85,1,2
12937,431233,56.45,1,3
12938,431266,93.55,1,4
12939,431300,93.39,1,4
12940,431333,89.57,1,4
12941,431366,78.94,1,4
12942,431400,76.24,1,4
12943,431433,85.29,1,4
12944,431466,77.95,1,4
12945,431500,73.96,1,3
12946,431533,70.75,1,3
12947,431566,76.43,1,4
12948,431599,64.49,1,3
12949,431633,47.14,1,2
12950,431666,77.78,1,4
12951,431700,75.52,1,4
12952,431733,53.31,1,3
12953,431766,77.96,1,4
12954,431800,77.23,1,4
12955,431833,51.77,1,3
12956,431866,78.71,1,4
12957,431900,78.14,1,4
12958,431933,44.81,1,2
12959,431966,70.64,1,3
12960,432000,68.55,1,3
12961,432033,40.13,1,2
12962,432066,72.09,1,3
12963,432099,70.73,1,3
12964,432133,44.58,1,2
12965,432166,75.2,1,4
12966,432200,73.41,1,3
12967,432233,58.54,1,3
12968,432266,71.23,1,3
12969,432300,66.62,1,3
12970,432333,59.07,1,3
12971,432366,53.06,1,3
12972,432400,51.58,1,3
12973,432433,57.28,1,3
12974,432466,42.15,1,2
12975,432500,39.92,1,2
12976,432533,61.09,1,3
12977,432566,33.55,1,2
12978,432599,32.09,1,2
12979,432633,60.04,1,3
12980,432666,33.68,1,2
12981,432700,32.1,1,2
12982,432733,59.83,1,3
12983,432766,34.35,1,2
12984,432800,32.5,1,2
12985,432833,63.16,1,3
12986,432866,37.96,1,2
12987,432900,36.89,1,2
12988,432933,61.2,1,3
12989,432966,47.74,1,2
12990,433000,47.39,1,2
12991,433033,58.44,1,3
12992,433066,53.14,1,3
12993,433099,51.69,1,3
12994,433133,50.87,1,3
12995,433166,59.56,1,3
12996,433200,58.14,1,3
12997,433233,49.45,1,2
12998,433266,73.1,1,3
12999,433300,66.46,1,3
13000,433333,49.27,1,2
13001,433366,79.14,1,4
13002,433400,73.63,1,3
13003,433433,37.62,1,2
13004,433466,70.54,1,3
13005,433500,67.36,1,3
13006,433533,33.29,1,2
13007,433566,65.6,1,3
13008,433599,64.72,1,3
13009,433633,33.92,1,2
13010,433666,63.69,1,3
13011,433700,61.66,1,3
13012,433733,35.63,1,2
13013,433766,64.98,1,3
13014,433800,63.79,1,3
13015,433833,41.76,1,2
13016,433866,55.75,1,3
13017,433900,54.02,1,3
13018,433933,46.17,1,2
13019,433966,48.17,1,2
13020,434000,46.28,1,2
13021,434033,52.86,1,3
13022,434066,43.02,1,2
13023,434099,39.89,1,2
13024,434133,58.4,1,3
13025,434166,37.61,1,2
13026,434200,36.04,1,2
13027,434233,58.58,1,3
13028,434266,35.81,1,2
13029,434300,34.45,1,2
13030,434333,57.86,1,3
13031,434366,34.26,1,2
13032,434400,32.21,1,2
13033,434433,62.76,1,3
13034,434466,40.86,1,2
13035,434500,39.1,1,2
13036,434533,64.39,1,3
13037,434566,49.84,1,2
13038,434599,48.17,1,2
13039,434633,64.07,1,3
13040,434666,54.63,1,3
13041,434700,52,1,3
13042,434733,52.71,1,3
13043,434766,57.18,1,3
13044,434800,55.96,1,3
13045,434833,48.69,1,2
13046,434866,64.65,1,3
13047,434900,63.29,1,3
13048,434933,40.66,1,2
13049,434966,65.31,1,3
13050,435000,64.38,1,3
13051,435033,32.99,1,2
13052,435066,61.35,1,3
13053,435099,59.87,1,3
13054,435133,27.72,1,2
13055,435166,62.37,1,3
13056,435200,61.76,1,3
13057,435233,30.08,1,2
13058,435266,94.92,1,4
13059,435300,94.59,1,4
13060,435333,64.1,1,3
13061,435366,90.68,1,4
13062,435400,88.16,1,4
13063,435433,69.81,1,3
13064,435466,82.39,1,4
13065,435500,80.02,1,4
13066,435533,70.44,1,3
13067,435566,77.24,1,4
13068,435599,63.79,1,3
13069,435633,62.41,1,3
13070,435666,58.1,1,3
13071,435700,55.12,1,3
13072,435733,68.01,1,3
13073,435766,43.09,1,2
13074,435800,41.22,1,2
13075,435833,63.31,1,3
13076,435866,37.96,1,2
13077,435900,35.9,1,2
13078,435933,62,1,3
13079,435966,42.55,1,2
13080,436000,40.19,1,2
13081,436033,63.11,1,3
13082,436066,40.31,1,2
13083,436099,38.33,1,2
13084,436133,64.41,1,3
13085,436166,42.66,1,2
13086,436200,40.7,1,2
13087,436233,59.32,1,3
13088,436266,46.39,1,2
13089,436300,44.49,1,2
13090,436333,54.06,1,3
13091,436366,55.06,1,3
13092,436400,53.26,1,3
13093,436433,50.81,1,3
13094,436466,58.42,1,3
13095,436500,56.94,1,3
13096,436533,41.8,1,2
13097,436566,59.52,1,3
13098,436599,58.36,1,3
13099,436633,33.79,1,2
13100,436666,62.4,1,3
13101,436700,60.15,1,3
13102,436733,27.37,1,2
13103,436766,68.79,1,3
13104,436800,66.25,1,3
13105,436833,27.4,1,2
13106,436866,64.24,1,3
13107,436900,63.99,1,3
13108,436933,37.41,1,2
13109,436966,60.61,1,3
13110,437000,59.95,1,3
13111,437033,35.84,1,2
13112,437066,59,1,3
13113,437099,57.93,1,3
13114,437133,45,1,2
13115,437166,60.79,1,3
13116,437200,59.77,1,3
13117,437233,59.98,1,3
13118,437266,52.88,1,3
13119,437300,50.53,1,3
13120,437333,58.55,1,3
13121,437366,42.27,1,2
13122,437400,40.99,1,2
13123,437433,59.67,1,3
13124,437466,35.7,1,2
13125,437500,34.05,1,2
13126,437533,59.78,1,3
13127,437566,34.18,1,2
13128,437599,32.43,1,2
13129,437633,61.78,1,3
13130,437666,32.23,1,2
13131,437700,30.61,1,2
13132,437733,58.25,1,3
13133,437766,33.87,1,2
13134,437800,32.78,1,2
13135,437833,60.87,1,3
13136,437866,46.61,1,2
13137,437900,45.76,1,2
13138,437933,56.04,1,3
13139,437966,54,1,3
13140,438000,53.07,1,3
13141,438033,50.53,1,3
13142,438066,56.5,1,3
13143,438099,55.65,1,3
13144,438133,41.6,1,2
13145,438166,61.13,1,3
13146,438200,60.21,1,3
13147,438233,34.75,1,2
13148,438266,63.42,1,3
13149,438300,62.59,1,3
13150,438333,33.59,1,2
13151,438366,64.4,1,3
13152,438400,62.61,1,3
13153,438433,34.57,1,2
13154,438466,65.83,1,3
13155,438500,64.75,1,3
13156,438533,33.51,1,2
13157,438566,60.76,1,3
13158,438599,59.28,1,3
13159,438633,38.54,1,2
13160,438666,56.48,1,3
13161,438700,55.53,1,3
13162,438733,42.79,1,2
13163,438766,54.78,1,3
13164,438800,52.86,1,3
13165,438833,50.33,1,3
13166,438866,52.35,1,3
13167,438900,50.97,1,3
13168,438933,53.06,1,3
13169,438966,38.49,1,2
13170,439000,37.29,1,2
13171,439033,55.37,1,3
13172,439066,35.72,1,2
13173,439099,33.82,1,2
13174,439133,59.59,1,3
13175,439166,30.91,1,2
13176,439200,29.27,1,2
13177,439233,61.79,1,3
13178,439266,83.39,1,4
13179,439300,81.24,1,4
13180,439333,89.82,1,4
13181,439366,64.34,1,3
13182,439400,60.64,1,3
13183,439433,87.09,1,4
13184,439466,73.23,1,3
13185,439500,71.03,1,3
13186,439533,85.39,1,4
13187,439566,79.14,1,4
13188,439599,65.77,1,3
13189,439633,71.33,1,3
13190,439666,72.64,1,3
13191,439700,68.81,1,3
13192,439733,55.34,1,3
13193,439766,65.81,1,3
13194,439800,64.12,1,3
13195,439833,41.16,1,2
13196,439866,65.94,1,3
13197,439900,64.73,1,3
13198,439933,37.25,1,2
13199,439966,67.89,1,3
13200,440000,65.6,1,3
13201,440033,32.23,1,2
13202,440066,62.56,1,3
13203,440099,60.25,1,3
13204,440133,27.27,1,2
13205,440166,60.27,1,3
13206,440200,59.19,1,3
13207,440233,29.98,1,2
13208,440266,57.35,1,3
13209,440300,55.22,1,3
13210,440333,34.57,1,2
13211,440366,57.97,1,3
13212,440400,56.96,1,3
13213,440433,44.57,1,2
13214,440466,53.31,1,3
13215,440500,52.18,1,3
13216,440533,52.92,1,3
13217,440566,49.09,1,2
13218,440599,46.96,1,2
13219,440633,63.67,1,3
13220,440666,49.82,1,2
13221,440700,48.02,1,2
13222,440733,69.04,1,3
13223,440766,49.45,1,2
13224,440800,47.71,1,2
13225,440833,64.09,1,3
13226,440866,35.47,1,2
13227,440900,34.44,1,2
13228,440933,59.54,1,3
13229,440966,37.07,1,2
13230,441000,35.64,1,2
13231,441033,69.16,1,3
13232,441066,49.07,1,2
13233,441099,47.46,1,2
13234,441133,68.94,1,3
13235,441166,55.49,1,3
13236,441200,53.21,1,3
13237,441233,59.07,1,3
13238,441266,51.63,1,3
13239,441300,49.64,1,2
13240,441333,44.73,1,2
13241,441366,56.31,1,3
13242,441400,55.47,1,3
13243,441433,36.35,1,2
13244,441466,58.36,1,3
13245,441500,57.46,1,3
13246,441533,31.62,1,2
13247,441566,65,1,3
13248,441599,62.9,1,3
13249,441633,32.1,1,2
13250,441666,62.56,1,3
13251,441700,61.25,1,3
13252,441733,26.89,1,2
13253,441766,60.63,1,3
13254,441800,59.92,1,3
13255,441833,32.33,1,2
13256,441866,65.79,1,3
13257,441900,64.85,1,3
13258,441933,37.75,1,2
13259,441966,59.49,1,3
13260,442000,57.79,1,3
13261,442033,44.43,1,2
13262,442066,58.24,1,3
13263,442099,56.76,1,3
13264,442133,48.35,1,2
13265,442166,54.3,1,3
13266,442200,49.53,1,2
13267,442233,65.81,1,3
13268,442266,50.48,1,3
13269,442300,48.7,1,2
13270,442333,65.05,1,3
13271,442366,43.49,1,2
13272,442400,41.68,1,2
13273,442433,63.24,1,3
13274,442466,35.09,1,2
13275,442500,33.06,1,2
13276,442533,56.81,1,3
13277,442566,33.49,1,2
13278,442599,31.73,1,2
13279,442633,63.45,1,3
13280,442666,39.97,1,2
13281,442700,38.14,1,2
13282,442733,58.1,1,3
13283,442766,39.35,1,2
13284,442800,37.6,1,2
13285,442833,49.23,1,2
13286,442866,45.96,1,2
13287,442900,45.12,1,2
13288,442933,45.16,1,2
13289,442966,49.38,1,2
13290,443000,48.55,1,2
13291,443033,45.39,1,2
13292,443066,55.54,1,3
13293,443099,54.72,1,3
13294,443133,35.1,1,2
13295,443166,57.1,1,3
13296,443200,56.34,1,3
13297,443233,28.45,1,2
13298,443266,97.37,1,4
13299,443300,95.91,1,4
13300,443333,69.81,1,3
13301,443366,95.09,1,4
13302,443400,94.46,1,4
13303,443433,66.89,1,3
13304,443466,93.17,1,4
13305,443500,92.4,1,4
13306,443533,64.84,1,3
13307,443566,88.36,1,4
13308,443599,82.54,1,4
13309,443633,56.91,1,3
13310,443666,73.22,1,3
13311,443700,69.39,1,3
13312,443733,58.26,1,3
13313,443766,71.85,1,3
13314,443800,68.31,1,3
13315,443833,60.52,1,3
13316,443866,60.91,1,3
13317,443900,58.32,1,3
13318,443933,64.92,1,3
13319,443966,43.9,1,2
13320,444000,41.06,1,2
13321,444033,61.65,1,3
13322,444066,32.72,1,2
13323,444099,30.61,1,2
13324,444133,58.18,1,3
13325,444166,31.89,1,2
13326,444200,30.24,1,2
13327,444233,58.52,1,3
13328,444266,31.91,1,2
13329,444300,30.02,1,2
13330,444333,55.56,1,3
13331,444366,35.57,1,2
13332,444400,33.72,1,2
13333,444433,48.18,1,2
13334,444466,43.58,1,2
13335,444500,41.08,1,2
13336,444533,58.95,1,3
13337,444566,59.6,1,3
13338,444599,57.63,1,3
13339,444633,52.08,1,3
13340,444666,61.98,1,3
13341,444700,59.88,1,3
13342,444733,40.5,1,2
13343,444766,61.9,1,3
13344,444800,61.09,1,3
13345,444833,37.17,1,2
13346,444866,64.15,1,3
13347,444900,63.63,1,3
13348,444933,30.77,1,2
13349,444966,71.92,1,3
13350,445000,69.01,1,3
13351,445033,34.7,1,2
13352,445066,67.5,1,3
13353,445099,65.81,1,3
13354,445133,36.21,1,2
13355,445166,62.08,1,3
13356,445200,60.73,1,3
13357,445233,34.61,1,2
13358,445266,60.1,1,3
13359,445300,57.23,1,3
13360,445333,39.71,1,2
13361,445366,57.61,1,3
13362,445400,54.63,1,3
13363,445433,47.11,1,2
13364,445466,45.58,1,2
13365,445500,43.11,1,2
13366,445533,53.63,1,3
13367,445566,37.91,1,2
13368,445599,36.46,1,2
13369,445633,57.57,1,3
13370,445666,33.93,1,2
13371,445700,32.21,1,2
13372,445733,59.14,1,3
13373,445766,32.98,1,2
13374,445800,31.52,1,2
13375,445833,58.67,1,3
13376,445866,29.93,1,2
13377,445900,28.19,1,2
13378,445933,54.84,1,3
13379,445966,32.96,1,2
13380,446000,31.41,1,2
13381,446033,59.03,1,3
13382,446066,45.12,1,2
13383,446099,41.82,1,2
13384,446133,60.17,1,3
13385,446166,56.75,1,3
13386,446200,54.75,1,3
13387,446233,55.34,1,3
13388,446266,57.89,1,3
13389,446300,56.48,1,3
13390,446333,42.37,1,2
13391,446366,56.52,1,3
13392,446400,54.1,1,3
13393,446433,39.71,1,2
13394,446466,59.71,1,3
13395,446500,58.48,1,3
13396,446533,30.94,1,2
13397,446566,61.71,1,3
13398,446599,60.67,1,3
13399,446633,27.36,1,2
13400,446666,56.43,1,3
13401,446700,55.78,1,3
13402,446733,25.23,1,2
13403,446766,59,1,3
13404,446800,58.33,1,3
13405,446833,33.05,1,2
13406,446866,59.5,1,3
13407,446900,58.82,1,3
13408,446933,40.09,1,2
13409,446966,57.07,1,3
13410,447000,55.47,1,3
13411,447033,44.01,1,2
13412,447066,51.7,1,3
13413,447099,50.03,1,3
13414,447133,48.45,1,2
13415,447166,43.07,1,2
13416,447200,41.68,1,2
13417,447233,57.9,1,3
13418,447266,95.62,1,4
13419,447300,94.89,1,4
13420,447333,93.21,1,4
13421,447366,67.44,1,3
13422,447400,64.01,1,3
13423,447433,86.78,1,4
13424,447466,56.8,1,3
13425,447500,54.17,1,3
13426,447533,79.42,1,4
13427,447566,51.6,1,3
13428,447599,36.61,1,2
13429,447633,59.37,1,3
13430,447666,40.05,1,2
13431,447700,37.11,1,2
13432,447733,60.12,1,3
13433,447766,45.32,1,2
13434,447800,43.12,1,2
13435,447833,50.98,1,3
13436,447866,51.06,1,3
13437,447900,49.7,1,2
13438,447933,43.38,1,2
13439,447966,57.9,1,3
13440,448000,56.47,1,3
13441,448033,39.34,1,2
13442,448066,61.33,1,3
13443,448099,60.4,1,3
13444,448133,34.24,1,2
13445,448166,59.84,1,3
13446,448200,58.35,1,3
13447,448233,27.82,1,2
13448,448266,59.01,1,3
13449,448300,57.94,1,3
13450,448333,29.68,1,2
13451,448366,68.7,1,3
13452,448400,66.46,1,3
13453,448433,38.84,1,2
13454,448466,68.64,1,3
13455,448500,65.66,1,3
13456,448533,44.34,1,2
13457,448566,62.76,1,3
13458,448599,60.99,1,3
13459,448633,43.49,1,2
13460,448666,53.56,1,3
13461,448700,52.16,1,3
13462,448733,47.63,1,2
13463,448766,50.53,1,3
13464,448800,48.82,1,2
13465,448833,54.66,1,3
13466,448866,39.33,1,2
13467,448900,37.45,1,2
13468,448933,55.06,1,3
13469,448966,34.98,1,2
13470,449000,32.92,1,2
13471,449033,56.65,1,3
13472,449066,29.04,1,2
13473,449099,27.24,1,2
13474,449133,56.1,1,3
13475,449166,28.94,1,2
13476,449200,27.48,1,2
13477,449233,58.36,1,3
13478,449266,32.33,1,2
13479,449300,30.45,1,2
13480,449333,53.98,1,3
13481,449366,37.06,1,2
13482,449400,35.91,1,2
13483,449433,53.43,1,3
13484,449466,49.04,1,2
13485,449500,46.29,1,2
13486,449533,55.2,1,3
13487,449566,61.56,1,3
13488,449599,60.69,1,3
13489,449633,54.02,1,3
13490,449666,62.86,1,3
13491,449700,59.86,1,3
13492,449733,42.57,1,2
13493,449766,62.25,1,3
13494,449800,61.58,1,3
13495,449833,30.48,1,2
13496,449866,63.87,1,3
13497,449900,62.26,1,3
13498,449933,30.47,1,2
13499,449966,62.99,1,3
13500,450000,69.01,1,3
13501,450033,37.7,1,2
13502,450066,70.85,1,3
13503,450099,69.09,1,3
13504,450133,35.84,1,2
13505,450166,62.26,1,3
13506,450200,61.24,1,3
13507,450233,38.91,1,2
13508,450266,57.63,1,3
13509,450300,56.12,1,3
13510,450333,42.92,1,2
13511,450366,48.82,1,2
13512,450400,46.87,1,2
13513,450433,49.81,1,2
13514,450466,39.05,1,2
13515,450500,37.96,1,2
13516,450533,52.1,1,3
13517,450566,34.26,1,2
13518,450599,32.53,1,2
13519,450633,56.49,1,3
13520,450666,33.75,1,2
13521,450700,32.17,1,2
13522,450733,61.82,1,3
13523,450766,32.1,1,2
13524,450800,30.16,1,2
13525,450833,60.38,1,3
13526,450866,32.74,1,2
13527,450900,30.37,1,2
13528,450933,59.82,1,3
13529,450966,38.13,1,2
13530,451000,36.51,1,2
13531,451033,57.14,1,3
13532,451066,51.33,1,3
13533,451099,49.27,1,2
13534,451133,63.44,1,3
13535,451166,62.76,1,3
13536,451200,61.58,1,3
13537,451233,54.99,1,3
13538,451266,93.5,1,4
13539,451300,93.09,1,4
13540,451333,70.04,1,3
13541,451366,88.29,1,4
13542,451400,86.76,1,4
13543,451433,58.87,1,3
13544,451466,87.96,1,4
13545,451500,85.96,1,4
13546,451533,55.68,1,3
13547,451566,85.83,1,4
13548,451599,74.31,1,3
13549,451633,37.99,1,2
13550,451666,67.13,1,3
13551,451700,65.11,1,3
13552,451733,32.25,1,2
13553,451766,58.12,1,3
13554,451800,56.38,1,3
13555,451833,37.98,1,2
13556,451866,57.43,1,3
13557,451900,54.43,1,3
13558,451933,39.61,1,2
13559,451966,56.83,1,3
13560,452000,54.67,1,3
13561,452033,47.05,1,2
13562,452066,49.31,1,2
13563,452099,47.14,1,2
13564,452133,55.1,1,3
13565,452166,44.17,1,2
13566,452200,42.44,1,2
13567,452233,66.07,1,3
13568,452266,39.97,1,2
13569,452300,38,1,2
13570,452333,71.35,1,3
13571,452366,44.81,1,2
13572,452400,40.82,1,2
13573,452433,63.73,1,3
13574,452466,35.06,1,2
13575,452500,33.08,1,2
13576,452533,62.09,1,3
13577,452566,35.88,1,2
13578,452599,33.89,1,2
13579,452633,59.78,1,3
13580,452666,46.06,1,2
13581,452700,44.84,1,2
13582,452733,55.54,1,3
13583,452766,57.57,1,3
13584,452800,56.53,1,3
13585,452833,51.93,1,3
13586,452866,56.44,1,3
13587,452900,55.48,1,3
13588,452933,38.78,1,2
13589,452966,56.15,1,3
13590,453000,55.61,1,3
13591,453033,32.17,1,2
13592,453066,57.03,1,3
13593,453099,56.15,1,3
13594,453133,25.49,1,2
13595,453166,57.83,1,3
13596,453200,57,1,3
13597,453233,22.97,1,1
13598,453266,56.51,1,3
13599,453300,55.19,1,3
13600,453333,24.53,1,1
13601,453366,57.5,1,3
13602,453400,56.72,1,3
13603,453433,33.04,1,2
13604,453466,65.57,1,3
13605,453500,64.15,1,3
13606,453533,38.86,1,2
13607,453566,59.95,1,3
13608,453599,59.09,1,3
13609,453633,45.26,1,2
13610,453666,54.35,1,3
13611,453700,51.08,1,3
13612,453733,52.89,1,3
13613,453766,46.83,1,2
13614,453800,45.5,1,2
13615,453833,66.17,1,3
13616,453866,45.71,1,2
13617,453900,43.34,1,2
13618,453933,63.7,1,3
13619,453966,34.6,1,2
13620,454000,32.76,1,2
13621,454033,60.17,1,3
13622,454066,30.68,1,2
13623,454099,28.93,1,2
13624,454133,56.93,1,3
13625,454166,30.99,1,2
13626,454200,29.83,1,2
13627,454233,56.77,1,3
13628,454266,36.14,1,2
13629,454300,34.71,1,2
13630,454333,51.36,1,3
13631,454366,41.1,1,2
13632,454400,38.99,1,2
13633,454433,48.64,1,2
13634,454466,44.85,1,2
13635,454500,44,1,2
13636,454533,43.98,1,2
13637,454566,50.73,1,3
13638,454599,49.83,1,2
13639,454633,36.32,1,2
13640,454666,54.78,1,3
13641,454700,53.2,1,3
13642,454733,30.5,1,2
13643,454766,56.35,1,3
13644,454800,55.74,1,3
13645,454833,26.41,1,2
13646,454866,58.4,1,3
13647,454900,57.88,1,3
13648,454933,31.04,1,2
13649,454966,60.89,1,3
13650,455000,59.79,1,3
13651,455033,32.05,1,2
13652,455066,67.53,1,3
13653,455099,66.86,1,3
13654,455133,37.66,1,2
13655,455166,61.48,1,3
13656,455200,61.33,1,3
13657,455233,39.33,1,2
13658,455266,91.83,1,4
13659,455300,91.64,1,4
13660,455333,75.75,1,4
13661,455366,83.82,1,4
13662,455400,81.6,1,4
13663,455433,82.25,1,4
13664,455466,72.79,1,3
13665,455500,69.18,1,3
13666,455533,82.56,1,4
13667,455566,55.19,1,3
13668,455599,43.21,1,2
13669,455633,61.15,1,3
13670,455666,35.17,1,2
13671,455700,32.42,1,2
13672,455733,58.22,1,3
13673,455766,32.65,1,2
13674,455800,30.71,1,2
13675,455833,60.37,1,3
13676,455866,33.11,1,2
13677,455900,31.22,1,2
13678,455933,55.99,1,3
13679,455966,35.45,1,2
13680,456000,33.53,1,2
13681,456033,47.75,1,2
13682,456066,45.18,1,2
13683,456099,43.24,1,2
13684,456133,49.55,1,2
13685,456166,61.84,1,3
13686,456200,60.46,1,3
13687,456233,51.61,1,3
13688,456266,60.96,1,3
13689,456300,60.21,1,3
13690,456333,35.45,1,2
13691,456366,58.88,1,3
13692,456400,57.74,1,3
13693,456433,30,1,2
13694,456466,59.61,1,3
13695,456500,58.15,1,3
13696,456533,27.73,1,2
13697,456566,64.03,1,3
13698,456599,63.55,1,3
13699,456633,32.26,1,2
13700,456666,62.74,1,3
13701,456700,61.44,1,3
13702,456733,31.55,1,2
13703,456766,58.72,1,3
13704,456800,58.14,1,3
13705,456833,35.68,1,2
13706,456866,54.68,1,3
13707,456900,53.74,1,3
13708,456933,41.53,1,2
13709,456966,51.1,1,3
13710,457000,48.6,1,2
13711,457033,48.96,1,2
13712,457066,44.66,1,2
13713,457099,42.23,1,2
13714,457133,50.29,1,3
13715,457166,35.64,1,2
13716,457200,32.56,1,2
13717,457233,52.03,1,3
13718,457266,31.03,1,2
13719,457300,29.74,1,2
13720,457333,56.4,1,3
13721,457366,28.33,1,2
13722,457400,26.76,1,2
13723,457433,60.02,1,3
13724,457466,27.81,1,2
13725,457500,26.54,1,2
13726,457533,52.1,1,3
13727,457566,29.89,1,2
13728,457599,28.61,1,2
13729,457633,51.12,1,3
13730,457666,42.65,1,2
13731,457700,39.94,1,2
13732,457733,58.89,1,3
13733,457766,47.68,1,2
13734,457800,46.49,1,2
13735,457833,50.76,1,3
13736,457866,51.17,1,3
13737,457900,50.06,1,3
13738,457933,38.81,1,2
13739,457966,53.22,1,3
13740,458000,52.09,1,3
13741,458033,32.98,1,2
13742,458066,57.16,1,3
13743,458099,56.21,1,3
13744,458133,29.7,1,2
13745,458166,56.53,1,3
13746,458200,56.14,1,3
13747,458233,26.13,1,2
13748,458266,57.78,1,3
13749,458300,55.32,1,3
13750,458333,26.51,1,2
13751,458366,57.78,1,3
13752,458400,56.95,1,3
13753,458433,29.6,1,2
13754,458466,61.81,1,3
13755,458500,60.45,1,3
13756,458533,42.88,1,2
13757,458566,58.69,1,3
13758,458599,56.1,1,3
13759,458633,45.36,1,2
13760,458666,49.38,1,2
13761,458700,48.07,1,2
13762,458733,46.24,1,2
13763,458766,39.52,1,2
13764,458800,38.21,1,2
13765,458833,53.59,1,3
13766,458866,42.76,1,2
13767,458900,40.87,1,2
13768,458933,61.61,1,3
13769,458966,36.95,1,2
13770,459000,34.79,1,2
13771,459033,58.45,1,3
13772,459066,27.7,1,2
13773,459099,26.36,1,2
13774,459133,55.53,1,3
13775,459166,29.29,1,2
13776,459200,28.27,1,2
13777,459233,50.62,1,3
13778,459266,82.6,1,4
13779,459300,80.47,1,4
13780,459333,84.77,1,4
13781,459366,68.95,1,3
13782,459400,65.16,1,3
13783,459433,79.11,1,4
13784,459466,72.13,1,3
13785,459500,69.92,1,3
13786,459533,70.26,1,3
13787,459566,76.93,1,4
13788,459599,61.24,1,3
13789,459633,42.4,1,2
13790,459666,64.02,1,3
13791,459700,62.05,1,3
13792,459733,35.18,1,2
13793,459766,63.97,1,3
13794,459800,63.44,1,3
13795,459833,32.2,1,2
13796,459866,60.27,1,3
13797,459900,59.13,1,3
13798,459933,25.61,1,2
13799,459966,69.91,1,3
13800,460000,68.57,1,3
13801,460033,37.82,1,2
13802,460066,65.9,1,3
13803,460099,64.18,1,3
13804,460133,44.43,1,2
13805,460166,66.72,1,3
13806,460200,63.58,1,3
13807,460233,42.26,1,2
13808,460266,52.73,1,3
13809,460300,50.44,1,3
13810,460333,45.19,1,2
13811,460366,44.33,1,2
13812,460400,42.25,1,2
13813,460433,50.58,1,3
13814,460466,42.59,1,2
13815,460500,38.8,1,2
13816,460533,54.58,1,3
13817,460566,32.96,1,2
13818,460599,30.88,1,2
13819,460633,51.93,1,3
13820,460666,26.08,1,2
13821,460700,24.49,1,1
13822,460733,53.17,1,3
13823,460766,21.89,1,1
13824,460800,20.66,1,1
13825,460833,54.06,1,3
13826,460866,26.39,1,2
13827,460900,25.24,1,2
13828,460933,51.55,1,3
13829,460966,29.23,1,2
13830,461000,28.22,1,2
13831,461033,46.2,1,2
13832,461066,35.91,1,2
13833,461099,33.37,1,2
13834,461133,52.05,1,3
13835,461166,50.26,1,3
13836,461200,48.92,1,2
13837,461233,56.14,1,3
13838,461266,64.6,1,3
13839,461300,62.61,1,3
13840,461333,39.36,1,2
13841,461366,58.79,1,3
13842,461400,57.78,1,3
13843,461433,33.55,1,2
13844,461466,56.68,1,3
13845,461500,55.57,1,3
13846,461533,28.65,1,2
13847,461566,59.51,1,3
13848,461599,59.23,1,3
13849,461633,32.09,1,2
13850,461666,61.44,1,3
13851,461700,60.06,1,3
13852,461733,31.29,1,2
13853,461766,57.08,1,3
13854,461800,55.98,1,3
13855,461833,32.33,1,2
13856,461866,51.62,1,3
13857,461900,50.08,1,3
13858,461933,31.06,1,2
13859,461966,48.85,1,2
13860,462000,46.69,1,2
13861,462033,43.2,1,2
13862,462066,46.51,1,2
13863,462099,43.57,1,2
13864,462133,50.28,1,3
13865,462166,40.81,1,2
13866,462200,38.55,1,2
13867,462233,51.67,1,3
13868,462266,35.76,1,2
13869,462300,34.17,1,2
13870,462333,62.37,1,3
13871,462366,30.71,1,2
13872,462400,29.29,1,2
13873,462433,58.32,1,3
13874,462466,33.46,1,2
13875,462500,32.24,1,2
13876,462533,62,1,3
13877,462566,34.91,1,2
13878,462599,33.26,1,2
13879,462633,57.88,1,3
13880,462666,37.97,1,2
13881,462700,36.51,1,2
13882,462733,62.54,1,3
13883,462766,59.24,1,3
13884,462800,57.49,1,3
13885,462833,63.49,1,3
13886,462866,66.79,1,3
13887,462900,66.11,1,3
13888,462933,56.1,1,3
13889,462966,59.73,1,3
13890,463000,56.91,1,3
13891,463033,38.86,1,2
13892,463066,58.55,1,3
13893,463099,57.52,1,3
13894,463133,30.7,1,2
13895,463166,59.59,1,3
13896,463200,57.51,1,3
13897,463233,25.79,1,2
13898,463266,97.69,1,4
13899,463300,95.64,1,4
13900,463333,61.57,1,3
13901,463366,93.16,1,4
13902,463400,90.68,1,4
13903,463433,58.83,1,3
13904,463466,89.94,1,4
13905,463500,88.1,1,4
13906,463533,61.62,1,3
13907,463566,85.74,1,4
13908,463599,67.57,1,3
13909,463633,49.59,1,2
13910,463666,61.58,1,3
13911,463700,58.76,1,3
13912,463733,51.43,1,3
13913,463766,58.68,1,3
13914,463800,55.91,1,3
13915,463833,58.18,1,3
13916,463866,52.4,1,3
13917,463900,49.54,1,2
13918,463933,68.94,1,3
13919,463966,53.68,1,3
13920,464000,51.86,1,3
13921,464033,78.17,1,4
13922,464066,42.54,1,2
13923,464099,40.18,1,2
13924,464133,64,1,3
13925,464166,34.32,1,2
13926,464200,32.31,1,2
13927,464233,58.04,1,3
13928,464266,36.96,1,2
13929,464300,34.3,1,2
13930,464333,58.25,1,3
13931,464366,45.08,1,2
13932,464400,43.47,1,2
13933,464433,58.6,1,3
13934,464466,45.79,1,2
13935,464500,42.12,1,2
13936,464533,46.56,1,2
13937,464566,47.74,1,2
13938,464599,46.07,1,2
13939,464633,44.69,1,2
13940,464666,52.46,1,3
13941,464700,51.69,1,3
13942,464733,35.37,1,2
13943,464766,53.32,1,3
13944,464800,51.15,1,3
13945,464833,33.7,1,2
13946,464866,58.01,1,3
13947,464900,56.41,1,3
13948,464933,26.6,1,2
13949,464966,60.53,1,3
13950,465000,60.02,1,3
13951,465033,28.96,1,2
13952,465066,70.8,1,3
13953,465099,70.09,1,3
13954,465133,31.84,1,2
13955,465166,65.59,1,3
13956,465200,64.42,1,3
13957,465233,37.91,1,2
13958,465266,60.37,1,3
13959,465300,59.5,1,3
13960,465333,42.41,1,2
13961,465366,55.54,1,3
13962,465400,53.22,1,3
13963,465433,47.91,1,2
13964,465466,55.24,1,3
13965,465500,53.19,1,3
13966,465533,57.54,1,3
13967,465566,41.56,1,2
13968,465599,39.54,1,2
13969,465633,60.39,1,3
13970,465666,35.9,1,2
13971,465700,34.07,1,2
13972,465733,54.62,1,3
13973,465766,28.38,1,2
13974,465800,26.73,1,2
13975,465833,53.86,1,3
13976,465866,31.71,1,2
13977,465900,29.89,1,2
13978,465933,56.41,1,3
13979,465966,29.46,1,2
13980,466000,28.29,1,2
13981,466033,52.43,1,3
13982,466066,35.29,1,2
13983,466099,33.83,1,2
13984,466133,45.38,1,2
13985,466166,38.55,1,2
13986,466200,37.68,1,2
13987,466233,47.04,1,2
13988,466266,50.08,1,3
13989,466300,48.42,1,2
13990,466333,43.36,1,2
13991,466366,55.06,1,3
13992,466400,53.67,1,3
13993,466433,34.04,1,2
13994,466466,55.98,1,3
13995,466500,54.96,1,3
13996,466533,30.33,1,2
13997,466566,63.87,1,3
13998,466599,63.06,1,3
13999,466633,31.88,1,2
14000,466666,69.88,1,3
14001,466700,69.23,1,3
14002,466733,35.73,1,2
14003,466766,65.61,1,3
14004,466800,64.63,1,3
14005,466833,29.92,1,2
14006,466866,58.77,1,3
14007,466900,57.48,1,3
14008,466933,33.4,1,2
14009,466966,55.11,1,3
14010,467000,52.46,1,3
14011,467033,34.17,1,2
14012,467066,53.25,1,3
14013,467099,50.17,1,3
14014,467133,44.6,1,2
14015,467166,45.12,1,2
14016,467200,43.65,1,2
14017,467233,52.35,1,3
14018,467266,90.44,1,4
14019,467300,89.39,1,4
14020,467333,86.41,1,4
14021,467366,66.32,1,3
14022,467400,64.61,1,3
14023,467433,87.79,1,4
14024,467466,62.1,1,3
14025,467500,58.53,1,3
14026,467533,79.22,1,4
14027,467566,52.34,1,3
14028,467599,35.11,1,2
14029,467633,60.25,1,3
14030,467666,34.73,1,2
14031,467700,32.28,1,2
14032,467733,58.69,1,3
14033,467766,48.62,1,2
14034,467800,47.97,1,2
14035,467833,65.11,1,3
14036,467866,52.27,1,3
14037,467900,49.97,1,2
14038,467933,61.44,1,3
14039,467966,59.96,1,3
14040,468000,57.48,1,3
14041,468033,47.72,1,2
14042,468066,56.96,1,3
14043,468099,55.54,1,3
14044,468133,38.88,1,2
14045,468166,60.86,1,3
14046,468200,59.44,1,3
14047,468233,34.83,1,2
14048,468266,61.87,1,3
14049,468300,60.36,1,3
14050,468333,30.12,1,2
14051,468366,62.33,1,3
14052,468400,59.31,1,3
14053,468433,24.1,1,1
14054,468466,56.92,1,3
14055,468500,55.23,1,3
14056,468533,29.88,1,2
14057,468566,58.56,1,3
14058,468599,57.28,1,3
14059,468633,37.61,1,2
14060,468666,56.45,1,3
14061,468700,55.06,1,3
14062,468733,43.76,1,2
14063,468766,50.67,1,3
14064,468800,48.78,1,2
14065,468833,44.38,1,2
14066,468866,43.39,1,2
14067,468900,41.82,1,2
14068,468933,54.03,1,3
14069,468966,39.83,1,2
14070,469000,38.39,1,2
14071,469033,64.62,1,3
14072,469066,37.49,1,2
14073,469099,35.47,1,2
14074,469133,57.24,1,3
14075,469166,32.73,1,2
14076,469200,31.06,1,2
14077,469233,56.82,1,3
14078,469266,27.86,1,2
14079,469300,26.23,1,2
14080,469333,53.94,1,3
14081,469366,30.77,1,2
14082,469400,29.4,1,2
14083,469433,55.85,1,3
14084,469466,40.28,1,2
14085,469500,38.82,1,2
14086,469533,50.7,1,3
14087,469566,43.55,1,2
14088,469599,41.43,1,2
14089,469633,46.69,1,2
14090,469666,50.25,1,3
14091,469700,48.74,1,2
14092,469733,40.15,1,2
14093,469766,54.23,1,3
14094,469800,53.51,1,3
14095,469833,35.66,1,2
14096,469866,58.3,1,3
14097,469900,56.17,1,3
14098,469933,29.69,1,2
14099,469966,55.67,1,3
14100,470000,54.86,1,3
14101,470033,21.65,1,1
14102,470066,63.96,1,3
14103,470099,63.34,1,3
14104,470133,32.13,1,2
14105,470166,62.63,1,3
14106,470200,61.39,1,3
14107,470233,37.62,1,2
14108,470266,63.95,1,3
14109,470300,61.37,1,3
14110,470333,36.98,1,2
14111,470366,54.49,1,3
14112,470400,52.44,1,3
14113,470433,38.41,1,2
14114,470466,53.13,1,3
14115,470500,50.15,1,3
14116,470533,51.42,1,3
14117,470566,47.58,1,2
14118,470599,45.21,1,2
14119,470633,50.69,1,3
14120,470666,39.36,1,2
14121,470700,37.62,1,2
14122,470733,55.93,1,3
14123,470766,29.63,1,2
14124,470800,28.23,1,2
14125,470833,52.99,1,3
14126,470866,25.88,1,2
14127,470900,24.29,1,1
14128,470933,54.3,1,3
14129,470966,26.3,1,2
14130,471000,24.72,1,1
14131,471033,50.23,1,3
14132,471066,29.4,1,2
14133,471099,28.22,1,2
14134,471133,46.9,1,2
14135,471166,36.39,1,2
14136,471200,34.14,1,2
14137,471233,50.88,1,3
14138,471266,94.29,1,4
14139,471300,94.14,1,4
14140,471333,83.17,1,4
14141,471366,86.43,1,4
14142,471400,84.77,1,4
14143,471433,71.94,1,3
14144,471466,87.36,1,4
14145,471500,85.48,1,4
14146,471533,62.5,1,3
14147,471566,83.5,1,4
14148,471599,72.36,1,3
14149,471633,37.43,1,2
14150,471666,71.5,1,3
14151,471700,68.36,1,3
14152,471733,35.85,1,2
14153,471766,70.79,1,3
14154,471800,68.66,1,3
14155,471833,37.97,1,2
14156,471866,62.24,1,3
14157,471900,60.11,1,3
14158,471933,30.05,1,2
14159,471966,59.69,1,3
14160,472000,58.42,1,3
14161,472033,34.79,1,2
14162,472066,54.47,1,3
14163,472099,52.11,1,3
14164,472133,39.57,1,2
14165,472166,48.54,1,2
14166,472200,46.86,1,2
14167,472233,45.82,1,2
14168,472266,42.37,1,2
14169,472300,40.7,1,2
14170,472333,49.72,1,2
14171,472366,34.41,1,2
14172,472400,32.81,1,2
14173,472433,61.71,1,3
14174,472466,32.33,1,2
14175,472500,30.4,1,2
14176,472533,58.78,1,3
14177,472566,35.31,1,2
14178,472599,33.71,1,2
14179,472633,58.17,1,3
14180,472666,30.46,1,2
14181,472700,28.92,1,2
14182,472733,55.12,1,3
14183,472766,35.57,1,2
14184,472800,33.85,1,2
14185,472833,58.84,1,3
14186,472866,51.26,1,3
14187,472900,49.96,1,2
14188,472933,59.13,1,3
14189,472966,52.76,1,3
14190,473000,50.94,1,3
14191,473033,55.79,1,3
14192,473066,51.51,1,3
14193,473099,50.19,1,3
14194,473133,35.56,1,2
14195,473166,54.89,1,3
14196,473200,53.76,1,3
14197,473233,32.19,1,2
14198,473266,58.72,1,3
14199,473300,57.59,1,3
14200,473333,28.6,1,2
14201,473366,56.62,1,3
14202,473400,55.94,1,3
14203,473433,23.67,1,1
14204,473466,54.59,1,3
14205,473500,53.64,1,3
14206,473533,26.33,1,2
14207,473566,55.68,1,3
14208,473599,55.26,1,3
14209,473633,26.01,1,2
14210,473666,57.75,1,3
14211,473700,56.44,1,3
14212,473733,41.9,1,2
14213,473766,56.1,1,3
14214,473800,54.89,1,3
14215,473833,46.73,1,2
14216,473866,55.74,1,3
14217,473900,54.86,1,3
14218,473933,65.92,1,3
14219,473966,67.05,1,3
14220,474000,65.38,1,3
14221,474033,75.18,1,4
14222,474066,63.47,1,3
14223,474099,62.04,1,3
14224,474133,72.07,1,3
14225,474166,45.9,1,2
14226,474200,43.35,1,2
14227,474233,68.95,1,3
14228,474266,42,1,2
14229,474300,40.35,1,2
14230,474333,62.55,1,3
14231,474366,46.55,1,2
14232,474400,43.51,1,2
14233,474433,62.16,1,3
14234,474466,52.73,1,3
14235,474500,50.86,1,3
14236,474533,62.59,1,3
14237,474566,51.58,1,3
14238,474599,49.36,1,2
14239,474633,54.02,1,3
14240,474666,50.33,1,3
14241,474700,48.29,1,2
14242,474733,49.4,1,2
14243,474766,53.75,1,3
14244,474800,52.28,1,3
14245,474833,44.62,1,2
14246,474866,59.18,1,3
14247,474900,57.14,1,3
14248,474933,39.41,1,2
14249,474966,58.76,1,3
14250,475000,60.26,1,3
14251,475033,35.02,1,2
14252,475066,62.59,1,3
14253,475099,61.37,1,3
14254,475133,35.24,1,2
14255,475166,69.37,1,3
14256,475200,68.44,1,3
14257,475233,41.06,1,2
14258,475266,98.95,1,4
14259,475300,98.81,1,4
14260,475333,76.18,1,4
14261,475366,96.15,1,4
14262,475400,95.52,1,4
14263,475433,84.48,1,4
14264,475466,94.41,1,4
14265,475500,92.08,1,4
14266,475533,86,1,4
14267,475566,90.9,1,4
14268,475599,79.64,1,4
14269,475633,79.41,1,4
14270,475666,74.86,1,3
14271,475700,68.24,1,3
14272,475733,74.51,1,3
14273,475766,54.69,1,3
14274,475800,51.85,1,3
14275,475833,68.55,1,3
14276,475866,44.22,1,2
14277,475900,41.37,1,2
14278,475933,60.41,1,3
14279,475966,42.69,1,2
14280,476000,40.36,1,2
14281,476033,60.79,1,3
14282,476066,40.07,1,2
14283,476099,37.33,1,2
14284,476133,55.1,1,3
14285,476166,42.45,1,2
14286,476200,41.49,1,2
14287,476233,52.88,1,3
14288,476266,44.18,1,2
14289,476300,43.04,1,2
14290,476333,52.92,1,3
14291,476366,53.58,1,3
14292,476400,52.77,1,3
14293,476433,54.11,1,3
14294,476466,58.18,1,3
14295,476500,56.65,1,3
14296,476533,43.05,1,2
14297,476566,59.07,1,3
14298,476599,58.23,1,3
14299,476633,44.91,1,2
14300,476666,73.98,1,3
14301,476700,73.45,1,3
14302,476733,45.11,1,2
14303,476766,78.57,1,4
14304,476800,78.15,1,4
14305,476833,51.76,1,3
14306,476866,73.14,1,3
14307,476900,71.26,1,3
14308,476933,41.47,1,2
14309,476966,65.26,1,3
14310,477000,64.36,1,3
14311,477033,38.54,1,2
14312,477066,63.6,1,3
14313,477099,62.66,1,3
14314,477133,53.76,1,3
14315,477166,61.14,1,3
14316,477200,60.37,1,3
14317,477233,57.9,1,3
14318,477266,54.66,1,3
14319,477300,53.39,1,3
14320,477333,50.93,1,3
14321,477366,47.75,1,2
14322,477400,46.43,1,2
14323,477433,56.94,1,3
14324,477466,39.48,1,2
14325,477500,38.11,1,2
14326,477533,56.16,1,3
14327,477566,33.45,1,2
14328,477599,32.36,1,2
14329,477633,54.98,1,3
14330,477666,33.17,1,2
14331,477700,32.04,1,2
14332,477733,55.2,1,3
14333,477766,36.56,1,2
14334,477800,34.64,1,2
14335,477833,58.88,1,3
14336,477866,41.68,1,2
14337,477900,40.11,1,2
14338,477933,64.52,1,3
14339,477966,50.83,1,3
14340,478000,48.47,1,2
14341,478033,52.36,1,3
14342,478066,53.61,1,3
14343,478099,52.46,1,3
14344,478133,49.66,1,2
14345,478166,57.32,1,3
14346,478200,56.46,1,3
14347,478233,41.29,1,2
14348,478266,64.8,1,3
14349,478300,63.89,1,3
14350,478333,45.25,1,2
14351,478366,64.59,1,3
14352,478400,63.85,1,3
14353,478433,38.87,1,2
14354,478466,63.38,1,3
14355,478500,62.63,1,3
14356,478533,33.17,1,2
14357,478566,58.7,1,3
14358,478599,58.43,1,3
14359,478633,29.6,1,2
14360,478666,56.8,1,3
14361,478700,55.04,1,3
14362,478733,35.15,1,2
14363,478766,55.33,1,3
14364,478800,53.61,1,3
14365,478833,39.27,1,2
14366,478866,54.11,1,3
14367,478900,53.39,1,3
14368,478933,46.32,1,2
14369,478966,54.17,1,3
14370,479000,52.26,1,3
14371,479033,51.94,1,3
14372,479066,47.98,1,2
14373,479099,45.79,1,2
14374,479133,59.73,1,3
14375,479166,40.28,1,2
14376,479200,38.75,1,2
14377,479233,56.54,1,3
14378,479266,89.4,1,4
14379,479300,87.81,1,4
14380,479333,93.92,1,4
14381,479366,74.78,1,3
14382,479400,73,1,3
14383,479433,92.24,1,4
14384,479466,71.33,1,3
14385,479500,69.45,1,3
14386,479533,88.25,1,4
14387,479566,71.32,1,3
14388,479599,58.84,1,3
14389,479633,70.95,1,3
14390,479666,56.67,1,3
14391,479700,53.1,1,3
14392,479733,61.05,1,3
14393,479766,58.28,1,3
14394,479800,56.61,1,3
14395,479833,52.77,1,3
14396,479866,60.71,1,3
14397,479900,59.5,1,3
14398,479933,45.92,1,2
14399,479966,60.75,1,3
14400,480000,59.26,1,3
14401,480033,37.2,1,2
14402,480066,61.14,1,3
14403,480099,58.95,1,3
14404,480133,34.78,1,2
14405,480166,60.28,1,3
14406,480200,59.36,1,3
14407,480233,37.13,1,2
14408,480266,59.13,1,3
14409,480300,58.09,1,3
14410,480333,37.91,1,2
14411,480366,59.03,1,3
14412,480400,58.41,1,3
14413,480433,37.37,1,2
14414,480466,58.32,1,3
14415,480500,57.2,1,3
14416,480533,42.26,1,2
14417,480566,59.06,1,3
14418,480599,57.8,1,3
14419,480633,58.73,1,3
14420,480666,62.77,1,3
14421,480700,61.25,1,3
14422,480733,56.56,1,3
14423,480766,45.88,1,2
14424,480800,44.78,1,2
14425,480833,56.7,1,3
14426,480866,41.19,1,2
14427,480900,38.5,1,2
14428,480933,56.77,1,3
14429,480966,36.06,1,2
14430,481000,34.55,1,2
14431,481033,58.08,1,3
14432,481066,35.47,1,2
14433,481099,34.37,1,2
14434,481133,55.83,1,3
14435,481166,34.46,1,2
14436,481200,33.47,1,2
14437,481233,55.37,1,3
14438,481266,41.88,1,2
14439,481300,39.74,1,2
14440,481333,51.8,1,3
14441,481366,47.15,1,2
14442,481400,46.08,1,2
14443,481433,52.24,1,3
14444,481466,53.38,1,3
14445,481500,52.75,1,3
14446,481533,48.86,1,2
14447,481566,55.06,1,3
14448,481599,53.78,1,3
14449,481633,40.15,1,2
14450,481666,60.05,1,3
14451,481700,58.89,1,3
14452,481733,39.93,1,2
14453,481766,64.23,1,3
14454,481800,62.96,1,3
14455,481833,34.97,1,2
14456,481866,61.11,1,3
14457,481900,59.93,1,3
14458,481933,32.77,1,2
14459,481966,56.86,1,3
14460,482000,56.59,1,3
14461,482033,29,1,2
14462,482066,56.24,1,3
14463,482099,55.05,1,3
14464,482133,37.79,1,2
14465,482166,64.31,1,3
14466,482200,63.12,1,3
14467,482233,36.52,1,2
14468,482266,56.3,1,3
14469,482300,55.04,1,3
14470,482333,46.47,1,2
14471,482366,47.35,1,2
14472,482400,46.26,1,2
14473,482433,49.44,1,2
14474,482466,41.9,1,2
14475,482500,39.49,1,2
14476,482533,57.68,1,3
14477,482566,38.24,1,2
14478,482599,36.75,1,2
14479,482633,55.49,1,3
14480,482666,35.69,1,2
14481,482700,34.46,1,2
14482,482733,55.31,1,3
14483,482766,33.42,1,2
14484,482800,32.34,1,2
14485,482833,60.5,1,3
14486,482866,40.34,1,2
14487,482900,39.29,1,2
14488,482933,68.59,1,3
14489,482966,52.8,1,3
14490,483000,51.9,1,3
14491,483033,63.41,1,3
14492,483066,51.16,1,3
14493,483099,49.2,1,2
14494,483133,57.27,1,3
14495,483166,48.05,1,2
14496,483200,47.12,1,2
14497,483233,45.43,1,2
14498,483266,96.35,1,4
14499,483300,96.23,1,4
14500,483333,78.72,1,4
14501,483366,92.73,1,4
14502,483400,92.37,1,4
14503,483433,69.47,1,3
14504,483466,89.69,1,4
14505,483500,87.03,1,4
14506,483533,60.62,1,3
14507,483566,82.57,1,4
14508,483599,70.11,1,3
14509,483633,33.38,1,2
14510,483666,60.78,1,3
14511,483700,59.49,1,3
14512,483733,33.47,1,2
14513,483766,64.3,1,3
14514,483800,63.33,1,3
14515,483833,35.68,1,2
14516,483866,60.98,1,3
14517,483900,59.54,1,3
14518,483933,41.78,1,2
14519,483966,67.03,1,3
14520,484000,65.1,1,3
14521,484033,64.01,1,3
14522,484066,73.57,1,3
14523,484099,72.68,1,3
14524,484133,68,1,3
14525,484166,60.6,1,3
14526,484200,59.43,1,3
14527,484233,64.76,1,3
14528,484266,44.7,1,2
14529,484300,42.42,1,2
14530,484333,59.09,1,3
14531,484366,43.04,1,2
14532,484400,41.74,1,2
14533,484433,68.9,1,3
14534,484466,47.27,1,2
14535,484500,43.73,1,2
14536,484533,62.9,1,3
14537,484566,38.8,1,2
14538,484599,36.86,1,2
14539,484633,58.88,1,3
14540,484666,40.96,1,2
14541,484700,39.18,1,2
14542,484733,51.4,1,3
14543,484766,40.21,1,2
14544,484800,38.85,1,2
14545,484833,52.72,1,3
14546,484866,46.06,1,2
14547,484900,44.79,1,2
14548,484933,50.17,1,3
14549,484966,50.47,1,3
14550,485000,49.76,1,2
14551,485033,43.42,1,2
14552,485066,56.06,1,3
14553,485099,55.05,1,3
14554,485133,37.18,1,2
14555,485166,67.56,1,3
14556,485200,64.5,1,3
14557,485233,36.33,1,2
14558,485266,68.26,1,3
14559,485300,67.39,1,3
14560,485333,32.59,1,2
14561,485366,58.93,1,3
14562,485400,58.02,1,3
14563,485433,29.89,1,2
14564,485466,60.87,1,3
14565,485500,59.92,1,3
14566,485533,48.02,1,2
14567,485566,71.48,1,3
14568,485599,70.62,1,3
14569,485633,53.06,1,3
14570,485666,72.32,1,3
14571,485700,70.96,1,3
14572,485733,56.72,1,3
14573,485766,54.87,1,3
14574,485800,52.75,1,3
14575,485833,51.99,1,3
14576,485866,48.32,1,2
14577,485900,47.66,1,2
14578,485933,53.04,1,3
14579,485966,39.86,1,2
14580,486000,38.22,1,2
14581,486033,52.28,1,3
14582,486066,34.61,1,2
14583,486099,33.36,1,2
14584,486133,52.36,1,3
14585,486166,28.76,1,2
14586,486200,28.19,1,2
14587,486233,51.75,1,3
14588,486266,32.48,1,2
14589,486300,31.71,1,2
14590,486333,57.09,1,3
14591,486366,39.48,1,2
14592,486400,38.76,1,2
14593,486433,55.37,1,3
14594,486466,44.08,1,2
14595,486500,42.28,1,2
14596,486533,55.39,1,3
14597,486566,50.18,1,3
14598,486599,49.3,1,2
14599,486633,54.98,1,3
14600,486666,63.81,1,3
14601,486700,63.14,1,3
14602,486733,54.97,1,3
14603,486766,74.79,1,3
14604,486800,74.29,1,3
14605,486833,56.53,1,3
14606,486866,66.6,1,3
14607,486900,65.02,1,3
14608,486933,33.6,1,2
14609,486966,56.63,1,3
14610,487000,56.16,1,3
14611,487033,32.23,1,2
14612,487066,60.89,1,3
14613,487099,58.7,1,3
14614,487133,34.47,1,2
14615,487166,61.13,1,3
14616,487200,60.03,1,3
14617,487233,34.65,1,2
14618,487266,95.6,1,4
14619,487300,95.51,1,4
14620,487333,73.32,1,3
14621,487366,89.67,1,4
14622,487400,88.92,1,4
14623,487433,75.73,1,4
14624,487466,84.49,1,4
14625,487500,80.38,1,4
14626,487533,75.37,1,4
14627,487566,74.17,1,3
14628,487599,57.11,1,3
14629,487633,56.25,1,3
14630,487666,43.68,1,2
14631,487700,40.77,1,2
14632,487733,57.63,1,3
14633,487766,45.17,1,2
14634,487800,42.59,1,2
14635,487833,74.07,1,3
14636,487866,53.69,1,3
14637,487900,52.61,1,3
14638,487933,75.16,1,4
14639,487966,50.87,1,3
14640,488000,49.58,1,2
14641,488033,72.05,1,3
14642,488066,41.54,1,2
14643,488099,39.85,1,2
14644,488133,58.21,1,3
14645,488166,50.76,1,3
14646,488200,48.67,1,2
14647,488233,64.09,1,3
14648,488266,58.76,1,3
14649,488300,57.02,1,3
14650,488333,58.25,1,3
14651,488366,57.72,1,3
14652,488400,56.44,1,3
14653,488433,47.98,1,2
14654,488466,56.26,1,3
14655,488500,55.37,1,3
14656,488533,36.16,1,2
14657,488566,55.09,1,3
14658,488599,54.83,1,3
14659,488633,32.3,1,2
14660,488666,55.54,1,3
14661,488700,55.02,1,3
14662,488733,27.09,1,2
14663,488766,55.91,1,3
14664,488800,55.32,1,3
14665,488833,26.39,1,2
14666,488866,53.81,1,3
14667,488900,53.02,1,3
14668,488933,31.01,1,2
14669,488966,62.25,1,3
14670,489000,60.9,1,3
14671,489033,42.54,1,2
14672,489066,65.62,1,3
14673,489099,63.78,1,3
14674,489133,49.87,1,2
14675,489166,57.51,1,3
14676,489200,56.35,1,3
14677,489233,52.23,1,3
14678,489266,51.43,1,3
14679,489300,50.16,1,3
14680,489333,61.28,1,3
14681,489366,49.43,1,2
14682,489400,47.94,1,2
14683,489433,70.07,1,3
14684,489466,47.47,1,2
14685,489500,45.8,1,2
14686,489533,65.48,1,3
14687,489566,35.07,1,2
14688,489599,33.13,1,2
14689,489633,55.83,1,3
14690,489666,31.99,1,2
14691,489700,30.64,1,2
14692,489733,54.68,1,3
14693,489766,32.98,1,2
14694,489800,32.02,1,2
14695,489833,50.65,1,3
14696,489866,38.62,1,2
14697,489900,37.58,1,2
14698,489933,49.66,1,2
14699,489966,43.63,1,2
14700,490000,42.1,1,2
14701,490033,48.3,1,2
14702,490066,49.83,1,2
14703,490099,48.76,1,2
14704,490133,43.27,1,2
14705,490166,56.71,1,3
14706,490200,55.96,1,3
14707,490233,43.69,1,2
14708,490266,56.72,1,3
14709,490300,56.35,1,3
14710,490333,32.58,1,2
14711,490366,57.19,1,3
14712,490400,56.29,1,3
14713,490433,28.39,1,2
14714,490466,65.05,1,3
14715,490500,64.6,1,3
14716,490533,34.66,1,2
14717,490566,68.11,1,3
14718,490599,67.38,1,3
14719,490633,39.14,1,2
14720,490666,63.49,1,3
14721,490700,62.27,1,3
14722,490733,37.03,1,2
14723,490766,59.23,1,3
14724,490800,57.9,1,3
14725,490833,43.04,1,2
14726,490866,56.39,1,3
14727,490900,55.21,1,3
14728,490933,49.46,1,2
14729,490966,53.38,1,3
14730,491000,51.63,1,3
14731,491033,53.27,1,3
14732,491066,48.83,1,2
14733,491099,46.98,1,2
14734,491133,52.12,1,3
14735,491166,36.47,1,2
14736,491200,35.39,1,2
14737,491233,54.41,1,3
14738,491266,94.08,1,4
14739,491300,91.31,1,4
14740,491333,93.04,1,4
14741,491366,69.82,1,3
14742,491400,68.26,1,3
14743,491433,90.23,1,4
14744,491466,63.59,1,3
14745,491500,60.96,1,3
14746,491533,78.29,1,4
14747,491566,64.31,1,3
14748,491599,46.06,1,2
14749,491633,70.14,1,3
14750,491666,72.4,1,3
14751,491700,71.29,1,3
14752,491733,77.55,1,4
14753,491766,73,1,3
14754,491800,71.42,1,3
14755,491833,68.87,1,3
14756,491866,68.59,1,3
14757,491900,65.28,1,3
14758,491933,50.92,1,3
14759,491966,67.42,1,3
14760,492000,64.19,1,3
14761,492033,42.25,1,2
14762,492066,70.32,1,3
14763,492099,68.44,1,3
14764,492133,34.55,1,2
14765,492166,62.15,1,3
14766,492200,60.34,1,3
14767,492233,29.42,1,2
14768,492266,57.55,1,3
14769,492300,56.84,1,3
14770,492333,32.23,1,2
14771,492366,55.69,1,3
14772,492400,52.81,1,3
14773,492433,33.76,1,2
14774,492466,62.82,1,3
14775,492500,61.68,1,3
14776,492533,42.52,1,2
14777,492566,56.47,1,3
14778,492599,54.99,1,3
14779,492633,47.59,1,2
14780,492666,47.45,1,2
14781,492700,46.48,1,2
14782,492733,61.07,1,3
14783,492766,56.56,1,3
14784,492800,54.47,1,3
14785,492833,62.11,1,3
14786,492866,47.28,1,2
14787,492900,45.63,1,2
14788,492933,65.11,1,3
14789,492966,39.03,1,2
14790,493000,39.09,1,2
14791,493033,54.81,1,3
14792,493066,31.99,1,2
14793,493099,30.95,1,2
14794,493133,57.79,1,3
14795,493166,38.33,1,2
14796,493200,36.59,1,2
14797,493233,57.2,1,3
14798,493266,41.76,1,2
14799,493300,40.04,1,2
14800,493333,61.82,1,3
14801,493366,44.29,1,2
14802,493400,43.3,1,2
14803,493433,53.89,1,3
14804,493466,45.45,1,2
14805,493500,43.93,1,2
14806,493533,51.94,1,3
14807,493566,54.61,1,3
14808,493599,53.02,1,3
14809,493633,45.67,1,2
14810,493666,58.73,1,3
14811,493700,58.38,1,3
14812,493733,34.34,1,2
14813,493766,57.18,1,3
14814,493800,56.8,1,3
14815,493833,28.71,1,2
14816,493866,56.72,1,3
14817,493900,56.44,1,3
14818,493933,28.77,1,2
14819,493966,63.69,1,3
14820,494000,62.24,1,3
14821,494033,39.89,1,2
14822,494066,60.39,1,3
14823,494099,58.88,1,3
14824,494133,31.76,1,2
14825,494166,57.69,1,3
14826,494200,57.32,1,3
14827,494233,36.91,1,2
14828,494266,57.89,1,3
14829,494300,57.2,1,3
14830,494333,44.33,1,2
14831,494366,63.5,1,3
14832,494400,62.99,1,3
14833,494433,55.6,1,3
14834,494466,53.14,1,3
14835,494500,51.2,1,3
14836,494533,52.86,1,3
14837,494566,43.56,1,2
14838,494599,42.25,1,2
14839,494633,56.01,1,3
14840,494666,36.05,1,2
14841,494700,34.88,1,2
14842,494733,58.03,1,3
14843,494766,32.75,1,2
14844,494800,32.04,1,2
14845,494833,57.74,1,3
14846,494866,30.36,1,2
14847,494900,29.23,1,2
14848,494933,52.47,1,3
14849,494966,33.26,1,2
14850,495000,32.25,1,2
14851,495033,54.89,1,3
14852,495066,44.81,1,2
14853,495099,43.78,1,2
14854,495133,63.38,1,3
14855,495166,51.62,1,3
14856,495200,50.69,1,3
14857,495233,60.83,1,3
14858,495266,92.29,1,4
14859,495300,91.71,1,4
14860,495333,81.14,1,4
14861,495366,88.8,1,4
14862,495400,87.33,1,4
14863,495433,78.75,1,4
14864,495466,91.49,1,4
14865,495500,89.07,1,4
14866,495533,63.66,1,3
14867,495566,84.15,1,4
14868,495599,72.52,1,3
14869,495633,46.31,1,2
14870,495666,67.64,1,3
14871,495700,65.41,1,3
14872,495733,33.02,1,2
14873,495766,62.72,1,3
14874,495800,60.7,1,3
14875,495833,29.84,1,2
14876,495866,61.5,1,3
14877,495900,60.38,1,3
14878,495933,37.18,1,2
14879,495966,56.23,1,3
14880,496000,54.92,1,3
14881,496033,40.69,1,2
14882,496066,54.85,1,3
14883,496099,53.17,1,3
14884,496133,50.57,1,3
14885,496166,57.59,1,3
14886,496200,55.91,1,3
14887,496233,57.12,1,3
14888,496266,51.55,1,3
14889,496300,49.04,1,2
14890,496333,61.6,1,3
14891,496366,41.42,1,2
14892,496400,40.32,1,2
14893,496433,60,1,3
14894,496466,34.61,1,2
14895,496500,33.23,1,2
14896,496533,58.6,1,3
14897,496566,39.45,1,2
14898,496599,37.85,1,2
14899,496633,62.52,1,3
14900,496666,45.58,1,2
14901,496700,44.27,1,2
14902,496733,69.68,1,3
14903,496766,45.92,1,2
14904,496800,44.43,1,2
14905,496833,53.23,1,3
14906,496866,41.17,1,2
14907,496900,40.37,1,2
14908,496933,48.89,1,2
14909,496966,52.35,1,3
14910,497000,51.46,1,3
14911,497033,53.24,1,3
14912,497066,52.73,1,3
14913,497099,50.95,1,3
14914,497133,45.27,1,2
14915,497166,54.92,1,3
14916,497200,54.22,1,3
14917,497233,35.24,1,2
14918,497266,56.21,1,3
14919,497300,55.65,1,3
14920,497333,33.09,1,2
14921,497366,63.73,1,3
14922,497400,63.02,1,3
14923,497433,32.73,1,2
14924,497466,63.89,1,3
14925,497500,61.78,1,3
14926,497533,28.27,1,2
14927,497566,57.11,1,3
14928,497599,55.48,1,3
14929,497633,38.02,1,2
14930,497666,70.69,1,3
14931,497700,70.03,1,3
14932,497733,51.25,1,3
14933,497766,71.14,1,3
14934,497800,69.4,1,3
14935,497833,61.43,1,3
14936,497866,65.56,1,3
14937,497900,64.81,1,3
14938,497933,53.15,1,3
14939,497966,50.66,1,3
14940,498000,48.77,1,2
14941,498033,51.82,1,3
14942,498066,38.06,1,2
14943,498099,36.83,1,2
14944,498133,53.1,1,3
14945,498166,35.2,1,2
14946,498200,34.25,1,2
14947,498233,54.9,1,3
14948,498266,32,1,2
14949,498300,30.89,1,2
14950,498333,56.04,1,3
14951,498366,30.19,1,2
14952,498400,28.94,1,2
14953,498433,54.07,1,3
14954,498466,35.03,1,2
14955,498500,34.32,1,2
14956,498533,54.37,1,3
14957,498566,38.5,1,2
14958,498599,37.37,1,2
14959,498633,53.7,1,3
14960,498666,48.73,1,2
14961,498700,47.73,1,2
14962,498733,53.64,1,3
14963,498766,58.67,1,3
14964,498800,58.03,1,3
14965,498833,54.84,1,3
14966,498866,70.27,1,3
14967,498900,69.78,1,3
14968,498933,59.64,1,3
14969,498966,66.63,1,3
14970,499000,65.96,1,3
14971,499033,42.99,1,2
14972,499066,64.16,1,3
14973,499099,63.08,1,3
14974,499133,31.96,1,2
14975,499166,58.93,1,3
14976,499200,58.08,1,3
14977,499233,36.25,1,2
14978,499266,97.66,1,4
14979,499300,97.67,1,4
14980,499333,72.01,1,3
14981,499366,92.74,1,4
14982,499400,91.3,1,4
14983,499433,70.29,1,3
14984,499466,85.61,1,4
14985,499500,83.65,1,4
14986,499533,65.21,1,3
14987,499566,75.95,1,4
14988,499599,60.32,1,3
14989,499633,51.58,1,3
14990,499666,52.2,1,3
14991,499700,49.43,1,2
14992,499733,54.07,1,3
14993,499766,40.96,1,2
14994,499800,39.23,1,2
14995,499833,57.12,1,3
14996,499866,36.24,1,2
14997,499900,34.97,1,2
14998,499933,64.02,1,3
14999,499966,43.76,1,2
15000,500000,47.04,1,2
15001,500033,77.63,1,4
15002,500066,47.68,1,2
15003,500099,46.23,1,2
15004,500133,77.64,1,4
15005,500166,46.88,1,2
15006,500200,45.09,1,2
15007,500233,61.68,1,3
15008,500266,51.5,1,3
15009,500300,49.25,1,2
15010,500333,61.47,1,3
15011,500366,61.71,1,3
15012,500400,60.05,1,3
15013,500433,66.54,1,3
15014,500466,64.31,1,3
15015,500500,62.12,1,3
15016,500533,63.68,1,3
15017,500566,62.47,1,3
15018,500599,60.85,1,3
15019,500633,41.8,1,2
15020,500666,60.53,1,3
15021,500700,58.62,1,3
15022,500733,34.2,1,2
15023,500766,57.65,1,3
15024,500800,56.8,1,3
15025,500833,31.36,1,2
15026,500866,57.49,1,3
15027,500900,56.85,1,3
15028,500933,25.22,1,2
15029,500966,54.84,1,3
15030,501000,53.75,1,3
15031,501033,31.06,1,2
15032,501066,55.32,1,3
15033,501099,54.39,1,3
15034,501133,31.19,1,2
15035,501166,61.13,1,3
15036,501200,60.09,1,3
15037,501233,46.81,1,2
15038,501266,54.89,1,3
15039,501300,54.14,1,3
15040,501333,48.86,1,2
15041,501366,51.3,1,3
15042,501400,50.31,1,3
15043,501433,64,1,3
15044,501466,53.78,1,3
15045,501500,51.34,1,3
15046,501533,69.58,1,3
15047,501566,51.46,1,3
15048,501599,49.96,1,2
15049,501633,73.58,1,3
15050,501666,38.63,1,2
15051,501700,36.97,1,2
15052,501733,59.65,1,3
15053,501766,31.81,1,2
15054,501800,30.71,1,2
15055,501833,55.47,1,3
15056,501866,37.79,1,2
15057,501900,36.39,1,2
15058,501933,54.87,1,3
15059,501966,43.87,1,2
15060,502000,41.86,1,2
15061,502033,53.33,1,3
15062,502066,41.01,1,2
15063,502099,39.76,1,2
15064,502133,49.61,1,2
15065,502166,50.59,1,3
15066,502200,49.81,1,2
15067,502233,41.85,1,2
15068,502266,55.29,1,3
15069,502300,54.31,1,3
15070,502333,40.25,1,2
15071,502366,57.01,1,3
15072,502400,56.25,1,3
15073,502433,30.89,1,2
15074,502466,55.01,1,3
15075,502500,54.46,1,3
15076,502533,25.45,1,2
15077,502566,60.68,1,3
15078,502599,59.8,1,3
15079,502633,30.08,1,2
15080,502666,73.95,1,3
15081,502700,72.05,1,3
15082,502733,43.9,1,2
15083,502766,66.22,1,3
15084,502800,64.24,1,3
15085,502833,39.39,1,2
15086,502866,58.27,1,3
15087,502900,57.23,1,3
15088,502933,40.51,1,2
15089,502966,56.7,1,3
15090,503000,55.27,1,3
15091,503033,51.6,1,3
15092,503066,55.96,1,3
15093,503099,54.79,1,3
15094,503133,57.14,1,3
15095,503166,44.54,1,2
15096,503200,42.96,1,2
15097,503233,51.79,1,3
15098,503266,87.08,1,4
15099,503300,86.46,1,4
15100,503333,87.11,1,4
15101,503366,64.83,1,3
15102,503400,62.94,1,3
15103,503433,86.21,1,4
15104,503466,60.5,1,3
15105,503500,55.95,1,3
15106,503533,77.5,1,4
15107,503566,51.93,1,3
15108,503599,35.88,1,2
15109,503633,57.47,1,3
15110,503666,36.87,1,2
15111,503700,35.03,1,2
15112,503733,59.28,1,3
15113,503766,56.87,1,3
15114,503800,55.02,1,3
15115,503833,69.5,1,3
15116,503866,63.94,1,3
15117,503900,63.33,1,3
15118,503933,56.35,1,3
15119,503966,58.97,1,3
15120,504000,57.74,1,3
15121,504033,43.71,1,2
15122,504066,62.34,1,3
15123,504099,60.94,1,3
15124,504133,39.48,1,2
15125,504166,67.73,1,3
15126,504200,66.33,1,3
15127,504233,36.48,1,2
15128,504266,64.98,1,3
15129,504300,62.54,1,3
15130,504333,31.47,1,2
15131,504366,60.73,1,3
15132,504400,58.2,1,3
15133,504433,25.97,1,2
15134,504466,54.93,1,3
15135,504500,54.16,1,3
15136,504533,34.41,1,2
15137,504566,56.64,1,3
15138,504599,55.33,1,3
15139,504633,38.12,1,2
15140,504666,54.85,1,3
15141,504700,54.16,1,3
15142,504733,43.19,1,2
15143,504766,45.71,1,2
15144,504800,44.54,1,2
15145,504833,49.18,1,2
15146,504866,49.37,1,2
15147,504900,46.62,1,2
15148,504933,63.06,1,3
15149,504966,43.02,1,2
15150,505000,41.22,1,2
15151,505033,62.72,1,3
15152,505066,35.73,1,2
15153,505099,34.24,1,2
15154,505133,55.74,1,3
15155,505166,31.02,1,2
15156,505200,29.07,1,2
15157,505233,57.3,1,3
15158,505266,36.75,1,2
15159,505300,35.09,1,2
15160,505333,57.75,1,3
15161,505366,35.81,1,2
15162,505400,34.84,1,2
15163,505433,60.62,1,3
15164,505466,41.56,1,2
15165,505500,40.33,1,2
15166,505533,48.18,1,2
15167,505566,46.89,1,2
15168,505599,45.47,1,2
15169,505633,51.07,1,3
15170,505666,57.32,1,3
15171,505700,56.75,1,3
15172,505733,40.78,1,2
15173,505766,54.02,1,3
15174,505800,52.86,1,3
15175,505833,34.83,1,2
15176,505866,58.5,1,3
15177,505900,55.27,1,3
15178,505933,31.06,1,2
15179,505966,58.7,1,3
15180,506000,58.07,1,3
15181,506033,30.96,1,2
15182,506066,60.36,1,3
15183,506099,59.97,1,3
15184,506133,35.42,1,2
15185,506166,56.77,1,3
15186,506200,55.66,1,3
15187,506233,29.66,1,2
15188,506266,53.24,1,3
15189,506300,52.36,1,3
15190,506333,36.49,1,2
15191,506366,56.02,1,3
15192,506400,55.09,1,3
15193,506433,42.54,1,2
15194,506466,56.65,1,3
15195,506500,55.19,1,3
15196,506533,54.25,1,3
15197,506566,49.04,1,2
15198,506599,48.04,1,2
15199,506633,51.7,1,3
15200,506666,37.96,1,2
15201,506700,36.39,1,2
15202,506733,53.48,1,3
15203,506766,31.79,1,2
15204,506800,30.72,1,2
15205,506833,53.41,1,3
15206,506866,29.56,1,2
15207,506900,28.46,1,2
15208,506933,56.79,1,3
15209,506966,27.3,1,2
15210,507000,26.38,1,2
15211,507033,51.9,1,3
15212,507066,30.82,1,2
15213,507099,29.92,1,2
15214,507133,52.9,1,3
15215,507166,45.28,1,2
15216,507200,44.37,1,2
15217,507233,63.5,1,3
15218,507266,94.51,1,4
15219,507300,94.07,1,4
15220,507333,85.74,1,4
15221,507366,87.81,1,4
15222,507400,85.15,1,4
15223,507433,72.97,1,3
15224,507466,88.23,1,4
15225,507500,86.48,1,4
15226,507533,63.63,1,3
15227,507566,89.2,1,4
15228,507599,77.43,1,4
15229,507633,51.1,1,3
15230,507666,70.84,1,3
15231,507700,68.17,1,3
15232,507733,40.24,1,2
15233,507766,64.27,1,3
15234,507800,62.68,1,3
15235,507833,31.18,1,2
15236,507866,59.66,1,3
15237,507900,58.19,1,3
15238,507933,35.21,1,2
15239,507966,58.67,1,3
15240,508000,56.99,1,3
15241,508033,37.2,1,2
15242,508066,54.96,1,3
15243,508099,53.01,1,3
15244,508133,40.91,1,2
15245,508166,52.07,1,3
15246,508200,50.3,1,3
15247,508233,54.32,1,3
15248,508266,49.85,1,2
15249,508300,48.38,1,2
15250,508333,64.13,1,3
15251,508366,50.05,1,3
15252,508400,47.95,1,2
15253,508433,72.21,1,3
15254,508466,39.36,1,2
15255,508500,37.29,1,2
15256,508533,57.35,1,3
15257,508566,37.45,1,2
15258,508599,35.33,1,2
15259,508633,62.39,1,3
15260,508666,43.99,1,2
15261,508700,42.31,1,2
15262,508733,62.26,1,3
15263,508766,45.25,1,2
15264,508800,43.9,1,2
15265,508833,61.65,1,3
15266,508866,44.62,1,2
15267,508900,42.83,1,2
15268,508933,50.19,1,3
15269,508966,44.65,1,2
15270,509000,43.85,1,2
15271,509033,45.3,1,2
15272,509066,49.74,1,2
15273,509099,49.12,1,2
15274,509133,44.21,1,2
15275,509166,50.69,1,3
15276,509200,49.96,1,2
15277,509233,34.22,1,2
15278,509266,55.86,1,3
15279,509300,55.29,1,3
15280,509333,24.66,1,1
15281,509366,56.43,1,3
15282,509400,55.47,1,3
15283,509433,28.01,1,2
15284,509466,61.73,1,3
15285,509500,59.91,1,3
15286,509533,29.11,1,2
15287,509566,55.66,1,3
15288,509599,54.92,1,3
15289,509633,31.96,1,2
15290,509666,56.78,1,3
15291,509700,54.67,1,3
15292,509733,37.83,1,2
15293,509766,62.57,1,3
15294,509800,61.7,1,3
15295,509833,54.14,1,3
15296,509866,69.68,1,3
15297,509900,68.25,1,3
15298,509933,67.16,1,3
15299,509966,57.32,1,3
15300,510000,55.45,1,3
15301,510033,54.36,1,3
15302,510066,39.07,1,2
15303,510099,38.15,1,2
15304,510133,55.53,1,3
15305,510166,37.14,1,2
15306,510200,35.39,1,2
15307,510233,54.87,1,3
15308,510266,30.51,1,2
15309,510300,29.07,1,2
15310,510333,53.17,1,3
15311,510366,28.3,1,2
15312,510400,27.18,1,2
15313,510433,51.53,1,3
15314,510466,31.79,1,2
15315,510500,30.75,1,2
15316,510533,49.49,1,2
15317,510566,39.74,1,2
15318,510599,38.46,1,2
15319,510633,51.88,1,3
15320,510666,43.64,1,2
15321,510700,41.81,1,2
15322,510733,49.24,1,2
15323,510766,50.42,1,3
15324,510800,48.71,1,2
15325,510833,52.8,1,3
15326,510866,65.32,1,3
15327,510900,64.89,1,3
15328,510933,50.95,1,3
15329,510966,76.66,1,4
15330,511000,77.1,1,4
15331,511033,51.58,1,3
15332,511066,66.23,1,3
15333,511099,65.3,1,3
15334,511133,36.01,1,2
15335,511166,58.68,1,3
15336,511200,58.27,1,3
15337,511233,29.43,1,2
15338,511266,94.14,1,4
15339,511300,93.97,1,4
15340,511333,69.92,1,3
15341,511366,91.74,1,4
15342,511400,90.24,1,4
15343,511433,71.01,1,3
15344,511466,84.21,1,4
15345,511500,82.84,1,4
15346,511533,66.94,1,3
15347,511566,71.55,1,3
15348,511599,57.66,1,3
15349,511633,51.31,1,3
15350,511666,56.2,1,3
15351,511700,53.48,1,3
15352,511733,53.01,1,3
15353,511766,45.13,1,2
15354,511800,42.73,1,2
15355,511833,52.87,1,3
15356,511866,37.88,1,2
15357,511900,35.63,1,2
15358,511933,57.82,1,3
15359,511966,34.83,1,2
15360,512000,33.07,1,2
15361,512033,67.32,1,3
15362,512066,46.71,1,2
15363,512100,45.38,1,2
15364,512133,69.4,1,3
15365,512166,48.66,1,2
15366,512200,47.43,1,2
15367,512233,63.52,1,3
15368,512266,44.17,1,2
15369,512299,42.71,1,2
15370,512333,62.56,1,3
15371,512366,52.17,1,3
15372,512400,49.22,1,2
15373,512433,59.52,1,3
15374,512466,65.35,1,3
15375,512500,63.25,1,3
15376,512533,62.89,1,3
15377,512566,59.31,1,3
15378,512600,58,1,3
15379,512633,45.64,1,2
15380,512666,54.63,1,3
15381,512700,53.56,1,3
15382,512733,36.63,1,2
15383,512766,54.82,1,3
15384,512799,53.35,1,3
15385,512833,30.47,1,2
15386,512866,56.5,1,3
15387,512900,55.76,1,3
15388,512933,25.92,1,2
15389,512966,55.27,1,3
15390,513000,53.47,1,3
15391,513033,27.99,1,2
15392,513066,55.15,1,3
15393,513100,54.3,1,3
15394,513133,31.83,1,2
15395,513166,57.74,1,3
15396,513200,56.86,1,3
15397,513233,43.07,1,2
15398,513266,61.27,1,3
15399,513299,60.07,1,3
15400,513333,46.76,1,2
15401,513366,52.42,1,3
15402,513400,51.43,1,3
15403,513433,51.21,1,3
15404,513466,49.4,1,2
15405,513500,47.37,1,2
15406,513533,66.58,1,3
15407,513566,50.16,1,3
15408,513600,46.15,1,2
15409,513633,71.14,1,3
15410,513666,46.74,1,2
15411,513700,44.22,1,2
15412,513733,67.47,1,3
15413,513766,36.08,1,2
15414,513799,34.56,1,2
15415,513833,56.77,1,3
15416,513866,32.23,1,2
15417,513900,30.62,1,2
15418,513933,54.73,1,3
15419,513966,38.04,1,2
15420,514000,36.78,1,2
15421,514033,51.24,1,3
15422,514066,41.36,1,2
15423,514100,39.92,1,2
15424,514133,50.36,1,3
15425,514166,46.64,1,2
15426,514200,45.09,1,2
15427,514233,48.87,1,2
15428,514266,51.05,1,3
15429,514299,50.09,1,3
15430,514333,42.16,1,2
15431,514366,57.09,1,3
15432,514400,55.89,1,3
15433,514433,38.29,1,2
15434,514466,57.71,1,3
15435,514500,56.97,1,3
15436,514533,27,1,2
15437,514566,59.07,1,3
15438,514600,58.41,1,3
15439,514633,30.6,1,2
15440,514666,66.18,1,3
15441,514700,65.5,1,3
15442,514733,36.39,1,2
15443,514766,65.42,1,3
15444,514799,64.83,1,3
15445,514833,38.26,1,2
15446,514866,60.13,1,3
15447,514900,59.12,1,3
15448,514933,39.19,1,2
15449,514966,59.29,1,3
15450,515000,58.15,1,3
15451,515033,48.35,1,2
15452,515066,55.6,1,3
15453,515100,54.79,1,3
15454,515133,48.8,1,2
15455,515166,50.47,1,3
15456,515200,49.31,1,2
15457,515233,54.34,1,3
15458,515266,88.51,1,4
15459,515299,86.04,1,4
15460,515333,84.95,1,4
15461,515366,67.09,1,3
15462,515400,65.41,1,3
15463,515433,86.28,1,4
15464,515466,63.96,1,3
15465,515500,60.38,1,3
15466,515533,81.01,1,4
15467,515566,54.4,1,3
15468,515600,41.12,1,2
15469,515633,60.19,1,3
15470,515666,40.65,1,2
15471,515700,37.83,1,2
15472,515733,62,1,3
15473,515766,47.94,1,2
15474,515799,45.92,1,2
15475,515833,64.31,1,3
15476,515866,63.1,1,3
15477,515900,61.39,1,3
15478,515933,67.15,1,3
15479,515966,58.53,1,3
15480,516000,56.55,1,3
15481,516033,53.94,1,3
15482,516066,58.7,1,3
15483,516100,57.6,1,3
15484,516133,37.88,1,2
15485,516166,62.21,1,3
15486,516200,60.78,1,3
15487,516233,33.47,1,2
15488,516266,67.02,1,3
15489,516299,65.93,1,3
15490,516333,31.4,1,2
15491,516366,59.83,1,3
15492,516400,59.12,1,3
15493,516433,30.21,1,2
15494,516466,55.55,1,3
15495,516500,54.65,1,3
15496,516533,34.26,1,2
15497,516566,58.37,1,3
15498,516600,57.39,1,3
15499,516633,43.7,1,2
15500,516666,62.16,1,3
15501,516700,60.99,1,3
15502,516733,50.42,1,3
15503,516766,52.16,1,3
15504,516799,50.73,1,3
15505,516833,48.49,1,2
15506,516866,43.87,1,2
15507,516900,42.06,1,2
15508,516933,57.6,1,3
15509,516966,53.68,1,3
15510,517000,51.04,1,3
15511,517033,62.44,1,3
15512,517066,41.74,1,2
15513,517100,40.13,1,2
15514,517133,59.51,1,3
15515,517166,31.8,1,2
15516,517200,30.54,1,2
15517,517233,52.72,1,3
15518,517266,30.34,1,2
15519,517299,29.13,1,2
15520,517333,52.76,1,3
15521,517366,35.97,1,2
15522,517400,34.51,1,2
15523,517433,58.12,1,3
15524,517466,42.42,1,2
15525,517500,40.7,1,2
15526,517533,48.15,1,2
15527,517566,44.37,1,2
15528,517600,42.79,1,2
15529,517633,49.51,1,2
15530,517666,50.2,1,3
15531,517700,49.04,1,2
15532,517733,42.8,1,2
15533,517766,61.51,1,3
15534,517799,60.23,1,3
15535,517833,35,1,2
15536,517866,57.63,1,3
15537,517900,57.06,1,3
15538,517933,24.56,1,1
15539,517966,55.87,1,3
15540,518000,55.39,1,3
15541,518033,38.33,1,2
15542,518066,64,1,3
15543,518100,63.45,1,3
15544,518133,36.76,1,2
15545,518166,64,1,3
15546,518200,62.86,1,3
15547,518233,37.88,1,2
15548,518266,55.26,1,3
15549,518299,54.96,1,3
15550,518333,37.44,1,2
15551,518366,51.5,1,3
15552,518400,50.77,1,3
15553,518433,40.95,1,2
15554,518466,52.82,1,3
15555,518500,51.87,1,3
15556,518533,43.38,1,2
15557,518566,49.82,1,2
15558,518600,49.19,1,2
15559,518633,51.52,1,3
15560,518666,37.36,1,2
15561,518700,36.35,1,2
15562,518733,51.72,1,3
15563,518766,33.49,1,2
15564,518799,31.8,1,2
15565,518833,58.08,1,3
15566,518866,30.58,1,2
15567,518900,29.73,1,2
15568,518933,53.35,1,3
15569,518966,30.58,1,2
15570,519000,29.27,1,2
15571,519033,53.03,1,3
15572,519066,35.78,1,2
15573,519100,34.55,1,2
15574,519133,56.74,1,3
15575,519166,44.34,1,2
15576,519200,42.95,1,2
15577,519233,62.76,1,3
15578,519266,95.29,1,4
15579,519299,94.92,1,4
15580,519333,91.59,1,4
15581,519366,87.21,1,4
15582,519400,86.37,1,4
15583,519433,77,1,4
15584,519466,84.26,1,4
15585,519500,82.98,1,4
15586,519533,59.62,1,3
15587,519566,83.47,1,4
15588,519600,74.58,1,3
15589,519633,45.89,1,2
15590,519666,70.3,1,3
15591,519700,66.67,1,3
15592,519733,36.78,1,2
15593,519766,62.75,1,3
15594,519799,60.86,1,3
15595,519833,34.48,1,2
15596,519866,58.67,1,3
15597,519900,55.96,1,3
15598,519933,29.96,1,2
15599,519966,59.97,1,3
15600,520000,58.52,1,3
15601,520033,38.66,1,2
15602,520066,57.45,1,3
15603,520100,55.4,1,3
15604,520133,42.76,1,2
15605,520166,51.61,1,3
15606,520200,50.2,1,3
15607,520233,49.73,1,2
15608,520266,52.73,1,3
15609,520299,51.54,1,3
15610,520333,69.04,1,3
15611,520366,58.43,1,3
15612,520400,55.94,1,3
15613,520433,69.79,1,3
15614,520466,47.18,1,2
15615,520500,45.21,1,2
15616,520533,63.08,1,3
15617,520566,35.51,1,2
15618,520600,34.01,1,2
15619,520633,58.58,1,3
15620,520666,38.86,1,2
15621,520700,37.69,1,2
15622,520733,59.28,1,3
15623,520766,52.33,1,3
15624,520799,49.8,1,2
15625,520833,64.2,1,3
15626,520866,48.15,1,2
15627,520900,46.16,1,2
15628,520933,47.5,1,2
15629,520966,45.07,1,2
15630,521000,44.01,1,2
15631,521033,47.38,1,2
15632,521066,46.15,1,2
15633,521100,45.26,1,2
15634,521133,36.75,1,2
15635,521166,54.01,1,3
15636,521200,53.36,1,3
15637,521233,30.1,1,2
15638,521266,54.11,1,3
15639,521299,53.3,1,3
15640,521333,31.47,1,2
15641,521366,55.97,1,3
15642,521400,54.79,1,3
15643,521433,29.88,1,2
15644,521466,65.08,1,3
15645,521500,64.34,1,3
15646,521533,33.93,1,2
15647,521566,68.57,1,3
15648,521600,64.71,1,3
15649,521633,37.87,1,2
15650,521666,58.56,1,3
15651,521700,57.46,1,3
15652,521733,39.05,1,2
15653,521766,59.94,1,3
15654,521799,59.06,1,3
15655,521833,52.86,1,3
15656,521866,65.67,1,3
15657,521900,62.67,1,3
15658,521933,56.63,1,3
15659,521966,63.42,1,3
15660,522000,61.55,1,3
15661,522033,58.52,1,3
15662,522066,38.62,1,2
15663,522100,37.72,1,2
15664,522133,52.84,1,3
15665,522166,32.46,1,2
15666,522200,30.95,1,2
15667,522233,53.13,1,3
15668,522266,29.06,1,2
15669,522299,28.28,1,2
15670,522333,51.27,1,3
15671,522366,27.97,1,2
15672,522400,27.05,1,2
15673,522433,48.88,1,2
15674,522466,32.16,1,2
15675,522500,30.01,1,2
15676,522533,53.41,1,3
15677,522566,35.18,1,2
15678,522600,34.1,1,2
15679,522633,51.38,1,3
15680,522666,46.02,1,2
15681,522700,44.78,1,2
15682,522733,51.16,1,3
15683,522766,53.39,1,3
15684,522799,51.72,1,3
15685,522833,43.81,1,2
15686,522866,55.34,1,3
15687,522900,54.36,1,3
15688,522933,45.88,1,2
15689,522966,68.78,1,3
15690,523000,67.86,1,3
15691,523033,48.61,1,2
15692,523066,74.99,1,3
15693,523100,73.55,1,3
15694,523133,42.29,1,2
15695,523166,57.85,1,3
15696,523200,57.18,1,3
15697,523233,30.9,1,2
15698,523266,96.81,1,4
15699,523299,96.58,1,4
15700,523333,68.54,1,3
15701,523366,92.96,1,4
15702,523400,91,1,4
15703,523433,69.44,1,3
15704,523466,90.49,1,4
15705,523500,88.44,1,4
15706,523533,68.22,1,3
15707,523566,77.15,1,4
15708,523600,64.34,1,3
15709,523633,54.58,1,3
15710,523666,52.42,1,3
15711,523700,49.18,1,2
15712,523733,57.49,1,3
15713,523766,45.67,1,2
15714,523799,42.89,1,2
15715,523833,56.83,1,3
15716,523866,36.23,1,2
15717,523900,34.42,1,2
15718,523933,57.26,1,3
15719,523966,34.97,1,2
15720,524000,31.84,1,2
15721,524033,61.56,1,3
15722,524066,38.24,1,2
15723,524100,36.58,1,2
15724,524133,71.86,1,3
15725,524166,52.69,1,3
15726,524200,51.54,1,3
15727,524233,67.56,1,3
15728,524266,47.17,1,2
15729,524300,45.58,1,2
15730,524333,58.15,1,3
15731,524366,49.44,1,2
15732,524400,48.25,1,2
15733,524433,56.54,1,3
15734,524466,58.98,1,3
15735,524500,55.26,1,3
15736,524533,50.06,1,3
15737,524566,61.73,1,3
15738,524600,60.94,1,3
15739,524633,42.6,1,2
15740,524666,57.25,1,3
15741,524700,55.72,1,3
15742,524733,26.25,1,2
15743,524766,55.44,1,3
15744,524800,54.72,1,3
15745,524833,27.47,1,2
15746,524866,59.12,1,3
15747,524900,56.92,1,3
15748,524933,25.54,1,2
15749,524966,53.21,1,3
15750,525000,54.87,1,3
15751,525033,27.6,1,2
15752,525066,50.66,1,3
15753,525100,49.2,1,2
15754,525133,34.13,1,2
15755,525166,54.85,1,3
15756,525200,52.19,1,3
15757,525233,45.63,1,2
15758,525266,64.4,1,3
15759,525300,62.12,1,3
15760,525333,50.47,1,3
15761,525366,50.11,1,3
15762,525400,48.8,1,2
15763,525433,53.44,1,3
15764,525466,38.29,1,2
15765,525500,37.35,1,2
15766,525533,51.88,1,3
15767,525566,34.43,1,2
15768,525600,33.15,1,2
15769,525633,68.64,1,3
15770,525666,40.41,1,2
15771,525700,37.9,1,2
15772,525733,62.18,1,3
15773,525766,32.96,1,2
15774,525800,31.13,1,2
15775,525833,57.41,1,3
15776,525866,31.51,1,2
15777,525900,30.5,1,2
15778,525933,46.97,1,2
15779,525966,33.01,1,2
15780,526000,31.86,1,2
15781,526033,52.49,1,3
15782,526066,41.91,1,2
15783,526100,39.97,1,2
15784,526133,48.02,1,2
15785,526166,47.64,1,2
15786,526200,46.2,1,2
15787,526233,42.39,1,2
15788,526266,49.89,1,2
15789,526300,49.19,1,2
15790,526333,39.33,1,2
15791,526366,60.3,1,3
15792,526400,57.18,1,3
15793,526433,36.44,1,2
15794,526466,60.67,1,3
15795,526500,59.7,1,3
15796,526533,29.62,1,2
15797,526566,54.73,1,3
15798,526600,54.38,1,3
15799,526633,23.92,1,1
15800,526666,55.16,1,3
15801,526700,54.69,1,3
15802,526733,34.26,1,2
15803,526766,62.23,1,3
15804,526800,61.23,1,3
15805,526833,35.86,1,2
15806,526866,58.42,1,3
15807,526900,57.01,1,3
15808,526933,42.35,1,2
15809,526966,50.06,1,3
15810,527000,48.83,1,2
15811,527033,46.75,1,2
15812,527066,46.57,1,2
15813,527100,45.49,1,2
15814,527133,52.4,1,3
15815,527166,39.41,1,2
15816,527200,38.13,1,2
15817,527233,54.18,1,3
15818,527266,88.17,1,4
15819,527300,87.28,1,4
15820,527333,87.44,1,4
15821,527366,63.6,1,3
15822,527400,62.57,1,3
15823,527433,86.5,1,4
15824,527466,63.12,1,3
15825,527500,59.55,1,3
15826,527533,83.48,1,4
15827,527566,63.45,1,3
15828,527600,51.04,1,3
15829,527633,66.26,1,3
15830,527666,43.77,1,2
15831,527700,41.12,1,2
15832,527733,55,1,3
15833,527766,45.31,1,2
15834,527800,43.52,1,2
15835,527833,53.41,1,3
15836,527866,59.58,1,3
15837,527900,57.77,1,3
15838,527933,54.15,1,3
15839,527966,60.91,1,3
15840,528000,59.22,1,3
15841,528033,45.22,1,2
15842,528066,57.08,1,3
15843,528100,56.04,1,3
15844,528133,31.22,1,2
15845,528166,55.66,1,3
15846,528200,54.75,1,3
15847,528233,29.64,1,2
15848,528266,57.58,1,3
15849,528300,56.31,1,3
15850,528333,26.43,1,2
15851,528366,55.59,1,3
15852,528400,54.84,1,3
15853,528433,27.74,1,2
15854,528466,55.16,1,3
15855,528500,53.92,1,3
15856,528533,33.06,1,2
15857,528566,60.67,1,3
15858,528600,59.5,1,3
15859,528633,48.62,1,2
15860,528666,59.66,1,3
15861,528700,58.22,1,3
15862,528733,48.79,1,2
15863,528766,47.84,1,2
15864,528800,45.45,1,2
15865,528833,48.72,1,2
15866,528866,46.57,1,2
15867,528900,42.86,1,2
15868,528933,54.91,1,3
15869,528966,41.65,1,2
15870,529000,39.75,1,2
15871,529033,61.87,1,3
15872,529066,46.93,1,2
15873,529100,44.91,1,2
15874,529133,58.05,1,3
15875,529166,32.56,1,2
15876,529200,31.09,1,2
15877,529233,52.84,1,3
15878,529266,32.01,1,2
15879,529300,31.3,1,2
15880,529333,51.29,1,3
15881,529366,33.12,1,2
15882,529400,31.67,1,2
15883,529433,53.26,1,3
15884,529466,42.35,1,2
15885,529500,41.11,1,2
15886,529533,47.42,1,2
15887,529566,46.12,1,2
15888,529600,45.38,1,2
15889,529633,42.27,1,2
15890,529666,57.39,1,3
15891,529700,53.97,1,3
15892,529733,39.73,1,2
15893,529766,58.76,1,3
15894,529800,58.11,1,3
15895,529833,31.15,1,2
15896,529866,56.42,1,3
15897,529900,55.74,1,3
15898,529933,28.29,1,2
15899,529966,56.54,1,3
15900,530000,55.66,1,3
15901,530033,31.95,1,2
15902,530066,63.4,1,3
15903,530100,61.98,1,3
15904,530133,43.39,1,2
15905,530166,70.35,1,3
15906,530200,69.84,1,3
15907,530233,42.72,1,2
15908,530266,55.17,1,3
15909,530300,54.48,1,3
15910,530333,43.38,1,2
15911,530366,49.64,1,2
15912,530400,48.69,1,2
15913,530433,43.77,1,2
15914,530466,46.28,1,2
15915,530500,44.72,1,2
15916,530533,52.8,1,3
15917,530566,44.74,1,2
15918,530600,43.29,1,2
15919,530633,51.03,1,3
15920,530666,32.78,1,2
15921,530700,31.9,1,2
15922,530733,54.12,1,3
15923,530766,29.23,1,2
15924,530800,28.26,1,2
15925,530833,53.51,1,3
15926,530866,29.89,1,2
15927,530900,29.32,1,2
15928,530933,51.74,1,3
15929,530966,33.76,1,2
15930,531000,32.35,1,2
15931,531033,52.77,1,3
15932,531066,34.04,1,2
15933,531100,33.32,1,2
15934,531133,50.54,1,3
15935,531166,46.89,1,2
15936,531200,45.27,1,2
15937,531233,62.22,1,3
15938,531266,97.58,1,4
15939,531300,97.19,1,4
15940,531333,86.5,1,4
15941,531366,89.86,1,4
15942,531400,89.2,1,4
15943,531433,71.62,1,3
15944,531466,82.71,1,4
15945,531500,80.47,1,4
15946,531533,57.85,1,3
15947,531566,85.47,1,4
15948,531600,74.77,1,3
15949,531633,45.63,1,2
15950,531666,73.72,1,3
15951,531700,70.55,1,3
15952,531733,45.19,1,2
15953,531766,66.24,1,3
15954,531800,62.2,1,3
15955,531833,32,1,2
15956,531866,55.24,1,3
15957,531900,53.88,1,3
15958,531933,33.45,1,2
15959,531966,53.35,1,3
15960,532000,52.19,1,3
15961,532033,39.32,1,2
15962,532066,52.39,1,3
15963,532100,50.85,1,3
15964,532133,43.93,1,2
15965,532166,47.6,1,2
15966,532200,45.84,1,2
15967,532233,49.52,1,2
15968,532266,46.26,1,2
15969,532300,44.41,1,2
15970,532333,56.28,1,3
15971,532366,38.32,1,2
15972,532400,36.56,1,2
15973,532433,62.63,1,3
15974,532466,35.87,1,2
15975,532500,33.97,1,2
15976,532533,55.39,1,3
15977,532566,32.13,1,2
15978,532600,30.76,1,2
15979,532633,56.67,1,3
15980,532666,45.95,1,2
15981,532700,44.59,1,2
15982,532733,67.77,1,3
15983,532766,59.72,1,3
15984,532800,57.07,1,3
15985,532833,67.2,1,3
15986,532866,54.65,1,3
15987,532900,53.18,1,3
15988,532933,53.79,1,3
15989,532966,50.72,1,3
15990,533000,48.97,1,2
15991,533033,39.35,1,2
15992,533066,51.69,1,3
15993,533100,50.51,1,3
15994,533133,36.12,1,2
15995,533166,52.93,1,3
15996,533200,52.41,1,3
15997,533233,30.38,1,2
15998,533266,54.39,1,3
15999,533300,53.07,1,3
16000,533333,26.97,1,2
16001,533366,54.89,1,3
16002,533400,54.31,1,3
16003,533433,22.62,1,1
16004,533466,54.85,1,3
16005,533500,53.74,1,3
16006,533533,30.6,1,2
16007,533566,55.22,1,3
16008,533600,53.83,1,3
16009,533633,33.81,1,2
16010,533666,51.92,1,3
16011,533700,50.88,1,3
16012,533733,43.64,1,2
16013,533766,56.97,1,3
16014,533800,55.88,1,3
16015,533833,56.13,1,3
16016,533866,62.01,1,3
16017,533900,58.81,1,3
16018,533933,71.34,1,3
16019,533966,44.86,1,2
16020,534000,43.38,1,2
16021,534033,55.24,1,3
16022,534066,32.18,1,2
16023,534100,30.8,1,2
16024,534133,55.25,1,3
16025,534166,36.55,1,2
16026,534200,34.77,1,2
16027,534233,58.83,1,3
16028,534266,37.84,1,2
16029,534300,36.27,1,2
16030,534333,55.62,1,3
16031,534366,36.43,1,2
16032,534400,35.1,1,2
16033,534433,51.37,1,3
16034,534466,34.63,1,2
16035,534500,33.84,1,2
16036,534533,44.95,1,2
16037,534566,41.82,1,2
16038,534600,40.8,1,2
16039,534633,43.13,1,2
16040,534666,49.01,1,2
16041,534700,47.18,1,2
16042,534733,34.85,1,2
16043,534766,49.13,1,2
16044,534800,48.34,1,2
16045,534833,35.18,1,2
16046,534866,55.1,1,3
16047,534900,54.75,1,3
16048,534933,33.7,1,2
16049,534966,62.65,1,3
16050,535000,62.23,1,3
16051,535033,36.46,1,2
16052,535066,64.95,1,3
16053,535100,64.47,1,3
16054,535133,32.14,1,2
16055,535166,57.78,1,3
16056,535200,56.77,1,3
16057,535233,31.62,1,2
16058,535266,97.36,1,4
16059,535300,95.81,1,4
16060,535333,76.68,1,4
16061,535366,93.06,1,4
16062,535400,91.95,1,4
16063,535433,87,1,4
16064,535466,86.7,1,4
16065,535500,85.26,1,4
16066,535533,79.43,1,4
16067,535566,72.74,1,3
16068,535600,59.86,1,3
16069,535633,62.86,1,3
16070,535666,47.79,1,2
16071,535700,44.81,1,2
16072,535733,61.21,1,3
16073,535766,38.68,1,2
16074,535800,36.19,1,2
16075,535833,57.09,1,3
16076,535866,29.61,1,2
16077,535900,27.81,1,2
16078,535933,52.93,1,3
16079,535966,31.1,1,2
16080,536000,29.41,1,2
16081,536033,50.25,1,3
16082,536066,36.37,1,2
16083,536100,35.18,1,2
16084,536133,58.36,1,3
16085,536166,42.59,1,2
16086,536200,41.05,1,2
16087,536233,46.86,1,2
16088,536266,49.03,1,2
16089,536300,48.01,1,2
16090,536333,46.67,1,2
16091,536366,69.09,1,3
16092,536400,68,1,3
16093,536433,47.98,1,2
16094,536466,71.81,1,3
16095,536500,70.01,1,3
16096,536533,46.66,1,2
16097,536566,66.91,1,3
16098,536600,65.26,1,3
16099,536633,31.18,1,2
16100,536666,58.05,1,3
16101,536700,57.19,1,3
16102,536733,28.98,1,2
16103,536766,64.16,1,3
16104,536800,62.62,1,3
16105,536833,35.28,1,2
16106,536866,62.42,1,3
16107,536900,59.68,1,3
16108,536933,45.2,1,2
16109,536966,53.66,1,3
16110,537000,52.78,1,3
16111,537033,39.41,1,2
16112,537066,45.16,1,2
16113,537100,44.82,1,2
16114,537133,43.14,1,2
16115,537166,43.44,1,2
16116,537200,42.24,1,2
16117,537233,44.74,1,2
16118,537266,35.53,1,2
16119,537300,34.37,1,2
16120,537333,50.13,1,3
16121,537366,31.98,1,2
16122,537400,31.11,1,2
16123,537433,54.87,1,3
16124,537466,33.04,1,2
16125,537500,31.8,1,2
16126,537533,61.38,1,3
16127,537566,43.42,1,2
16128,537600,41.1,1,2
16129,537633,69.68,1,3
16130,537666,38.75,1,2
16131,537700,37.22,1,2
16132,537733,57.51,1,3
16133,537766,38.67,1,2
16134,537800,37.3,1,2
16135,537833,57.05,1,3
16136,537866,52.73,1,3
16137,537900,51.89,1,3
16138,537933,58.32,1,3
16139,537966,66.89,1,3
16140,538000,66.09,1,3
16141,538033,56.81,1,3
16142,538066,58.51,1,3
16143,538100,57.25,1,3
16144,538133,36.2,1,2
16145,538166,52.86,1,3
16146,538200,52.21,1,3
16147,538233,27.26,1,2
16148,538266,54.26,1,3
16149,538300,53.29,1,3
16150,538333,23.58,1,1
16151,538366,52.48,1,3
16152,538400,52.09,1,3
16153,538433,23.84,1,1
16154,538466,50.58,1,3
16155,538500,49.54,1,2
16156,538533,24.09,1,1
16157,538566,50.12,1,3
16158,538600,49.48,1,2
16159,538633,35.4,1,2
16160,538666,58.62,1,3
16161,538700,57.16,1,3
16162,538733,42.58,1,2
16163,538766,52.01,1,3
16164,538800,50.97,1,3
16165,538833,46.54,1,2
16166,538866,47.74,1,2
16167,538900,46.92,1,2
16168,538933,55.53,1,3
16169,538966,39.46,1,2
16170,539000,38.18,1,2
16171,539033,63.75,1,3
16172,539066,49.34,1,2
16173,539100,45.98,1,2
16174,539133,70.46,1,3
16175,539166,40.76,1,2
16176,539200,38.89,1,2
16177,539233,60.12,1,3
16178,539266,82.86,1,4
16179,539300,80.84,1,4
16180,539333,86.42,1,4
16181,539366,68.52,1,3
16182,539400,66.74,1,3
16183,539433,85.99,1,4
16184,539466,74.48,1,3
16185,539500,72.22,1,3
16186,539533,76.76,1,4
16187,539566,69.3,1,3
16188,539600,59.63,1,3
16189,539633,55.7,1,3
16190,539666,56.34,1,3
16191,539700,52.47,1,3
16192,539733,42.38,1,2
16193,539766,56.88,1,3
16194,539800,55.72,1,3
16195,539833,32.53,1,2
16196,539866,53.16,1,3
16197,539900,52.15,1,3
16198,539933,27.06,1,2
16199,539966,57.34,1,3
16200,540000,56.6,1,3
16201,540033,26.29,1,2
16202,540066,61.58,1,3
16203,540100,59.87,1,3
16204,540133,40.52,1,2
16205,540166,70.79,1,3
16206,540200,69.72,1,3
16207,540233,39.17,1,2
16208,540266,64.76,1,3
16209,540300,61.75,1,3
16210,540333,41.29,1,2
16211,540366,57.19,1,3
16212,540400,55.91,1,3
16213,540433,46.81,1,2
16214,540466,60.66,1,3
16215,540500,58.97,1,3
16216,540533,61.26,1,3
16217,540566,54.43,1,3
16218,540600,52.12,1,3
16219,540633,62.72,1,3
16220,540666,40.83,1,2
16221,540700,38.67,1,2
16222,540733,55.19,1,3
16223,540766,31.61,1,2
16224,540800,30.26,1,2
16225,540833,52.09,1,3
16226,540866,27.53,1,2
16227,540900,26.7,1,2
16228,540933,51.19,1,3
16229,540966,29.32,1,2
16230,541000,28.27,1,2
16231,541033,47.35,1,2
16232,541066,30.8,1,2
16233,541100,28.86,1,2
16234,541133,47.39,1,2
16235,541166,34.35,1,2
16236,541200,33.52,1,2
16237,541233,49.24,1,2
16238,541266,47.84,1,2
16239,541300,45.29,1,2
16240,541333,44.6,1,2
16241,541366,51.9,1,3
16242,541400,50.92,1,3
16243,541433,38.78,1,2
16244,541466,54.56,1,3
16245,541500,53.89,1,3
16246,541533,33.08,1,2
16247,541566,65.38,1,3
16248,541600,63.37,1,3
16249,541633,46.64,1,2
16250,541666,77.51,1,4
16251,541700,77.05,1,4
16252,541733,36.6,1,2
16253,541766,63.95,1,3
16254,541800,63.5,1,3
16255,541833,32.77,1,2
16256,541866,57.29,1,3
16257,541900,56.23,1,3
16258,541933,37.85,1,2
16259,541966,56.36,1,3
16260,542000,54.44,1,3
16261,542033,45.35,1,2
16262,542066,59.48,1,3
16263,542100,57.82,1,3
16264,542133,47.86,1,2
16265,542166,43.93,1,2
16266,542200,41.65,1,2
16267,542233,47.68,1,2
16268,542266,38.1,1,2
16269,542300,36.83,1,2
16270,542333,49.32,1,2
16271,542366,30.56,1,2
16272,542400,28.72,1,2
16273,542433,50.22,1,3
16274,542466,28.26,1,2
16275,542500,27.11,1,2
16276,542533,49.58,1,2
16277,542566,24.8,1,1
16278,542600,23.81,1,1
16279,542633,52.22,1,3
16280,542666,34.2,1,2
16281,542700,32.64,1,2
16282,542733,63.79,1,3
16283,542766,44.28,1,2
16284,542800,42.77,1,2
16285,542833,58.26,1,3
16286,542866,46.34,1,2
16287,542900,44.52,1,2
16288,542933,49.78,1,2
16289,542966,48.85,1,2
16290,543000,46.88,1,2
16291,543033,42.1,1,2
16292,543066,55.62,1,3
16293,543100,54.8,1,3
16294,543133,42.88,1,2
16295,543166,58.43,1,3
16296,543200,57.8,1,3
16297,543233,30.75,1,2
16298,543266,92.88,1,4
16299,543300,92.82,1,4
16300,543333,64.12,1,3
16301,543366,88.3,1,4
16302,543400,87.17,1,4
16303,543433,55.84,1,3
16304,543466,84.98,1,4
16305,543500,83.27,1,4
16306,543533,56.83,1,3
16307,543566,80.14,1,4
16308,543600,66.52,1,3
16309,543633,38.79,1,2
16310,543666,57.35,1,3
16311,543700,53.09,1,3
16312,543733,39.5,1,2
16313,543766,61.02,1,3
16314,543800,59.55,1,3
16315,543833,53.76,1,3
16316,543866,52.66,1,3
16317,543900,51.37,1,3
16318,543933,54.48,1,3
16319,543966,45.36,1,2
16320,544000,43.46,1,2
16321,544033,56.9,1,3
16322,544066,34.5,1,2
16323,544100,32.9,1,2
16324,544133,60.21,1,3
16325,544166,42.92,1,2
16326,544200,41.45,1,2
16327,544233,70.6,1,3
16328,544266,40.06,1,2
16329,544300,38.2,1,2
16330,544333,64.68,1,3
16331,544366,39.96,1,2
16332,544400,37.4,1,2
16333,544433,53.89,1,3
16334,544466,38.22,1,2
16335,544500,36.79,1,2
16336,544533,50.13,1,3
16337,544566,48.9,1,2
16338,544600,47.73,1,2
16339,544633,48.55,1,2
16340,544666,50.34,1,3
16341,544700,49.1,1,2
16342,544733,38.76,1,2
16343,544766,49.76,1,2
16344,544800,49.05,1,2
16345,544833,28.72,1,2
16346,544866,55.23,1,3
16347,544900,53.29,1,3
16348,544933,30.32,1,2
16349,544966,54.85,1,3
16350,545000,52.74,1,3
16351,545033,25.7,1,2
16352,545066,52.25,1,3
16353,545100,51.88,1,3
16354,545133,24.68,1,1
16355,545166,52.69,1,3
16356,545200,52.11,1,3
16357,545233,32.57,1,2
16358,545266,69.05,1,3
16359,545300,68.58,1,3
16360,545333,46.72,1,2
16361,545366,56.34,1,3
16362,545400,55.27,1,3
16363,545433,50.87,1,3
16364,545466,51.05,1,3
16365,545500,49.56,1,2
16366,545533,51.07,1,3
16367,545566,40.67,1,2
16368,545600,39.62,1,2
16369,545633,56.33,1,3
16370,545666,41.23,1,2
16371,545700,39.93,1,2
16372,545733,62.22,1,3
16373,545766,30.94,1,2
16374,545800,29.36,1,2
16375,545833,56.41,1,3
16376,545866,27.75,1,2
16377,545900,27.22,1,2
16378,545933,52.38,1,3
16379,545966,30.76,1,2
16380,546000,29.84,1,2
16381,546033,51.14,1,3
16382,546066,36.01,1,2
16383,546100,34.91,1,2
16384,546133,53.6,1,3
16385,546166,38.41,1,2
16386,546200,37.09,1,2
16387,546233,43.64,1,2
16388,546266,44.09,1,2
16389,546300,42.43,1,2
16390,546333,42.99,1,2
16391,546366,54.01,1,3
16392,546400,52.6,1,3
16393,546433,42.06,1,2
16394,546466,55.87,1,3
16395,546500,55.05,1,3
16396,546533,35.32,1,2
16397,546566,56.11,1,3
16398,546600,54.15,1,3
16399,546633,25.66,1,2
16400,546666,57.36,1,3
16401,546700,55.25,1,3
16402,546733,30.47,1,2
16403,546766,68.68,1,3
16404,546800,38.52,1,2
16405,546833,37.26,1,2
16406,546866,61.43,1,3
16407,546900,36.92,1,2
16408,546933,35.8,1,2
16409,546966,52.56,1,3
16410,547000,39.35,1,2
16411,547033,37.36,1,2
16412,547066,48.47,1,2
16413,547100,45.7,1,2
16414,547133,44.5,1,2
16415,547166,47.31,1,2
16416,547200,47.97,1,2
16417,547233,46.94,1,2
16418,547266,87.54,1,4
16419,547300,87.95,1,4
16420,547333,87.48,1,4
16421,547366,65.98,1,3
16422,547400,87.27,1,4
16423,547433,86.51,1,4
16424,547466,57.76,1,3
16425,547500,84.34,1,4
16426,547533,81.95,1,4
16427,547566,54.21,1,3
16428,547600,63.14,1,3
16429,547633,59.41,1,3
16430,547666,32.5,1,2
16431,547700,59.23,1,3
16432,547733,57.33,1,3
16433,547766,39,1,2
16434,547800,70.98,1,3
16435,547833,70.08,1,3
16436,547866,55.74,1,3
16437,547900,71.14,1,3
16438,547933,69.06,1,3
16439,547966,58.48,1,3
16440,548000,59.17,1,3
16441,548033,57.64,1,3
16442,548066,56.54,1,3
16443,548100,42.07,1,2
16444,548133,40.15,1,2
16445,548166,59.17,1,3
16446,548200,41.62,1,2
16447,548233,39.32,1,2
16448,548266,62.08,1,3
16449,548300,33.05,1,2
16450,548333,31.56,1,2
16451,548366,56.08,1,3
16452,548400,30.05,1,2
16453,548433,28.83,1,2
16454,548466,54.7,1,3
16455,548500,30.79,1,2
16456,548533,29.42,1,2
16457,548566,49.4,1,2
16458,548600,42.05,1,2
16459,548633,40.38,1,2
16460,548666,52.53,1,3
16461,548700,44.44,1,2
16462,548733,42.75,1,2
16463,548766,45.74,1,2
16464,548800,46.22,1,2
16465,548833,45.45,1,2
16466,548866,45.7,1,2
16467,548900,62.53,1,3
16468,548933,61.57,1,3
16469,548966,45.45,1,2
16470,549000,57.5,1,3
16471,549033,55.74,1,3
16472,549066,32.65,1,2
16473,549100,54.13,1,3
16474,549133,53.13,1,3
16475,549166,24.97,1,1
16476,549200,60.1,1,3
16477,549233,58.77,1,3
16478,549266,32.08,1,2
16479,549300,72.69,1,3
16480,549333,72.53,1,3
16481,549366,37.37,1,2
16482,549400,60.74,1,3
16483,549433,59.72,1,3
16484,549466,39.68,1,2
16485,549500,57.02,1,3
16486,549533,55.1,1,3
16487,549566,38.93,1,2
16488,549600,49.57,1,2
16489,549633,47.9,1,2
16490,549666,46.59,1,2
16491,549700,46.64,1,2
16492,549733,45.06,1,2
16493,549766,52.09,1,3
16494,549800,36.41,1,2
16495,549833,35.44,1,2
16496,549866,52.25,1,3
16497,549900,31.88,1,2
16498,549933,30.73,1,2
16499,549966,56.18,1,3
16500,550000,33.17,1,2
16501,550033,31.72,1,2
16502,550066,58.84,1,3
16503,550100,32.9,1,2
16504,550133,31.55,1,2
16505,550166,54.07,1,3
16506,550200,34.06,1,2
16507,550233,32.61,1,2
16508,550266,52.74,1,3
16509,550300,38.58,1,2
16510,550333,37.38,1,2
16511,550366,56.64,1,3
16512,550400,57.99,1,3
16513,550433,57.14,1,3
16514,550466,54.75,1,3
16515,550500,56.18,1,3
16516,550533,54,1,3
16517,550566,45.31,1,2
16518,550600,57.69,1,3
16519,550633,55.59,1,3
16520,550666,33.4,1,2
16521,550700,57.7,1,3
16522,550733,56.33,1,3
16523,550766,28.07,1,2
16524,550800,57.47,1,3
16525,550833,56.62,1,3
16526,550866,26.57,1,2
16527,550900,55.67,1,3
16528,550933,55.24,1,3
16529,550966,25.33,1,2
16530,551000,54.93,1,3
16531,551033,53.96,1,3
16532,551066,35.08,1,2
16533,551100,57.19,1,3
16534,551133,55.57,1,3
16535,551166,44.68,1,2
16536,551200,52.73,1,3
16537,551233,51.42,1,3
16538,551266,92.45,1,4
16539,551300,80.25,1,4
16540,551333,78.3,1,4
16541,551366,86.49,1,4
16542,551400,76.07,1,4
16543,551433,74.28,1,3
16544,551466,91.87,1,4
16545,551500,70.05,1,3
16546,551533,68.34,1,3
16547,551566,87.21,1,4
16548,551600,48.98,1,2
16549,551633,44.36,1,2
16550,551666,65.83,1,3
16551,551700,40.56,1,2
16552,551733,37.91,1,2
16553,551766,63.21,1,3
16554,551800,41.47,1,2
16555,551833,38.64,1,2
16556,551866,70.33,1,3
16557,551900,45.76,1,2
16558,551933,43.75,1,2
16559,551966,63.45,1,3
16560,552000,46.8,1,2
16561,552033,44.96,1,2
16562,552066,51.78,1,3
16563,552100,51.48,1,3
16564,552133,49.97,1,2
16565,552166,45.48,1,2
16566,552200,54.12,1,3
16567,552233,53.28,1,3
16568,552266,39.3,1,2
16569,552300,58.23,1,3
16570,552333,56.88,1,3
16571,552366,33.55,1,2
16572,552400,56.23,1,3
16573,552433,55.12,1,3
16574,552466,25.09,1,2
16575,552500,62.48,1,3
16576,552533,62.24,1,3
16577,552566,35.83,1,2
16578,552600,62.91,1,3
16579,552633,61.12,1,3
16580,552666,34.91,1,2
16581,552700,57.09,1,3
16582,552733,55.25,1,3
16583,552766,37.16,1,2
16584,552800,51.84,1,3
16585,552833,51,1,3
16586,552866,37.64,1,2
16587,552900,63.95,1,3
16588,552933,62.92,1,3
16589,552966,54.54,1,3
16590,553000,58.48,1,3
16591,553033,57.07,1,3
16592,553066,55.33,1,3
16593,553100,41.49,1,2
16594,553133,40.49,1,2
16595,553166,54.41,1,3
16596,553200,35.33,1,2
16597,553233,33.63,1,2
16598,553266,54.1,1,3
16599,553300,29.24,1,2
16600,553333,27.89,1,2
16601,553366,54.6,1,3
16602,553400,29.77,1,2
16603,553433,28.5,1,2
16604,553466,51.57,1,3
16605,553500,33.22,1,2
16606,553533,32.02,1,2
16607,553566,53.65,1,3
16608,553600,43.47,1,2
16609,553633,42.52,1,2
16610,553666,60.49,1,3
16611,553700,51.25,1,3
16612,553733,50.06,1,3
16613,553766,58.82,1,3
16614,553800,53.16,1,3
16615,553833,52.45,1,3
16616,553866,47.71,1,2
16617,553900,53.32,1,3
16618,553933,52.97,1,3
16619,553966,37.81,1,2
16620,554000,62.95,1,3
16621,554033,62.54,1,3
16622,554066,38.87,1,2
16623,554100,60.59,1,3
16624,554133,60.17,1,3
16625,554166,28.93,1,2
16626,554200,56.73,1,3
16627,554233,55.99,1,3
16628,554266,28.67,1,2
16629,554300,55.44,1,3
16630,554333,55.12,1,3
16631,554366,29.9,1,2
16632,554400,56.04,1,3
16633,554433,54.64,1,3
16634,554466,39.16,1,2
16635,554500,54.08,1,3
16636,554533,53,1,3
16637,554566,40.06,1,2
16638,554600,47.63,1,2
16639,554633,47.05,1,2
16640,554666,49.14,1,2
16641,554700,43.58,1,2
16642,554733,41.74,1,2
16643,554766,53.11,1,3
16644,554800,36.14,1,2
16645,554833,34.83,1,2
16646,554866,51.46,1,3
16647,554900,29.59,1,2
16648,554933,28.7,1,2
16649,554966,54.91,1,3
16650,555000,32.31,1,2
16651,555033,30.98,1,2
16652,555066,63.94,1,3
16653,555100,49.07,1,2
16654,555133,46.05,1,2
16655,555166,67.02,1,3
16656,555200,45.55,1,2
16657,555233,43.95,1,2
16658,555266,94.23,1,4
16659,555300,78.01,1,4
16660,555333,77,1,4
16661,555366,87.63,1,4
16662,555400,81.09,1,4
16663,555433,79.41,1,4
16664,555466,81.66,1,4
16665,555500,84.59,1,4
16666,555533,80.94,1,4
16667,555566,76.91,1,4
16668,555600,69.22,1,3
16669,555633,64.26,1,3
16670,555666,42.54,1,2
16671,555700,62.03,1,3
16672,555733,60.37,1,3
16673,555766,27.97,1,2
16674,555800,61.26,1,3
16675,555833,59.21,1,3
16676,555866,27.11,1,2
16677,555900,60.54,1,3
16678,555933,58.29,1,3
16679,555966,29.34,1,2
16680,556000,57.66,1,3
16681,556033,56.88,1,3
16682,556066,32.3,1,2
16683,556100,63.76,1,3
16684,556133,62.29,1,3
16685,556166,52,1,3
16686,556200,78.48,1,4
16687,556233,78.15,1,4
16688,556266,62.41,1,3
16689,556300,58.5,1,3
16690,556333,56.74,1,3
16691,556366,58.7,1,3
16692,556400,46.98,1,2
16693,556433,44,1,2
16694,556466,56.65,1,3
16695,556500,44.45,1,2
16696,556533,42.47,1,2
16697,556566,63.07,1,3
16698,556600,43.95,1,2
16699,556633,41.92,1,2
16700,556666,56.73,1,3
16701,556700,29.08,1,2
16702,556733,27.9,1,2
16703,556766,56.04,1,3
16704,556800,28.93,1,2
16705,556833,27.85,1,2
16706,556866,52.04,1,3
16707,556900,35.71,1,2
16708,556933,34.69,1,2
16709,556966,53.65,1,3
16710,557000,40.65,1,2
16711,557033,39.77,1,2
16712,557066,47.33,1,2
16713,557100,47.89,1,2
16714,557133,46.26,1,2
16715,557166,47.89,1,2
16716,557200,55.01,1,3
16717,557233,53.54,1,3
16718,557266,42.13,1,2
16719,557300,66.55,1,3
16720,557333,64.96,1,3
16721,557366,32.44,1,2
16722,557400,58.73,1,3
16723,557433,58.12,1,3
16724,557466,27.09,1,2
16725,557500,61.33,1,3
16726,557533,60.86,1,3
16727,557566,35.97,1,2
16728,557600,64.71,1,3
16729,557633,64.02,1,3
16730,557666,46.1,1,2
16731,557700,72.15,1,3
16732,557733,70.8,1,3
16733,557766,43.51,1,2
16734,557800,56.27,1,3
16735,557833,54.87,1,3
16736,557866,42.06,1,2
16737,557900,51.92,1,3
16738,557933,50.78,1,3
16739,557966,48.68,1,2
16740,558000,45.98,1,2
16741,558033,44.46,1,2
16742,558066,52.03,1,3
16743,558100,38.07,1,2
16744,558133,36.62,1,2
16745,558166,53.79,1,3
16746,558200,31.68,1,2
16747,558233,30.57,1,2
16748,558266,56.43,1,3
16749,558300,30.46,1,2
16750,558333,32.41,1,2
16751,558366,61.08,1,3
16752,558400,32.01,1,2
16753,558433,30.87,1,2
16754,558466,55.22,1,3
16755,558500,36.78,1,2
16756,558533,35.23,1,2
16757,558566,53.95,1,3
16758,558600,51.79,1,3
16759,558633,49.1,1,2
16760,558666,65.31,1,3
16761,558700,61.48,1,3
16762,558733,59.85,1,3
16763,558766,65.58,1,3
16764,558800,56.91,1,3
16765,558833,55.79,1,3
16766,558866,46.07,1,2
16767,558900,54.19,1,3
16768,558933,53.67,1,3
16769,558966,34.36,1,2
16770,559000,57.52,1,3
16771,559033,56.51,1,3
16772,559066,28.8,1,2
16773,559100,59.4,1,3
16774,559133,58.84,1,3
16775,559166,33.6,1,2
16776,559200,56.08,1,3
16777,559233,55.55,1,3
16778,559266,79.35,1,4
16779,559300,89.84,1,4
16780,559333,88.96,1,4
16781,559366,62.46,1,3
16782,559400,86.94,1,4
16783,559433,84.88,1,4
16784,559466,65.85,1,3
16785,559500,81.53,1,4
16786,559533,79.64,1,4
16787,559566,67.93,1,3
16788,559600,57.39,1,3
16789,559633,54.46,1,3
16790,559666,60.84,1,3
16791,559700,55.88,1,3
16792,559733,52.95,1,3
16793,559766,71.38,1,3
16794,559800,59.14,1,3
16795,559833,56.92,1,3
16796,559866,72.24,1,3
16797,559900,41.68,1,2
16798,559933,39.52,1,2
16799,559966,61.98,1,3
16800,560000,36.32,1,2
16801,560033,35.27,1,2
16802,560066,68.05,1,3
16803,560100,52.12,1,3
16804,560133,50.7,1,3
16805,560166,70.36,1,3
16806,560200,57.06,1,3
16807,560233,56.03,1,3
16808,560266,63.2,1,3
16809,560300,53.24,1,3
16810,560333,50.64,1,3
16811,560366,53.02,1,3
16812,560400,51.19,1,3
16813,560433,49.83,1,2
16814,560466,45.78,1,2
16815,560500,58.66,1,3
16816,560533,56.8,1,3
16817,560566,37.43,1,2
16818,560600,57.47,1,3
16819,560633,56.54,1,3
16820,560666,27.98,1,2
16821,560700,58.67,1,3
16822,560733,57.32,1,3
16823,560766,26.6,1,2
16824,560800,60.75,1,3
16825,560833,60.19,1,3
16826,560866,32.3,1,2
16827,560900,65.32,1,3
16828,560933,64.63,1,3
16829,560966,34.33,1,2
16830,561000,58.31,1,3
16831,561033,57.72,1,3
16832,561066,43.52,1,2
16833,561100,67.77,1,3
16834,561133,63.65,1,3
16835,561166,59.35,1,3
16836,561200,71.15,1,3
16837,561233,66.67,1,3
16838,561266,72.89,1,3
16839,561300,56.46,1,3
16840,561333,53.82,1,3
16841,561366,63.71,1,3
16842,561400,39.17,1,2
16843,561433,37.56,1,2
16844,561466,55.73,1,3
16845,561500,36.04,1,2
16846,561533,34.69,1,2
16847,561566,58.78,1,3
16848,561600,38.14,1,2
16849,561633,36.37,1,2
16850,561666,56.06,1,3
16851,561700,31.28,1,2
16852,561733,29.9,1,2
16853,561766,51.03,1,3
16854,561800,33.72,1,2
16855,561833,32.13,1,2
16856,561866,52.5,1,3
16857,561900,39.43,1,2
16858,561933,38.3,1,2
16859,561966,55.17,1,3
16860,562000,46.8,1,2
16861,562033,44.73,1,2
16862,562066,46.98,1,2
16863,562100,51.57,1,3
16864,562133,50.64,1,3
16865,562166,46.98,1,2
16866,562200,71.73,1,3
16867,562233,71.38,1,3
16868,562266,46.37,1,2
16869,562300,71.82,1,3
16870,562333,70.82,1,3
16871,562366,39.81,1,2
16872,562400,63.71,1,3
16873,562433,62.07,1,3
16874,562466,32.01,1,2
16875,562500,61.21,1,3
16876,562533,60.45,1,3
16877,562566,36.91,1,2
16878,562600,64.02,1,3
16879,562633,63.41,1,3
16880,562666,46.13,1,2
16881,562700,60.61,1,3
16882,562733,59.82,1,3
16883,562766,40.46,1,2
16884,562800,54.42,1,3
16885,562833,53.42,1,3
16886,562866,44.78,1,2
16887,562900,47.44,1,2
16888,562933,45.96,1,2
16889,562966,48.25,1,2
16890,563000,43.75,1,2
16891,563033,40.35,1,2
16892,563066,54.58,1,3
16893,563100,36.86,1,2
16894,563133,35.96,1,2
16895,563166,53.77,1,3
16896,563200,31.44,1,2
16897,563233,30.25,1,2
16898,563266,93.3,1,4
16899,563300,71.62,1,3
16900,563333,69.65,1,3
16901,563366,91.84,1,4
16902,563400,66.5,1,3
16903,563433,64.22,1,3
16904,563466,87.92,1,4
16905,563500,71.21,1,3
16906,563533,68.54,1,3
16907,563566,80.17,1,4
16908,563600,67.72,1,3
16909,563633,64.85,1,3
16910,563666,75.3,1,4
16911,563700,79.01,1,4
16912,563733,77.65,1,4
16913,563766,72.92,1,3
16914,563800,73.11,1,3
16915,563833,71.58,1,3
16916,563866,47.53,1,2
16917,563900,64.87,1,3
16918,563933,63.36,1,3
16919,563966,33.55,1,2
16920,564000,64.29,1,3
16921,564033,62.2,1,3
16922,564066,29.59,1,2
16923,564100,60.75,1,3
16924,564133,59.61,1,3
16925,564166,29.59,1,2
16926,564200,57.22,1,3
16927,564233,55.6,1,3
16928,564266,26.96,1,2
16929,564300,58.63,1,3
16930,564333,57.94,1,3
16931,564366,39.07,1,2
16932,564400,63.88,1,3
16933,564433,62.34,1,3
16934,564466,46.12,1,2
16935,564500,56.29,1,3
16936,564533,55.59,1,3
16937,564566,54.01,1,3
16938,564600,56.03,1,3
16939,564633,53.3,1,3
16940,564666,61,1,3
16941,564700,50.62,1,3
16942,564733,48.94,1,2
16943,564766,75.29,1,4
16944,564800,49.62,1,2
16945,564833,48,1,2
16946,564866,69.64,1,3
16947,564900,36.75,1,2
16948,564933,35,1,2
16949,564966,60.85,1,3
16950,565000,36.48,1,2
16951,565033,34.99,1,2
16952,565066,59.99,1,3
16953,565100,42.98,1,2
16954,565133,41.45,1,2
16955,565166,58.44,1,3
16956,565200,48.19,1,2
16957,565233,45.94,1,2
16958,565266,53.74,1,3
16959,565300,43.31,1,2
16960,565333,42.01,1,2
16961,565366,49.64,1,2
16962,565400,49.36,1,2
16963,565433,48.6,1,2
16964,565466,44.1,1,2
16965,565500,55.22,1,3
16966,565533,54.23,1,3
16967,565566,36.83,1,2
16968,565600,57.03,1,3
16969,565633,56.39,1,3
16970,565666,30.6,1,2
16971,565700,64.07,1,3
16972,565733,63.65,1,3
16973,565766,31.8,1,2
16974,565800,71.03,1,3
16975,565833,69.76,1,3
16976,565866,39.36,1,2
16977,565900,71.16,1,3
16978,565933,69.58,1,3
16979,565966,37.89,1,2
16980,566000,62.2,1,3
16981,566033,61.51,1,3
16982,566066,39.55,1,2
16983,566100,63.28,1,3
16984,566133,62.51,1,3
16985,566166,58.37,1,3
16986,566200,64.18,1,3
16987,566233,64.29,1,3
16988,566266,64.71,1,3
16989,566300,47.9,1,2
16990,566333,46.57,1,2
16991,566366,57.86,1,3
16992,566400,39.51,1,2
16993,566433,37.87,1,2
16994,566466,59.67,1,3
16995,566500,33.79,1,2
16996,566533,32.74,1,2
16997,566566,60.94,1,3
16998,566600,30.81,1,2
16999,566633,29.5,1,2
17000,566666,59.86,1,3
17001,566700,34.86,1,2
17002,566733,33.1,1,2
17003,566766,55.49,1,3
17004,566800,42.58,1,2
17005,566833,40.82,1,2
17006,566866,60.6,1,3
17007,566900,52.53,1,3
17008,566933,51.86,1,3
17009,566966,61.31,1,3
17010,567000,52.7,1,3
17011,567033,51.58,1,3
17012,567066,46.26,1,2
17013,567100,60.96,1,3
17014,567133,60.12,1,3
17015,567166,46.42,1,2
17016,567200,78.11,1,4
17017,567233,77.76,1,4
17018,567266,92.5,1,4
17019,567300,95.74,1,4
17020,567333,92.96,1,4
17021,567366,67.64,1,3
17022,567400,87.2,1,4
17023,567433,86.67,1,4
17024,567466,56.56,1,3
17025,567500,87.95,1,4
17026,567533,85.72,1,4
17027,567566,63.69,1,3
17028,567600,78.05,1,4
17029,567633,74.74,1,3
17030,567666,49.42,1,2
17031,567700,65.6,1,3
17032,567733,63.06,1,3
17033,567766,50.34,1,3
17034,567800,59.44,1,3
17035,567833,57.11,1,3
17036,567866,50.24,1,3
17037,567900,51.5,1,3
17038,567933,49.22,1,2
17039,567966,58.06,1,3
17040,568000,48.46,1,2
17041,568033,46.89,1,2
17042,568066,58.37,1,3
17043,568100,38.29,1,2
17044,568133,36.84,1,2
17045,568166,64.04,1,3
17046,568200,42.16,1,2
17047,568233,40.08,1,2
17048,568266,76.68,1,4
17049,568300,48.88,1,2
17050,568333,47.38,1,2
17051,568366,76.28,1,4
17052,568400,45.18,1,2
17053,568433,43.31,1,2
17054,568466,62.74,1,3
17055,568500,48.27,1,2
17056,568533,47.16,1,2
17057,568566,57.97,1,3
17058,568600,58.39,1,3
17059,568633,56.51,1,3
17060,568666,56.47,1,3
17061,568700,62.84,1,3
17062,568733,62.3,1,3
17063,568766,52.11,1,3
17064,568800,60.86,1,3
17065,568833,59.46,1,3
17066,568866,32.67,1,2
17067,568900,60.9,1,3
17068,568933,60.45,1,3
17069,568966,34.37,1,2
17070,569000,59.07,1,3
17071,569033,58.63,1,3
17072,569066,29.93,1,2
17073,569100,59.57,1,3
17074,569133,58.62,1,3
17075,569166,31.13,1,2
17076,569200,56.63,1,3
17077,569233,55.4,1,3
17078,569266,32.53,1,2
17079,569300,68.53,1,3
17080,569333,67.77,1,3
17081,569366,49.84,1,2
17082,569400,64.4,1,3
17083,569433,62.54,1,3
17084,569466,48.03,1,2
17085,569500,56.48,1,3
17086,569533,55.29,1,3
17087,569566,57.82,1,3
17088,569600,46.4,1,2
17089,569633,44.13,1,2
17090,569666,58.81,1,3
17091,569700,50.6,1,3
17092,569733,49.26,1,2
17093,569766,72.02,1,3
17094,569800,37.13,1,2
17095,569833,35.56,1,2
17096,569866,61.01,1,3
17097,569900,33.84,1,2
17098,569933,32.19,1,2
17099,569966,62.83,1,3
17100,570000,35.17,1,2
17101,570033,34.44,1,2
17102,570066,57.96,1,3
17103,570100,42.51,1,2
17104,570133,41.52,1,2
17105,570166,55.62,1,3
17106,570200,48.23,1,2
17107,570233,47.17,1,2
17108,570266,48.25,1,2
17109,570300,49.88,1,2
17110,570333,48.79,1,2
17111,570366,50.7,1,3
17112,570400,61.93,1,3
17113,570433,60.23,1,3
17114,570466,38.96,1,2
17115,570500,60.77,1,3
17116,570533,59.7,1,3
17117,570566,38.01,1,2
17118,570600,65.58,1,3
17119,570633,64.72,1,3
17120,570666,30.01,1,2
17121,570700,70.03,1,3
17122,570733,68.68,1,3
17123,570766,43.02,1,2
17124,570800,78.09,1,4
17125,570833,77.37,1,4
17126,570866,36.73,1,2
17127,570900,65.65,1,3
17128,570933,64.93,1,3
17129,570966,45.33,1,2
17130,571000,62.24,1,3
17131,571033,61.56,1,3
17132,571066,45.79,1,2
17133,571100,60.13,1,3
17134,571133,58.44,1,3
17135,571166,54.5,1,3
17136,571200,46.34,1,2
17137,571233,44.91,1,2
17138,571266,92.65,1,4
17139,571300,82.43,1,4
17140,571333,81.8,1,4
17141,571366,88.34,1,4
17142,571400,77.61,1,4
17143,571433,75.14,1,4
17144,571466,87.52,1,4
17145,571500,69.29,1,3
17146,571533,66.78,1,3
17147,571566,82.72,1,4
17148,571600,46.84,1,2
17149,571633,42.54,1,2
17150,571666,61.09,1,3
17151,571700,48.95,1,2
17152,571733,46.92,1,2
17153,571766,72.45,1,3
17154,571800,56.89,1,3
17155,571833,55.25,1,3
17156,571866,74.31,1,3
17157,571900,61.09,1,3
17158,571933,59.78,1,3
17159,571966,66.48,1,3
17160,572000,61.59,1,3
17161,572033,59.52,1,3
17162,572066,45.24,1,2
17163,572100,71.09,1,3
17164,572133,70.07,1,3
17165,572166,54.76,1,3
17166,572200,72.53,1,3
17167,572233,71.45,1,3
17168,572266,34.12,1,2
17169,572300,66.52,1,3
17170,572333,65.56,1,3
17171,572366,37.53,1,2
17172,572400,61.98,1,3
17173,572433,61.34,1,3
17174,572466,32.76,1,2
17175,572500,63.49,1,3
17176,572533,62.53,1,3
17177,572566,42.1,1,2
17178,572600,63.26,1,3
17179,572633,61.18,1,3
17180,572666,38.64,1,2
17181,572700,57.6,1,3
17182,572733,56.78,1,3
17183,572766,54.05,1,3
17184,572800,66.72,1,3
17185,572833,65.2,1,3
17186,572866,58.78,1,3
17187,572900,55.66,1,3
17188,572933,53.76,1,3
17189,572966,65.81,1,3
17190,573000,46.21,1,2
17191,573033,43.64,1,2
17192,573066,59.01,1,3
17193,573100,34.44,1,2
17194,573133,33.15,1,2
17195,573166,69.67,1,3
17196,573200,47.01,1,2
17197,573233,44.87,1,2
17198,573266,70.15,1,3
17199,573300,42.56,1,2
17200,573333,41.01,1,2
17201,573366,66.62,1,3
17202,573400,47.12,1,2
17203,573433,45.89,1,2
17204,573466,56.27,1,3
17205,573500,48.72,1,2
17206,573533,47.55,1,2
17207,573566,59.28,1,3
17208,573600,59.41,1,3
17209,573633,57.2,1,3
17210,573666,43.16,1,2
17211,573700,63.46,1,3
17212,573733,62.32,1,3
17213,573766,42.52,1,2
17214,573800,62.21,1,3
17215,573833,61.84,1,3
17216,573866,35.98,1,2
17217,573900,66.04,1,3
17218,573933,65.24,1,3
17219,573966,39.18,1,2
17220,574000,63.38,1,3
17221,574033,62.19,1,3
17222,574066,29.87,1,2
17223,574100,63.65,1,3
17224,574133,63.28,1,3
17225,574166,35.7,1,2
17226,574200,71.62,1,3
17227,574233,70.02,1,3
17228,574266,44.67,1,2
17229,574300,73.65,1,3
17230,574333,72.83,1,3
17231,574366,56.17,1,3
17232,574400,61.27,1,3
17233,574433,58.55,1,3
17234,574466,51.58,1,3
17235,574500,51.68,1,3
17236,574533,49.55,1,2
17237,574566,62.98,1,3
17238,574600,44.07,1,2
17239,574633,42.56,1,2
17240,574666,63.71,1,3
17241,574700,39.42,1,2
17242,574733,37.3,1,2
17243,574766,62.5,1,3
17244,574800,36.63,1,2
17245,574833,33.83,1,2
17246,574866,60.01,1,3
17247,574900,41.64,1,2
17248,574933,39.53,1,2
17249,574966,62.76,1,3
17250,575000,48.46,1,2
17251,575033,46.02,1,2
17252,575066,60.84,1,3
17253,575100,47.95,1,2
17254,575133,46.2,1,2
17255,575166,56.94,1,3
17256,575200,51.08,1,3
17257,575233,49.78,1,2
17258,575266,93.34,1,4
17259,575300,88.5,1,4
17260,575333,86.19,1,4
17261,575366,73.3,1,3
17262,575400,90.22,1,4
17263,575433,87.89,1,4
17264,575466,61.61,1,3
17265,575500,85.12,1,4
17266,575533,83.63,1,4
17267,575566,51.41,1,3
17268,575600,79.68,1,4
17269,575633,76.58,1,4
17270,575666,40.54,1,2
17271,575700,72.69,1,3
17272,575733,71.5,1,3
17273,575766,43.33,1,2
17274,575800,69.51,1,3
17275,575833,68.16,1,3
17276,575866,42.85,1,2
17277,575900,63.78,1,3
17278,575933,62.15,1,3
17279,575966,50.86,1,3
17280,576000,63.84,1,3
17281,576033,59.81,1,3
17282,576066,55,1,3
17283,576100,54.94,1,3
17284,576133,52.81,1,3
17285,576166,57.25,1,3
17286,576200,44.53,1,2
17287,576233,42.44,1,2
17288,576266,63.09,1,3
17289,576300,48.92,1,2
17290,576333,47.55,1,2
17291,576366,67.29,1,3
17292,576400,46.76,1,2
17293,576433,44.93,1,2
17294,576466,65.42,1,3
17295,576500,39.66,1,2
17296,576533,38.06,1,2
17297,576566,63.37,1,3
17298,576600,42.49,1,2
17299,576633,41.26,1,2
17300,576666,72.81,1,3
17301,576700,53.1,1,3
17302,576733,50.23,1,3
17303,576766,63.12,1,3
17304,576800,55.48,1,3
17305,576833,54.24,1,3
17306,576866,53.34,1,3
17307,576900,59.65,1,3
17308,576933,59.01,1,3
17309,576966,45.44,1,2
17310,577000,62.53,1,3
17311,577033,61.98,1,3
17312,577066,43.61,1,2
17313,577100,63.73,1,3
17314,577133,63.17,1,3
17315,577166,37.1,1,2
17316,577200,64.35,1,3
17317,577233,63.11,1,3
17318,577266,34.95,1,2
17319,577300,64.67,1,3
17320,577333,63.94,1,3
17321,577366,44.84,1,2
17322,577400,72.52,1,3
17323,577433,71.96,1,3
17324,577466,48.62,1,2
17325,577500,64.6,1,3
17326,577533,63.8,1,3
17327,577566,47.12,1,2
17328,577600,63.19,1,3
17329,577633,62.18,1,3
17330,577666,51.97,1,3
17331,577700,64.29,1,3
17332,577733,63.74,1,3
17333,577766,64.51,1,3
17334,577800,55.39,1,3
17335,577833,52.47,1,3
17336,577866,62.97,1,3
17337,577900,48.05,1,2
17338,577933,45.79,1,2
17339,577966,61.92,1,3
17340,578000,41.28,1,2
17341,578033,40.06,1,2
17342,578066,66.02,1,3
17343,578100,37.73,1,2
17344,578133,36.06,1,2
17345,578166,63.41,1,3
17346,578200,41.97,1,2
17347,578233,40.64,1,2
17348,578266,61.77,1,3
17349,578300,43.9,1,2
17350,578333,42.95,1,2
17351,578366,62.99,1,3
17352,578400,61.36,1,3
17353,578433,59.94,1,3
17354,578466,64.51,1,3
17355,578500,57.76,1,3
17356,578533,56.78,1,3
17357,578566,52.15,1,3
17358,578600,60.44,1,3
17359,578633,59.66,1,3
17360,578666,46.24,1,2
17361,578700,67.15,1,3
17362,578733,66.74,1,3
17363,578766,42.65,1,2
17364,578800,72.39,1,3
17365,578833,71.51,1,3
17366,578866,47.41,1,2
17367,578900,65.73,1,3
17368,578933,65.23,1,3
17369,578966,36.33,1,2
17370,579000,64.93,1,3
17371,579033,64.51,1,3
17372,579066,37.31,1,2
17373,579100,64.13,1,3
17374,579133,63.27,1,3
17375,579166,44.33,1,2
17376,579200,61.48,1,3
17377,579233,60.49,1,3
17378,579266,85.73,1,4
17379,579300,82.68,1,4
17380,579333,81.38,1,4
17381,579366,84.51,1,4
17382,579400,78.29,1,4
17383,579433,76.85,1,4
17384,579466,85.81,1,4
17385,579500,70.98,1,3
17386,579533,67.29,1,3
17387,579566,81.17,1,4
17388,579600,48.12,1,2
17389,579633,44.37,1,2
17390,579666,70.12,1,3
17391,579700,48.02,1,2
17392,579733,46.12,1,2
17393,579766,77.45,1,4
17394,579800,58.04,1,3
17395,579833,56.27,1,3
17396,579866,76.89,1,4
17397,579900,58.72,1,3
17398,579933,57.32,1,3
17399,579966,66.65,1,3
17400,580000,60.49,1,3
17401,580033,59.2,1,3
17402,580066,59.48,1,3
17403,580100,64.59,1,3
17404,580133,58.64,1,3
17405,580166,60.61,1,3
17406,580200,63.29,1,3
17407,580233,62.05,1,3
17408,580266,47.44,1,2
17409,580300,66.9,1,3
17410,580333,65.93,1,3
17411,580366,38.87,1,2
17412,580400,67.9,1,3
17413,580433,65.63,1,3
17414,580466,35.75,1,2
17415,580500,65.87,1,3
17416,580533,65.1,1,3
17417,580566,36.7,1,2
17418,580600,67.46,1,3
17419,580633,66.78,1,3
17420,580666,38.98,1,2
17421,580700,69.44,1,3
17422,580733,67.11,1,3
17423,580766,57.14,1,3
17424,580800,74.11,1,3
17425,580833,73.32,1,3
17426,580866,66.59,1,3
17427,580900,67.08,1,3
17428,580933,64.78,1,3
17429,580966,60.65,1,3
17430,581000,53.92,1,3
17431,581033,51.47,1,3
17432,581066,62.92,1,3
17433,581100,54.28,1,3
17434,581133,51.83,1,3
17435,581166,68.41,1,3
17436,581200,54.84,1,3
17437,581233,53.23,1,3
17438,581266,65.25,1,3
17439,581300,39.74,1,2
17440,581333,37.7,1,2
17441,581366,61.58,1,3
17442,581400,41.03,1,2
17443,581433,38.78,1,2
17444,581466,62.16,1,3
17445,581500,45.11,1,2
17446,581533,42.05,1,2
17447,581566,60.24,1,3
17448,581600,51.65,1,3
17449,581633,48.05,1,2
17450,581666,58.65,1,3
17451,581700,57.1,1,3
17452,581733,55.79,1,3
17453,581766,50.13,1,3
17454,581800,70.16,1,3
17455,581833,67.08,1,3
17456,581866,51.58,1,3
17457,581900,77.01,1,4
17458,581933,76,1,4
17459,581966,39.34,1,2
17460,582000,66.16,1,3
17461,582033,65.14,1,3
17462,582066,40.04,1,2
17463,582100,75.57,1,4
17464,582133,75.25,1,4
17465,582166,54.75,1,3
17466,582200,75.28,1,4
17467,582233,74.05,1,3
17468,582266,56.53,1,3
17469,582300,73.36,1,3
17470,582333,72.44,1,3
17471,582366,51.28,1,3
17472,582400,61.39,1,3
17473,582433,60.52,1,3
17474,582466,52.2,1,3
17475,582500,58.44,1,3
17476,582533,57.26,1,3
17477,582566,60.34,1,3
17478,582600,47.84,1,2
17479,582633,45.8,1,2
17480,582666,62.35,1,3
17481,582700,40.63,1,2
17482,582733,39.25,1,2
17483,582766,64.66,1,3
17484,582800,40.13,1,2
17485,582833,38.77,1,2
17486,582866,68.27,1,3
17487,582900,40.15,1,2
17488,582933,38.4,1,2
17489,582966,68.84,1,3
17490,583000,45.06,1,2
17491,583033,43.43,1,2
17492,583066,66.47,1,3
17493,583100,54.83,1,3
17494,583133,53.23,1,3
17495,583166,70.08,1,3
17496,583200,72.7,1,3
17497,583233,71.14,1,3
17498,583266,96.41,1,4
17499,583300,87.51,1,4
17500,583333,89.74,1,4
17501,583366,76.38,1,4
17502,583400,87.95,1,4
17503,583433,87.22,1,4
17504,583466,79.46,1,4
17505,583500,88.64,1,4
17506,583533,86.95,1,4
17507,583566,62.39,1,3
17508,583600,78.87,1,4
17509,583633,73.27,1,3
17510,583666,40.93,1,2
17511,583700,71.67,1,3
17512,583733,70.66,1,3
17513,583766,39.99,1,2
17514,583800,68.55,1,3
17515,583833,67.5,1,3
17516,583866,43.53,1,2
17517,583900,69.4,1,3
17518,583933,68.27,1,3
17519,583966,48.68,1,2
17520,584000,69.12,1,3
17521,584033,68.16,1,3
17522,584066,54.93,1,3
17523,584100,69.82,1,3
17524,584133,66.79,1,3
17525,584166,71.26,1,3
17526,584200,72.85,1,3
17527,584233,71.64,1,3
17528,584266,76.08,1,4
17529,584300,54.52,1,3
17530,584333,52.49,1,3
17531,584366,70.53,1,3
17532,584400,41.79,1,2
17533,584433,39.82,1,2
17534,584466,66.83,1,3
17535,584500,47.99,1,2
17536,584533,46.64,1,2
17537,584566,72.77,1,3
17538,584600,50.73,1,3
17539,584633,47.23,1,2
17540,584666,71.22,1,3
17541,584700,47.48,1,2
17542,584733,46.07,1,2
17543,584766,64.37,1,3
17544,584800,52.48,1,3
17545,584833,52.03,1,3
17546,584866,58.17,1,3
17547,584900,61.2,1,3
17548,584933,59.28,1,3
17549,584966,55.5,1,3
17550,585000,60.84,1,3
17551,585033,59.73,1,3
17552,585066,43.39,1,2
17553,585100,66.82,1,3
17554,585133,66.33,1,3
17555,585166,46.04,1,2
17556,585200,78.61,1,4
17557,585233,77.68,1,4
17558,585266,44.1,1,2
17559,585300,72.52,1,3
17560,585333,71.96,1,3
17561,585366,42.38,1,2
17562,585400,69.15,1,3
17563,585433,68.24,1,3
17564,585466,48.16,1,2
17565,585500,75.3,1,4
17566,585533,74.74,1,3
17567,585566,58.16,1,3
17568,585600,74.81,1,3
17569,585633,73.62,1,3
17570,585666,65.37,1,3
17571,585700,61.52,1,3
17572,585733,57.63,1,3
17573,585766,59.17,1,3
17574,585800,51.97,1,3
17575,585833,50.23,1,3
17576,585866,63.89,1,3
17577,585900,46.56,1,2
17578,585933,44.72,1,2
17579,585966,64.62,1,3
17580,586000,39.71,1,2
17581,586033,38.63,1,2
17582,586066,64.45,1,3
17583,586100,42.2,1,2
17584,586133,40.38,1,2
17585,586166,66.45,1,3
17586,586200,43.5,1,2
17587,586233,41.97,1,2
17588,586266,69.64,1,3
17589,586300,47.78,1,2
17590,586333,46.44,1,2
17591,586366,67.86,1,3
17592,586400,55.14,1,3
17593,586433,53.91,1,3
17594,586466,66.46,1,3
17595,586500,73.33,1,3
17596,586533,71.02,1,3
17597,586566,69.73,1,3
17598,586600,74.79,1,3
17599,586633,73.49,1,3
17600,586666,60.93,1,3
17601,586700,70.4,1,3
17602,586733,69.15,1,3
17603,586766,39.61,1,2
17604,586800,68.02,1,3
17605,586833,67.68,1,3
17606,586866,39.61,1,2
17607,586900,69.57,1,3
17608,586933,67.42,1,3
17609,586966,40.01,1,2
17610,587000,65.52,1,3
17611,587033,64.8,1,3
17612,587066,38.68,1,2
17613,587100,63.77,1,3
17614,587133,61.68,1,3
17615,587166,39.61,1,2
17616,587200,67.48,1,3
17617,587233,66.3,1,3
17618,587266,82.83,1,4
17619,587300,87.21,1,4
17620,587333,86.16,1,4
17621,587366,79.16,1,4
17622,587400,82.26,1,4
17623,587433,80.49,1,4
17624,587466,85.85,1,4
17625,587500,79.51,1,4
17626,587533,73.36,1,3
17627,587566,89.1,1,4
17628,587600,69.86,1,3
17629,587633,63.54,1,3
17630,587666,82.36,1,4
17631,587700,51.44,1,3
17632,587733,48.95,1,2
17633,587766,74.05,1,3
17634,587800,44.04,1,2
17635,587833,42.24,1,2
17636,587866,71.98,1,3
17637,587900,55.29,1,3
17638,587933,52.78,1,3
17639,587966,74.66,1,3
17640,588000,60.59,1,3
17641,588033,58.64,1,3
17642,588066,63.07,1,3
17643,588100,56.98,1,3
17644,588133,54.66,1,3
17645,588166,51.58,1,3
17646,588200,61.51,1,3
17647,588233,59.78,1,3
17648,588266,51.98,1,3
17649,588300,64.48,1,3
17650,588333,62.66,1,3
17651,588366,39.7,1,2
17652,588400,69.05,1,3
17653,588433,68.37,1,3
17654,588466,38.34,1,2
17655,588500,75.46,1,4
17656,588533,74.58,1,3
17657,588566,42.41,1,2
17658,588600,79,1,4
17659,588633,77.54,1,4
17660,588666,46.68,1,2
17661,588700,72.65,1,3
17662,588733,71.61,1,3
17663,588766,47.21,1,2
17664,588800,69.22,1,3
17665,588833,68.49,1,3
17666,588866,59.79,1,3
17667,588900,74.18,1,3
17668,588933,71.76,1,3
17669,588966,67.09,1,3
17670,589000,65.36,1,3
17671,589033,64.17,1,3
17672,589066,66.99,1,3
17673,589100,50.09,1,3
17674,589133,48.57,1,2
17675,589166,64.83,1,3
17676,589200,44.54,1,2
17677,589233,41.47,1,2
17678,589266,64.17,1,3
17679,589300,40.81,1,2
17680,589333,39.55,1,2
17681,589366,63.16,1,3
17682,589400,36.08,1,2
17683,589433,34.4,1,2
17684,589466,64.39,1,3
17685,589500,42.36,1,2
17686,589533,40.99,1,2
17687,589566,73.03,1,3
17688,589600,53.35,1,3
17689,589633,52.11,1,3
17690,589666,66.37,1,3
17691,589700,56.01,1,3
17692,589733,55.08,1,3
17693,589766,58.03,1,3
17694,589800,66.11,1,3
17695,589833,64.42,1,3
17696,589866,55.68,1,3
17697,589900,73.91,1,3
17698,589933,73.16,1,3
17699,589966,55.7,1,3
17700,590000,73.76,1,3
17701,590033,73.05,1,3
17702,590066,41.01,1,2
17703,590100,67.09,1,3
17704,590133,66.53,1,3
17705,590166,33.87,1,2
17706,590200,67.45,1,3
17707,590233,66.6,1,3
17708,590266,38.07,1,2
17709,590300,64.69,1,3
17710,590333,63.17,1,3
17711,590366,37.69,1,2
17712,590400,64.33,1,3
17713,590433,62.95,1,3
17714,590466,40.34,1,2
17715,590500,65.54,1,3
17716,590533,64.21,1,3
17717,590566,48,1,2
17718,590600,62.98,1,3
17719,590633,61.96,1,3
17720,590666,58.5,1,3
17721,590700,55.73,1,3
17722,590733,52.36,1,3
17723,590766,61.68,1,3
17724,590800,43.64,1,2
17725,590833,42.34,1,2
17726,590866,73.38,1,3
17727,590900,49.98,1,2
17728,590933,48.61,1,2
17729,590966,77.12,1,4
17730,591000,49.42,1,2
17731,591033,47.96,1,2
17732,591066,69.72,1,3
17733,591100,40.3,1,2
17734,591133,38.11,1,2
17735,591166,66.99,1,3
17736,591200,45.53,1,2
17737,591233,44.16,1,2
17738,591266,94.19,1,4
17739,591300,78.88,1,4
17740,591333,77.92,1,4
17741,591366,83.62,1,4
17742,591400,79.36,1,4
17743,591433,76.87,1,4
17744,591466,66.42,1,3
17745,591500,78.98,1,4
17746,591533,77.17,1,4
17747,591566,65.02,1,3
17748,591600,72.21,1,3
17749,591633,68.89,1,3
17750,591666,47.45,1,2
17751,591700,71.53,1,3
17752,591733,70.29,1,3
17753,591766,39.13,1,2
17754,591800,75.48,1,4
17755,591833,74.45,1,3
17756,591866,44.75,1,2
17757,591900,80.22,1,4
17758,591933,79.33,1,4
17759,591966,51.16,1,3
17760,592000,78.12,1,4
17761,592033,77.44,1,4
17762,592066,50.57,1,3
17763,592100,69.54,1,3
17764,592133,68.87,1,3
17765,592166,57.64,1,3
17766,592200,71.11,1,3
17767,592233,68.76,1,3
17768,592266,67.36,1,3
17769,592300,65.27,1,3
17770,592333,63.83,1,3
17771,592366,73.39,1,3
17772,592400,51.17,1,3
17773,592433,49.23,1,2
17774,592466,62.86,1,3
17775,592500,43.85,1,2
17776,592533,42.14,1,2
17777,592566,68.12,1,3
17778,592600,40.43,1,2
17779,592633,39.11,1,2
17780,592666,61.9,1,3
17781,592700,36.08,1,2
17782,592733,34.42,1,2
17783,592766,66.54,1,3
17784,592800,42,1,2
17785,592833,39.43,1,2
17786,592866,66.21,1,3
17787,592900,55.69,1,3
17788,592933,54.11,1,3
17789,592966,72.21,1,3
17790,593000,59.01,1,3
17791,593033,57.54,1,3
17792,593066,55.1,1,3
17793,593100,63.75,1,3
17794,593133,61.88,1,3
17795,593166,62.64,1,3
17796,593200,69.45,1,3
17797,593233,68.56,1,3
17798,593266,46.18,1,2
17799,593300,75.59,1,4
17800,593333,74.61,1,3
17801,593366,47.6,1,2
17802,593400,72.8,1,3
17803,593433,71.35,1,3
17804,593466,33.88,1,2
17805,593500,67.64,1,3
17806,593533,67.14,1,3
17807,593566,44.29,1,2
17808,593600,68.18,1,3
17809,593633,67.9,1,3
17810,593666,41.25,1,2
17811,593700,64.3,1,3
17812,593733,62.83,1,3
17813,593766,47.4,1,2
17814,593800,61.12,1,3
17815,593833,60.49,1,3
17816,593866,48.84,1,2
17817,593900,63.37,1,3
17818,593933,62.25,1,3
17819,593966,61.48,1,3
17820,594000,55.24,1,3
17821,594033,53.89,1,3
17822,594066,62.57,1,3
17823,594100,45.26,1,2
17824,594133,43.56,1,2
17825,594166,73.35,1,3
17826,594200,50.84,1,3
17827,594233,49.25,1,2
17828,594266,80.39,1,4
17829,594300,51.83,1,3
17830,594333,49.73,1,2
17831,594366,76.62,1,4
17832,594400,42.17,1,2
17833,594433,41.02,1,2
17834,594466,64.28,1,3
17835,594500,48.39,1,2
17836,594533,46.78,1,2
17837,594566,68.52,1,3
17838,594600,60.14,1,3
17839,594633,59.51,1,3
17840,594666,55.42,1,3
17841,594700,63.75,1,3
17842,594733,62.33,1,3
17843,594766,53.06,1,3
17844,594800,65.51,1,3
17845,594833,64.06,1,3
17846,594866,41.69,1,2
17847,594900,68.38,1,3
17848,594933,67.4,1,3
17849,594966,45.6,1,2
17850,595000,65.28,1,3
17851,595033,65,1,3
17852,595066,33.22,1,2
17853,595100,70.31,1,3
17854,595133,69.99,1,3
17855,595166,39.79,1,2
17856,595200,74.55,1,3
17857,595233,74.22,1,3
17858,595266,83.65,1,4
17859,595300,92.32,1,4
17860,595333,90.46,1,4
17861,595366,73.71,1,3
17862,595400,85.62,1,4
17863,595433,84.07,1,4
17864,595466,76.64,1,4
17865,595500,78.16,1,4
17866,595533,72.72,1,3
17867,595566,86.79,1,4
17868,595600,61.54,1,3
17869,595633,57.06,1,3
17870,595666,78.47,1,4
17871,595700,47.82,1,2
17872,595733,45.43,1,2
17873,595766,73.91,1,3
17874,595800,45.42,1,2
17875,595833,42.75,1,2
17876,595866,65.82,1,3
17877,595900,46.41,1,2
17878,595933,44.09,1,2
17879,595966,68.9,1,3
17880,596000,49.8,1,2
17881,596033,47.94,1,2
17882,596066,54.64,1,3
17883,596100,52.98,1,3
17884,596133,51.6,1,3
17885,596166,64.62,1,3
17886,596200,66.09,1,3
17887,596233,64.86,1,3
17888,596266,50.79,1,3
17889,596300,68.33,1,3
17890,596333,67.13,1,3
17891,596366,55.96,1,3
17892,596400,72.28,1,3
17893,596433,71.32,1,3
17894,596466,45.95,1,2
17895,596500,77.37,1,4
17896,596533,76.34,1,4
17897,596566,42.53,1,2
17898,596600,78.88,1,4
17899,596633,78.18,1,4
17900,596666,39.16,1,2
17901,596700,71.6,1,3
17902,596733,71.16,1,3
17903,596766,41.45,1,2
17904,596800,68.53,1,3
17905,596833,66.97,1,3
17906,596866,48.52,1,2
17907,596900,67.63,1,3
17908,596933,66.95,1,3
17909,596966,53.28,1,3
17910,597000,62.47,1,3
17911,597033,60.05,1,3
17912,597066,60.51,1,3
17913,597100,58.13,1,3
17914,597133,55.96,1,3
17915,597166,68.25,1,3
17916,597200,49.98,1,2
17917,597233,49.18,1,2
17918,597266,68.43,1,3
17919,597300,43.68,1,2
17920,597333,41.27,1,2
17921,597366,68.65,1,3
17922,597400,39.16,1,2
17923,597433,37.79,1,2
17924,597466,72.97,1,3
17925,597500,55.3,1,3
17926,597533,53.12,1,3
17927,597566,79.76,1,4
17928,597600,52.77,1,3
17929,597633,50.47,1,3
17930,597666,63.78,1,3
17931,597700,61.21,1,3
17932,597733,59.15,1,3
17933,597766,69.57,1,3
17934,597800,66.68,1,3
17935,597833,65.74,1,3
17936,597866,57.16,1,3
17937,597900,71.77,1,3
17938,597933,71.06,1,3
17939,597966,44.41,1,2
17940,598000,69.25,1,3
17941,598033,67.98,1,3
17942,598066,36.23,1,2
17943,598100,66.52,1,3
17944,598133,66.17,1,3
17945,598166,41.1,1,2
17946,598200,68.24,1,3
17947,598233,68.1,1,3
17948,598266,40.75,1,2
17949,598300,69.07,1,3
17950,598333,68.61,1,3
17951,598366,39.66,1,2
17952,598400,72.78,1,3
17953,598433,71.7,1,3
17954,598466,54.28,1,3
17955,598500,73.32,1,3
17956,598533,74.2,1,3
17957,598566,63.57,1,3
17958,598600,69.29,1,3
17959,598633,68.23,1,3
17960,598666,63.57,1,3
17961,598700,55.53,1,3
17962,598733,54.14,1,3
17963,598766,69.92,1,3
17964,598800,57.71,1,3
17965,598833,56.07,1,3
17966,598866,74.35,1,3
17967,598900,46.34,1,2
17968,598933,43.93,1,2
17969,598966,73.33,1,3
17970,599000,40.93,1,2
17971,599033,39.09,1,2
17972,599066,67.3,1,3
17973,599100,40.22,1,2
17974,599133,38.64,1,2
17975,599166,65.8,1,3
17976,599200,45.91,1,2
17977,599233,44.73,1,2
17978,599266,92.74,1,4
17979,599300,75.07,1,4
17980,599333,74.39,1,3
17981,599366,82.55,1,4
17982,599400,77.75,1,4
17983,599433,75.67,1,4
17984,599466,83.17,1,4
17985,599500,89.38,1,4
17986,599533,88.8,1,4
17987,599566,73.89,1,3
17988,599600,79.93,1,4
17989,599633,78.18,1,4
17990,599666,53.6,1,3
17991,599700,78.16,1,4
17992,599733,76.06,1,4
17993,599766,49.35,1,2
17994,599800,84.14,1,4
17995,599833,82.59,1,4
17996,599866,49.22,1,2
17997,599900,88.91,1,4
17998,599933,84.16,1,4
17999,599966,52.06,1,3
18000,600000,80.09,1,4
18001,600033,78.18,1,4
18002,600066,55.53,1,3
18003,600100,74.33,1,3
18004,600133,72.35,1,3
18005,600166,61.61,1,3
18006,600200,67.08,1,3
18007,600233,65.38,1,3
18008,600266,65.24,1,3
18009,600300,60.16,1,3
18010,600333,58.55,1,3
18011,600366,63.82,1,3
18012,600400,57.42,1,3
18013,600433,55.72,1,3
18014,600466,71.66,1,3
18015,600500,52.8,1,3
18016,600533,50.32,1,3
18017,600566,72.38,1,3
18018,600600,44.14,1,2
18019,600633,42.14,1,2
18020,600666,67.76,1,3
18021,600700,42.15,1,2
18022,600733,40.68,1,2
18023,600766,71.48,1,3
18024,600800,56.16,1,3
18025,600833,54.07,1,3
18026,600866,78.1,1,4
18027,600900,58.41,1,3
18028,600933,56.66,1,3
18029,600966,67.24,1,3
18030,601000,66.03,1,3
18031,601033,65.26,1,3
18032,601066,56.01,1,3
18033,601100,70.85,1,3
18034,601133,69.94,1,3
18035,601166,48.01,1,2
18036,601200,73.17,1,3
18037,601233,71.98,1,3
18038,601266,40.21,1,2
18039,601300,69.07,1,3
18040,601333,68.47,1,3
18041,601366,36.27,1,2
18042,601400,70.03,1,3
18043,601433,69.58,1,3
18044,601466,39.64,1,2
18045,601500,69.64,1,3
18046,601533,69.08,1,3
18047,601566,42.97,1,2
18048,601600,65.8,1,3
18049,601633,64.91,1,3
18050,601666,50.96,1,3
18051,601700,73.56,1,3
18052,601733,71.72,1,3
18053,601766,62.19,1,3
18054,601800,75.5,1,4
18055,601833,72.73,1,3
18056,601866,68.8,1,3
18057,601900,64.76,1,3
18058,601933,64.56,1,3
18059,601966,69.96,1,3
18060,602000,48.17,1,2
18061,602033,46.4,1,2
18062,602066,69.06,1,3
18063,602100,49.64,1,2
18064,602133,48.13,1,2
18065,602166,74.2,1,3
18066,602200,38.47,1,2
18067,602233,37.01,1,2
18068,602266,67.53,1,3
18069,602300,40.91,1,2
18070,602333,39.92,1,2
18071,602366,64.61,1,3
18072,602400,47.85,1,2
18073,602433,46.46,1,2
18074,602466,63.68,1,3
18075,602500,57.44,1,3
18076,602533,56.27,1,3
18077,602566,59.92,1,3
18078,602600,61,1,3
18079,602633,60.09,1,3
18080,602666,52.54,1,3
18081,602700,67.95,1,3
18082,602733,65.43,1,3
18083,602766,57.05,1,3
18084,602800,77.6,1,4
18085,602833,77.02,1,4
18086,602866,52.27,1,3
18087,602900,69.47,1,3
18088,602933,67.81,1,3
18089,602966,35.4,1,2
18090,603000,72.97,1,3
18091,603033,72.57,1,3
18092,603066,36.78,1,2
18093,603100,75.48,1,4
18094,603133,74.99,1,3
18095,603166,43.79,1,2
18096,603200,77.68,1,4
18097,603233,77.02,1,4
18098,603266,81.01,1,4
18099,603300,87.62,1,4
18100,603333,85.9,1,4
18101,603366,70.11,1,3
18102,603400,83.13,1,4
18103,603433,81.58,1,4
18104,603466,78.42,1,4
18105,603500,69.53,1,3
18106,603533,66.6,1,3
18107,603566,79.81,1,4
18108,603600,57.28,1,3
18109,603633,50.71,1,3
18110,603666,64.73,1,3
18111,603700,51.94,1,3
18112,603733,49.96,1,2
18113,603766,74.03,1,3
18114,603800,53.45,1,3
18115,603833,51.59,1,3
18116,603866,70.91,1,3
18117,603900,50.61,1,3
18118,603933,49.15,1,2
18119,603966,69.42,1,3
18120,604000,51.6,1,3
18121,604033,50.15,1,3
18122,604066,62.46,1,3
18123,604100,65.13,1,3
18124,604133,63.1,1,3
18125,604166,74.55,1,3
18126,604200,66.08,1,3
18127,604233,64.49,1,3
18128,604266,49.37,1,2
18129,604300,68.88,1,3
18130,604333,66.15,1,3
18131,604366,47.18,1,2
18132,604400,72.5,1,3
18133,604433,71.43,1,3
18134,604466,33.67,1,2
18135,604500,73.88,1,3
18136,604533,73.39,1,3
18137,604566,41.41,1,2
18138,604600,68.63,1,3
18139,604633,67.81,1,3
18140,604666,34.77,1,2
18141,604700,70.45,1,3
18142,604733,69.88,1,3
18143,604766,52.49,1,3
18144,604800,71.48,1,3
18145,604833,70.04,1,3
18146,604866,56.34,1,3
18147,604900,63.73,1,3
18148,604933,63.18,1,3
18149,604966,63.08,1,3
18150,605000,62.15,1,3
18151,605033,58.47,1,3
18152,605066,65.37,1,3
18153,605100,58.47,1,3
18154,605133,57.21,1,3
18155,605166,69.32,1,3
18156,605200,54.38,1,3
18157,605233,52.67,1,3
18158,605266,64.24,1,3
18159,605300,39.39,1,2
18160,605333,37.98,1,2
18161,605366,70.24,1,3
18162,605400,43.56,1,2
18163,605433,42.18,1,2
18164,605466,71.36,1,3
18165,605500,45.37,1,2
18166,605533,43.69,1,2
18167,605566,65.3,1,3
18168,605600,53.95,1,3
18169,605633,51.66,1,3
18170,605666,60.32,1,3
18171,605700,63.46,1,3
18172,605733,62.09,1,3
18173,605766,51.9,1,3
18174,605800,68.16,1,3
18175,605833,67.03,1,3
18176,605866,43.84,1,2
18177,605900,69.27,1,3
18178,605933,68.96,1,3
18179,605966,43.66,1,2
18180,606000,69.6,1,3
18181,606033,69.05,1,3
18182,606066,46.05,1,2
18183,606100,75.25,1,4
18184,606133,74.07,1,3
18185,606166,40.93,1,2
18186,606200,69.68,1,3
18187,606233,68.49,1,3
18188,606266,41.82,1,2
18189,606300,68.77,1,3
18190,606333,68.07,1,3
18191,606366,51.73,1,3
18192,606400,67.96,1,3
18193,606433,67.02,1,3
18194,606466,57.79,1,3
18195,606500,64.73,1,3
18196,606533,64.24,1,3
18197,606566,61.93,1,3
18198,606600,48.82,1,2
18199,606633,46.5,1,2
18200,606666,66.8,1,3
18201,606700,40.92,1,2
18202,606733,39.38,1,2
18203,606766,72.08,1,3
18204,606800,39.72,1,2
18205,606833,38.16,1,2
18206,606866,65.44,1,3
18207,606900,40.08,1,2
18208,606933,38.8,1,2
18209,606966,69.1,1,3
18210,607000,55.25,1,3
18211,607033,53.65,1,3
18212,607066,73.35,1,3
18213,607100,63.89,1,3
18214,607133,61.71,1,3
18215,607166,68.39,1,3
18216,607200,64.05,1,3
18217,607233,63.09,1,3
18218,607266,90.48,1,4
18219,607300,88.46,1,4
18220,607333,88.08,1,4
18221,607366,76.53,1,4
18222,607400,89.17,1,4
18223,607433,88.63,1,4
18224,607466,57.73,1,3
18225,607500,83.2,1,4
18226,607533,81.55,1,4
18227,607566,54.61,1,3
18228,607600,76.01,1,4
18229,607633,73.1,1,3
18230,607666,36.07,1,2
18231,607700,73.48,1,3
18232,607733,72.56,1,3
18233,607766,45.82,1,2
18234,607800,73.58,1,3
18235,607833,71.7,1,3
18236,607866,46.05,1,2
18237,607900,64.86,1,3
18238,607933,63.71,1,3
18239,607966,67.01,1,3
18240,608000,67.95,1,3
18241,608033,66.3,1,3
18242,608066,73.35,1,3
18243,608100,62.08,1,3
18244,608133,57.62,1,3
18245,608166,77.13,1,4
18246,608200,43.79,1,2
18247,608233,41.87,1,2
18248,608266,66.95,1,3
18249,608300,48.34,1,2
18250,608333,47.31,1,2
18251,608366,81.13,1,4
18252,608400,52.9,1,3
18253,608433,50.96,1,3
18254,608466,70.18,1,3
18255,608500,48.91,1,2
18256,608533,47.05,1,2
18257,608566,70.21,1,3
18258,608600,50.47,1,3
18259,608633,47.21,1,2
18260,608666,52.55,1,3
18261,608700,58.1,1,3
18262,608733,57.17,1,3
18263,608766,60.8,1,3
18264,608800,65.14,1,3
18265,608833,64.3,1,3
18266,608866,38.75,1,2
18267,608900,69.3,1,3
18268,608933,67.9,1,3
18269,608966,44.18,1,2
18270,609000,73.75,1,3
18271,609033,72.81,1,3
18272,609066,34.24,1,2
18273,609100,77.32,1,4
18274,609133,76.64,1,4
18275,609166,42.58,1,2
18276,609200,69.17,1,3
18277,609233,66.24,1,3
18278,609266,43.64,1,2
18279,609300,76.85,1,4
18280,609333,75.87,1,4
18281,609366,61.72,1,3
18282,609400,75.49,1,4
18283,609433,74.04,1,3
18284,609466,63.93,1,3
18285,609500,65.15,1,3
18286,609533,62.94,1,3
18287,609566,64.51,1,3
18288,609600,47.47,1,2
18289,609633,45.95,1,2
18290,609666,67.2,1,3
18291,609700,48.03,1,2
18292,609733,46.54,1,2
18293,609766,67.3,1,3
18294,609800,38.78,1,2
18295,609833,37.29,1,2
18296,609866,63.66,1,3
18297,609900,41.1,1,2
18298,609933,40,1,2
18299,609966,66.33,1,3
18300,610000,46.27,1,2
18301,610033,45.01,1,2
18302,610066,64.27,1,3
18303,610100,51.09,1,3
18304,610133,50.33,1,3
18305,610166,58.18,1,3
18306,610200,64.71,1,3
18307,610233,61.39,1,3
18308,610266,54.67,1,3
18309,610300,77.4,1,4
18310,610333,76.08,1,4
18311,610366,63.38,1,3
18312,610400,78.6,1,4
18313,610433,78.39,1,4
18314,610466,43.46,1,2
18315,610500,72.46,1,3
18316,610533,71.87,1,3
18317,610566,36.4,1,2
18318,610600,72.22,1,3
18319,610633,71.31,1,3
18320,610666,43.38,1,2
18321,610700,74.67,1,3
18322,610733,72.91,1,3
18323,610766,47.91,1,2
18324,610800,66.46,1,3
18325,610833,65.24,1,3
18326,610866,47.24,1,2
18327,610900,59.69,1,3
18328,610933,58.43,1,3
18329,610966,55.81,1,3
18330,611000,63.9,1,3
18331,611033,61.59,1,3
18332,611066,64.84,1,3
18333,611100,50.38,1,3
18334,611133,48.45,1,2
18335,611166,68.99,1,3
18336,611200,45.76,1,2
18337,611233,43.65,1,2
18338,611266,94.2,1,4
18339,611300,65.21,1,3
18340,611333,63.2,1,3
18341,611366,93.07,1,4
18342,611400,63.31,1,3
18343,611433,60.8,1,3
18344,611466,81.52,1,4
18345,611500,64.44,1,3
18346,611533,60.91,1,3
18347,611566,76.44,1,4
18348,611600,68.03,1,3
18349,611633,64.92,1,3
18350,611666,73.08,1,3
18351,611700,73.39,1,3
18352,611733,70.98,1,3
18353,611766,57.33,1,3
18354,611800,70.91,1,3
18355,611833,69.81,1,3
18356,611866,45.56,1,2
18357,611900,71.59,1,3
18358,611933,69.05,1,3
18359,611966,39.08,1,2
18360,612000,68.49,1,3
18361,612033,67.48,1,3
18362,612066,38.46,1,2
18363,612100,71.18,1,3
18364,612133,68.41,1,3
18365,612166,36.58,1,2
18366,612200,70.74,1,3
18367,612233,68.14,1,3
18368,612266,43.51,1,2
18369,612300,77.83,1,4
18370,612333,76.74,1,4
18371,612366,56.15,1,3
18372,612400,69.6,1,3
18373,612433,68.36,1,3
18374,612466,57.11,1,3
18375,612500,57.73,1,3
18376,612533,54.94,1,3
18377,612566,72.76,1,3
18378,612600,65.4,1,3
18379,612633,61.88,1,3
18380,612666,76.19,1,4
18381,612700,52.36,1,3
18382,612733,49.97,1,2
18383,612766,74.06,1,3
18384,612800,38.66,1,2
18385,612833,37.11,1,2
18386,612866,68.13,1,3
18387,612900,43.52,1,2
18388,612933,41.61,1,2
18389,612966,68.06,1,3
18390,613000,48.22,1,2
18391,613033,46.66,1,2
18392,613066,61.11,1,3
18393,613100,53.7,1,3
18394,613133,51.55,1,3
18395,613166,57.23,1,3
18396,613200,61.52,1,3
18397,613233,57.93,1,3
18398,613266,51.33,1,3
18399,613300,66.79,1,3
18400,613333,65.91,1,3
18401,613366,44.74,1,2
18402,613400,71.93,1,3
18403,613433,68.4,1,3
18404,613466,31.78,1,2
18405,613500,76.92,1,4
18406,613533,76.08,1,4
18407,613566,42.45,1,2
18408,613600,80.11,1,4
18409,613633,79.69,1,4
18410,613666,43.97,1,2
18411,613700,73.68,1,3
18412,613733,72.74,1,3
18413,613766,48.85,1,2
18414,613800,68.8,1,3
18415,613833,67.66,1,3
18416,613866,54.88,1,3
18417,613900,73.03,1,3
18418,613933,70.35,1,3
18419,613966,63.28,1,3
18420,614000,55.08,1,3
18421,614033,52.88,1,3
18422,614066,61.65,1,3
18423,614100,47.36,1,2
18424,614133,44.32,1,2
18425,614166,68.86,1,3
18426,614200,38.33,1,2
18427,614233,36.58,1,2
18428,614266,63.4,1,3
18429,614300,40.55,1,2
18430,614333,39.33,1,2
18431,614366,62.97,1,3
18432,614400,38.66,1,2
18433,614433,37.63,1,2
18434,614466,67.3,1,3
18435,614500,48.1,1,2
18436,614533,45.12,1,2
18437,614566,74.02,1,3
18438,614600,56.72,1,3
18439,614633,55.35,1,3
18440,614666,61.05,1,3
18441,614700,62.75,1,3
18442,614733,60.92,1,3
18443,614766,48.72,1,2
18444,614800,72.15,1,3
18445,614833,71.5,1,3
18446,614866,36.86,1,2
18447,614900,74.34,1,3
18448,614933,73.51,1,3
18449,614966,41.98,1,2
18450,615000,69.77,1,3
18451,615033,69.41,1,3
18452,615066,34.64,1,2
18453,615100,67.31,1,3
18454,615133,65.6,1,3
18455,615166,36.97,1,2
18456,615200,68.13,1,3
18457,615233,67.02,1,3
18458,615266,74.18,1,3
18459,615300,82.6,1,4
18460,615333,81.47,1,4
18461,615366,68.91,1,3
18462,615400,81.6,1,4
18463,615433,78.49,1,4
18464,615466,69.52,1,3
18465,615500,73.26,1,3
18466,615533,69.38,1,3
18467,615566,79.08,1,4
18468,615600,65.66,1,3
18469,615633,62.17,1,3
18470,615666,76.09,1,4
18471,615700,42.19,1,2
18472,615733,40.34,1,2
18473,615766,72.84,1,3
18474,615800,42.74,1,2
18475,615833,40.68,1,2
18476,615866,75.79,1,4
18477,615900,50.91,1,3
18478,615933,48.91,1,2
18479,615966,69.72,1,3
18480,616000,51.57,1,3
18481,616033,48.81,1,2
18482,616066,63.63,1,3
18483,616100,55.61,1,3
18484,616133,54.13,1,3
18485,616166,61.75,1,3
18486,616200,67.22,1,3
18487,616233,63.47,1,3
18488,616266,42.55,1,2
18489,616300,68.49,1,3
18490,616333,67.22,1,3
18491,616366,41.06,1,2
18492,616400,66.73,1,3
18493,616433,65.94,1,3
18494,616466,31.18,1,2
18495,616500,69.64,1,3
18496,616533,68.82,1,3
18497,616566,48.17,1,2
18498,616600,69.45,1,3
18499,616633,67.64,1,3
18500,616666,39.96,1,2
18501,616700,67.25,1,3
18502,616733,65.55,1,3
18503,616766,44.99,1,2
18504,616800,72.78,1,3
18505,616833,71.27,1,3
18506,616866,58.56,1,3
18507,616900,71.87,1,3
18508,616933,68.85,1,3
18509,616966,66.22,1,3
18510,617000,51.24,1,3
18511,617033,49.6,1,2
18512,617066,64.48,1,3
18513,617100,43.85,1,2
18514,617133,41.6,1,2
18515,617166,67.92,1,3
18516,617200,40.66,1,2
18517,617233,38.57,1,2
18518,617266,68.09,1,3
18519,617300,35.25,1,2
18520,617333,34.04,1,2
18521,617366,64.42,1,3
18522,617400,39.56,1,2
18523,617433,38.19,1,2
18524,617466,66.24,1,3
18525,617500,51.18,1,3
18526,617533,48.14,1,2
18527,617566,63.28,1,3
18528,617600,56.91,1,3
18529,617633,55.34,1,3
18530,617666,52.57,1,3
18531,617700,62.07,1,3
18532,617733,61.31,1,3
18533,617766,50.21,1,3
18534,617800,70.02,1,3
18535,617833,68.93,1,3
18536,617866,50.9,1,3
18537,617900,72.61,1,3
18538,617933,71.81,1,3
18539,617966,39.52,1,2
18540,618000,70.73,1,3
18541,618033,70.27,1,3
18542,618066,33.42,1,2
18543,618100,70.04,1,3
18544,618133,69.55,1,3
18545,618166,35.38,1,2
18546,618200,69.16,1,3
18547,618233,68.33,1,3
18548,618266,46.59,1,2
18549,618300,64.34,1,3
18550,618333,62.38,1,3
18551,618366,52.23,1,3
18552,618400,59.74,1,3
18553,618433,57.36,1,3
18554,618466,60.27,1,3
18555,618500,51.49,1,3
18556,618533,49.97,1,2
18557,618566,69.85,1,3
18558,618600,42.65,1,2
18559,618633,41.78,1,2
18560,618666,64.92,1,3
18561,618700,38.7,1,2
18562,618733,37.34,1,2
18563,618766,72.8,1,3
18564,618800,43.32,1,2
18565,618833,41.73,1,2
18566,618866,66.6,1,3
18567,618900,49.19,1,2
18568,618933,47,1,2
18569,618966,65.85,1,3
18570,619000,47.48,1,2
18571,619033,46.41,1,2
18572,619066,58.95,1,3
18573,619100,55.78,1,3
18574,619133,54.79,1,3
18575,619166,57.38,1,3
18576,619200,68.91,1,3
18577,619233,67.7,1,3
18578,619266,86.21,1,4
18579,619300,83.11,1,4
18580,619333,82.65,1,4
18581,619366,60.06,1,3
18582,619400,87.86,1,4
18583,619433,86.88,1,4
18584,619466,44.14,1,2
18585,619500,81,1,4
18586,619533,79.84,1,4
18587,619566,50.66,1,3
18588,619600,76.84,1,4
18589,619633,74.27,1,3
18590,619666,46.06,1,2
18591,619700,79.85,1,4
18592,619733,78.62,1,4
18593,619766,66.87,1,3
18594,619800,80.04,1,4
18595,619833,79.16,1,4
18596,619866,71.87,1,3
18597,619900,68.6,1,3
18598,619933,65.35,1,3
18599,619966,64.66,1,3
18600,620000,48.66,1,2
18601,620033,46.45,1,2
18602,620066,67.27,1,3
18603,620100,48.93,1,2
18604,620133,46.98,1,2
18605,620166,69.45,1,3
18606,620200,43.42,1,2
18607,620233,41.24,1,2
18608,620266,59.73,1,3
18609,620300,41.45,1,2
18610,620333,40.21,1,2
18611,620366,65.46,1,3
18612,620400,42.87,1,2
18613,620433,39.25,1,2
18614,620466,65.67,1,3
18615,620500,50.49,1,3
18616,620533,49.53,1,2
18617,620566,58.77,1,3
18618,620600,59.11,1,3
18619,620633,58.44,1,3
18620,620666,59.76,1,3
18621,620700,70.87,1,3
18622,620733,69.79,1,3
18623,620766,62.73,1,3
18624,620800,79.09,1,4
18625,620833,78.29,1,4
18626,620866,41.48,1,2
18627,620900,71.56,1,3
18628,620933,70.25,1,3
18629,620966,35.19,1,2
18630,621000,75.2,1,4
18631,621033,74.69,1,3
18632,621066,39.93,1,2
18633,621100,74.69,1,3
18634,621133,73.29,1,3
18635,621166,47.92,1,2
18636,621200,69.16,1,3
18637,621233,66.4,1,3
18638,621266,47.72,1,2
18639,621300,63.05,1,3
18640,621333,61.47,1,3
18641,621366,52.6,1,3
18642,621400,65,1,3
18643,621433,64.23,1,3
18644,621466,61.54,1,3
18645,621500,50.16,1,3
18646,621533,49.5,1,2
18647,621566,66.85,1,3
18648,621600,39.98,1,2
18649,621633,38.69,1,2
18650,621666,69.88,1,3
18651,621700,44.52,1,2
18652,621733,42.61,1,2
18653,621766,75.3,1,4
18654,621800,41.82,1,2
18655,621833,40.45,1,2
18656,621866,63.94,1,3
18657,621900,45.38,1,2
18658,621933,43.46,1,2
18659,621966,69.18,1,3
18660,622000,61.02,1,3
18661,622033,59.91,1,3
18662,622066,69.41,1,3
18663,622100,69.1,1,3
18664,622133,67.59,1,3
18665,622166,52.71,1,3
18666,622200,65.11,1,3
18667,622233,64.03,1,3
18668,622266,42.92,1,2
18669,622300,69.74,1,3
18670,622333,68.86,1,3
18671,622366,36.32,1,2
18672,622400,68.57,1,3
18673,622433,68.21,1,3
18674,622466,34.14,1,2
18675,622500,66.53,1,3
18676,622533,66.12,1,3
18677,622566,33.47,1,2
18678,622600,67.92,1,3
18679,622633,66.29,1,3
18680,622666,42.72,1,2
18681,622700,73.55,1,3
18682,622733,72.54,1,3
18683,622766,58.93,1,3
18684,622800,63.94,1,3
18685,622833,61.77,1,3
18686,622866,56.81,1,3
18687,622900,58.9,1,3
18688,622933,56.88,1,3
18689,622966,73.08,1,3
18690,623000,59.58,1,3
18691,623033,57.72,1,3
18692,623066,78.45,1,4
18693,623100,44.31,1,2
18694,623133,42.65,1,2
18695,623166,74.77,1,3
18696,623200,36.2,1,2
18697,623233,35.03,1,2
18698,623266,93.19,1,4
18699,623300,66.37,1,3
18700,623333,64.74,1,3
18701,623366,90.35,1,4
18702,623400,69.08,1,3
18703,623433,65.71,1,3
18704,623466,75.58,1,4
18705,623500,66.67,1,3
18706,623533,62.64,1,3
18707,623566,78.38,1,4
18708,623600,66.95,1,3
18709,623633,63.92,1,3
18710,623666,50.73,1,3
18711,623700,71.97,1,3
18712,623733,70.7,1,3
18713,623766,53.07,1,3
18714,623800,73.66,1,3
18715,623833,71.08,1,3
18716,623866,32.78,1,2
18717,623900,75.42,1,4
18718,623933,74.78,1,3
18719,623966,40.22,1,2
18720,624000,81.62,1,4
18721,624033,80.51,1,4
18722,624066,42.52,1,2
18723,624100,76.32,1,4
18724,624133,75.19,1,4
18725,624166,48.48,1,2
18726,624200,68.52,1,3
18727,624233,67.25,1,3
18728,624266,47.43,1,2
18729,624300,72.34,1,3
18730,624333,70.69,1,3
18731,624366,66.14,1,3
18732,624400,61.4,1,3
18733,624433,57.01,1,3
18734,624466,64.93,1,3
18735,624500,45.87,1,2
18736,624533,44.31,1,2
18737,624566,67.97,1,3
18738,624600,41.21,1,2
18739,624633,38.75,1,2
18740,624666,65.79,1,3
18741,624700,34.66,1,2
18742,624733,33.07,1,2
18743,624766,67.41,1,3
18744,624800,38.27,1,2
18745,624833,36.79,1,2
18746,624866,62.27,1,3
18747,624900,48.89,1,2
18748,624933,47.91,1,2
18749,624966,79.76,1,4
18750,625000,60.45,1,3
18751,625033,59.29,1,3
18752,625066,62.56,1,3
18753,625100,66.85,1,3
18754,625133,65.56,1,3
18755,625166,55.17,1,3
18756,625200,74.06,1,3
18757,625233,73.09,1,3
18758,625266,46.23,1,2
18759,625300,75.55,1,4
18760,625333,72.73,1,3
18761,625366,39.47,1,2
18762,625400,73.24,1,3
18763,625433,72.56,1,3
18764,625466,28.16,1,2
18765,625500,67.58,1,3
18766,625533,66.13,1,3
18767,625566,42.74,1,2
18768,625600,69.61,1,3
18769,625633,67.67,1,3
18770,625666,41.51,1,2
18771,625700,64.08,1,3
18772,625733,62.12,1,3
18773,625766,56.39,1,3
18774,625800,63.25,1,3
18775,625833,59.43,1,3
18776,625866,65.93,1,3
18777,625900,63.36,1,3
18778,625933,62.32,1,3
18779,625966,73.37,1,3
18780,626000,45.81,1,2
18781,626033,44.37,1,2
18782,626066,69.29,1,3
18783,626100,40.11,1,2
18784,626133,38.27,1,2
18785,626166,69.01,1,3
18786,626200,41.01,1,2
18787,626233,38.35,1,2
18788,626266,69.08,1,3
18789,626300,45.02,1,2
18790,626333,43.36,1,2
18791,626366,62.92,1,3
18792,626400,47.14,1,2
18793,626433,45.89,1,2
18794,626466,61.87,1,3
18795,626500,53.09,1,3
18796,626533,52.06,1,3
18797,626566,54.26,1,3
18798,626600,65.28,1,3
18799,626633,64.49,1,3
18800,626666,53.41,1,3
18801,626700,68.59,1,3
18802,626733,67.51,1,3
18803,626766,36.28,1,2
18804,626800,69.47,1,3
18805,626833,69.08,1,3
18806,626866,33.98,1,2
18807,626900,71.53,1,3
18808,626933,71.23,1,3
18809,626966,37.84,1,2
18810,627000,68.28,1,3
18811,627033,67.62,1,3
18812,627066,34.49,1,2
18813,627100,69.64,1,3
18814,627133,68.1,1,3
18815,627166,40.6,1,2
18816,627200,69.66,1,3
18817,627233,68.65,1,3
18818,627266,84.36,1,4
18819,627300,78.81,1,4
18820,627333,77.68,1,4
18821,627366,75.94,1,4
18822,627400,63.19,1,3
18823,627433,60.2,1,3
18824,627466,77.27,1,4
18825,627500,54.57,1,3
18826,627533,50.99,1,3
18827,627566,80.81,1,4
18828,627600,44.11,1,2
18829,627633,40.16,1,2
18830,627666,68.22,1,3
18831,627700,36.81,1,2
18832,627733,34.81,1,2
18833,627766,63.24,1,3
18834,627800,41.9,1,2
18835,627833,40.5,1,2
18836,627866,60.92,1,3
18837,627900,53.27,1,3
18838,627933,50.66,1,3
18839,627966,65.33,1,3
18840,628000,54.85,1,3
18841,628033,53.71,1,3
18842,628066,44.81,1,2
18843,628100,64.09,1,3
18844,628133,63.21,1,3
18845,628166,50.92,1,3
18846,628200,68.82,1,3
18847,628233,68.26,1,3
18848,628266,38.91,1,2
18849,628300,67.02,1,3
18850,628333,65.99,1,3
18851,628366,26.91,1,2
18852,628400,67.77,1,3
18853,628433,66.34,1,3
18854,628466,26.18,1,2
18855,628500,65.38,1,3
18856,628533,64.14,1,3
18857,628566,32.79,1,2
18858,628600,55.64,1,3
18859,628633,53.67,1,3
18860,628666,39.68,1,2
18861,628700,50.85,1,3
18862,628733,47.78,1,2
18863,628766,50.54,1,3
18864,628800,45.85,1,2
18865,628833,44.13,1,2
18866,628866,56.95,1,3
18867,628900,37.44,1,2
18868,628933,35.45,1,2
18869,628966,62.99,1,3
18870,629000,34.01,1,2
18871,629033,32.27,1,2
18872,629066,60.11,1,3
18873,629100,33.99,1,2
18874,629133,31.79,1,2
18875,629166,72.92,1,3
18876,629200,40.63,1,2
18877,629233,38.34,1,2
18878,629266,62.05,1,3
18879,629300,40.93,1,2
18880,629333,38.93,1,2
18881,629366,62.78,1,3
18882,629400,45.65,1,2
18883,629433,44.22,1,2
18884,629466,46.15,1,2
18885,629500,58.52,1,3
18886,629533,56.97,1,3
18887,629566,55.03,1,3
18888,629600,64.55,1,3
18889,629633,62.4,1,3
18890,629666,40.34,1,2
18891,629700,67.91,1,3
18892,629733,66.7,1,3
18893,629766,38.72,1,2
18894,629800,71.35,1,3
18895,629833,70.85,1,3
18896,629866,34.02,1,2
18897,629900,70.45,1,3
18898,629933,69.03,1,3
18899,629966,34.44,1,2
18900,630000,68.99,1,3
18901,630033,67.8,1,3
18902,630066,48.59,1,2
18903,630100,75.45,1,4
18904,630133,74.89,1,3
18905,630166,57.45,1,3
18906,630200,72.13,1,3
18907,630233,70.46,1,3
18908,630266,56.14,1,3
18909,630300,64.34,1,3
18910,630333,59.84,1,3
18911,630366,64.77,1,3
18912,630400,56.03,1,3
18913,630433,54.05,1,3
18914,630466,65.22,1,3
18915,630500,44.92,1,2
18916,630533,42.36,1,2
18917,630566,69.09,1,3
18918,630600,37.56,1,2
18919,630633,35.83,1,2
18920,630666,65.41,1,3
18921,630700,38.95,1,2
18922,630733,37.02,1,2
18923,630766,67.71,1,3
18924,630800,43.11,1,2
18925,630833,41.37,1,2
18926,630866,62.27,1,3
18927,630900,49.22,1,2
18928,630933,48,1,2
18929,630966,72.41,1,3
18930,631000,63.78,1,3
18931,631033,62.17,1,3
18932,631066,62.88,1,3
18933,631100,78.28,1,4
18934,631133,77.77,1,4
18935,631166,61,1,3
18936,631200,72.2,1,3
18937,631233,71.25,1,3
18938,631266,78.61,1,4
18939,631300,87.67,1,4
18940,631333,87.42,1,4
18941,631366,58.2,1,3
18942,631400,90.07,1,4
18943,631433,88.78,1,4
18944,631466,54.26,1,3
18945,631500,83.36,1,4
18946,631533,80.87,1,4
18947,631566,58.39,1,3
18948,631600,73.53,1,3
18949,631633,71.35,1,3
18950,631666,48.79,1,2
18951,631700,72.12,1,3
18952,631733,69.7,1,3
18953,631766,59.07,1,3
18954,631800,56.08,1,3
18955,631833,52.67,1,3
18956,631866,63.17,1,3
18957,631900,55.72,1,3
18958,631933,52.17,1,3
18959,631966,71.21,1,3
18960,632000,50.63,1,3
18961,632033,48.18,1,2
18962,632066,79.6,1,4
18963,632100,51.37,1,3
18964,632133,49.14,1,2
18965,632166,76.26,1,4
18966,632200,42.66,1,2
18967,632233,41.98,1,2
18968,632266,68.37,1,3
18969,632300,53.77,1,3
18970,632333,52.52,1,3
18971,632366,71.77,1,3
18972,632400,61.07,1,3
18973,632433,59.21,1,3
18974,632466,65.02,1,3
18975,632500,62.48,1,3
18976,632533,60.69,1,3
18977,632566,53.68,1,3
18978,632600,66.53,1,3
18979,632633,65.12,1,3
18980,632666,43.4,1,2
18981,632700,68,1,3
18982,632733,67.54,1,3
18983,632766,37.6,1,2
18984,632800,67.96,1,3
18985,632833,67.5,1,3
18986,632866,34.48,1,2
18987,632900,69.6,1,3
18988,632933,69.19,1,3
18989,632966,37.18,1,2
18990,633000,77.43,1,4
18991,633033,76.74,1,4
18992,633066,42.62,1,2
18993,633100,74.6,1,3
18994,633133,73.4,1,3
18995,633166,50.13,1,3
18996,633200,70.43,1,3
18997,633233,68.86,1,3
18998,633266,61.25,1,3
18999,633300,70,1,3
19000,633333,73.38,1,3
19001,633366,75.76,1,4
19002,633400,62.65,1,3
19003,633433,60.77,1,3
19004,633466,74.92,1,3
19005,633500,44.38,1,2
19006,633533,42.29,1,2
19007,633566,67.56,1,3
19008,633600,40.87,1,2
19009,633633,38.94,1,2
19010,633666,66.95,1,3
19011,633700,40.28,1,2
19012,633733,38.71,1,2
19013,633766,63.43,1,3
19014,633800,38.73,1,2
19015,633833,37.6,1,2
19016,633866,60.9,1,3
19017,633900,47.03,1,2
19018,633933,45.17,1,2
19019,633966,60.1,1,3
19020,634000,59.65,1,3
19021,634033,58.71,1,3
19022,634066,55.76,1,3
19023,634100,65.94,1,3
19024,634133,65.27,1,3
19025,634166,51.27,1,3
19026,634200,73.8,1,3
19027,634233,71.67,1,3
19028,634266,46.53,1,2
19029,634300,82.82,1,4
19030,634333,81.33,1,4
19031,634366,42.55,1,2
19032,634400,77.2,1,4
19033,634433,75.1,1,4
19034,634466,37.33,1,2
19035,634500,69.02,1,3
19036,634533,67.98,1,3
19037,634566,45.75,1,2
19038,634600,68.9,1,3
19039,634633,67.6,1,3
19040,634666,50.95,1,3
19041,634700,66.85,1,3
19042,634733,65.2,1,3
19043,634766,57.07,1,3
19044,634800,57.42,1,3
19045,634833,55.56,1,3
19046,634866,61.55,1,3
19047,634900,47.57,1,2
19048,634933,45.24,1,2
19049,634966,67.14,1,3
19050,635000,43.26,1,2
19051,635033,41.66,1,2
19052,635066,66.89,1,3
19053,635100,37.42,1,2
19054,635133,35.98,1,2
19055,635166,70.62,1,3
19056,635200,46.41,1,2
19057,635233,45.59,1,2
19058,635266,94.69,1,4
19059,635300,69.07,1,3
19060,635333,67.14,1,3
19061,635366,88.38,1,4
19062,635400,71.13,1,3
19063,635433,70.21,1,3
19064,635466,71.6,1,3
19065,635500,76.39,1,4
19066,635533,75.27,1,4
19067,635566,74.43,1,3
19068,635600,78.83,1,4
19069,635633,76.65,1,4
19070,635666,48.03,1,2
19071,635700,72.32,1,3
19072,635733,69.2,1,3
19073,635766,46.03,1,2
19074,635800,69.7,1,3
19075,635833,68.83,1,3
19076,635866,31.91,1,2
19077,635900,73.74,1,3
19078,635933,72.77,1,3
19079,635966,37.85,1,2
19080,636000,70.02,1,3
19081,636033,68.8,1,3
19082,636066,34.45,1,2
19083,636100,71.74,1,3
19084,636133,70.33,1,3
19085,636166,53.98,1,3
19086,636200,70.44,1,3
19087,636233,69.19,1,3
19088,636266,59.67,1,3
19089,636300,68.21,1,3
19090,636333,66.11,1,3
19091,636366,66.05,1,3
19092,636400,52.94,1,3
19093,636433,51.19,1,3
19094,636466,65.72,1,3
19095,636500,46.36,1,2
19096,636533,44.59,1,2
19097,636566,71.79,1,3
19098,636600,41,1,2
19099,636633,39.6,1,2
19100,636666,68.43,1,3
19101,636700,38.34,1,2
19102,636733,36.75,1,2
19103,636766,63.7,1,3
19104,636800,43.32,1,2
19105,636833,41.65,1,2
19106,636866,62.82,1,3
19107,636900,53.49,1,3
19108,636933,52.51,1,3
19109,636966,58.13,1,3
19110,637000,59.26,1,3
19111,637033,58.2,1,3
19112,637066,46.73,1,2
19113,637100,64.06,1,3
19114,637133,62.31,1,3
19115,637166,54.25,1,3
19116,637200,80.23,1,4
19117,637233,78.9,1,4
19118,637266,41.82,1,2
19119,637300,73.87,1,3
19120,637333,73.2,1,3
19121,637366,34.56,1,2
19122,637400,70.92,1,3
19123,637433,70.18,1,3
19124,637466,35.77,1,2
19125,637500,73.94,1,3
19126,637533,72.99,1,3
19127,637566,49.54,1,2
19128,637600,70.23,1,3
19129,637633,69.3,1,3
19130,637666,42.14,1,2
19131,637700,63.93,1,3
19132,637733,62.68,1,3
19133,637766,59.06,1,3
19134,637800,60.72,1,3
19135,637833,58.32,1,3
19136,637866,63.81,1,3
19137,637900,45.27,1,2
19138,637933,43.92,1,2
19139,637966,67.36,1,3
19140,638000,42.03,1,2
19141,638033,40.11,1,2
19142,638066,64.18,1,3
19143,638100,49.41,1,2
19144,638133,47.88,1,2
19145,638166,71.51,1,3
19146,638200,47.67,1,2
19147,638233,46.16,1,2
19148,638266,65.86,1,3
19149,638300,44.84,1,2
19150,638333,43.38,1,2
19151,638366,62.49,1,3
19152,638400,54.04,1,3
19153,638433,52.86,1,3
19154,638466,54.2,1,3
19155,638500,66.42,1,3
19156,638533,64.6,1,3
19157,638566,60.6,1,3
19158,638600,68.01,1,3
19159,638633,67.79,1,3
19160,638666,41.69,1,2
19161,638700,68.95,1,3
19162,638733,67.93,1,3
19163,638766,36.58,1,2
19164,638800,72.24,1,3
19165,638833,71.48,1,3
19166,638866,32.8,1,2
19167,638900,71.16,1,3
19168,638933,70.85,1,3
19169,638966,34.23,1,2
19170,639000,70.11,1,3
19171,639033,69.71,1,3
19172,639066,49.57,1,2
19173,639100,67.38,1,3
19174,639133,66.6,1,3
19175,639166,51.31,1,3
19176,639200,66.22,1,3
19177,639233,64.99,1,3
19178,639266,84.14,1,4
19179,639300,80.78,1,4
19180,639333,79.62,1,4
19181,639366,81.55,1,4
19182,639400,73.19,1,3
19183,639433,69.28,1,3
19184,639466,86.81,1,4
19185,639500,60.23,1,3
19186,639533,57.38,1,3
19187,639566,81.47,1,4
19188,639600,43.5,1,2
19189,639633,40.03,1,2
19190,639666,70,1,3
19191,639700,41.98,1,2
19192,639733,39.47,1,2
19193,639766,70,1,3
19194,639800,43.95,1,2
19195,639833,42.16,1,2
19196,639866,61.4,1,3
19197,639900,53.19,1,3
19198,639933,51.79,1,3
19199,639966,67.26,1,3
19200,640000,64.59,1,3
19201,640033,63.46,1,3
19202,640066,59.79,1,3
19203,640100,75.95,1,4
19204,640133,74.58,1,3
19205,640166,53.38,1,3
19206,640200,70.86,1,3
19207,640233,70.11,1,3
19208,640266,38.07,1,2
19209,640300,72.79,1,3
19210,640333,72.46,1,3
19211,640366,41.16,1,2
19212,640400,74.78,1,3
19213,640433,74.25,1,3
19214,640466,40.4,1,2
19215,640500,74.83,1,3
19216,640533,73.6,1,3
19217,640566,41.25,1,2
19218,640600,65.27,1,3
19219,640633,64.19,1,3
19220,640666,45.31,1,2
19221,640700,60.99,1,3
19222,640733,59.17,1,3
19223,640766,58.34,1,3
19224,640800,50.81,1,3
19225,640833,48.8,1,2
19226,640866,61.87,1,3
19227,640900,44.16,1,2
19228,640933,42.89,1,2
19229,640966,70.98,1,3
19230,641000,41.61,1,2
19231,641033,40.07,1,2
19232,641066,75.11,1,4
19233,641100,37.73,1,2
19234,641133,36.3,1,2
19235,641166,70.59,1,3
19236,641200,42.18,1,2
19237,641233,40.78,1,2
19238,641266,64.69,1,3
19239,641300,54.37,1,3
19240,641333,52.05,1,3
19241,641366,72.74,1,3
19242,641400,67.19,1,3
19243,641433,65.6,1,3
19244,641466,56.52,1,3
19245,641500,64.73,1,3
19246,641533,63.94,1,3
19247,641566,47.92,1,2
19248,641600,66.86,1,3
19249,641633,65.63,1,3
19250,641666,48.89,1,2
19251,641700,72.12,1,3
19252,641733,71.05,1,3
19253,641766,36.77,1,2
19254,641800,69.94,1,3
19255,641833,67.76,1,3
19256,641866,33.32,1,2
19257,641900,73.07,1,3
19258,641933,72.39,1,3
19259,641966,35.4,1,2
19260,642000,69.57,1,3
19261,642033,68.96,1,3
19262,642066,41.46,1,2
19263,642100,68.95,1,3
19264,642133,68.03,1,3
19265,642166,49.74,1,2
19266,642200,68.93,1,3
19267,642233,68.03,1,3
19268,642266,62.53,1,3
19269,642300,71.75,1,3
19270,642333,69.09,1,3
19271,642366,77.21,1,4
19272,642400,55.04,1,3
19273,642433,52.64,1,3
19274,642466,71.9,1,3
19275,642500,44.14,1,2
19276,642533,42.4,1,2
19277,642566,70.19,1,3
19278,642600,41.1,1,2
19279,642633,39.62,1,2
19280,642666,68.1,1,3
19281,642700,44.03,1,2
19282,642733,42.28,1,2
19283,642766,64.3,1,3
19284,642800,40.75,1,2
19285,642833,39.86,1,2
19286,642866,60.72,1,3
19287,642900,51.44,1,3
19288,642933,50.11,1,3
19289,642966,59.66,1,3
19290,643000,62.74,1,3
19291,643033,61.54,1,3
19292,643066,49.37,1,2
19293,643100,65.62,1,3
19294,643133,64.88,1,3
19295,643166,46.66,1,2
19296,643200,76.27,1,4
19297,643233,73.5,1,3
19298,643266,84.41,1,4
19299,643300,92.52,1,4
19300,643333,91.88,1,4
19301,643366,55.84,1,3
19302,643400,88.97,1,4
19303,643433,86.99,1,4
19304,643466,48.72,1,2
19305,643500,83.12,1,4
19306,643533,82.36,1,4
19307,643566,54.88,1,3
19308,643600,82.7,1,4
19309,643633,79.96,1,4
19310,643666,65.03,1,3
19311,643700,68.88,1,3
19312,643733,66.22,1,3
19313,643766,66.53,1,3
19314,643800,55.17,1,3
19315,643833,52.68,1,3
19316,643866,62.82,1,3
19317,643900,48.23,1,2
19318,643933,46.06,1,2
19319,643966,69.08,1,3
19320,644000,40.16,1,2
19321,644033,38.25,1,2
19322,644066,63.82,1,3
19323,644100,34.39,1,2
19324,644133,32.89,1,2
19325,644166,75.53,1,4
19326,644200,43.68,1,2
19327,644233,41.9,1,2
19328,644266,68.8,1,3
19329,644300,49.93,1,2
19330,644333,48.12,1,2
19331,644366,70.17,1,3
19332,644400,55,1,3
19333,644433,53.83,1,3
19334,644466,52.81,1,3
19335,644500,66.55,1,3
19336,644533,65.69,1,3
19337,644566,66.85,1,3
19338,644600,75.67,1,4
19339,644633,72.14,1,3
19340,644666,40.71,1,2
19341,644700,69.79,1,3
19342,644733,68.37,1,3
19343,644766,33.62,1,2
19344,644800,70.58,1,3
19345,644833,69.37,1,3
19346,644866,33.94,1,2
19347,644900,67.13,1,3
19348,644933,66.45,1,3
19349,644966,37.26,1,2
19350,645000,67.31,1,3
19351,645033,65.92,1,3
19352,645066,43.73,1,2
19353,645100,66.49,1,3
19354,645133,65.62,1,3
19355,645166,48.65,1,2
19356,645200,69.46,1,3
19357,645233,67.5,1,3
19358,645266,64.68,1,3
19359,645300,55.42,1,3
19360,645333,52.02,1,3
19361,645366,68.67,1,3
19362,645400,43.09,1,2
19363,645433,41.67,1,2
19364,645466,74,1,3
19365,645500,44.04,1,2
19366,645533,42.58,1,2
19367,645566,73.62,1,3
19368,645600,36.2,1,2
19369,645633,34.47,1,2
19370,645666,69.08,1,3
19371,645700,38.6,1,2
19372,645733,37.11,1,2
19373,645766,62.56,1,3
19374,645800,45.86,1,2
19375,645833,44.44,1,2
19376,645866,58.16,1,3
19377,645900,55.51,1,3
19378,645933,53.13,1,3
19379,645966,55.14,1,3
19380,646000,62.02,1,3
19381,646033,60.99,1,3
19382,646066,44.76,1,2
19383,646100,67.47,1,3
19384,646133,66.87,1,3
19385,646166,43.98,1,2
19386,646200,70.16,1,3
19387,646233,68.72,1,3
19388,646266,32.73,1,2
19389,646300,71.23,1,3
19390,646333,70.94,1,3
19391,646366,37.35,1,2
19392,646400,75.98,1,4
19393,646433,75.29,1,4
19394,646466,36.13,1,2
19395,646500,78.1,1,4
19396,646533,77.17,1,4
19397,646566,50.41,1,3
19398,646600,71.17,1,3
19399,646633,70.27,1,3
19400,646666,52.42,1,3
19401,646700,63.84,1,3
19402,646733,62.29,1,3
19403,646766,67.42,1,3
19404,646800,56.23,1,3
19405,646833,54.14,1,3
19406,646866,62.98,1,3
19407,646900,45.5,1,2
19408,646933,44.15,1,2
19409,646966,68.24,1,3
19410,647000,39.14,1,2
19411,647033,37.14,1,2
19412,647066,66.35,1,3
19413,647100,40.23,1,2
19414,647133,38.56,1,2
19415,647166,67.24,1,3
19416,647200,40.68,1,2
19417,647233,39.21,1,2
19418,647266,90.37,1,4
19419,647300,64.5,1,3
19420,647333,62.88,1,3
19421,647366,86.51,1,4
19422,647400,74.07,1,3
19423,647433,72.17,1,3
19424,647466,76.4,1,4
19425,647500,80.63,1,4
19426,647533,79.21,1,4
19427,647566,70.04,1,3
19428,647600,76.9,1,4
19429,647633,74.76,1,3
19430,647666,45.44,1,2
19431,647700,77.56,1,4
19432,647733,76.84,1,4
19433,647766,37.1,1,2
19434,647800,76.51,1,4
19435,647833,74.83,1,3
19436,647866,34.23,1,2
19437,647900,71.34,1,3
19438,647933,69.92,1,3
19439,647966,36.41,1,2
19440,648000,69.06,1,3
19441,648033,67.07,1,3
19442,648066,48.18,1,2
19443,648100,67.13,1,3
19444,648133,65.63,1,3
19445,648166,52.9,1,3
19446,648200,62.2,1,3
19447,648233,60.02,1,3
19448,648266,55.25,1,3
19449,648300,57.66,1,3
19450,648333,55.28,1,3
19451,648366,71.48,1,3
19452,648400,54,1,3
19453,648433,52.14,1,3
19454,648466,68.46,1,3
19455,648500,42.99,1,2
19456,648533,41.28,1,2
19457,648566,69.73,1,3
19458,648600,37.49,1,2
19459,648633,36.15,1,2
19460,648666,68.98,1,3
19461,648700,41.72,1,2
19462,648733,40.01,1,2
19463,648766,74.72,1,3
19464,648800,47.48,1,2
19465,648833,45.46,1,2
19466,648866,52.85,1,3
19467,648900,52.31,1,3
19468,648933,51.05,1,3
19469,648966,61.72,1,3
19470,649000,64.47,1,3
19471,649033,60.81,1,3
19472,649066,53.25,1,3
19473,649100,68.73,1,3
19474,649133,67.66,1,3
19475,649166,40.02,1,2
19476,649200,68.99,1,3
19477,649233,68.04,1,3
19478,649266,34.79,1,2
19479,649300,76.67,1,4
19480,649333,75.49,1,4
19481,649366,41.72,1,2
19482,649400,74.94,1,3
19483,649433,72.35,1,3
19484,649466,44.81,1,2
19485,649500,73.08,1,3
19486,649533,70.82,1,3
19487,649566,41.37,1,2
19488,649600,64.67,1,3
19489,649633,63.91,1,3
19490,649666,50.84,1,3
19491,649700,70.67,1,3
19492,649733,70.12,1,3
19493,649766,66.44,1,3
19494,649800,57.86,1,3
19495,649833,56.25,1,3
19496,649866,62.69,1,3
19497,649900,44.88,1,2
19498,649933,43.2,1,2
19499,649966,69.45,1,3
19500,650000,42.2,1,2
19501,650033,40.65,1,2
19502,650066,70.2,1,3
19503,650100,37.9,1,2
19504,650133,36.27,1,2
19505,650166,69.29,1,3
19506,650200,42.75,1,2
19507,650233,40.44,1,2
19508,650266,60.36,1,3
19509,650300,56.79,1,3
19510,650333,55.01,1,3
19511,650366,78.6,1,4
19512,650400,63.28,1,3
19513,650433,60.82,1,3
19514,650466,57.62,1,3
19515,650500,63.49,1,3
19516,650533,62.29,1,3
19517,650566,53.28,1,3
19518,650600,71.94,1,3
19519,650633,70.41,1,3
19520,650666,45.87,1,2
19521,650700,72.5,1,3
19522,650733,71.5,1,3
19523,650766,38.22,1,2
19524,650800,68.73,1,3
19525,650833,68.33,1,3
19526,650866,29.98,1,2
19527,650900,68.26,1,3
19528,650933,66.56,1,3
19529,650966,33.04,1,2
19530,651000,69.58,1,3
19531,651033,68.76,1,3
19532,651066,47.09,1,2
19533,651100,65.56,1,3
19534,651133,65.08,1,3
19535,651166,48.42,1,2
19536,651200,67.91,1,3
19537,651233,66.68,1,3
19538,651266,91.04,1,4
19539,651300,81.37,1,4
19540,651333,78.9,1,4
19541,651366,88.87,1,4
19542,651400,64.87,1,3
19543,651433,63.31,1,3
19544,651466,84.36,1,4
19545,651500,58.81,1,3
19546,651533,56.38,1,3
19547,651566,85.39,1,4
19548,651600,52.17,1,3
19549,651633,49.17,1,2
19550,651666,77.91,1,4
19551,651700,51.84,1,3
19552,651733,49.49,1,2
19553,651766,70.24,1,3
19554,651800,47.98,1,2
19555,651833,46.03,1,2
19556,651866,52.99,1,3
19557,651900,51.97,1,3
19558,651933,49.78,1,2
19559,651966,64.78,1,3
19560,652000,59.98,1,3
19561,652033,58.52,1,3
19562,652066,46.76,1,2
19563,652100,68.57,1,3
19564,652133,67.45,1,3
19565,652166,45.49,1,2
19566,652200,73.5,1,3
19567,652233,72.11,1,3
19568,652266,42.13,1,2
19569,652300,80.31,1,4
19570,652333,79.61,1,4
19571,652366,38.48,1,2
19572,652400,74.68,1,3
19573,652433,73.57,1,3
19574,652466,34.98,1,2
19575,652500,71.29,1,3
19576,652533,70.61,1,3
19577,652566,48.71,1,2
19578,652600,80.08,1,4
19579,652633,79.08,1,4
19580,652666,59.7,1,3
19581,652700,69.18,1,3
19582,652733,67.86,1,3
19583,652766,62.26,1,3
19584,652800,54.07,1,3
19585,652833,52.24,1,3
19586,652866,61.69,1,3
19587,652900,47.22,1,2
19588,652933,44.72,1,2
19589,652966,68.16,1,3
19590,653000,40.75,1,2
19591,653033,39.28,1,2
19592,653066,63.9,1,3
19593,653100,35.5,1,2
19594,653133,33.89,1,2
19595,653166,68.2,1,3
19596,653200,41.47,1,2
19597,653233,40.1,1,2
19598,653266,66.71,1,3
19599,653300,46.64,1,2
19600,653333,45.19,1,2
19601,653366,67.35,1,3
19602,653400,54.69,1,3
19603,653433,53.23,1,3
19604,653466,56.39,1,3
19605,653500,68.13,1,3
19606,653533,66.91,1,3
19607,653566,64.08,1,3
19608,653600,76.43,1,4
19609,653633,75.5,1,4
19610,653666,45.99,1,2
19611,653700,71.7,1,3
19612,653733,70.57,1,3
19613,653766,33.8,1,2
19614,653800,68.88,1,3
19615,653833,67.5,1,3
19616,653866,32.5,1,2
19617,653900,73.4,1,3
19618,653933,73.1,1,3
19619,653966,37.73,1,2
19620,654000,64.9,1,3
19621,654033,63.02,1,3
19622,654066,40.48,1,2
19623,654100,65.09,1,3
19624,654133,63.94,1,3
19625,654166,47.75,1,2
19626,654200,66.91,1,3
19627,654233,65.91,1,3
19628,654266,59.02,1,3
19629,654300,55.31,1,3
19630,654333,53.28,1,3
19631,654366,68.06,1,3
19632,654400,51.22,1,3
19633,654433,47.09,1,2
19634,654466,71.87,1,3
19635,654500,51.78,1,3
19636,654533,49.57,1,2
19637,654566,78.82,1,4
19638,654600,44.88,1,2
19639,654633,42.84,1,2
19640,654666,69.19,1,3
19641,654700,37.04,1,2
19642,654733,35.74,1,2
19643,654766,66.31,1,3
19644,654800,45.18,1,2
19645,654833,43.46,1,2
19646,654866,60.07,1,3
19647,654900,54.58,1,3
19648,654933,52.94,1,3
19649,654966,59.18,1,3
19650,655000,56.87,1,3
19651,655033,55.21,1,3
19652,655066,42.4,1,2
19653,655100,62.63,1,3
19654,655133,61.76,1,3
19655,655166,54.72,1,3
19656,655200,67.07,1,3
19657,655233,66.19,1,3
19658,655266,80.64,1,4
19659,655300,85.96,1,4
19660,655333,84.71,1,4
19661,655366,54.83,1,3
19662,655400,89.17,1,4
19663,655433,87.58,1,4
19664,655466,50.79,1,3
19665,655500,92.02,1,4
19666,655533,90.41,1,4
19667,655566,63.27,1,3
19668,655600,81.94,1,4
19669,655633,79.64,1,4
19670,655666,51.03,1,3
19671,655700,72.48,1,3
19672,655733,68.74,1,3
19673,655766,62.92,1,3
19674,655800,71,1,3
19675,655833,67.98,1,3
19676,655866,72.6,1,3
19677,655900,52.47,1,3
19678,655933,50.36,1,3
19679,655966,69.11,1,3
19680,656000,41.42,1,2
19681,656033,39.36,1,2
19682,656066,65.63,1,3
19683,656100,41.49,1,2
19684,656133,39.08,1,2
19685,656166,64.36,1,3
19686,656200,40.01,1,2
19687,656233,38.48,1,2
19688,656266,59.9,1,3
19689,656300,41.33,1,2
19690,656333,39.27,1,2
19691,656366,71.39,1,3
19692,656400,57.64,1,3
19693,656433,54.82,1,3
19694,656466,64.66,1,3
19695,656500,66.3,1,3
19696,656533,64.3,1,3
19697,656566,63.3,1,3
19698,656600,66.94,1,3
19699,656633,65.98,1,3
19700,656666,39.42,1,2
19701,656700,72.64,1,3
19702,656733,70.56,1,3
19703,656766,47.04,1,2
19704,656800,76.84,1,4
19705,656833,76.39,1,4
19706,656866,36.03,1,2
19707,656900,72.63,1,3
19708,656933,71.37,1,3
19709,656966,37.14,1,2
19710,657000,68.8,1,3
19711,657033,67.24,1,3
19712,657066,39.89,1,2
19713,657100,68.1,1,3
19714,657133,66.62,1,3
19715,657166,49.11,1,2
19716,657200,61.7,1,3
19717,657233,60.36,1,3
19718,657266,53.08,1,3
19719,657300,54.58,1,3
19720,657333,52.99,1,3
19721,657366,56.56,1,3
19722,657400,54.54,1,3
19723,657433,52.83,1,3
19724,657466,71.41,1,3
19725,657500,44.27,1,2
19726,657533,42.38,1,2
19727,657566,70.2,1,3
19728,657600,34.84,1,2
19729,657633,33.18,1,2
19730,657666,68.29,1,3
19731,657700,39.04,1,2
19732,657733,37.55,1,2
19733,657766,77.98,1,4
19734,657800,47.82,1,2
19735,657833,46.45,1,2
19736,657866,62.17,1,3
19737,657900,52.24,1,3
19738,657933,50.77,1,3
19739,657966,66.94,1,3
19740,658000,57.87,1,3
19741,658033,56.87,1,3
19742,658066,47.07,1,2
19743,658100,66.12,1,3
19744,658133,64,1,3
19745,658166,51.58,1,3
19746,658200,67.92,1,3
19747,658233,66.99,1,3
19748,658266,35.95,1,2
19749,658300,68.8,1,3
19750,658333,72.66,1,3
19751,658366,40.67,1,2
19752,658400,77.15,1,4
19753,658433,76.72,1,4
19754,658466,32.57,1,2
19755,658500,71.74,1,3
19756,658533,71.6,1,3
19757,658566,43.32,1,2
19758,658600,70.38,1,3
19759,658633,68.96,1,3
19760,658666,38.82,1,2
19761,658700,72.26,1,3
19762,658733,70.06,1,3
19763,658766,64.18,1,3
19764,658800,64.27,1,3
19765,658833,62.94,1,3
19766,658866,56,1,3
19767,658900,51.68,1,3
19768,658933,48.84,1,2
19769,658966,64.87,1,3
19770,659000,43.26,1,2
19771,659033,41.91,1,2
19772,659066,65.8,1,3
19773,659100,36.18,1,2
19774,659133,34.67,1,2
19775,659166,70.19,1,3
19776,659200,33.84,1,2
19777,659233,32.4,1,2
19778,659266,91,1,4
19779,659300,62.98,1,3
19780,659333,59.62,1,3
19781,659366,81.46,1,4
19782,659400,73.64,1,3
19783,659433,72.33,1,3
19784,659466,75.61,1,4
19785,659500,72.08,1,3
19786,659533,71.06,1,3
19787,659566,59.88,1,3
19788,659600,70.41,1,3
19789,659633,66.71,1,3
19790,659666,54.35,1,3
19791,659700,80.52,1,4
19792,659733,79.43,1,4
19793,659766,46.06,1,2
19794,659800,80.55,1,4
19795,659833,78.26,1,4
19796,659866,34.3,1,2
19797,659900,73.74,1,3
19798,659933,72.46,1,3
19799,659966,35.2,1,2
19800,660000,74.64,1,3
19801,660033,72.86,1,3
19802,660066,39.5,1,2
19803,660100,71.34,1,3
19804,660133,70.89,1,3
19805,660166,47,1,2
19806,660200,65.06,1,3
19807,660233,62.82,1,3
19808,660266,54.2,1,3
19809,660300,59.23,1,3
19810,660333,56.38,1,3
19811,660366,72.52,1,3
19812,660400,52.52,1,3
19813,660433,50.29,1,3
19814,660466,61.1,1,3
19815,660500,42.06,1,2
19816,660533,40.5,1,2
19817,660566,71.12,1,3
19818,660600,43.19,1,2
19819,660633,40.89,1,2
19820,660666,70.28,1,3
19821,660700,46.11,1,2
19822,660733,43.31,1,2
19823,660766,72.37,1,3
19824,660800,41.6,1,2
19825,660833,38.39,1,2
19826,660866,59.04,1,3
19827,660900,45.63,1,2
19828,660933,43.41,1,2
19829,660966,61.36,1,3
19830,661000,53.3,1,3
19831,661033,51.85,1,3
19832,661066,52.46,1,3
19833,661100,59.89,1,3
19834,661133,58.86,1,3
19835,661166,41.86,1,2
19836,661200,70.03,1,3
19837,661233,67.5,1,3
19838,661266,40.83,1,2
19839,661300,71.65,1,3
19840,661333,70.04,1,3
19841,661366,35.09,1,2
19842,661400,71.04,1,3
19843,661433,70.1,1,3
19844,661466,33.89,1,2
19845,661500,73.23,1,3
19846,661533,72.67,1,3
19847,661566,36.34,1,2
19848,661600,75.33,1,4
19849,661633,74.6,1,3
19850,661666,52.34,1,3
19851,661700,77.44,1,4
19852,661733,76.52,1,4
19853,661766,58.86,1,3
19854,661800,62.94,1,3
19855,661833,59.96,1,3
19856,661866,56.95,1,3
19857,661900,50.98,1,3
19858,661933,49.2,1,2
19859,661966,65.72,1,3
19860,662000,47.56,1,2
19861,662033,45.96,1,2
19862,662066,66.83,1,3
19863,662100,36.75,1,2
19864,662133,35.46,1,2
19865,662166,68.7,1,3
19866,662200,32.57,1,2
19867,662233,31.26,1,2
19868,662266,66.29,1,3
19869,662300,43.58,1,2
19870,662333,42.15,1,2
19871,662366,66.02,1,3
19872,662400,49.18,1,2
19873,662433,47.03,1,2
19874,662466,63.6,1,3
19875,662500,59.93,1,3
19876,662533,58.57,1,3
19877,662566,69.14,1,3
19878,662600,81.15,1,4
19879,662633,78.37,1,4
19880,662666,49.86,1,2
19881,662700,76.3,1,4
19882,662733,75.24,1,4
19883,662766,43.88,1,2
19884,662800,68.34,1,3
19885,662833,67.59,1,3
19886,662866,29.66,1,2
19887,662900,68.88,1,3
19888,662933,68.24,1,3
19889,662966,44.66,1,2
19890,663000,70.17,1,3
19891,663033,69.3,1,3
19892,663066,34.49,1,2
19893,663100,66.78,1,3
19894,663133,65.73,1,3
19895,663166,46.98,1,2
19896,663200,66.37,1,3
19897,663233,65.54,1,3
19898,663266,84.81,1,4
19899,663300,81.11,1,4
19900,663333,73.26,1,3
19901,663366,79.52,1,4
19902,663400,66.6,1,3
19903,663433,63.78,1,3
19904,663466,77.19,1,4
19905,663500,75.21,1,4
19906,663533,69.51,1,3
19907,663566,88.67,1,4
19908,663600,53.69,1,3
19909,663633,50.97,1,3
19910,663666,77.96,1,4
19911,663700,41.3,1,2
19912,663733,39.02,1,2
19913,663766,73.65,1,3
19914,663800,44.58,1,2
19915,663833,42.09,1,2
19916,663866,69.59,1,3
19917,663900,55.65,1,3
19918,663933,54.21,1,3
19919,663966,64.58,1,3
19920,664000,54.79,1,3
19921,664033,52.71,1,3
19922,664066,53.99,1,3
19923,664100,57.09,1,3
19924,664133,55.66,1,3
19925,664166,45.59,1,2
19926,664200,64.75,1,3
19927,664233,63.8,1,3
19928,664266,44.29,1,2
19929,664300,69.13,1,3
19930,664333,68.33,1,3
19931,664366,33.11,1,2
19932,664400,71.44,1,3
19933,664433,71.02,1,3
19934,664466,29.06,1,2
19935,664500,75.77,1,4
19936,664533,73.71,1,3
19937,664566,45.06,1,2
19938,664600,78.48,1,4
19939,664633,77.44,1,4
19940,664666,37.87,1,2
19941,664700,68.06,1,3
19942,664733,66.84,1,3
19943,664766,53.3,1,3
19944,664800,73.54,1,3
19945,664833,71.63,1,3
19946,664866,63.18,1,3
19947,664900,64.27,1,3
19948,664933,61.6,1,3
19949,664966,76.39,1,4
19950,665000,49.71,1,2
19951,665033,47.08,1,2
19952,665066,64.52,1,3
19953,665100,40.2,1,2
19954,665133,38.26,1,2
19955,665166,68.27,1,3
19956,665200,36.65,1,2
19957,665233,34.96,1,2
19958,665266,63.98,1,3
19959,665300,36.36,1,2
19960,665333,34.01,1,2
19961,665366,65.35,1,3
19962,665400,42.93,1,2
19963,665433,41.64,1,2
19964,665466,53.08,1,3
19965,665500,56.74,1,3
19966,665533,55.15,1,3
19967,665566,61.76,1,3
19968,665600,62.37,1,3
19969,665633,61.42,1,3
19970,665666,48.91,1,2
19971,665700,71.19,1,3
19972,665733,70.51,1,3
19973,665766,54.54,1,3
19974,665800,75.4,1,4
19975,665833,74.61,1,3
19976,665866,47.18,1,2
19977,665900,79.38,1,4
19978,665933,77.57,1,4
19979,665966,34.73,1,2
19980,666000,71.43,1,3
19981,666033,70.81,1,3
19982,666066,34.89,1,2
19983,666100,71.56,1,3
19984,666133,69.05,1,3
19985,666166,44.13,1,2
19986,666200,66.52,1,3
19987,666233,65.37,1,3
19988,666266,50.14,1,3
19989,666300,62.78,1,3
19990,666333,60.93,1,3
19991,666366,54.46,1,3
19992,666400,58.26,1,3
19993,666433,57.15,1,3
19994,666466,62.33,1,3
19995,666500,48.43,1,2
19996,666533,46.41,1,2
19997,666566,69.32,1,3
19998,666600,39.83,1,2
19999,666633,38.2,1,2
20000,666666,73.31,1,3
20001,666700,42.42,1,2
20002,666733,41.03,1,2
20003,666766,72.64,1,3
20004,666800,52.8,1,3
20005,666833,50.72,1,3
20006,666866,71.64,1,3
20007,666900,48.31,1,2
20008,666933,46.29,1,2
20009,666966,66.95,1,3
20010,667000,52.89,1,3
20011,667033,51.23,1,3
20012,667066,61.98,1,3
20013,667100,62.42,1,3
20014,667133,61.22,1,3
20015,667166,56.53,1,3
20016,667200,71.95,1,3
20017,667233,69.82,1,3
20018,667266,83.51,1,4
20019,667300,89.02,1,4
20020,667333,88.25,1,4
20021,667366,62.49,1,3
20022,667400,88.37,1,4
20023,667433,86.86,1,4
20024,667466,45.99,1,2
20025,667500,87.06,1,4
20026,667533,84.22,1,4
20027,667566,50.36,1,3
20028,667600,71.9,1,3
20029,667633,69.82,1,3
20030,667666,36.11,1,2
20031,667700,81.82,1,4
20032,667733,80.5,1,4
20033,667766,53.72,1,3
20034,667800,79.07,1,4
20035,667833,77.91,1,4
20036,667866,59.41,1,3
20037,667900,68.77,1,3
20038,667933,66.65,1,3
20039,667966,64.61,1,3
20040,668000,55.15,1,3
20041,668033,52.73,1,3
20042,668066,69.78,1,3
20043,668100,55.39,1,3
20044,668133,53.6,1,3
20045,668166,73.39,1,3
20046,668200,40.04,1,2
20047,668233,37.49,1,2
20048,668266,64.99,1,3
20049,668300,41.67,1,2
20050,668333,38.57,1,2
20051,668366,63.35,1,3
20052,668400,47.07,1,2
20053,668433,45.38,1,2
20054,668466,65.26,1,3
20055,668500,49.81,1,2
20056,668533,48.3,1,2
20057,668566,56.09,1,3
20058,668600,60.59,1,3
20059,668633,58.93,1,3
20060,668666,54.24,1,3
20061,668700,70.96,1,3
20062,668733,69.81,1,3
20063,668766,60.6,1,3
20064,668800,73.06,1,3
20065,668833,71.34,1,3
20066,668866,35.53,1,2
20067,668900,72.1,1,3
20068,668933,70.62,1,3
20069,668966,39.66,1,2
20070,669000,78.94,1,4
20071,669033,78.44,1,4
20072,669066,42.97,1,2
20073,669100,74.97,1,3
20074,669133,73.83,1,3
20075,669166,41.98,1,2
20076,669200,66.2,1,3
20077,669233,62.98,1,3
20078,669266,47.5,1,2
20079,669300,64.02,1,3
20080,669333,61.94,1,3
20081,669366,56.75,1,3
20082,669400,58.53,1,3
20083,669433,56.25,1,3
20084,669466,63.6,1,3
20085,669500,49.91,1,2
20086,669533,48.23,1,2
20087,669566,65.5,1,3
20088,669600,40.21,1,2
20089,669633,38.61,1,2
20090,669666,66.29,1,3
20091,669700,39.98,1,2
20092,669733,38.27,1,2
20093,669766,69.83,1,3
20094,669800,35.17,1,2
20095,669833,33.59,1,2
20096,669866,63.31,1,3
20097,669900,38.49,1,2
20098,669933,36.73,1,2
20099,669966,69.41,1,3
20100,670000,49.94,1,2
20101,670033,48.09,1,2
20102,670066,69.38,1,3
20103,670100,58.25,1,3
20104,670133,57.46,1,3
20105,670166,62.12,1,3
20106,670200,59.47,1,3
20107,670233,57.65,1,3
20108,670266,48.99,1,2
20109,670300,69.05,1,3
20110,670333,67.53,1,3
20111,670366,46.9,1,2
20112,670400,68.08,1,3
20113,670433,67.32,1,3
20114,670466,28.93,1,2
20115,670500,69.34,1,3
20116,670533,68.76,1,3
20117,670566,37.84,1,2
20118,670600,71.94,1,3
20119,670633,69.02,1,3
20120,670666,33.16,1,2
20121,670700,68.33,1,3
20122,670733,67.33,1,3
20123,670766,46.25,1,2
20124,670800,66.18,1,3
20125,670833,65.29,1,3
20126,670866,44.22,1,2
20127,670900,63.09,1,3
20128,670933,61.29,1,3
20129,670966,64.27,1,3
20130,671000,67.79,1,3
20131,671033,66.09,1,3
20132,671066,68.94,1,3
20133,671100,47.76,1,2
20134,671133,45.39,1,2
20135,671166,70,1,3
20136,671200,38.69,1,2
20137,671233,37.27,1,2
20138,671266,92.38,1,4
20139,671300,56.8,1,3
20140,671333,54.45,1,3
20141,671366,85.49,1,4
20142,671400,58.77,1,3
20143,671433,56.34,1,3
20144,671466,72.88,1,3
20145,671500,58.15,1,3
20146,671533,54.98,1,3
20147,671566,76.31,1,4
20148,671600,64.73,1,3
20149,671633,61.31,1,3
20150,671666,62.36,1,3
20151,671700,70.29,1,3
20152,671733,68.35,1,3
20153,671766,56.65,1,3
20154,671800,69.9,1,3
20155,671833,67.99,1,3
20156,671866,39.91,1,2
20157,671900,78.96,1,4
20158,671933,76.59,1,4
20159,671966,52.81,1,3
20160,672000,73.28,1,3
20161,672033,72.65,1,3
20162,672066,34.08,1,2
20163,672100,72.26,1,3
20164,672133,70.44,1,3
20165,672166,42.36,1,2
20166,672200,70.44,1,3
20167,672233,69.48,1,3
20168,672266,42.74,1,2
20169,672300,72.33,1,3
20170,672333,70.83,1,3
20171,672366,56.39,1,3
20172,672400,62.51,1,3
20173,672433,60.61,1,3
20174,672466,49.8,1,2
20175,672500,53.81,1,3
20176,672533,52.52,1,3
20177,672566,69.22,1,3
20178,672600,44.61,1,2
20179,672633,41.81,1,2
20180,672666,63.1,1,3
20181,672700,37.75,1,2
20182,672733,35.9,1,2
20183,672766,67.61,1,3
20184,672800,38.61,1,2
20185,672833,36.71,1,2
20186,672866,66.89,1,3
20187,672900,43.02,1,2
20188,672933,40.41,1,2
20189,672966,71.11,1,3
20190,673000,43.89,1,2
20191,673033,40.87,1,2
20192,673066,53.9,1,3
20193,673100,50.46,1,3
20194,673133,49.04,1,2
20195,673166,63.54,1,3
20196,673200,54.85,1,3
20197,673233,53.4,1,3
20198,673266,48.43,1,2
20199,673300,62.31,1,3
20200,673333,61.92,1,3
20201,673366,50.73,1,3
20202,673400,65.31,1,3
20203,673433,64.76,1,3
20204,673466,32.81,1,2
20205,673500,68.21,1,3
20206,673533,67.79,1,3
20207,673566,37.1,1,2
20208,673600,70.12,1,3
20209,673633,69.81,1,3
20210,673666,28.71,1,2
20211,673700,68.17,1,3
20212,673733,67.48,1,3
20213,673766,40.33,1,2
20214,673800,72.79,1,3
20215,673833,69.25,1,3
20216,673866,47.5,1,2
20217,673900,77.89,1,4
20218,673933,75.18,1,4
20219,673966,63.76,1,3
20220,674000,60.04,1,3
20221,674033,58.76,1,3
20222,674066,57.74,1,3
20223,674100,48.9,1,2
20224,674133,46.4,1,2
20225,674166,71.5,1,3
20226,674200,50.49,1,3
20227,674233,48.52,1,2
20228,674266,66.83,1,3
20229,674300,43.88,1,2
20230,674333,42.24,1,2
20231,674366,67.19,1,3
20232,674400,38.2,1,2
20233,674433,35.63,1,2
20234,674466,63.21,1,3
20235,674500,41.79,1,2
20236,674533,40.36,1,2
20237,674566,58.75,1,3
20238,674600,51.13,1,3
20239,674633,49.76,1,2
20240,674666,55.76,1,3
20241,674700,57.96,1,3
20242,674733,56.05,1,3
20243,674766,54.55,1,3
20244,674800,68.73,1,3
20245,674833,67.35,1,3
20246,674866,44.38,1,2
20247,674900,70.53,1,3
20248,674933,70.02,1,3
20249,674966,39.47,1,2
20250,675000,73.49,1,3
20251,675033,72.88,1,3
20252,675066,40,1,2
20253,675100,78.36,1,4
20254,675133,77.61,1,4
20255,675166,45.8,1,2
20256,675200,79.15,1,4
20257,675233,76.47,1,4
20258,675266,78.74,1,4
20259,675300,87.67,1,4
20260,675333,85.09,1,4
20261,675366,61.64,1,3
20262,675400,82.21,1,4
20263,675433,79.9,1,4
20264,675466,68.18,1,3
20265,675500,78.22,1,4
20266,675533,69.83,1,3
20267,675566,74.71,1,3
20268,675600,54.3,1,3
20269,675633,50.62,1,3
20270,675666,66.97,1,3
20271,675700,46.02,1,2
20272,675733,43.68,1,2
20273,675766,72.89,1,3
20274,675800,40.25,1,2
20275,675833,38.29,1,2
20276,675866,68.69,1,3
20277,675900,38.87,1,2
20278,675933,36.88,1,2
20279,675966,69.79,1,3
20280,676000,41.89,1,2
20281,676033,40.13,1,2
20282,676066,65.57,1,3
20283,676100,56.53,1,3
20284,676133,54.37,1,3
20285,676166,79.57,1,4
20286,676200,62.41,1,3
20287,676233,60.4,1,3
20288,676266,57.56,1,3
20289,676300,61.8,1,3
20290,676333,58.95,1,3
20291,676366,54.32,1,3
20292,676400,67.33,1,3
20293,676433,66.48,1,3
20294,676466,45.11,1,2
20295,676500,71.45,1,3
20296,676533,69.82,1,3
20297,676566,36.04,1,2
20298,676600,68.76,1,3
20299,676633,67.02,1,3
20300,676666,38.16,1,2
20301,676700,71.4,1,3
20302,676733,70.27,1,3
20303,676766,37.95,1,2
20304,676800,72.53,1,3
20305,676833,71.8,1,3
20306,676866,39.13,1,2
20307,676900,68.11,1,3
20308,676933,67.37,1,3
20309,676966,51.16,1,3
20310,677000,69.82,1,3
20311,677033,67.91,1,3
20312,677066,64.91,1,3
20313,677100,72,1,3
20314,677133,69.66,1,3
20315,677166,71.02,1,3
20316,677200,49.6,1,2
20317,677233,47.16,1,2
20318,677266,66.74,1,3
20319,677300,40.69,1,2
20320,677333,38.59,1,2
20321,677366,68.07,1,3
20322,677400,41.83,1,2
20323,677433,40.05,1,2
20324,677466,68.52,1,3
20325,677500,43.26,1,2
20326,677533,41.11,1,2
20327,677566,62.06,1,3
20328,677600,47.16,1,2
20329,677633,45.8,1,2
20330,677666,61.72,1,3
20331,677700,53.57,1,3
20332,677733,52.29,1,3
20333,677766,53.11,1,3
20334,677800,63.37,1,3
20335,677833,61.77,1,3
20336,677866,46.02,1,2
20337,677900,65.18,1,3
20338,677933,64.84,1,3
20339,677966,39.2,1,2
20340,678000,73.47,1,3
20341,678033,73.18,1,3
20342,678066,39.01,1,2
20343,678100,74.95,1,3
20344,678133,74.45,1,3
20345,678166,37.14,1,2
20346,678200,68.07,1,3
20347,678233,67.34,1,3
20348,678266,37.44,1,2
20349,678300,71.16,1,3
20350,678333,70.55,1,3
20351,678366,50.25,1,3
20352,678400,68.52,1,3
20353,678433,66.67,1,3
20354,678466,55.9,1,3
20355,678500,61.74,1,3
20356,678533,60.61,1,3
20357,678566,57.66,1,3
20358,678600,48.82,1,2
20359,678633,47.16,1,2
20360,678666,60.69,1,3
20361,678700,45.45,1,2
20362,678733,43.54,1,2
20363,678766,66.96,1,3
20364,678800,38.54,1,2
20365,678833,36.6,1,2
20366,678866,64.64,1,3
20367,678900,36.93,1,2
20368,678933,35.32,1,2
20369,678966,75.71,1,4
20370,679000,42.09,1,2
20371,679033,40.75,1,2
20372,679066,69.98,1,3
20373,679100,44.82,1,2
20374,679133,42.44,1,2
20375,679166,59.24,1,3
20376,679200,57.53,1,3
20377,679233,56.1,1,3
20378,679266,93.96,1,4
20379,679300,82.75,1,4
20380,679333,81.26,1,4
20381,679366,82.11,1,4
20382,679400,84.49,1,4
20383,679433,82.29,1,4
20384,679466,67.85,1,3
20385,679500,79.4,1,4
20386,679533,78.12,1,4
20387,679566,50.28,1,3
20388,679600,74.96,1,3
20389,679633,72.66,1,3
20390,679666,35.61,1,2
20391,679700,71.13,1,3
20392,679733,69.95,1,3
20393,679766,33.17,1,2
20394,679800,69.34,1,3
20395,679833,67.27,1,3
20396,679866,36.53,1,2
20397,679900,73.8,1,3
20398,679933,72.56,1,3
20399,679966,48.61,1,2
20400,680000,70.56,1,3
20401,680033,68.36,1,3
20402,680066,57.56,1,3
20403,680100,65.68,1,3
20404,680133,64.27,1,3
20405,680166,71.19,1,3
20406,680200,56.35,1,3
20407,680233,54.5,1,3
20408,680266,78.92,1,4
20409,680300,56.84,1,3
20410,680333,54.32,1,3
20411,680366,83.86,1,4
20412,680400,43.87,1,2
20413,680433,41.99,1,2
20414,680466,67.44,1,3
20415,680500,37.6,1,2
20416,680533,35.34,1,2
20417,680566,70.95,1,3
20418,680600,51,1,3
20419,680633,48.79,1,2
20420,680666,56.1,1,3
20421,680700,54.88,1,3
20422,680733,53.38,1,3
20423,680766,60.52,1,3
20424,680800,58.01,1,3
20425,680833,57.03,1,3
20426,680866,41.71,1,2
20427,680900,64.14,1,3
20428,680933,62.27,1,3
20429,680966,43.89,1,2
20430,681000,67.94,1,3
20431,681033,67.47,1,3
20432,681066,31.41,1,2
20433,681100,69.62,1,3
20434,681133,69.17,1,3
20435,681166,40.21,1,2
20436,681200,78.59,1,4
20437,681233,77.23,1,4
20438,681266,37.43,1,2
20439,681300,78.98,1,4
20440,681333,76.96,1,4
20441,681366,45.52,1,2
20442,681400,67.65,1,3
20443,681433,65.88,1,3
20444,681466,43.75,1,2
20445,681500,70.98,1,3
20446,681533,68.43,1,3
20447,681566,63.79,1,3
20448,681600,65.51,1,3
20449,681633,62.77,1,3
20450,681666,60.56,1,3
20451,681700,48.82,1,2
20452,681733,46.34,1,2
20453,681766,67.29,1,3
20454,681800,43.49,1,2
20455,681833,41.27,1,2
20456,681866,62.51,1,3
20457,681900,42.82,1,2
20458,681933,41.11,1,2
20459,681966,64.91,1,3
20460,682000,35.08,1,2
20461,682033,33.53,1,2
20462,682066,64.4,1,3
20463,682100,42.58,1,2
20464,682133,41.45,1,2
20465,682166,73.64,1,3
20466,682200,49.65,1,2
20467,682233,47.79,1,2
20468,682266,72.32,1,3
20469,682300,52.05,1,3
20470,682333,50.43,1,3
20471,682366,61.68,1,3
20472,682400,61.54,1,3
20473,682433,58.6,1,3
20474,682466,51.71,1,3
20475,682500,69.65,1,3
20476,682533,68.27,1,3
20477,682566,56.73,1,3
20478,682600,72.76,1,3
20479,682633,71.98,1,3
20480,682666,34.77,1,2
20481,682700,67.8,1,3
20482,682733,66.42,1,3
20483,682766,33.56,1,2
20484,682800,69.28,1,3
20485,682833,67.26,1,3
20486,682866,32.01,1,2
20487,682900,67.51,1,3
20488,682933,66.22,1,3
20489,682966,38.05,1,2
20490,683000,63.46,1,3
20491,683033,62.22,1,3
20492,683066,47.65,1,2
20493,683100,66.22,1,3
20494,683133,63.71,1,3
20495,683166,56.96,1,3
20496,683200,62.01,1,3
20497,683233,59.47,1,3
20498,683266,89,1,4
20499,683300,69.17,1,3
20500,683333,69.33,1,3
20501,683366,88.62,1,4
20502,683400,63.03,1,3
20503,683433,60.66,1,3
20504,683466,88.84,1,4
20505,683500,62.52,1,3
20506,683533,59.55,1,3
20507,683566,90.58,1,4
20508,683600,52.57,1,3
20509,683633,48.08,1,2
20510,683666,67.33,1,3
20511,683700,48.58,1,2
20512,683733,45.87,1,2
20513,683766,73.74,1,3
20514,683800,56.3,1,3
20515,683833,53.81,1,3
20516,683866,46.75,1,2
20517,683900,65.95,1,3
20518,683933,64.23,1,3
20519,683966,49.88,1,2
20520,684000,66.46,1,3
20521,684033,65.73,1,3
20522,684066,35.72,1,2
20523,684100,72.74,1,3
20524,684133,71.85,1,3
20525,684166,45.82,1,2
20526,684200,67.59,1,3
20527,684233,66.76,1,3
20528,684266,29.31,1,2
20529,684300,70.82,1,3
20530,684333,69.98,1,3
20531,684366,36.39,1,2
20532,684400,81.7,1,4
20533,684433,80.67,1,4
20534,684466,45.11,1,2
20535,684500,74.18,1,3
20536,684533,72.72,1,3
20537,684566,50.45,1,3
20538,684600,64.11,1,3
20539,684633,62.81,1,3
20540,684666,54.3,1,3
20541,684700,61.13,1,3
20542,684733,58.77,1,3
20543,684766,61.9,1,3
20544,684800,50.41,1,3
20545,684833,47,1,2
20546,684866,61.75,1,3
20547,684900,43.85,1,2
20548,684933,42.02,1,2
20549,684966,65.14,1,3
20550,685000,36.99,1,2
20551,685033,35.51,1,2
20552,685066,70.86,1,3
20553,685100,38.3,1,2
20554,685133,36.38,1,2
20555,685166,65.23,1,3
20556,685200,36.91,1,2
20557,685233,35.46,1,2
20558,685266,63.91,1,3
20559,685300,48.68,1,2
20560,685333,46.9,1,2
20561,685366,67.32,1,3
20562,685400,59.81,1,3
20563,685433,58.31,1,3
20564,685466,64.48,1,3
20565,685500,58.36,1,3
20566,685533,57.64,1,3
20567,685566,51.56,1,3
20568,685600,64.01,1,3
20569,685633,60.64,1,3
20570,685666,42.11,1,2
20571,685700,71.29,1,3
20572,685733,70.63,1,3
20573,685766,33.86,1,2
20574,685800,70.39,1,3
20575,685833,68.63,1,3
20576,685866,31.52,1,2
20577,685900,65.41,1,3
20578,685933,64.32,1,3
20579,685966,37.43,1,2
20580,686000,68.99,1,3
20581,686033,67.05,1,3
20582,686066,44.55,1,2
20583,686100,66.21,1,3
20584,686133,64.27,1,3
20585,686166,48.94,1,2
20586,686200,59.65,1,3
20587,686233,58.11,1,3
20588,686266,56.12,1,3
20589,686300,59.99,1,3
20590,686333,58.29,1,3
20591,686366,72.84,1,3
20592,686400,49.65,1,2
20593,686433,47.72,1,2
20594,686466,65.7,1,3
20595,686500,34.94,1,2
20596,686533,33.18,1,2
20597,686566,64.56,1,3
20598,686600,37.65,1,2
20599,686633,35.91,1,2
20600,686666,64.06,1,3
20601,686700,41.15,1,2
20602,686733,38.81,1,2
20603,686766,61.57,1,3
20604,686800,45.57,1,2
20605,686833,44.17,1,2
20606,686866,55.52,1,3
20607,686900,57.77,1,3
20608,686933,56.48,1,3
20609,686966,50.89,1,3
20610,687000,67.01,1,3
20611,687033,64.22,1,3
20612,687066,42.27,1,2
20613,687100,65.62,1,3
20614,687133,64.55,1,3
20615,687166,34.95,1,2
20616,687200,68.8,1,3
20617,687233,67.11,1,3
20618,687266,76.55,1,4
20619,687300,90.69,1,4
20620,687333,89.94,1,4
20621,687366,60.24,1,3
20622,687400,86.69,1,4
20623,687433,85.84,1,4
20624,687466,48.37,1,2
20625,687500,82.36,1,4
20626,687533,79.95,1,4
20627,687566,59.9,1,3
20628,687600,74.84,1,3
20629,687633,70.09,1,3
20630,687666,51.59,1,3
20631,687700,68.22,1,3
20632,687733,65.3,1,3
20633,687766,66.78,1,3
20634,687800,54.82,1,3
20635,687833,52.39,1,3
20636,687866,56.7,1,3
20637,687900,47.4,1,2
20638,687933,45.6,1,2
20639,687966,71.08,1,3
20640,688000,41.23,1,2
20641,688033,38.77,1,2
20642,688066,64.12,1,3
20643,688100,38.43,1,2
20644,688133,36.8,1,2
20645,688166,71.78,1,3
20646,688200,49.5,1,2
20647,688233,46.89,1,2
20648,688266,65.27,1,3
20649,688300,45.97,1,2
20650,688333,44.47,1,2
20651,688366,70.26,1,3
20652,688400,48.71,1,2
20653,688433,47.37,1,2
20654,688466,48.92,1,2
20655,688500,57.73,1,3
20656,688533,56.81,1,3
20657,688566,55.53,1,3
20658,688600,64.67,1,3
20659,688633,63.58,1,3
20660,688666,37.67,1,2
20661,688700,64.87,1,3
20662,688733,63.64,1,3
20663,688766,38.28,1,2
20664,688800,66.34,1,3
20665,688833,65.71,1,3
20666,688866,31.58,1,2
20667,688900,69.08,1,3
20668,688933,68.14,1,3
20669,688966,32.52,1,2
20670,689000,66.97,1,3
20671,689033,66.15,1,3
20672,689066,33.18,1,2
20673,689100,71.58,1,3
20674,689133,69.66,1,3
20675,689166,57.79,1,3
20676,689200,70.34,1,3
20677,689233,69.42,1,3
20678,689266,62.51,1,3
20679,689300,64.15,1,3
20680,689333,62.44,1,3
20681,689366,65.48,1,3
20682,689400,49,1,2
20683,689433,46.71,1,2
20684,689466,68.37,1,3
20685,689500,45.67,1,2
20686,689533,44.04,1,2
20687,689566,70.47,1,3
20688,689600,38.96,1,2
20689,689633,37.01,1,2
20690,689666,65.26,1,3
20691,689700,38.26,1,2
20692,689733,36.02,1,2
20693,689766,58.55,1,3
20694,689800,43.09,1,2
20695,689833,40.93,1,2
20696,689866,61.35,1,3
20697,689900,53.03,1,3
20698,689933,50.67,1,3
20699,689966,53.26,1,3
20700,690000,57.97,1,3
20701,690033,55.72,1,3
20702,690066,46.97,1,2
20703,690100,70.2,1,3
20704,690133,69.16,1,3
20705,690166,55.71,1,3
20706,690200,78.85,1,4
20707,690233,77.81,1,4
20708,690266,35.45,1,2
20709,690300,68.42,1,3
20710,690333,67.65,1,3
20711,690366,36.47,1,2
20712,690400,75.91,1,4
20713,690433,75.4,1,4
20714,690466,40.79,1,2
20715,690500,73.84,1,3
20716,690533,72.51,1,3
20717,690566,45.31,1,2
20718,690600,66.66,1,3
20719,690633,65.06,1,3
20720,690666,41.05,1,2
20721,690700,61.74,1,3
20722,690733,59.42,1,3
20723,690766,57.38,1,3
20724,690800,54.64,1,3
20725,690833,52.92,1,3
20726,690866,59.49,1,3
20727,690900,44.06,1,2
20728,690933,42.32,1,2
20729,690966,63.35,1,3
20730,691000,41.92,1,2
20731,691033,40.37,1,2
20732,691066,66.35,1,3
20733,691100,46.62,1,2
20734,691133,44.31,1,2
20735,691166,74.51,1,3
20736,691200,37.91,1,2
20737,691233,36.35,1,2
20738,691266,93.18,1,4
20739,691300,64.65,1,3
20740,691333,62.96,1,3
20741,691366,88.95,1,4
20742,691400,71.62,1,3
20743,691433,68.99,1,3
20744,691466,84.66,1,4
20745,691500,73.41,1,3
20746,691533,71.04,1,3
20747,691566,77.92,1,4
20748,691600,69.71,1,3
20749,691633,66.76,1,3
20750,691666,59.29,1,3
20751,691700,71.34,1,3
20752,691733,69.72,1,3
20753,691766,48.48,1,2
20754,691800,72.47,1,3
20755,691833,69.85,1,3
20756,691866,33.32,1,2
20757,691900,69.02,1,3
20758,691933,67.7,1,3
20759,691966,30.83,1,2
20760,692000,70.37,1,3
20761,692033,69.4,1,3
20762,692066,37.73,1,2
20763,692100,71.54,1,3
20764,692133,69.97,1,3
20765,692166,39.99,1,2
20766,692200,67.71,1,3
20767,692233,64.9,1,3
20768,692266,50.87,1,3
20769,692300,66.23,1,3
20770,692333,64.05,1,3
20771,692366,70.97,1,3
20772,692400,70.44,1,3
20773,692433,66.61,1,3
20774,692466,73.47,1,3
20775,692500,45.86,1,2
20776,692533,44.11,1,2
20777,692566,69.01,1,3
20778,692600,37.96,1,2
20779,692633,36.11,1,2
20780,692666,65.57,1,3
20781,692700,38.55,1,2
20782,692733,37.11,1,2
20783,692766,66.51,1,3
20784,692800,39.38,1,2
20785,692833,37.46,1,2
20786,692866,50.46,1,3
20787,692900,43.1,1,2
20788,692933,41.41,1,2
20789,692966,62,1,3
20790,693000,52.67,1,3
20791,693033,50.17,1,3
20792,693066,47.64,1,2
20793,693100,61.34,1,3
20794,693133,60.45,1,3
20795,693166,48.88,1,2
20796,693200,64.5,1,3
20797,693233,63.03,1,3
20798,693266,36.71,1,2
20799,693300,78.66,1,4
20800,693333,77.83,1,4
20801,693366,49.65,1,2
20802,693400,74.51,1,3
20803,693433,73.67,1,3
20804,693466,32.61,1,2
20805,693500,68.9,1,3
20806,693533,67.7,1,3
20807,693566,37.24,1,2
20808,693600,70.63,1,3
20809,693633,68.22,1,3
20810,693666,35.04,1,2
20811,693700,69.05,1,3
20812,693733,67.91,1,3
20813,693766,49.34,1,2
20814,693800,59.11,1,3
20815,693833,57.75,1,3
20816,693866,46.25,1,2
20817,693900,57.24,1,3
20818,693933,56.09,1,3
20819,693966,57.45,1,3
20820,694000,49.07,1,2
20821,694033,47.23,1,2
20822,694066,57.32,1,3
20823,694100,41.06,1,2
20824,694133,38.46,1,2
20825,694166,65.46,1,3
20826,694200,43.32,1,2
20827,694233,39.13,1,2
20828,694266,73.2,1,3
20829,694300,45.51,1,2
20830,694333,44.37,1,2
20831,694366,74.8,1,3
20832,694400,49.41,1,2
20833,694433,45.76,1,2
20834,694466,63.46,1,3
20835,694500,46.03,1,2
20836,694533,43.44,1,2
20837,694566,60.89,1,3
20838,694600,55.08,1,3
20839,694633,53.79,1,3
20840,694666,62.9,1,3
20841,694700,62.85,1,3
20842,694733,60.8,1,3
20843,694766,42.4,1,2
20844,694800,63.16,1,3
20845,694833,62.65,1,3
20846,694866,39.33,1,2
20847,694900,68.82,1,3
20848,694933,68.5,1,3
20849,694966,33.83,1,2
20850,695000,66.91,1,3
20851,695033,65.61,1,3
20852,695066,33.25,1,2
20853,695100,67.56,1,3
20854,695133,67.16,1,3
20855,695166,36.49,1,2
20856,695200,71.7,1,3
20857,695233,70.8,1,3
20858,695266,78.1,1,4
20859,695300,90.65,1,4
20860,695333,89.6,1,4
20861,695366,73.32,1,3
20862,695400,74.99,1,3
20863,695433,73.13,1,3
20864,695466,77.15,1,4
20865,695500,66.46,1,3
20866,695533,63.99,1,3
20867,695566,81.11,1,4
20868,695600,57.29,1,3
20869,695633,52.93,1,3
20870,695666,74.23,1,3
20871,695700,39.51,1,2
20872,695733,36.9,1,2
20873,695766,67.78,1,3
20874,695800,38.08,1,2
20875,695833,36.5,1,2
20876,695866,62.03,1,3
20877,695900,44.55,1,2
20878,695933,42.78,1,2
20879,695966,65.67,1,3
20880,696000,47.22,1,2
20881,696033,44.97,1,2
20882,696066,50.79,1,3
20883,696100,55.49,1,3
20884,696133,54.25,1,3
20885,696166,55.83,1,3
20886,696200,67.02,1,3
20887,696233,65.5,1,3
20888,696266,51.28,1,3
20889,696300,67.67,1,3
20890,696333,66,1,3
20891,696366,40.72,1,2
20892,696400,69.33,1,3
20893,696433,68.17,1,3
20894,696466,39.99,1,2
20895,696500,74.66,1,3
20896,696533,74.16,1,3
20897,696566,37.23,1,2
20898,696600,72.64,1,3
20899,696633,71.89,1,3
20900,696666,32.5,1,2
20901,696700,68.09,1,3
20902,696733,66.78,1,3
20903,696766,39.28,1,2
20904,696800,64.59,1,3
20905,696833,62.54,1,3
20906,696866,49.63,1,2
20907,696900,61.4,1,3
20908,696933,58.66,1,3
20909,696966,53.5,1,3
20910,697000,58.06,1,3
20911,697033,51.85,1,3
20912,697066,53.72,1,3
20913,697100,49.37,1,2
20914,697133,46.59,1,2
20915,697166,68.45,1,3
20916,697200,46.93,1,2
20917,697233,44.92,1,2
20918,697266,66.16,1,3
20919,697300,35.63,1,2
20920,697333,34.33,1,2
20921,697366,67.54,1,3
20922,697400,37.24,1,2
20923,697433,35.53,1,2
20924,697466,66.07,1,3
20925,697500,44.85,1,2
20926,697533,43.22,1,2
20927,697566,70.65,1,3
20928,697600,48.86,1,2
20929,697633,47.55,1,2
20930,697666,60.26,1,3
20931,697700,52.55,1,3
20932,697733,51.17,1,3
20933,697766,60.48,1,3
20934,697800,61.82,1,3
20935,697833,60.15,1,3
20936,697866,41.59,1,2
20937,697900,63.77,1,3
20938,697933,63.19,1,3
20939,697966,39.71,1,2
20940,698000,66.58,1,3
20941,698033,65.44,1,3
20942,698066,29.37,1,2
20943,698100,67.79,1,3
20944,698133,67.1,1,3
20945,698166,43.95,1,2
20946,698200,70.02,1,3
20947,698233,69.09,1,3
20948,698266,35.2,1,2
20949,698300,67.5,1,3
20950,698333,66.52,1,3
20951,698366,45.92,1,2
20952,698400,65.44,1,3
20953,698433,64.46,1,3
20954,698466,61.72,1,3
20955,698500,62.35,1,3
20956,698533,60.33,1,3
20957,698566,63.11,1,3
20958,698600,44.6,1,2
20959,698633,42.68,1,2
20960,698666,64.45,1,3
20961,698700,40.27,1,2
20962,698733,38.7,1,2
20963,698766,67.1,1,3
20964,698800,36.97,1,2
20965,698833,35.49,1,2
20966,698866,64.72,1,3
20967,698900,35.45,1,2
20968,698933,33.52,1,2
20969,698966,60.98,1,3
20970,699000,42.47,1,2
20971,699033,42.26,1,2
20972,699066,65.73,1,3
20973,699100,56.06,1,3
20974,699133,54.63,1,3
20975,699166,56.51,1,3
20976,699200,60.21,1,3
20977,699233,59.18,1,3
20978,699266,87.06,1,4
20979,699300,85.41,1,4
20980,699333,83.81,1,4
20981,699366,71.8,1,3
20982,699400,88.68,1,4
20983,699433,87.97,1,4
20984,699466,55.27,1,3
20985,699500,85.17,1,4
20986,699533,84.14,1,4
20987,699566,45.72,1,2
20988,699600,76.85,1,4
20989,699633,72.88,1,3
20990,699666,37.02,1,2
20991,699700,70.78,1,3
20992,699733,69.26,1,3
20993,699766,39.19,1,2
20994,699800,70.78,1,3
20995,699833,69.66,1,3
20996,699866,41.09,1,2
20997,699900,65,1,3
20998,699933,63.88,1,3
20999,699966,54.06,1,3
21000,700000,75.42,1,4
21001,700033,73.97,1,3
21002,700066,65.44,1,3
21003,700100,58.96,1,3
21004,700133,56.24,1,3
21005,700166,66.11,1,3
21006,700200,47,1,2
21007,700233,44.58,1,2
21008,700266,65.7,1,3
21009,700300,49.25,1,2
21010,700333,46.77,1,2
21011,700366,74.17,1,3
21012,700400,44.67,1,2
21013,700433,43.12,1,2
21014,700466,66.98,1,3
21015,700500,38.42,1,2
21016,700533,36.53,1,2
21017,700566,65.29,1,3
21018,700600,40.42,1,2
21019,700633,38.84,1,2
21020,700666,65.39,1,3
21021,700700,52,1,3
21022,700733,50.75,1,3
21023,700766,56.91,1,3
21024,700800,57.76,1,3
21025,700833,56.49,1,3
21026,700866,47.49,1,2
21027,700900,64.11,1,3
21028,700933,63.27,1,3
21029,700966,42.05,1,2
21030,701000,69.46,1,3
21031,701033,67.88,1,3
21032,701066,37.48,1,2
21033,701100,70.36,1,3
21034,701133,69.28,1,3
21035,701166,29.99,1,2
21036,701200,71.86,1,3
21037,701233,71.38,1,3
21038,701266,40.44,1,2
21039,701300,77.21,1,4
21040,701333,76.73,1,4
21041,701366,55.97,1,3
21042,701400,72.58,1,3
21043,701433,71.3,1,3
21044,701466,54.07,1,3
21045,701500,62.33,1,3
21046,701533,60.68,1,3
21047,701566,56.34,1,3
21048,701600,53.87,1,3
21049,701633,52.26,1,3
21050,701666,67.76,1,3
21051,701700,47.66,1,2
21052,701733,45.85,1,2
21053,701766,68.1,1,3
21054,701800,36.49,1,2
21055,701833,34.48,1,2
21056,701866,65.11,1,3
21057,701900,34.71,1,2
21058,701933,33.17,1,2
21059,701966,65.16,1,3
21060,702000,44.21,1,2
21061,702033,42.62,1,2
21062,702066,63.76,1,3
21063,702100,45.67,1,2
21064,702133,43.78,1,2
21065,702166,57.82,1,3
21066,702200,58.69,1,3
21067,702233,56.94,1,3
21068,702266,66.36,1,3
21069,702300,75.59,1,4
21070,702333,74.52,1,3
21071,702366,51.47,1,3
21072,702400,64.19,1,3
21073,702433,62.75,1,3
21074,702466,39.53,1,2
21075,702500,72.13,1,3
21076,702533,71.57,1,3
21077,702566,36.97,1,2
21078,702600,72.96,1,3
21079,702633,72.07,1,3
21080,702666,38.28,1,2
21081,702700,70.64,1,3
21082,702733,68.12,1,3
21083,702766,31.46,1,2
21084,702800,66,1,3
21085,702833,64.88,1,3
21086,702866,37.55,1,2
21087,702900,69.4,1,3
21088,702933,68.64,1,3
21089,702966,47.89,1,2
21090,703000,62.54,1,3
21091,703033,60.62,1,3
21092,703066,53.96,1,3
21093,703100,65.13,1,3
21094,703133,62.35,1,3
21095,703166,69.69,1,3
21096,703200,59.11,1,3
21097,703233,57.12,1,3
21098,703266,95.91,1,4
21099,703300,74.62,1,3
21100,703333,72.35,1,3
21101,703366,89.75,1,4
21102,703400,59.31,1,3
21103,703433,55.87,1,3
21104,703466,84.58,1,4
21105,703500,57.35,1,3
21106,703533,53.03,1,3
21107,703566,87.56,1,4
21108,703600,55.15,1,3
21109,703633,51.6,1,3
21110,703666,68.9,1,3
21111,703700,50.55,1,3
21112,703733,47.4,1,2
21113,703766,65.52,1,3
21114,703800,56.05,1,3
21115,703833,53.25,1,3
21116,703866,50.47,1,3
21117,703900,59.05,1,3
21118,703933,57.4,1,3
21119,703966,48.41,1,2
21120,704000,65.36,1,3
21121,704033,64.7,1,3
21122,704066,34.09,1,2
21123,704100,71.97,1,3
21124,704133,70.25,1,3
21125,704166,46.06,1,2
21126,704200,77.96,1,4
21127,704233,76.99,1,4
21128,704266,36.5,1,2
21129,704300,71.63,1,3
21130,704333,70.21,1,3
21131,704366,40.8,1,2
21132,704400,68.77,1,3
21133,704433,67.61,1,3
21134,704466,50.72,1,3
21135,704500,75.91,1,4
21136,704533,74.58,1,3
21137,704566,66.31,1,3
21138,704600,67,1,3
21139,704633,62.47,1,3
21140,704666,62.52,1,3
21141,704700,51.29,1,3
21142,704733,49.09,1,2
21143,704766,67.53,1,3
21144,704800,42.94,1,2
21145,704833,41.06,1,2
21146,704866,63.25,1,3
21147,704900,35.61,1,2
21148,704933,33.98,1,2
21149,704966,65.28,1,3
21150,705000,35.03,1,2
21151,705033,33.17,1,2
21152,705066,57.09,1,3
21153,705100,42.85,1,2
21154,705133,41.29,1,2
21155,705166,73.96,1,3
21156,705200,49.85,1,2
21157,705233,48.62,1,2
21158,705266,49.17,1,2
21159,705300,57.78,1,3
21160,705333,56.76,1,3
21161,705366,58.89,1,3
21162,705400,72.99,1,3
21163,705433,72.12,1,3
21164,705466,53.63,1,3
21165,705500,78.28,1,4
21166,705533,77.75,1,4
21167,705566,50.85,1,3
21168,705600,72.15,1,3
21169,705633,71.57,1,3
21170,705666,29.93,1,2
21171,705700,67.81,1,3
21172,705733,67.26,1,3
21173,705766,37.13,1,2
21174,705800,72.15,1,3
21175,705833,71.36,1,3
21176,705866,31.43,1,2
21177,705900,66.67,1,3
21178,705933,63.94,1,3
21179,705966,38.85,1,2
21180,706000,59.46,1,3
21181,706033,58.22,1,3
21182,706066,44.03,1,2
21183,706100,64.02,1,3
21184,706133,62.08,1,3
21185,706166,55.54,1,3
21186,706200,55.28,1,3
21187,706233,53.5,1,3
21188,706266,60.68,1,3
21189,706300,48.63,1,2
21190,706333,46.97,1,2
21191,706366,72.76,1,3
21192,706400,53.24,1,3
21193,706433,51.6,1,3
21194,706466,77.1,1,4
21195,706500,43.98,1,2
21196,706533,42.33,1,2
21197,706566,70.24,1,3
21198,706600,35.83,1,2
21199,706633,34.22,1,2
21200,706666,61.82,1,3
21201,706700,44.7,1,2
21202,706733,43.23,1,2
21203,706766,62.88,1,3
21204,706800,51.7,1,3
21205,706833,50.13,1,3
21206,706866,54.51,1,3
21207,706900,56.69,1,3
21208,706933,55.96,1,3
21209,706966,43.54,1,2
21210,707000,60.31,1,3
21211,707033,59.58,1,3
21212,707066,39.25,1,2
21213,707100,66.33,1,3
21214,707133,65.58,1,3
21215,707166,35.02,1,2
21216,707200,68.19,1,3
21217,707233,67.92,1,3
21218,707266,74.35,1,3
21219,707300,90.46,1,4
21220,707333,90.25,1,4
21221,707366,61.13,1,3
21222,707400,96.2,1,4
21223,707433,95.98,1,4
21224,707466,57.05,1,3
21225,707500,82.2,1,4
21226,707533,78.92,1,4
21227,707566,67.13,1,3
21228,707600,70.04,1,3
21229,707633,65.6,1,3
21230,707666,70.11,1,3
21231,707700,62.99,1,3
21232,707733,57.56,1,3
21233,707766,77.63,1,4
21234,707800,47.26,1,2
21235,707833,44.91,1,2
21236,707866,66.51,1,3
21237,707900,39.19,1,2
21238,707933,37.18,1,2
21239,707966,65.27,1,3
21240,708000,34.85,1,2
21241,708033,32.46,1,2
21242,708066,65.75,1,3
21243,708100,41.43,1,2
21244,708133,39.2,1,2
21245,708166,61.04,1,3
21246,708200,43.28,1,2
21247,708233,41.74,1,2
21248,708266,59.87,1,3
21249,708300,60.55,1,3
21250,708333,62.92,1,3
21251,708366,62.85,1,3
21252,708400,70.48,1,3
21253,708433,66.77,1,3
21254,708466,48.85,1,2
21255,708500,71.03,1,3
21256,708533,69.4,1,3
21257,708566,43.42,1,2
21258,708600,75.5,1,4
21259,708633,74.35,1,3
21260,708666,41.52,1,2
21261,708700,76.93,1,4
21262,708733,76.01,1,4
21263,708766,35.48,1,2
21264,708800,71.41,1,3
21265,708833,70.7,1,3
21266,708866,33.44,1,2
21267,708900,69.44,1,3
21268,708933,67.56,1,3
21269,708966,39.75,1,2
21270,709000,68.65,1,3
21271,709033,67.21,1,3
21272,709066,42.54,1,2
21273,709100,60.17,1,3
21274,709133,59.51,1,3
21275,709166,52.35,1,3
21276,709200,61.22,1,3
21277,709233,59.95,1,3
21278,709266,58.87,1,3
21279,709300,56.27,1,3
21280,709333,54.94,1,3
21281,709366,64.6,1,3
21282,709400,45.87,1,2
21283,709433,43.9,1,2
21284,709466,64.34,1,3
21285,709500,38.11,1,2
21286,709533,36.14,1,2
21287,709566,72.61,1,3
21288,709600,42.97,1,2
21289,709633,40.15,1,2
21290,709666,71.82,1,3
21291,709700,37.37,1,2
21292,709733,35.53,1,2
21293,709766,66.35,1,3
21294,709800,41.49,1,2
21295,709833,39.39,1,2
21296,709866,61.72,1,3
21297,709900,44.63,1,2
21298,709933,42.4,1,2
21299,709966,60.83,1,3
21300,710000,55.63,1,3
21301,710033,53.99,1,3
21302,710066,46.65,1,2
21303,710100,61.54,1,3
21304,710133,59.84,1,3
21305,710166,44.09,1,2
21306,710200,65.35,1,3
21307,710233,64.47,1,3
21308,710266,45.9,1,2
21309,710300,74.74,1,3
21310,710333,73.62,1,3
21311,710366,35.64,1,2
21312,710400,71.42,1,3
21313,710433,70.63,1,3
21314,710466,30.54,1,2
21315,710500,71.65,1,3
21316,710533,69.53,1,3
21317,710566,37.32,1,2
21318,710600,70.06,1,3
21319,710633,68.3,1,3
21320,710666,47.01,1,2
21321,710700,70.1,1,3
21322,710733,67.82,1,3
21323,710766,50.04,1,3
21324,710800,59.31,1,3
21325,710833,53.87,1,3
21326,710866,58.5,1,3
21327,710900,48.76,1,2
21328,710933,47.25,1,2
21329,710966,69.59,1,3
21330,711000,40.17,1,2
21331,711033,38.35,1,2
21332,711066,64.43,1,3
21333,711100,36.09,1,2
21334,711133,34.61,1,2
21335,711166,66.91,1,3
21336,711200,41.07,1,2
21337,711233,39.28,1,2
21338,711266,94.73,1,4
21339,711300,61.58,1,3
21340,711333,59.38,1,3
21341,711366,87.3,1,4
21342,711400,64.32,1,3
21343,711433,62.13,1,3
21344,711466,67,1,3
21345,711500,65.71,1,3
21346,711533,63.39,1,3
21347,711566,76.47,1,4
21348,711600,70.85,1,3
21349,711633,66.83,1,3
21350,711666,54.52,1,3
21351,711700,67.18,1,3
21352,711733,64.36,1,3
21353,711766,42.8,1,2
21354,711800,71.84,1,3
21355,711833,70.9,1,3
21356,711866,39.5,1,2
21357,711900,74,1,3
21358,711933,71.56,1,3
21359,711966,31.96,1,2
21360,712000,70.08,1,3
21361,712033,69.17,1,3
21362,712066,35.22,1,2
21363,712100,72.53,1,3
21364,712133,69.93,1,3
21365,712166,40.38,1,2
21366,712200,72.91,1,3
21367,712233,71.09,1,3
21368,712266,52.39,1,3
21369,712300,68.11,1,3
21370,712333,66.84,1,3
21371,712366,54.35,1,3
21372,712400,60.3,1,3
21373,712433,60.74,1,3
21374,712466,61,1,3
21375,712500,61.76,1,3
21376,712533,58.57,1,3
21377,712566,69.65,1,3
21378,712600,44.56,1,2
21379,712633,42.72,1,2
21380,712666,66.21,1,3
21381,712700,37.87,1,2
21382,712733,36.2,1,2
21383,712766,68.87,1,3
21384,712800,34.88,1,2
21385,712833,33.07,1,2
21386,712866,63.82,1,3
21387,712900,40.04,1,2
21388,712933,38.07,1,2
21389,712966,66,1,3
21390,713000,46.22,1,2
21391,713033,44.62,1,2
21392,713066,57.93,1,3
21393,713100,58.66,1,3
21394,713133,57.27,1,3
21395,713166,56.07,1,3
21396,713200,69.41,1,3
21397,713233,68.52,1,3
21398,713266,44.52,1,2
21399,713300,69.2,1,3
21400,713333,68.3,1,3
21401,713366,42.03,1,2
21402,713400,72.26,1,3
21403,713433,71.75,1,3
21404,713466,39.49,1,2
21405,713500,73.48,1,3
21406,713533,72.06,1,3
21407,713566,38.72,1,2
21408,713600,73.38,1,3
21409,713633,72.28,1,3
21410,713666,36.58,1,2
21411,713700,66.75,1,3
21412,713733,65.26,1,3
21413,713766,41.75,1,2
21414,713800,62.43,1,3
21415,713833,61.41,1,3
21416,713866,52.79,1,3
21417,713900,57.36,1,3
21418,713933,54.74,1,3
21419,713966,65.84,1,3
21420,714000,44.41,1,2
21421,714033,42.33,1,2
21422,714066,67.26,1,3
21423,714100,44.5,1,2
21424,714133,42.78,1,2
21425,714166,71.03,1,3
21426,714200,38.58,1,2
21427,714233,36.58,1,2
21428,714266,63.65,1,3
21429,714300,37.1,1,2
21430,714333,35.27,1,2
21431,714366,67.71,1,3
21432,714400,48.18,1,2
21433,714433,45.77,1,2
21434,714466,62.16,1,3
21435,714500,58.72,1,3
21436,714533,56.3,1,3
21437,714566,66.46,1,3
21438,714600,58.39,1,3
21439,714633,56.55,1,3
21440,714666,51.66,1,3
21441,714700,60.4,1,3
21442,714733,59.62,1,3
21443,714766,48.91,1,2
21444,714800,64.67,1,3
21445,714833,63.81,1,3
21446,714866,39.8,1,2
21447,714900,64.96,1,3
21448,714933,64,1,3
21449,714966,34.23,1,2
21450,715000,68.58,1,3
21451,715033,68.29,1,3
21452,715066,29.26,1,2
21453,715100,73.75,1,3
21454,715133,72.79,1,3
21455,715166,35.34,1,2
21456,715200,70.99,1,3
21457,715233,70.52,1,3
21458,715266,72.86,1,3
21459,715300,87.57,1,4
21460,715333,86.31,1,4
21461,715366,63.69,1,3
21462,715400,89.23,1,4
21463,715433,88.44,1,4
21464,715466,73.65,1,3
21465,715500,79.79,1,4
21466,715533,73.64,1,3
21467,715566,77,1,4
21468,715600,55.55,1,3
21469,715633,50.9,1,3
21470,715666,68.23,1,3
21471,715700,42.8,1,2
21472,715733,40.22,1,2
21473,715766,69.37,1,3
21474,715800,44.04,1,2
21475,715833,41.1,1,2
21476,715866,65.45,1,3
21477,715900,38.47,1,2
21478,715933,35.79,1,2
21479,715966,68.13,1,3
21480,716000,39.06,1,2
21481,716033,37.19,1,2
21482,716066,59.3,1,3
21483,716100,51.21,1,3
21484,716133,48.53,1,2
21485,716166,63.19,1,3
21486,716200,56.35,1,3
21487,716233,55.26,1,3
21488,716266,51.98,1,3
21489,716300,70.65,1,3
21490,716333,69.81,1,3
21491,716366,62.23,1,3
21492,716400,81.07,1,4
21493,716433,80.46,1,4
21494,716466,49.12,1,2
21495,716500,78.31,1,4
21496,716533,77.96,1,4
21497,716566,34.4,1,2
21498,716600,70.15,1,3
21499,716633,69.25,1,3
21500,716666,39.14,1,2
21501,716700,75.35,1,4
21502,716733,74.45,1,3
21503,716766,48.38,1,2
21504,716800,71.21,1,3
21505,716833,69.02,1,3
21506,716866,50.25,1,3
21507,716900,61.49,1,3
21508,716933,58.99,1,3
21509,716966,57.17,1,3
21510,717000,50.45,1,3
21511,717033,49.07,1,2
21512,717066,60.15,1,3
21513,717100,43.65,1,2
21514,717133,41.65,1,2
21515,717166,66.27,1,3
21516,717200,41.12,1,2
21517,717233,40.07,1,2
21518,717266,70.55,1,3
21519,717300,38.63,1,2
21520,717333,36.99,1,2
21521,717366,77.69,1,4
21522,717400,46.43,1,2
21523,717433,44.48,1,2
21524,717466,70.14,1,3
21525,717500,46.4,1,2
21526,717533,45.44,1,2
21527,717566,65.09,1,3
21528,717600,55.33,1,3
21529,717633,54.32,1,3
21530,717666,60.61,1,3
21531,717700,65.86,1,3
21532,717733,63.54,1,3
21533,717766,53.17,1,3
21534,717800,62.24,1,3
21535,717833,61.3,1,3
21536,717866,44.9,1,2
21537,717900,65.95,1,3
21538,717933,65.24,1,3
21539,717966,37.29,1,2
21540,718000,68.52,1,3
21541,718033,67.5,1,3
21542,718066,34.97,1,2
21543,718100,68.18,1,3
21544,718133,67.92,1,3
21545,718166,30.08,1,2
21546,718200,67.5,1,3
21547,718233,66.2,1,3
21548,718266,37.6,1,2
21549,718300,71.39,1,3
21550,718333,70.44,1,3
21551,718366,45.07,1,2
21552,718400,69.77,1,3
21553,718433,69.14,1,3
21554,718466,47.01,1,2
21555,718500,66.96,1,3
21556,718533,64.72,1,3
21557,718566,61.97,1,3
21558,718600,61.62,1,3
21559,718633,60.61,1,3
21560,718666,66.23,1,3
21561,718700,54.05,1,3
21562,718733,52.44,1,3
21563,718766,68.73,1,3
21564,718800,37.88,1,2
21565,718833,36.29,1,2
21566,718866,65.97,1,3
21567,718900,35.51,1,2
21568,718933,34.2,1,2
21569,718966,71.31,1,3
21570,719000,38.31,1,2
21571,719033,36.44,1,2
21572,719066,57.92,1,3
21573,719100,39.95,1,2
21574,719133,38.11,1,2
21575,719166,65,1,3
21576,719200,51.28,1,3
21577,719233,49.36,1,2
21578,719266,91.1,1,4
21579,719300,78.29,1,4
21580,719333,76.52,1,4
21581,719366,70.92,1,3
21582,719400,82.12,1,4
21583,719433,80.13,1,4
21584,719466,52.97,1,3
21585,719500,84.5,1,4
21586,719533,82.79,1,4
21587,719566,54.25,1,3
21588,719600,82.19,1,4
21589,719633,79.42,1,4
21590,719666,44.34,1,2
21591,719700,79.91,1,4
21592,719733,78.72,1,4
21593,719766,36.15,1,2
21594,719800,72.85,1,3
21595,719833,69.8,1,3
21596,719866,41.1,1,2
21597,719900,66.21,1,3
21598,719933,62.73,1,3
21599,719966,50.91,1,3
21600,720000,61.62,1,3
21601,720033,60.18,1,3
21602,720066,59.19,1,3
21603,720100,54.63,1,3
21604,720133,51.3,1,3
21605,720166,62.59,1,3
21606,720200,42.49,1,2
21607,720233,40.58,1,2
21608,720266,66.1,1,3
21609,720300,40.17,1,2
21610,720333,38.29,1,2
21611,720366,68.52,1,3
21612,720400,33.86,1,2
21613,720433,32.63,1,2
21614,720466,66.03,1,3
21615,720500,44.26,1,2
21616,720533,43.23,1,2
21617,720566,76.11,1,4
21618,720600,49.07,1,2
21619,720633,47.09,1,2
21620,720666,68.77,1,3
21621,720700,54.84,1,3
21622,720733,53.83,1,3
21623,720766,61.05,1,3
21624,720800,60.96,1,3
21625,720833,59.63,1,3
21626,720866,50.23,1,3
21627,720900,65.98,1,3
21628,720933,64.44,1,3
21629,720966,45.09,1,2
21630,721000,68.87,1,3
21631,721033,67.97,1,3
21632,721066,36.98,1,2
21633,721100,68.55,1,3
21634,721133,67.65,1,3
21635,721166,34.28,1,2
21636,721200,68.98,1,3
21637,721233,68.49,1,3
21638,721266,34.05,1,2
21639,721300,67.56,1,3
21640,721333,66.57,1,3
21641,721366,33.63,1,2
21642,721400,70.13,1,3
21643,721433,68.85,1,3
21644,721466,43.3,1,2
21645,721500,73.91,1,3
21646,721533,72.94,1,3
21647,721566,57.68,1,3
21648,721600,69.99,1,3
21649,721633,68.43,1,3
21650,721666,60.25,1,3
21651,721700,60.8,1,3
21652,721733,59.24,1,3
21653,721766,64.9,1,3
21654,721800,48.08,1,2
21655,721833,45.78,1,2
21656,721866,69.89,1,3
21657,721900,42.95,1,2
21658,721933,41.28,1,2
21659,721966,67.53,1,3
21660,722000,33.15,1,2
21661,722033,31.38,1,2
21662,722066,61,1,3
21663,722100,42.31,1,2
21664,722133,40.69,1,2
21665,722166,69.2,1,3
21666,722200,46.87,1,2
21667,722233,45.76,1,2
21668,722266,59.86,1,3
21669,722300,55.44,1,3
21670,722333,53.99,1,3
21671,722366,58.83,1,3
21672,722400,61.28,1,3
21673,722433,60.47,1,3
21674,722466,47.12,1,2
21675,722500,70.92,1,3
21676,722533,70.23,1,3
21677,722566,47.61,1,2
21678,722600,68.19,1,3
21679,722633,67.59,1,3
21680,722666,32.15,1,2
21681,722700,66.51,1,3
21682,722733,66.05,1,3
21683,722766,33.19,1,2
21684,722800,72.35,1,3
21685,722833,71.39,1,3
21686,722866,36.02,1,2
21687,722900,64.94,1,3
21688,722933,63.87,1,3
21689,722966,44.11,1,2
21690,723000,62.71,1,3
21691,723033,61.52,1,3
21692,723066,56.69,1,3
21693,723100,59.6,1,3
21694,723133,58.31,1,3
21695,723166,60.8,1,3
21696,723200,47.73,1,2
21697,723233,46.75,1,2
21698,723266,92.23,1,4
21699,723300,67.99,1,3
21700,723333,64.66,1,3
21701,723366,88.68,1,4
21702,723400,65.44,1,3
21703,723433,63.45,1,3
21704,723466,89.44,1,4
21705,723500,56.89,1,3
21706,723533,54.35,1,3
21707,723566,83.53,1,4
21708,723600,49.33,1,2
21709,723633,45.38,1,2
21710,723666,70.23,1,3
21711,723700,55.78,1,3
21712,723733,53.18,1,3
21713,723766,68.6,1,3
21714,723800,56.16,1,3
21715,723833,53.86,1,3
21716,723866,58.97,1,3
21717,723900,62.37,1,3
21718,723933,60,1,3
21719,723966,52.64,1,3
21720,724000,67.29,1,3
21721,724033,65.56,1,3
21722,724066,45.36,1,2
21723,724100,72.5,1,3
21724,724133,71.64,1,3
21725,724166,35.32,1,2
21726,724200,71.93,1,3
21727,724233,71.25,1,3
21728,724266,33.91,1,2
21729,724300,74.77,1,3
21730,724333,74.33,1,3
21731,724366,44.14,1,2
21732,724400,76.72,1,4
21733,724433,75.53,1,4
21734,724466,41.88,1,2
21735,724500,68.8,1,3
21736,724533,67.66,1,3
21737,724566,44.93,1,2
21738,724600,66.78,1,3
21739,724633,65.8,1,3
21740,724666,53.85,1,3
21741,724700,63.75,1,3
21742,724733,60.78,1,3
21743,724766,65.65,1,3
21744,724800,57.88,1,3
21745,724833,56.3,1,3
21746,724866,62.66,1,3
21747,724900,43.51,1,2
21748,724933,41.81,1,2
21749,724966,72.14,1,3
21750,725000,45.76,1,2
21751,725033,43.78,1,2
21752,725066,71.08,1,3
21753,725100,37.18,1,2
21754,725133,35.35,1,2
21755,725166,69.68,1,3
21756,725200,43.54,1,2
21757,725233,42.47,1,2
21758,725266,67.67,1,3
21759,725300,61.08,1,3
21760,725333,58.35,1,3
21761,725366,73.72,1,3
21762,725400,67.1,1,3
21763,725433,65.82,1,3
21764,725466,55.09,1,3
21765,725500,63.93,1,3
21766,725533,62.42,1,3
21767,725566,51.19,1,3
21768,725600,70.42,1,3
21769,725633,69.05,1,3
21770,725666,40.56,1,2
21771,725700,69.24,1,3
21772,725733,68.62,1,3
21773,725766,32.39,1,2
21774,725800,71,1,3
21775,725833,70.57,1,3
21776,725866,32.31,1,2
21777,725900,70.34,1,3
21778,725933,69.7,1,3
21779,725966,41.07,1,2
21780,726000,66.94,1,3
21781,726033,66.17,1,3
21782,726066,46.75,1,2
21783,726100,61.39,1,3
21784,726133,60.05,1,3
21785,726166,61.68,1,3
21786,726200,68.57,1,3
21787,726233,65.6,1,3
21788,726266,71.65,1,3
21789,726300,52.93,1,3
21790,726333,51.68,1,3
21791,726366,71.43,1,3
21792,726400,41.69,1,2
21793,726433,39.72,1,2
21794,726466,70.5,1,3
21795,726500,40.51,1,2
21796,726533,38.21,1,2
21797,726566,72.55,1,3
21798,726600,43.16,1,2
21799,726633,41.45,1,2
21800,726666,70.19,1,3
21801,726700,41.75,1,2
21802,726733,40.38,1,2
21803,726766,61.54,1,3
21804,726800,46.86,1,2
21805,726833,45.47,1,2
21806,726866,63.88,1,3
21807,726900,54.41,1,3
21808,726933,51.85,1,3
21809,726966,53.21,1,3
21810,727000,61.32,1,3
21811,727033,60.14,1,3
21812,727066,46.36,1,2
21813,727100,70.7,1,3
21814,727133,69.97,1,3
21815,727166,45.71,1,2
21816,727200,79.11,1,4
21817,727233,78.58,1,4
21818,727266,88.71,1,4
21819,727300,90.39,1,4
21820,727333,88.03,1,4
21821,727366,55.07,1,3
21822,727400,88.36,1,4
21823,727433,87.09,1,4
21824,727466,46.32,1,2
21825,727500,87.35,1,4
21826,727533,84.22,1,4
21827,727566,51.83,1,3
21828,727600,77.2,1,4
21829,727633,73.85,1,3
21830,727666,53.17,1,3
21831,727700,65.47,1,3
21832,727733,62.75,1,3
21833,727766,54.15,1,3
21834,727800,63.29,1,3
21835,727833,55.11,1,3
21836,727866,59.99,1,3
21837,727900,53.82,1,3
21838,727933,51.78,1,3
21839,727966,65.77,1,3
21840,728000,41.6,1,2
21841,728033,39.73,1,2
21842,728066,65.73,1,3
21843,728100,47.66,1,2
21844,728133,45.26,1,2
21845,728166,79.32,1,4
21846,728200,46.97,1,2
21847,728233,45.37,1,2
21848,728266,69.17,1,3
21849,728300,45.44,1,2
21850,728333,43.39,1,2
21851,728366,69.13,1,3
21852,728400,55.48,1,3
21853,728433,53.96,1,3
21854,728466,58.1,1,3
21855,728500,67.86,1,3
21856,728533,65.87,1,3
21857,728566,60.35,1,3
21858,728600,67.62,1,3
21859,728633,66.16,1,3
21860,728666,36.5,1,2
21861,728700,68.28,1,3
21862,728733,67.4,1,3
21863,728766,40.92,1,2
21864,728800,68.82,1,3
21865,728833,68.29,1,3
21866,728866,25.93,1,2
21867,728900,68.37,1,3
21868,728933,67.69,1,3
21869,728966,36.13,1,2
21870,729000,68.06,1,3
21871,729033,67,1,3
21872,729066,39.78,1,2
21873,729100,76.08,1,4
21874,729133,74.91,1,3
21875,729166,53.64,1,3
21876,729200,65.59,1,3
21877,729233,61.54,1,3
21878,729266,52.45,1,3
21879,729300,60.88,1,3
21880,729333,59.03,1,3
21881,729366,73.26,1,3
21882,729400,53.62,1,3
21883,729433,51.29,1,3
21884,729466,75.7,1,4
21885,729500,44.25,1,2
21886,729533,42.43,1,2
21887,729566,71.3,1,3
21888,729600,39.3,1,2
21889,729633,37.92,1,2
21890,729666,67.38,1,3
21891,729700,39.82,1,2
21892,729733,37.8,1,2
21893,729766,67.89,1,3
21894,729800,40.87,1,2
21895,729833,39.26,1,2
21896,729866,58.5,1,3
21897,729900,42.88,1,2
21898,729933,41.2,1,2
21899,729966,67.98,1,3
21900,730000,54.29,1,3
21901,730033,53.26,1,3
21902,730066,54.39,1,3
21903,730100,63.6,1,3
21904,730133,61.96,1,3
21905,730166,55.52,1,3
21906,730200,66.63,1,3
21907,730233,65.28,1,3
21908,730266,44.24,1,2
21909,730300,74.61,1,3
21910,730333,72.8,1,3
21911,730366,50.95,1,3
21912,730400,76.19,1,4
21913,730433,75.33,1,4
21914,730466,35.37,1,2
21915,730500,70.45,1,3
21916,730533,70.12,1,3
21917,730566,33.91,1,2
21918,730600,72.1,1,3
21919,730633,69.12,1,3
21920,730666,39.79,1,2
21921,730700,69.34,1,3
21922,730733,68.43,1,3
21923,730766,44.79,1,2
21924,730800,61.49,1,3
21925,730833,60.01,1,3
21926,730866,51.34,1,3
21927,730900,58.87,1,3
21928,730933,57.34,1,3
21929,730966,61.56,1,3
21930,731000,52.98,1,3
21931,731033,50.38,1,3
21932,731066,67.57,1,3
21933,731100,43.02,1,2
21934,731133,41.35,1,2
21935,731166,70.92,1,3
21936,731200,37.31,1,2
21937,731233,35.6,1,2
21938,731266,93.4,1,4
21939,731300,61.06,1,3
21940,731333,57.85,1,3
21941,731366,88.88,1,4
21942,731400,56.68,1,3
21943,731433,54.65,1,3
21944,731466,80.55,1,4
21945,731500,64.58,1,3
21946,731533,62.33,1,3
21947,731566,70.99,1,3
21948,731600,68.88,1,3
21949,731633,63.32,1,3
21950,731666,56.63,1,3
21951,731700,67.89,1,3
21952,731733,66,1,3
21953,731766,42.51,1,2
21954,731800,69.66,1,3
21955,731833,67.95,1,3
21956,731866,33.32,1,2
21957,731900,71.66,1,3
21958,731933,70.03,1,3
21959,731966,36.65,1,2
21960,732000,70.46,1,3
21961,732033,69.27,1,3
21962,732066,33.47,1,2
21963,732100,64.2,1,3
21964,732133,63.01,1,3
21965,732166,39.96,1,2
21966,732200,77.47,1,4
21967,732233,74.71,1,3
21968,732266,54.72,1,3
21969,732300,71.61,1,3
21970,732333,70.22,1,3
21971,732366,61.89,1,3
21972,732400,59.71,1,3
21973,732433,56.93,1,3
21974,732466,63.94,1,3
21975,732500,50.2,1,3
21976,732533,48.52,1,2
21977,732566,67.06,1,3
21978,732600,42.27,1,2
21979,732633,40.33,1,2
21980,732666,67.38,1,3
21981,732700,36.69,1,2
21982,732733,34.19,1,2
21983,732766,65.63,1,3
21984,732800,41.52,1,2
21985,732833,40.49,1,2
21986,732866,65.21,1,3
21987,732900,40.79,1,2
21988,732933,39.33,1,2
21989,732966,61.22,1,3
21990,733000,44.66,1,2
21991,733033,42.88,1,2
21992,733066,58.87,1,3
21993,733100,56.95,1,3
21994,733133,55.98,1,3
21995,733166,70.96,1,3
21996,733200,68.14,1,3
21997,733233,66.75,1,3
21998,733266,64.53,1,3
21999,733300,69.2,1,3
22000,733333,69.63,1,3
22001,733366,43.57,1,2
22002,733400,72.4,1,3
22003,733433,70.94,1,3
22004,733466,34.34,1,2
22005,733500,76.26,1,4
22006,733533,75.65,1,4
22007,733566,42.48,1,2
22008,733600,73.71,1,3
22009,733633,71.33,1,3
22010,733666,28.73,1,2
22011,733700,68.93,1,3
22012,733733,67.39,1,3
22013,733766,43.97,1,2
22014,733800,70.19,1,3
22015,733833,69.1,1,3
22016,733866,45.39,1,2
22017,733900,66.53,1,3
22018,733933,65.69,1,3
22019,733966,60.29,1,3
22020,734000,54.98,1,3
22021,734033,52.64,1,3
22022,734066,60.63,1,3
22023,734100,48.76,1,2
22024,734133,46.17,1,2
22025,734166,70.96,1,3
22026,734200,47.19,1,2
22027,734233,45.79,1,2
22028,734266,65.46,1,3
22029,734300,36.8,1,2
22030,734333,35.19,1,2
22031,734366,66.49,1,3
22032,734400,39.13,1,2
22033,734433,37.28,1,2
22034,734466,61.25,1,3
22035,734500,45.81,1,2
22036,734533,44.1,1,2
22037,734566,66.1,1,3
22038,734600,51.62,1,3
22039,734633,50.69,1,3
22040,734666,53.9,1,3
22041,734700,62.36,1,3
22042,734733,60.12,1,3
22043,734766,48.47,1,2
22044,734800,70.67,1,3
22045,734833,69.87,1,3
22046,734866,39.08,1,2
22047,734900,70.96,1,3
22048,734933,70.03,1,3
22049,734966,31.72,1,2
22050,735000,70.79,1,3
22051,735033,69.73,1,3
22052,735066,37.21,1,2
22053,735100,76.68,1,4
22054,735133,76.08,1,4
22055,735166,45.99,1,2
22056,735200,74.08,1,3
22057,735233,73.39,1,3
22058,735266,78.08,1,4
22059,735300,89.13,1,4
22060,735333,87.95,1,4
22061,735366,72.05,1,3
22062,735400,84.8,1,4
22063,735433,81.5,1,4
22064,735466,73.84,1,3
22065,735500,68.78,1,3
22066,735533,65.7,1,3
22067,735566,80.61,1,4
22068,735600,48.58,1,2
22069,735633,44.85,1,2
22070,735666,69.42,1,3
22071,735700,48.02,1,2
22072,735733,45.4,1,2
22073,735766,78.07,1,4
22074,735800,40.88,1,2
22075,735833,38.19,1,2
22076,735866,66.47,1,3
22077,735900,39.06,1,2
22078,735933,37.19,1,2
22079,735966,70.41,1,3
22080,736000,51.71,1,3
22081,736033,48.99,1,2
22082,736066,74.86,1,3
22083,736100,60.7,1,3
22084,736133,59.47,1,3
22085,736166,65.67,1,3
22086,736200,59.15,1,3
22087,736233,57.75,1,3
22088,736266,52.17,1,3
22089,736300,63.22,1,3
22090,736333,61.49,1,3
22091,736366,51,1,3
22092,736400,64.57,1,3
22093,736433,64.06,1,3
22094,736466,42.38,1,2
22095,736500,68.72,1,3
22096,736533,67.99,1,3
22097,736566,32.48,1,2
22098,736600,71.43,1,3
22099,736633,70.94,1,3
22100,736666,33.3,1,2
22101,736700,74.65,1,3
22102,736733,73.86,1,3
22103,736766,35.35,1,2
22104,736800,71.56,1,3
22105,736833,71.1,1,3
22106,736866,40.69,1,2
22107,736900,70.13,1,3
22108,736933,69.15,1,3
22109,736966,59.84,1,3
22110,737000,74.42,1,3
22111,737033,71.98,1,3
22112,737066,70.94,1,3
22113,737100,64.2,1,3
22114,737133,61.67,1,3
22115,737166,70.26,1,3
22116,737200,47.92,1,2
22117,737233,45.44,1,2
22118,737266,67.11,1,3
22119,737300,42.95,1,2
22120,737333,40.81,1,2
22121,737366,70.16,1,3
22122,737400,41.59,1,2
22123,737433,39.25,1,2
22124,737466,63.95,1,3
22125,737500,39.17,1,2
22126,737533,37.3,1,2
22127,737566,63.69,1,3
22128,737600,46.73,1,2
22129,737633,45.49,1,2
22130,737666,63.09,1,3
22131,737700,55.36,1,3
22132,737733,54.42,1,3
22133,737766,58.44,1,3
22134,737800,67.44,1,3
22135,737833,66.49,1,3
22136,737866,48.18,1,2
22137,737900,72.18,1,3
22138,737933,70.84,1,3
22139,737966,55.66,1,3
22140,738000,78.9,1,4
22141,738033,78.47,1,4
22142,738066,38.9,1,2
22143,738100,73.02,1,3
22144,738133,72.27,1,3
22145,738166,38.12,1,2
22146,738200,72.29,1,3
22147,738233,72.24,1,3
22148,738266,41,1,2
22149,738300,73.34,1,3
22150,738333,71.7,1,3
22151,738366,51.4,1,3
22152,738400,66.42,1,3
22153,738433,63.22,1,3
22154,738466,48.35,1,2
22155,738500,58.72,1,3
22156,738533,56.89,1,3
22157,738566,57.53,1,3
22158,738600,52.43,1,3
22159,738633,50.04,1,3
22160,738666,66.06,1,3
22161,738700,40.43,1,2
22162,738733,38.85,1,2
22163,738766,66.54,1,3
22164,738800,41.62,1,2
22165,738833,39.98,1,2
22166,738866,76.42,1,4
22167,738900,51.77,1,3
22168,738933,49.77,1,2
22169,738966,77.8,1,4
22170,739000,40.66,1,2
22171,739033,39.32,1,2
22172,739066,71.19,1,3
22173,739100,43.42,1,2
22174,739133,42.23,1,2
22175,739166,71.48,1,3
22176,739200,53.82,1,3
22177,739233,52.33,1,3
22178,739266,92.41,1,4
22179,739300,74.98,1,3
22180,739333,74.13,1,3
22181,739366,72.85,1,3
22182,739400,75.7,1,4
22183,739433,73.92,1,3
22184,739466,60.41,1,3
22185,739500,78.89,1,4
22186,739533,77.18,1,4
22187,739566,51.34,1,3
22188,739600,73.21,1,3
22189,739633,70.62,1,3
22190,739666,35.02,1,2
22191,739700,72.09,1,3
22192,739733,71.4,1,3
22193,739766,35.97,1,2
22194,739800,79.31,1,4
22195,739833,77.67,1,4
22196,739866,42.57,1,2
22197,739900,78.62,1,4
22198,739933,76.63,1,4
22199,739966,53.84,1,3
22200,740000,70.52,1,3
22201,740033,69.88,1,3
22202,740066,50.4,1,3
22203,740100,69.9,1,3
22204,740133,68.41,1,3
22205,740166,66.05,1,3
22206,740200,69.66,1,3
22207,740233,68.2,1,3
22208,740266,72.17,1,3
22209,740300,49.61,1,2
22210,740333,47.62,1,2
22211,740366,71.74,1,3
22212,740400,39.91,1,2
22213,740433,37.94,1,2
22214,740466,65.75,1,3
22215,740500,39.44,1,2
22216,740533,37.81,1,2
22217,740566,66.48,1,3
22218,740600,37.86,1,2
22219,740633,36.03,1,2
22220,740666,59.55,1,3
22221,740700,44.8,1,2
22222,740733,43.14,1,2
22223,740766,68.33,1,3
22224,740800,57.46,1,3
22225,740833,56.28,1,3
22226,740866,60.34,1,3
22227,740900,67.48,1,3
22228,740933,65.89,1,3
22229,740966,51.98,1,3
22230,741000,69.06,1,3
22231,741033,68.23,1,3
22232,741066,43.85,1,2
22233,741100,79.7,1,4
22234,741133,77.56,1,4
22235,741166,44.78,1,2
22236,741200,79.77,1,4
22237,741233,79.19,1,4
22238,741266,35.32,1,2
22239,741300,72.43,1,3
22240,741333,71.2,1,3
22241,741366,37.37,1,2
22242,741400,70.23,1,3
22243,741433,69.67,1,3
22244,741466,44.02,1,2
22245,741500,65.07,1,3
22246,741533,64.04,1,3
22247,741566,49.66,1,2
22248,741600,61.91,1,3
22249,741633,60.56,1,3
22250,741666,62.35,1,3
22251,741700,53.81,1,3
22252,741733,49.52,1,2
22253,741766,66.15,1,3
22254,741800,56.44,1,3
22255,741833,54.71,1,3
22256,741866,67.33,1,3
22257,741900,40.64,1,2
22258,741933,39.33,1,2
22259,741966,70.27,1,3
22260,742000,43.59,1,2
22261,742033,41.94,1,2
22262,742066,76.43,1,4
22263,742100,47.28,1,2
22264,742133,46.15,1,2
22265,742166,72.2,1,3
22266,742200,45.38,1,2
22267,742233,44.11,1,2
22268,742266,58.37,1,3
22269,742300,50.41,1,3
22270,742333,48.54,1,2
22271,742366,57.83,1,3
22272,742400,56.53,1,3
22273,742433,54.72,1,3
22274,742466,52.59,1,3
22275,742500,61.37,1,3
22276,742533,59.86,1,3
22277,742566,44.05,1,2
22278,742600,66.66,1,3
22279,742633,66.09,1,3
22280,742666,40.85,1,2
22281,742700,72.79,1,3
22282,742733,72.15,1,3
22283,742766,47.41,1,2
22284,742800,71.55,1,3
22285,742833,71.05,1,3
22286,742866,33.28,1,2
22287,742900,70.12,1,3
22288,742933,69.34,1,3
22289,742966,37.02,1,2
22290,743000,74.41,1,3
22291,743033,73.73,1,3
22292,743066,45.68,1,2
22293,743100,73.14,1,3
22294,743133,71.43,1,3
22295,743166,51.79,1,3
22296,743200,60.92,1,3
22297,743233,58.13,1,3
22298,743266,87.14,1,4
22299,743300,76.24,1,4
22300,743333,74.58,1,3
22301,743366,84.86,1,4
22302,743400,62.73,1,3
22303,743433,59.07,1,3
22304,743466,80.5,1,4
22305,743500,52.71,1,3
22306,743533,49.71,1,2
22307,743566,77.39,1,4
22308,743600,43.29,1,2
22309,743633,40.07,1,2
22310,743666,69.8,1,3
22311,743700,47.8,1,2
22312,743733,44.82,1,2
22313,743766,65.72,1,3
22314,743800,48.33,1,2
22315,743833,46.44,1,2
22316,743866,63.45,1,3
22317,743900,60.6,1,3
22318,743933,59.29,1,3
22319,743966,63.1,1,3
22320,744000,73.2,1,3
22321,744033,72.19,1,3
22322,744066,55.11,1,3
22323,744100,70.58,1,3
22324,744133,69.78,1,3
22325,744166,45.47,1,2
22326,744200,73.14,1,3
22327,744233,72.58,1,3
22328,744266,33.79,1,2
22329,744300,74.45,1,3
22330,744333,72.45,1,3
22331,744366,33.75,1,2
22332,744400,69.79,1,3
22333,744433,68.49,1,3
22334,744466,37.51,1,2
22335,744500,67.24,1,3
22336,744533,65.02,1,3
22337,744566,45.27,1,2
22338,744600,65.17,1,3
22339,744633,64.02,1,3
22340,744666,53.11,1,3
22341,744700,63.11,1,3
22342,744733,55.95,1,3
22343,744766,57.11,1,3
22344,744800,57.6,1,3
22345,744833,53.21,1,3
22346,744866,63.04,1,3
22347,744900,57.67,1,3
22348,744933,55.64,1,3
22349,744966,72.69,1,3
22350,745000,47.7,1,2
22351,745033,45.29,1,2
22352,745066,65.91,1,3
22353,745100,38.54,1,2
22354,745133,36.73,1,2
22355,745166,70.07,1,3
22356,745200,37.03,1,2
22357,745233,35.66,1,2
22358,745266,66.08,1,3
22359,745300,40.45,1,2
22360,745333,38.15,1,2
22361,745366,67.32,1,3
22362,745400,47.17,1,2
22363,745433,45.66,1,2
22364,745466,55.75,1,3
22365,745500,52.37,1,3
22366,745533,51.45,1,3
22367,745566,65.6,1,3
22368,745600,66.43,1,3
22369,745633,65.55,1,3
22370,745666,52.82,1,3
22371,745700,67.91,1,3
22372,745733,65.07,1,3
22373,745766,46.32,1,2
22374,745800,70.44,1,3
22375,745833,69.54,1,3
22376,745866,42.57,1,2
22377,745900,73.34,1,3
22378,745933,72.84,1,3
22379,745966,37.33,1,2
22380,746000,72.45,1,3
22381,746033,70.67,1,3
22382,746066,32.26,1,2
22383,746100,69.55,1,3
22384,746133,68.18,1,3
22385,746166,39.82,1,2
22386,746200,67.64,1,3
22387,746233,66.1,1,3
22388,746266,51.29,1,3
22389,746300,63,1,3
22390,746333,61.85,1,3
22391,746366,53.47,1,3
22392,746400,49.55,1,2
22393,746433,47.67,1,2
22394,746466,61.55,1,3
22395,746500,45.44,1,2
22396,746533,43.63,1,2
22397,746566,69.02,1,3
22398,746600,37.47,1,2
22399,746633,36.01,1,2
22400,746666,64,1,3
22401,746700,35.27,1,2
22402,746733,33.89,1,2
22403,746766,72.41,1,3
22404,746800,46.81,1,2
22405,746833,44.76,1,2
22406,746866,71.39,1,3
22407,746900,54.83,1,3
22408,746933,53.5,1,3
22409,746966,67.52,1,3
22410,747000,53.72,1,3
22411,747033,52.73,1,3
22412,747066,56.3,1,3
22413,747100,59.36,1,3
22414,747133,58.67,1,3
22415,747166,54.99,1,3
22416,747200,64.45,1,3
22417,747233,63.83,1,3
22418,747266,80.45,1,4
22419,747300,85.36,1,4
22420,747333,84.86,1,4
22421,747366,56.45,1,3
22422,747400,85.82,1,4
22423,747433,84.48,1,4
22424,747466,44.23,1,2
22425,747500,85,1,4
22426,747533,83.77,1,4
22427,747566,46.27,1,2
22428,747600,75.56,1,4
22429,747633,72.7,1,3
22430,747666,40.2,1,2
22431,747700,76.91,1,4
22432,747733,76.46,1,4
22433,747766,60.6,1,3
22434,747800,76.57,1,4
22435,747833,75.57,1,4
22436,747866,60.98,1,3
22437,747900,66.47,1,3
22438,747933,64.52,1,3
22439,747966,64.63,1,3
22440,748000,58.43,1,3
22441,748033,55.78,1,3
22442,748066,65.23,1,3
22443,748100,45.19,1,2
22444,748133,41.88,1,2
22445,748166,69.17,1,3
22446,748200,42.57,1,2
22447,748233,40.42,1,2
22448,748266,64,1,3
22449,748300,36.17,1,2
22450,748333,33.92,1,2
22451,748366,69.81,1,3
22452,748400,36.33,1,2
22453,748433,34.77,1,2
22454,748466,64.16,1,3
22455,748500,42.06,1,2
22456,748533,39.7,1,2
22457,748566,68.21,1,3
22458,748600,46.69,1,2
22459,748633,44.01,1,2
22460,748666,61.01,1,3
22461,748700,64.84,1,3
22462,748733,63.21,1,3
22463,748766,71.59,1,3
22464,748800,71.77,1,3
22465,748833,70.05,1,3
22466,748866,50.02,1,3
22467,748900,68.01,1,3
22468,748933,67.15,1,3
22469,748966,36.35,1,2
22470,749000,74.12,1,3
22471,749033,73.24,1,3
22472,749066,35.16,1,2
22473,749100,72.38,1,3
22474,749133,71.75,1,3
22475,749166,36.47,1,2
22476,749200,67.02,1,3
22477,749233,65.19,1,3
22478,749266,36.5,1,2
22479,749300,64.7,1,3
22480,749333,63.94,1,3
22481,749366,42.45,1,2
22482,749400,65.35,1,3
22483,749433,63.06,1,3
22484,749466,56.07,1,3
22485,749500,60.05,1,3
22486,749533,55.06,1,3
22487,749566,62.45,1,3
22488,749600,56.26,1,3
22489,749633,53.14,1,3
22490,749666,73.88,1,3
22491,749700,54.4,1,3
22492,749733,52.48,1,3
22493,749766,75.76,1,4
22494,749800,40.6,1,2
22495,749833,38.44,1,2
22496,749866,70.25,1,3
22497,749900,41.83,1,2
22498,749933,40.45,1,2
22499,749966,72.48,1,3
22500,750000,53.9,1,3
22501,750033,52.19,1,3
22502,750066,69.41,1,3
22503,750100,56.86,1,3
22504,750133,54.2,1,3
22505,750166,63.7,1,3
22506,750200,60.33,1,3
22507,750233,57.99,1,3
22508,750266,50.09,1,3
22509,750300,64.75,1,3
22510,750333,63.42,1,3
22511,750366,46.68,1,2
22512,750400,68.85,1,3
22513,750433,67.42,1,3
22514,750466,39.16,1,2
22515,750500,70.59,1,3
22516,750533,69.81,1,3
22517,750566,37.8,1,2
22518,750600,76.73,1,4
22519,750633,76.4,1,4
22520,750666,38.18,1,2
22521,750700,75.32,1,4
22522,750733,73.12,1,3
22523,750766,37.2,1,2
22524,750800,72.17,1,3
22525,750833,71.5,1,3
22526,750866,43.01,1,2
22527,750900,74.56,1,3
22528,750933,73.29,1,3
22529,750966,61.28,1,3
22530,751000,73.63,1,3
22531,751033,72.03,1,3
22532,751066,57.61,1,3
22533,751100,52.07,1,3
22534,751133,50.91,1,3
22535,751166,62.64,1,3
22536,751200,50.59,1,3
22537,751233,48.09,1,2
22538,751266,91.55,1,4
22539,751300,62.99,1,3
22540,751333,58.27,1,3
22541,751366,87.56,1,4
22542,751400,56.33,1,3
22543,751433,51.22,1,3
22544,751466,81.96,1,4
22545,751500,53.38,1,3
22546,751533,50.36,1,3
22547,751566,80.64,1,4
22548,751600,52.01,1,3
22549,751633,48.78,1,2
22550,751666,80.36,1,4
22551,751700,56.15,1,3
22552,751733,54.38,1,3
22553,751766,63.93,1,3
22554,751800,57.57,1,3
22555,751833,55.76,1,3
22556,751866,62.65,1,3
22557,751900,72.88,1,3
22558,751933,70.53,1,3
22559,751966,68.44,1,3
22560,752000,76.16,1,4
22561,752033,75.1,1,4
22562,752066,44.35,1,2
22563,752100,72.04,1,3
22564,752133,71.06,1,3
22565,752166,35.99,1,2
22566,752200,72.12,1,3
22567,752233,70.47,1,3
22568,752266,31.78,1,2
22569,752300,68.91,1,3
22570,752333,68.08,1,3
22571,752366,34.73,1,2
22572,752400,66.74,1,3
22573,752433,65.19,1,3
22574,752466,39.26,1,2
22575,752500,64.9,1,3
22576,752533,63.55,1,3
22577,752566,55.66,1,3
22578,752600,66.59,1,3
22579,752633,64.85,1,3
22580,752666,59.99,1,3
22581,752700,54.29,1,3
22582,752733,53.06,1,3
22583,752766,72.74,1,3
22584,752800,53.57,1,3
22585,752833,52,1,3
22586,752866,76.01,1,4
22587,752900,53.27,1,3
22588,752933,50.63,1,3
22589,752966,81.89,1,4
22590,753000,42.61,1,2
22591,753033,40.74,1,2
22592,753066,67.76,1,3
22593,753100,40.53,1,2
22594,753133,38.89,1,2
22595,753166,69.23,1,3
22596,753200,51.56,1,3
22597,753233,50.45,1,3
22598,753266,58.13,1,3
22599,753300,52.92,1,3
22600,753333,51.58,1,3
22601,753366,60.8,1,3
22602,753400,58.01,1,3
22603,753433,56.43,1,3
22604,753466,53.26,1,3
22605,753500,67.47,1,3
22606,753533,66.1,1,3
22607,753566,42.62,1,2
22608,753600,70.6,1,3
22609,753633,69.99,1,3
22610,753666,35.69,1,2
22611,753700,73.45,1,3
22612,753733,72.43,1,3
22613,753766,40.03,1,2
22614,753800,79.6,1,4
22615,753833,78.79,1,4
22616,753866,36.99,1,2
22617,753900,75.89,1,4
22618,753933,75.02,1,4
22619,753966,45.46,1,2
22620,754000,67.21,1,3
22621,754033,66.47,1,3
22622,754066,39.54,1,2
22623,754100,69.03,1,3
22624,754133,67.91,1,3
22625,754166,55.23,1,3
22626,754200,65.72,1,3
22627,754233,63.56,1,3
22628,754266,54.6,1,3
22629,754300,52.75,1,3
22630,754333,50.88,1,3
22631,754366,61.8,1,3
22632,754400,51.45,1,3
22633,754433,49.4,1,2
22634,754466,64.57,1,3
22635,754500,41.5,1,2
22636,754533,39.82,1,2
22637,754566,68.97,1,3
22638,754600,37.87,1,2
22639,754633,35.78,1,2
22640,754666,66.41,1,3
22641,754700,40.15,1,2
22642,754733,38.24,1,2
22643,754766,77.15,1,4
22644,754800,52.31,1,3
22645,754833,50.59,1,3
22646,754866,70.95,1,3
22647,754900,50.58,1,3
22648,754933,48.39,1,2
22649,754966,59.24,1,3
22650,755000,61.22,1,3
22651,755033,60.3,1,3
22652,755066,53.63,1,3
22653,755100,66.99,1,3
22654,755133,65.96,1,3
22655,755166,51.64,1,3
22656,755200,68.45,1,3
22657,755233,67.81,1,3
22658,755266,79.59,1,4
22659,755300,88.04,1,4
22660,755333,85.71,1,4
22661,755366,52.19,1,3
22662,755400,85.23,1,4
22663,755433,82.6,1,4
22664,755466,46.18,1,2
22665,755500,81.18,1,4
22666,755533,77.95,1,4
22667,755566,56.19,1,3
22668,755600,67.27,1,3
22669,755633,64.73,1,3
22670,755666,54.02,1,3
22671,755700,82.39,1,4
22672,755733,78.17,1,4
22673,755766,68.87,1,3
22674,755800,60.75,1,3
22675,755833,57.75,1,3
22676,755866,67.52,1,3
22677,755900,41.27,1,2
22678,755933,39.49,1,2
22679,755966,70.71,1,3
22680,756000,38.38,1,2
22681,756033,36.49,1,2
22682,756066,70.29,1,3
22683,756100,39.54,1,2
22684,756133,37.95,1,2
22685,756166,70.15,1,3
22686,756200,41.31,1,2
22687,756233,39.61,1,2
22688,756266,62.62,1,3
22689,756300,48.52,1,2
22690,756333,46.52,1,2
22691,756366,61.86,1,3
22692,756400,60.8,1,3
22693,756433,59.38,1,3
22694,756466,53.38,1,3
22695,756500,61.38,1,3
22696,756533,60.6,1,3
22697,756566,46.03,1,2
22698,756600,72.67,1,3
22699,756633,69.16,1,3
22700,756666,47.36,1,2
22701,756700,72.23,1,3
22702,756733,71.23,1,3
22703,756766,40.77,1,2
22704,756800,70.74,1,3
22705,756833,69.98,1,3
22706,756866,30.13,1,2
22707,756900,71.36,1,3
22708,756933,70.72,1,3
22709,756966,34.82,1,2
22710,757000,73.56,1,3
22711,757033,72.52,1,3
22712,757066,42.95,1,2
22713,757100,67.36,1,3
22714,757133,66.44,1,3
22715,757166,43.35,1,2
22716,757200,61.2,1,3
22717,757233,60.02,1,3
22718,757266,56.79,1,3
22719,757300,60.72,1,3
22720,757333,57.8,1,3
22721,757366,64.95,1,3
22722,757400,52.32,1,3
22723,757433,50.14,1,3
22724,757466,66.39,1,3
22725,757500,42.04,1,2
22726,757533,40.21,1,2
22727,757566,67.72,1,3
22728,757600,42.66,1,2
22729,757633,40.8,1,2
22730,757666,69.64,1,3
22731,757700,47.85,1,2
22732,757733,46.56,1,2
22733,757766,67.53,1,3
22734,757800,37.68,1,2
22735,757833,36.66,1,2
22736,757866,59.04,1,3
22737,757900,45.19,1,2
22738,757933,42.81,1,2
22739,757966,58.98,1,3
22740,758000,54.6,1,3
22741,758033,53.26,1,3
22742,758066,51.45,1,3
22743,758100,62.96,1,3
22744,758133,61.54,1,3
22745,758166,39.13,1,2
22746,758200,69.66,1,3
22747,758233,68.56,1,3
22748,758266,31.75,1,2
22749,758300,74.24,1,3
22750,758333,76.62,1,4
22751,758366,32.81,1,2
22752,758400,72.2,1,3
22753,758433,71.23,1,3
22754,758466,35.75,1,2
22755,758500,71.31,1,3
22756,758533,70.32,1,3
22757,758566,46.92,1,2
22758,758600,76.77,1,4
22759,758633,75.12,1,4
22760,758666,61.79,1,3
22761,758700,69.43,1,3
22762,758733,68.23,1,3
22763,758766,60.76,1,3
22764,758800,52.11,1,3
22765,758833,50.37,1,3
22766,758866,62.3,1,3
22767,758900,49.25,1,2
22768,758933,47.25,1,2
22769,758966,70.42,1,3
22770,759000,43.06,1,2
22771,759033,41.54,1,2
22772,759066,66.36,1,3
22773,759100,35.1,1,2
22774,759133,33.94,1,2
22775,759166,66.22,1,3
22776,759200,40.53,1,2
22777,759233,38.91,1,2
22778,759266,96.7,1,4
22779,759300,66.76,1,3
22780,759333,64.29,1,3
22781,759366,76.69,1,4
22782,759400,73.55,1,3
22783,759433,71.34,1,3
22784,759466,72.2,1,3
22785,759500,82.73,1,4
22786,759533,80.68,1,4
22787,759566,75.79,1,4
22788,759600,85.64,1,4
22789,759633,82.82,1,4
22790,759666,53.19,1,3
22791,759700,75.88,1,4
22792,759733,74.54,1,3
22793,759766,39.73,1,2
22794,759800,75.41,1,4
22795,759833,73.96,1,3
22796,759866,38.41,1,2
22797,759900,76.81,1,4
22798,759933,75.62,1,4
22799,759966,40.19,1,2
22800,760000,72.44,1,3
22801,760033,71.14,1,3
22802,760066,39.02,1,2
22803,760100,65.43,1,3
22804,760133,62.99,1,3
22805,760166,48.94,1,2
22806,760200,65.84,1,3
22807,760233,62.35,1,3
22808,760266,53.69,1,3
22809,760300,58.94,1,3
22810,760333,53.35,1,3
22811,760366,61.7,1,3
22812,760400,53.01,1,3
22813,760433,47.8,1,2
22814,760466,66.8,1,3
22815,760500,49.75,1,2
22816,760533,46.64,1,2
22817,760566,76.72,1,4
22818,760600,39.92,1,2
22819,760633,37.77,1,2
22820,760666,67.97,1,3
22821,760700,38.48,1,2
22822,760733,37.06,1,2
22823,760766,66.36,1,3
22824,760800,45.5,1,2
22825,760833,43.4,1,2
22826,760866,62.01,1,3
22827,760900,52.27,1,3
22828,760933,50.04,1,3
22829,760966,64.76,1,3
22830,761000,54.88,1,3
22831,761033,53.35,1,3
22832,761066,49.68,1,2
22833,761100,58.11,1,3
22834,761133,57.23,1,3
22835,761166,41.87,1,2
22836,761200,68.02,1,3
22837,761233,67.59,1,3
22838,761266,36.14,1,2
22839,761300,68.72,1,3
22840,761333,68.27,1,3
22841,761366,30.85,1,2
22842,761400,71.03,1,3
22843,761433,69.48,1,3
22844,761466,38.79,1,2
22845,761500,78.99,1,4
22846,761533,77.99,1,4
22847,761566,42.87,1,2
22848,761600,69.43,1,3
22849,761633,67.8,1,3
22850,761666,43.36,1,2
22851,761700,66.84,1,3
22852,761733,62.41,1,3
22853,761766,64.16,1,3
22854,761800,63.83,1,3
22855,761833,61.19,1,3
22856,761866,67.44,1,3
22857,761900,54.1,1,3
22858,761933,52.19,1,3
22859,761966,68.49,1,3
22860,762000,38.63,1,2
22861,762033,37.44,1,2
22862,762066,62.19,1,3
22863,762100,36.87,1,2
22864,762133,34.32,1,2
22865,762166,67.24,1,3
22866,762200,36.59,1,2
22867,762233,35.19,1,2
22868,762266,57.72,1,3
22869,762300,42.52,1,2
22870,762333,40.54,1,2
22871,762366,65.08,1,3
22872,762400,53.61,1,3
22873,762433,51.85,1,3
22874,762466,50.89,1,3
22875,762500,60.06,1,3
22876,762533,59.15,1,3
22877,762566,53.19,1,3
22878,762600,66.33,1,3
22879,762633,65.48,1,3
22880,762666,45.59,1,2
22881,762700,75.13,1,4
22882,762733,74.4,1,3
22883,762766,44.95,1,2
22884,762800,76.02,1,4
22885,762833,74.89,1,3
22886,762866,30.71,1,2
22887,762900,69.8,1,3
22888,762933,69.09,1,3
22889,762966,35.48,1,2
22890,763000,66.22,1,3
22891,763033,64.57,1,3
22892,763066,36.05,1,2
22893,763100,66.87,1,3
22894,763133,65.96,1,3
22895,763166,45.8,1,2
22896,763200,63.67,1,3
22897,763233,62.76,1,3
22898,763266,82.28,1,4
22899,763300,81.42,1,4
22900,763333,79,1,4
22901,763366,72.87,1,3
22902,763400,70.86,1,3
22903,763433,69.02,1,3
22904,763466,76.53,1,4
22905,763500,52.74,1,3
22906,763533,50.02,1,3
22907,763566,76.67,1,4
22908,763600,44.01,1,2
22909,763633,40.16,1,2
22910,763666,75.76,1,4
22911,763700,49.56,1,2
22912,763733,47.48,1,2
22913,763766,80,1,4
22914,763800,39.09,1,2
22915,763833,36.92,1,2
22916,763866,63.07,1,3
22917,763900,46.64,1,2
22918,763933,44.3,1,2
22919,763966,57.28,1,3
22920,764000,55.53,1,3
22921,764033,54.06,1,3
22922,764066,57.35,1,3
22923,764100,60.26,1,3
22924,764133,59.23,1,3
22925,764166,42.62,1,2
22926,764200,66.63,1,3
22927,764233,65.05,1,3
22928,764266,33.17,1,2
22929,764300,70.8,1,3
22930,764333,69.2,1,3
22931,764366,37.52,1,2
22932,764400,72.65,1,3
22933,764433,70.92,1,3
22934,764466,32.12,1,2
22935,764500,67.81,1,3
22936,764533,67.03,1,3
22937,764566,32.03,1,2
22938,764600,70.92,1,3
22939,764633,69.47,1,3
22940,764666,50.47,1,3
22941,764700,70.91,1,3
22942,764733,69.97,1,3
22943,764766,59.31,1,3
22944,764800,59,1,3
22945,764833,57.6,1,3
22946,764866,60.09,1,3
22947,764900,44.01,1,2
22948,764933,41.64,1,2
22949,764966,64.88,1,3
22950,765000,36.73,1,2
22951,765033,35.33,1,2
22952,765066,65.82,1,3
22953,765100,33.11,1,2
22954,765133,31.39,1,2
22955,765166,64.38,1,3
22956,765200,32.84,1,2
22957,765233,31.35,1,2
22958,765266,59.71,1,3
22959,765300,49.51,1,2
22960,765333,47.31,1,2
22961,765366,65.39,1,3
22962,765400,53.58,1,3
22963,765433,51.41,1,3
22964,765466,49.17,1,2
22965,765500,60.89,1,3
22966,765533,59.8,1,3
22967,765566,50.72,1,3
22968,765600,67.68,1,3
22969,765633,66.25,1,3
22970,765666,43.74,1,2
22971,765700,70.12,1,3
22972,765733,69.57,1,3
22973,765766,36.36,1,2
22974,765800,72.46,1,3
22975,765833,70.7,1,3
22976,765866,25.11,1,2
22977,765900,69.22,1,3
22978,765933,67.01,1,3
22979,765966,36.97,1,2
22980,766000,68.07,1,3
22981,766033,66.49,1,3
22982,766066,30.13,1,2
22983,766100,63.67,1,3
22984,766133,62.52,1,3
22985,766166,48.77,1,2
22986,766200,70.49,1,3
22987,766233,69.11,1,3
22988,766266,48.86,1,2
22989,766300,57.55,1,3
22990,766333,55.33,1,3
22991,766366,61.34,1,3
22992,766400,53.64,1,3
22993,766433,48.47,1,2
22994,766466,62.06,1,3
22995,766500,44.21,1,2
22996,766533,42.67,1,2
22997,766566,73.22,1,3
22998,766600,45.68,1,2
22999,766633,44.37,1,2
23000,766666,72.31,1,3
23001,766700,38.39,1,2
23002,766733,36.7,1,2
23003,766766,64.38,1,3
23004,766800,39.19,1,2
23005,766833,37.84,1,2
23006,766866,60.81,1,3
23007,766900,44.18,1,2
23008,766933,42.55,1,2
23009,766966,60.05,1,3
23010,767000,55.27,1,3
23011,767033,53.79,1,3
23012,767066,55.02,1,3
23013,767100,63.44,1,3
23014,767133,59.76,1,3
23015,767166,41.66,1,2
23016,767200,71.15,1,3
23017,767233,70.39,1,3
23018,767266,83.69,1,4
23019,767300,90.17,1,4
23020,767333,89.24,1,4
23021,767366,53.63,1,3
23022,767400,86.47,1,4
23023,767433,85.43,1,4
23024,767466,46.4,1,2
23025,767500,86.19,1,4
23026,767533,84.55,1,4
23027,767566,63.42,1,3
23028,767600,79.05,1,4
23029,767633,76.28,1,4
23030,767666,57.34,1,3
23031,767700,70.09,1,3
23032,767733,68.43,1,3
23033,767766,58.79,1,3
23034,767800,51.68,1,3
23035,767833,48.61,1,2
23036,767866,63.12,1,3
23037,767900,48.65,1,2
23038,767933,46.79,1,2
23039,767966,67.03,1,3
23040,768000,39.15,1,2
23041,768033,36.55,1,2
23042,768066,65.53,1,3
23043,768100,35.04,1,2
23044,768133,33.31,1,2
23045,768166,68.58,1,3
23046,768200,42.78,1,2
23047,768233,40.9,1,2
23048,768266,57.99,1,3
23049,768300,45.71,1,2
23050,768333,44.08,1,2
23051,768366,62.49,1,3
23052,768400,57.23,1,3
23053,768433,55.75,1,3
23054,768466,62.56,1,3
23055,768500,69.29,1,3
23056,768533,67.56,1,3
23057,768566,55.08,1,3
23058,768600,73.32,1,3
23059,768633,72.2,1,3
23060,768666,37.68,1,2
23061,768700,69.48,1,3
23062,768733,66.46,1,3
23063,768766,29.77,1,2
23064,768800,71.6,1,3
23065,768833,69.11,1,3
23066,768866,31.9,1,2
23067,768900,69.53,1,3
23068,768933,68.84,1,3
23069,768966,31.47,1,2
23070,769000,66.72,1,3
23071,769033,66.12,1,3
23072,769066,35.36,1,2
23073,769100,69.62,1,3
23074,769133,68.37,1,3
23075,769166,52.07,1,3
23076,769200,64.36,1,3
23077,769233,62.96,1,3
23078,769266,53.66,1,3
23079,769300,53.31,1,3
23080,769333,53.18,1,3
23081,769366,62.23,1,3
23082,769400,51.18,1,3
23083,769433,49.09,1,2
23084,769466,71.08,1,3
23085,769500,54.26,1,3
23086,769533,51.11,1,3
23087,769566,71.76,1,3
23088,769600,33.4,1,2
23089,769633,31.89,1,2
23090,769666,60.51,1,3
23091,769700,35.85,1,2
23092,769733,34.36,1,2
23093,769766,61.73,1,3
23094,769800,41.61,1,2
23095,769833,40.24,1,2
23096,769866,64.87,1,3
23097,769900,47.34,1,2
23098,769933,46.34,1,2
23099,769966,54.12,1,3
23100,770000,56.14,1,3
23101,770033,55.23,1,3
23102,770066,46.32,1,2
23103,770100,59.14,1,3
23104,770133,58.09,1,3
23105,770166,38.96,1,2
23106,770200,65.6,1,3
23107,770233,64.11,1,3
23108,770266,30.41,1,2
23109,770300,68.98,1,3
23110,770333,67.54,1,3
23111,770366,33.88,1,2
23112,770400,79.88,1,4
23113,770433,79.32,1,4
23114,770466,44.3,1,2
23115,770500,77.09,1,4
23116,770533,76.49,1,4
23117,770566,41.32,1,2
23118,770600,65.85,1,3
23119,770633,64.73,1,3
23120,770666,48.92,1,2
23121,770700,63.68,1,3
23122,770733,60.98,1,3
23123,770766,61.6,1,3
23124,770800,57.06,1,3
23125,770833,57.2,1,3
23126,770866,63.8,1,3
23127,770900,42.76,1,2
23128,770933,41,1,2
23129,770966,65.52,1,3
23130,771000,38.79,1,2
23131,771033,37.36,1,2
23132,771066,62,1,3
23133,771100,36.75,1,2
23134,771133,34.74,1,2
23135,771166,61.21,1,3
23136,771200,38.79,1,2
23137,771233,37.33,1,2
23138,771266,90.65,1,4
23139,771300,72.42,1,3
23140,771333,69.93,1,3
23141,771366,83.15,1,4
23142,771400,78.86,1,4
23143,771433,77.81,1,4
23144,771466,61.21,1,3
23145,771500,81.92,1,4
23146,771533,80.29,1,4
23147,771566,47.63,1,2
23148,771600,80.79,1,4
23149,771633,77.95,1,4
23150,771666,36.4,1,2
23151,771700,78.55,1,4
23152,771733,77.7,1,4
23153,771766,39.11,1,2
23154,771800,70.91,1,3
23155,771833,69.73,1,3
23156,771866,43.23,1,2
23157,771900,65.17,1,3
23158,771933,62.55,1,3
23159,771966,48.5,1,2
23160,772000,63.84,1,3
23161,772033,62.11,1,3
23162,772066,55.85,1,3
23163,772100,57.21,1,3
23164,772133,54.39,1,3
23165,772166,59.85,1,3
23166,772200,48.66,1,2
23167,772233,47.07,1,2
23168,772266,70.17,1,3
23169,772300,50.08,1,3
23170,772333,48.02,1,2
23171,772366,70.65,1,3
23172,772400,34.99,1,2
23173,772433,33.05,1,2
23174,772466,62.27,1,3
23175,772500,37.89,1,2
23176,772533,36.28,1,2
23177,772566,67.93,1,3
23178,772600,43.26,1,2
23179,772633,41.49,1,2
23180,772666,60.2,1,3
23181,772700,45.28,1,2
23182,772733,43.82,1,2
23183,772766,62.68,1,3
23184,772800,52.81,1,3
23185,772833,50.62,1,3
23186,772866,48.03,1,2
23187,772900,64.03,1,3
23188,772933,62.98,1,3
23189,772966,49.52,1,2
23190,773000,65.76,1,3
23191,773033,64.48,1,3
23192,773066,30.52,1,2
23193,773100,69.46,1,3
23194,773133,67.13,1,3
23195,773166,42.08,1,2
23196,773200,75.23,1,4
23197,773233,75.45,1,4
23198,773266,35.86,1,2
23199,773300,72.82,1,3
23200,773333,72.41,1,3
23201,773366,39.85,1,2
23202,773400,65.02,1,3
23203,773433,63.69,1,3
23204,773466,39.44,1,2
23205,773500,65.73,1,3
23206,773533,64.88,1,3
23207,773566,57.45,1,3
23208,773600,56.55,1,3
23209,773633,53.76,1,3
23210,773666,59.31,1,3
23211,773700,44.7,1,2
23212,773733,43.49,1,2
23213,773766,65.1,1,3
23214,773800,37.98,1,2
23215,773833,36.12,1,2
23216,773866,64.77,1,3
23217,773900,32.04,1,2
23218,773933,30.66,1,2
23219,773966,66.77,1,3
23220,774000,36.48,1,2
23221,774033,34.59,1,2
23222,774066,54.88,1,3
23223,774100,46.05,1,2
23224,774133,44.77,1,2
23225,774166,72.83,1,3
23226,774200,64.88,1,3
23227,774233,63.43,1,3
23228,774266,57.5,1,3
23229,774300,61.12,1,3
23230,774333,59.87,1,3
23231,774366,47.08,1,2
23232,774400,66.75,1,3
23233,774433,65.98,1,3
23234,774466,37.4,1,2
23235,774500,70.45,1,3
23236,774533,69.83,1,3
23237,774566,37.65,1,2
23238,774600,71.48,1,3
23239,774633,70.47,1,3
23240,774666,28.16,1,2
23241,774700,68.02,1,3
23242,774733,67.92,1,3
23243,774766,36.17,1,2
23244,774800,67.34,1,3
23245,774833,66.77,1,3
23246,774866,36,1,2
23247,774900,65.04,1,3
23248,774933,62.97,1,3
23249,774966,52.25,1,3
23250,775000,64.34,1,3
23251,775033,62.78,1,3
23252,775066,58.79,1,3
23253,775100,63.76,1,3
23254,775133,62,1,3
23255,775166,74.86,1,3
23256,775200,52.84,1,3
23257,775233,50.53,1,3
23258,775266,90.96,1,4
23259,775300,58.99,1,3
23260,775333,57.21,1,3
23261,775366,86.81,1,4
23262,775400,59.99,1,3
23263,775433,58.84,1,3
23264,775466,84.25,1,4
23265,775500,55.96,1,3
23266,775533,51.93,1,3
23267,775566,78.08,1,4
23268,775600,48.11,1,2
23269,775633,44.9,1,2
23270,775666,57.03,1,3
23271,775700,49.56,1,2
23272,775733,46.41,1,2
23273,775766,66.18,1,3
23274,775800,55.55,1,3
23275,775833,52.1,1,3
23276,775866,43.76,1,2
23277,775900,61.59,1,3
23278,775933,58.07,1,3
23279,775966,53.04,1,3
23280,776000,69.58,1,3
23281,776033,67.45,1,3
23282,776066,47.08,1,2
23283,776100,79.68,1,4
23284,776133,78.59,1,4
23285,776166,54.44,1,3
23286,776200,82.56,1,4
23287,776233,81.93,1,4
23288,776266,34.55,1,2
23289,776300,72.58,1,3
23290,776333,72,1,3
23291,776366,38.77,1,2
23292,776400,75.59,1,4
23293,776433,71.94,1,3
23294,776466,48.13,1,2
23295,776500,72.29,1,3
23296,776533,70.93,1,3
23297,776566,57.51,1,3
23298,776600,57.9,1,3
23299,776633,54.39,1,3
23300,776666,59.83,1,3
23301,776700,54.56,1,3
23302,776733,52.28,1,3
23303,776766,62.45,1,3
23304,776800,44.42,1,2
23305,776833,40.9,1,2
23306,776866,63.73,1,3
23307,776900,36.87,1,2
23308,776933,33.95,1,2
23309,776966,69.6,1,3
23310,777000,40.94,1,2
23311,777033,39.33,1,2
23312,777066,70.68,1,3
23313,777100,50.63,1,3
23314,777133,47.78,1,2
23315,777166,67,1,3
23316,777200,47.62,1,2
23317,777233,45.66,1,2
23318,777266,60.23,1,3
23319,777300,59.81,1,3
23320,777333,59.15,1,3
23321,777366,64.38,1,3
23322,777400,70.95,1,3
23323,777433,70.19,1,3
23324,777466,48.11,1,2
23325,777500,68.54,1,3
23326,777533,67.6,1,3
23327,777566,34.85,1,2
23328,777600,68.28,1,3
23329,777633,67.52,1,3
23330,777666,32.68,1,2
23331,777700,67.2,1,3
23332,777733,66.16,1,3
23333,777766,30.74,1,2
23334,777800,63.91,1,3
23335,777833,62.8,1,3
23336,777866,34.61,1,2
23337,777900,65.36,1,3
23338,777933,63.12,1,3
23339,777966,41.89,1,2
23340,778000,70.34,1,3
23341,778033,69.18,1,3
23342,778066,58.39,1,3
23343,778100,62.31,1,3
23344,778133,61.38,1,3
23345,778166,62.33,1,3
23346,778200,49.28,1,2
23347,778233,48.05,1,2
23348,778266,65.03,1,3
23349,778300,55.62,1,3
23350,778333,54.51,1,3
23351,778366,73.98,1,3
23352,778400,41.01,1,2
23353,778433,39.2,1,2
23354,778466,68.6,1,3
23355,778500,36.79,1,2
23356,778533,34.75,1,2
23357,778566,66.51,1,3
23358,778600,37.16,1,2
23359,778633,35.35,1,2
23360,778666,54.97,1,3
23361,778700,44.22,1,2
23362,778733,42.15,1,2
23363,778766,64.43,1,3
23364,778800,43.93,1,2
23365,778833,42.76,1,2
23366,778866,43.2,1,2
23367,778900,56.02,1,3
23368,778933,53.85,1,3
23369,778966,56.54,1,3
23370,779000,65.15,1,3
23371,779033,63.96,1,3
23372,779066,39.81,1,2
23373,779100,68.8,1,3
23374,779133,68.07,1,3
23375,779166,38.92,1,2
23376,779200,67.18,1,3
23377,779233,65.44,1,3
23378,779266,72.14,1,3
23379,779300,89.74,1,4
23380,779333,88.97,1,4
23381,779366,58.17,1,3
23382,779400,87,1,4
23383,779433,85.14,1,4
23384,779466,46.81,1,2
23385,779500,79.16,1,4
23386,779533,77.57,1,4
23387,779566,62.54,1,3
23388,779600,68.31,1,3
23389,779633,64.24,1,3
23390,779666,59.57,1,3
23391,779700,55.23,1,3
23392,779733,53.36,1,3
23393,779766,64.11,1,3
23394,779800,47.4,1,2
23395,779833,45.69,1,2
23396,779866,64.41,1,3
23397,779900,38.03,1,2
23398,779933,36.24,1,2
23399,779966,70.06,1,3
23400,780000,41.8,1,2
23401,780033,39.61,1,2
23402,780066,63,1,3
23403,780100,37.84,1,2
23404,780133,35.98,1,2
23405,780166,61.72,1,3
23406,780200,43.6,1,2
23407,780233,42,1,2
23408,780266,65.84,1,3
23409,780300,57.73,1,3
23410,780333,55.81,1,3
23411,780366,61.96,1,3
23412,780400,63.45,1,3
23413,780433,62.03,1,3
23414,780466,42.47,1,2
23415,780500,65.23,1,3
23416,780533,64.42,1,3
23417,780566,35.2,1,2
23418,780600,66.4,1,3
23419,780633,65.88,1,3
23420,780666,29.65,1,2
23421,780700,68.57,1,3
23422,780733,67.96,1,3
23423,780766,30.21,1,2
23424,780800,68.53,1,3
23425,780833,67.87,1,3
23426,780866,41.27,1,2
23427,780900,71.09,1,3
23428,780933,69.66,1,3
23429,780966,50,1,2
23430,781000,67.02,1,3
23431,781033,65.46,1,3
23432,781066,48.85,1,2
23433,781100,62.46,1,3
23434,781133,61.74,1,3
23435,781166,62.2,1,3
23436,781200,61.82,1,3
23437,781233,60.55,1,3
23438,781266,61.23,1,3
23439,781300,49.33,1,2
23440,781333,47.22,1,2
23441,781366,65.83,1,3
23442,781400,36.37,1,2
23443,781433,34.78,1,2
23444,781466,64.21,1,3
23445,781500,33.33,1,2
23446,781533,31.63,1,2
23447,781566,67.38,1,3
23448,781600,34.91,1,2
23449,781633,33.65,1,2
23450,781666,55.31,1,3
23451,781700,39.24,1,2
23452,781733,37.72,1,2
23453,781766,62.69,1,3
23454,781800,49.93,1,2
23455,781833,49.14,1,2
23456,781866,59.29,1,3
23457,781900,63.28,1,3
23458,781933,61.64,1,3
23459,781966,59.85,1,3
23460,782000,66.08,1,3
23461,782033,64.82,1,3
23462,782066,37.17,1,2
23463,782100,67.84,1,3
23464,782133,66.41,1,3
23465,782166,40.48,1,2
23466,782200,71.29,1,3
23467,782233,70.63,1,3
23468,782266,33.41,1,2
23469,782300,66.97,1,3
23470,782333,66.24,1,3
23471,782366,34.69,1,2
23472,782400,65.18,1,3
23473,782433,64.75,1,3
23474,782466,34.47,1,2
23475,782500,65.98,1,3
23476,782533,64.21,1,3
23477,782566,49.02,1,2
23478,782600,63.47,1,3
23479,782633,61.03,1,3
23480,782666,49.04,1,2
23481,782700,56.51,1,3
23482,782733,55.28,1,3
23483,782766,64.8,1,3
23484,782800,49.9,1,2
23485,782833,49.11,1,2
23486,782866,70.36,1,3
23487,782900,47.78,1,2
23488,782933,42.72,1,2
23489,782966,69.51,1,3
23490,783000,37.2,1,2
23491,783033,35.76,1,2
23492,783066,66.59,1,3
23493,783100,44.95,1,2
23494,783133,43.76,1,2
23495,783166,68.29,1,3
23496,783200,58.55,1,3
23497,783233,55.55,1,3
23498,783266,92.55,1,4
23499,783300,73.91,1,3
23500,783333,76.34,1,4
23501,783366,72.67,1,3
23502,783400,78.5,1,4
23503,783433,77.36,1,4
23504,783466,65.78,1,3
23505,783500,84.02,1,4
23506,783533,81.59,1,4
23507,783566,51.65,1,3
23508,783600,76.71,1,4
23509,783633,71.35,1,3
23510,783666,32.53,1,2
23511,783700,73.76,1,3
23512,783733,70.33,1,3
23513,783766,35.87,1,2
23514,783800,80.46,1,4
23515,783833,79.26,1,4
23516,783866,43.19,1,2
23517,783900,72.94,1,3
23518,783933,71.51,1,3
23519,783966,46.95,1,2
23520,784000,72,1,3
23521,784033,71.14,1,3
23522,784066,58.45,1,3
23523,784100,79.04,1,4
23524,784133,77.07,1,4
23525,784166,68.44,1,3
23526,784200,63.65,1,3
23527,784233,59.69,1,3
23528,784266,64.46,1,3
23529,784300,48.7,1,2
23530,784333,46.53,1,2
23531,784366,67.6,1,3
23532,784400,39.17,1,2
23533,784433,37.64,1,2
23534,784466,65.06,1,3
23535,784500,36.01,1,2
23536,784533,34.7,1,2
23537,784566,67.11,1,3
23538,784600,33.07,1,2
23539,784633,31.3,1,2
23540,784666,63.81,1,3
23541,784700,39.88,1,2
23542,784733,38.14,1,2
23543,784766,67.85,1,3
23544,784800,49.96,1,2
23545,784833,48.83,1,2
23546,784866,56.93,1,3
23547,784900,54.37,1,3
23548,784933,52.4,1,3
23549,784966,57.38,1,3
23550,785000,69.96,1,3
23551,785033,69.12,1,3
23552,785066,58.83,1,3
23553,785100,71.54,1,3
23554,785133,70.72,1,3
23555,785166,47.81,1,2
23556,785200,71.45,1,3
23557,785233,70.81,1,3
23558,785266,30.87,1,2
23559,785300,68.2,1,3
23560,785333,66.79,1,3
23561,785366,32.13,1,2
23562,785400,70.24,1,3
23563,785433,68.21,1,3
23564,785466,36.43,1,2
23565,785500,63.97,1,3
23566,785533,63.06,1,3
23567,785566,40.92,1,2
23568,785600,64.45,1,3
23569,785633,63.73,1,3
23570,785666,52.96,1,3
23571,785700,60.55,1,3
23572,785733,57.86,1,3
23573,785766,61.11,1,3
23574,785800,48.21,1,2
23575,785833,46.21,1,2
23576,785866,63.75,1,3
23577,785900,40.11,1,2
23578,785933,38.75,1,2
23579,785966,73.85,1,3
23580,786000,43.4,1,2
23581,786033,41.66,1,2
23582,786066,76.33,1,4
23583,786100,48.14,1,2
23584,786133,44.54,1,2
23585,786166,69.11,1,3
23586,786200,44.08,1,2
23587,786233,42.52,1,2
23588,786266,53.77,1,3
23589,786300,54.48,1,3
23590,786333,52.45,1,3
23591,786366,65.37,1,3
23592,786400,57.28,1,3
23593,786433,55.78,1,3
23594,786466,39.35,1,2
23595,786500,62.45,1,3
23596,786533,61.08,1,3
23597,786566,44.84,1,2
23598,786600,67.22,1,3
23599,786633,66.72,1,3
23600,786666,30.98,1,2
23601,786700,65.36,1,3
23602,786733,63.89,1,3
23603,786766,35.33,1,2
23604,786800,67.31,1,3
23605,786833,66.25,1,3
23606,786866,27.08,1,2
23607,786900,71.64,1,3
23608,786933,70.96,1,3
23609,786966,48.33,1,2
23610,787000,75.49,1,4
23611,787033,73.98,1,3
23612,787066,43.01,1,2
23613,787100,66.02,1,3
23614,787133,64.48,1,3
23615,787166,55.99,1,3
23616,787200,54.05,1,3
23617,787233,52.34,1,3
23618,787266,88.76,1,4
23619,787300,76.18,1,4
23620,787333,71.02,1,3
23621,787366,81.9,1,4
23622,787400,60.11,1,3
23623,787433,57.33,1,3
23624,787466,81.09,1,4
23625,787500,54.74,1,3
23626,787533,52.05,1,3
23627,787566,81.24,1,4
23628,787600,47.13,1,2
23629,787633,43.75,1,2
23630,787666,70.08,1,3
23631,787700,43.34,1,2
23632,787733,40.33,1,2
23633,787766,68.66,1,3
23634,787800,44.44,1,2
23635,787833,43.38,1,2
23636,787866,68.84,1,3
23637,787900,58.13,1,3
23638,787933,56.21,1,3
23639,787966,71.26,1,3
23640,788000,64.92,1,3
23641,788033,63.34,1,3
23642,788066,57.09,1,3
23643,788100,67.65,1,3
23644,788133,66.04,1,3
23645,788166,40.84,1,2
23646,788200,71.33,1,3
23647,788233,68.5,1,3
23648,788266,44.04,1,2
23649,788300,74.78,1,3
23650,788333,73.05,1,3
23651,788366,31.4,1,2
23652,788400,68.48,1,3
23653,788433,67.48,1,3
23654,788466,31.88,1,2
23655,788500,66.57,1,3
23656,788533,65.55,1,3
23657,788566,40.96,1,2
23658,788600,68.47,1,3
23659,788633,66.71,1,3
23660,788666,46.51,1,2
23661,788700,61.49,1,3
23662,788733,59.81,1,3
23663,788766,52.11,1,3
23664,788800,57.5,1,3
23665,788833,55.62,1,3
23666,788866,59.67,1,3
23667,788900,53.27,1,3
23668,788933,50.98,1,3
23669,788966,73.13,1,3
23670,789000,45.54,1,2
23671,789033,43.52,1,2
23672,789066,67.14,1,3
23673,789100,33,1,2
23674,789133,31.57,1,2
23675,789166,65.27,1,3
23676,789200,40.67,1,2
23677,789233,39.3,1,2
23678,789266,61.58,1,3
23679,789300,47.13,1,2
23680,789333,45.48,1,2
23681,789366,62.59,1,3
23682,789400,52.01,1,3
23683,789433,50.3,1,3
23684,789466,53.3,1,3
23685,789500,60.46,1,3
23686,789533,59.53,1,3
23687,789566,46.31,1,2
23688,789600,64.25,1,3
23689,789633,63.26,1,3
23690,789666,37.78,1,2
23691,789700,66.44,1,3
23692,789733,65.61,1,3
23693,789766,34.23,1,2
23694,789800,69.66,1,3
23695,789833,68.46,1,3
23696,789866,41.08,1,2
23697,789900,74.82,1,3
23698,789933,74.19,1,3
23699,789966,40.45,1,2
23700,790000,68.45,1,3
23701,790033,67.68,1,3
23702,790066,39.34,1,2
23703,790100,66.01,1,3
23704,790133,64.52,1,3
23705,790166,47.55,1,2
23706,790200,62.33,1,3
23707,790233,61.27,1,3
23708,790266,54.38,1,3
23709,790300,53.98,1,3
23710,790333,52.25,1,3
23711,790366,57.25,1,3
23712,790400,47.86,1,2
23713,790433,46.4,1,2
23714,790466,62.43,1,3
23715,790500,46.56,1,2
23716,790533,44.47,1,2
23717,790566,70.57,1,3
23718,790600,37.97,1,2
23719,790633,36.35,1,2
23720,790666,65.34,1,3
23721,790700,34.99,1,2
23722,790733,33,1,2
23723,790766,73.11,1,3
23724,790800,43.81,1,2
23725,790833,41.53,1,2
23726,790866,68.45,1,3
23727,790900,48.72,1,2
23728,790933,47.83,1,2
23729,790966,65.21,1,3
23730,791000,55.03,1,3
23731,791033,52.34,1,3
23732,791066,52.16,1,3
23733,791100,56.7,1,3
23734,791133,55.79,1,3
23735,791166,49.25,1,2
23736,791200,62.39,1,3
23737,791233,61.18,1,3
23738,791266,85.89,1,4
23739,791300,87.85,1,4
23740,791333,86.39,1,4
23741,791366,62.51,1,3
23742,791400,87.6,1,4
23743,791433,86.41,1,4
23744,791466,48.33,1,2
23745,791500,84.21,1,4
23746,791533,82.8,1,4
23747,791566,53.79,1,3
23748,791600,75.51,1,4
23749,791633,73.69,1,3
23750,791666,53.7,1,3
23751,791700,80.63,1,4
23752,791733,78.65,1,4
23753,791766,62.15,1,3
23754,791800,78.13,1,4
23755,791833,75.37,1,4
23756,791866,73.12,1,3
23757,791900,74.2,1,3
23758,791933,70.48,1,3
23759,791966,74.8,1,3
23760,792000,48.18,1,2
23761,792033,46.05,1,2
23762,792066,67.29,1,3
23763,792100,44.55,1,2
23764,792133,42.49,1,2
23765,792166,70.53,1,3
23766,792200,38.5,1,2
23767,792233,36.64,1,2
23768,792266,62.75,1,3
23769,792300,38.94,1,2
23770,792333,37.01,1,2
23771,792366,66.66,1,3
23772,792400,44.51,1,2
23773,792433,42.96,1,2
23774,792466,53.87,1,3
23775,792500,53.82,1,3
23776,792533,52.38,1,3
23777,792566,55.42,1,3
23778,792600,62.93,1,3
23779,792633,61.79,1,3
23780,792666,41.09,1,2
23781,792700,72.35,1,3
23782,792733,71.45,1,3
23783,792766,57.88,1,3
23784,792800,80,1,4
23785,792833,79.43,1,4
23786,792866,36.96,1,2
23787,792900,72.28,1,3
23788,792933,72.04,1,3
23789,792966,34.79,1,2
23790,793000,71.94,1,3
23791,793033,71.37,1,3
23792,793066,38.26,1,2
23793,793100,74.03,1,3
23794,793133,71.73,1,3
23795,793166,50.46,1,3
23796,793200,63.61,1,3
23797,793233,61.59,1,3
23798,793266,44.66,1,2
23799,793300,61.71,1,3
23800,793333,61.13,1,3
23801,793366,56.43,1,3
23802,793400,56.25,1,3
23803,793433,54.58,1,3
23804,793466,59.34,1,3
23805,793500,47.36,1,2
23806,793533,45.61,1,2
23807,793566,67.23,1,3
23808,793600,40.73,1,2
23809,793633,39.24,1,2
23810,793666,69.02,1,3
23811,793700,45.5,1,2
23812,793733,43.1,1,2
23813,793766,73.05,1,3
23814,793800,40.17,1,2
23815,793833,38.07,1,2
23816,793866,67.51,1,3
23817,793900,38.94,1,2
23818,793933,37.48,1,2
23819,793966,61.75,1,3
23820,794000,47.48,1,2
23821,794033,45.91,1,2
23822,794066,66.09,1,3
23823,794100,57.73,1,3
23824,794133,55.89,1,3
23825,794166,57.35,1,3
23826,794200,58.85,1,3
23827,794233,58.13,1,3
23828,794266,41.06,1,2
23829,794300,63.57,1,3
23830,794333,62.85,1,3
23831,794366,40.63,1,2
23832,794400,66.34,1,3
23833,794433,65.66,1,3
23834,794466,34.02,1,2
23835,794500,68.57,1,3
23836,794533,67.63,1,3
23837,794566,31.39,1,2
23838,794600,71.12,1,3
23839,794633,70.81,1,3
23840,794666,36.67,1,2
23841,794700,73.45,1,3
23842,794733,72.79,1,3
23843,794766,48.06,1,2
23844,794800,74.93,1,3
23845,794833,74.44,1,3
23846,794866,52.19,1,3
23847,794900,63.66,1,3
23848,794933,62.79,1,3
23849,794966,62.26,1,3
23850,795000,63.16,1,3
23851,795033,61.57,1,3
23852,795066,69.53,1,3
23853,795100,53.49,1,3
23854,795133,51.64,1,3
23855,795166,72.02,1,3
23856,795200,40.66,1,2
23857,795233,39.07,1,2
23858,795266,92.8,1,4
23859,795300,58.54,1,3
23860,795333,57.23,1,3
23861,795366,88.67,1,4
23862,795400,61.44,1,3
23863,795433,58.74,1,3
23864,795466,72.28,1,3
23865,795500,62.09,1,3
23866,795533,59.33,1,3
23867,795566,77.36,1,4
23868,795600,63.51,1,3
23869,795633,61.03,1,3
23870,795666,61.28,1,3
23871,795700,68.63,1,3
23872,795733,66.75,1,3
23873,795766,55.05,1,3
23874,795800,71.46,1,3
23875,795833,70.79,1,3
23876,795866,35.49,1,2
23877,795900,78.96,1,4
23878,795933,78.3,1,4
23879,795966,48.9,1,2
23880,796000,82.26,1,4
23881,796033,80.97,1,4
23882,796066,43.56,1,2
23883,796100,76.79,1,4
23884,796133,75.67,1,4
23885,796166,42.4,1,2
23886,796200,68.54,1,3
23887,796233,66.93,1,3
23888,796266,38.95,1,2
23889,796300,66.1,1,3
23890,796333,64.32,1,3
23891,796366,53.51,1,3
23892,796400,61.99,1,3
23893,796433,57.58,1,3
23894,796466,47.77,1,2
23895,796500,53.21,1,3
23896,796533,51.08,1,3
23897,796566,63.42,1,3
23898,796600,50.1,1,3
23899,796633,45.78,1,2
23900,796666,63.18,1,3
23901,796700,41.89,1,2
23902,796733,40.1,1,2
23903,796766,67.56,1,3
23904,796800,34.12,1,2
23905,796833,33.04,1,2
23906,796866,67.58,1,3
23907,796900,40.48,1,2
23908,796933,38.95,1,2
23909,796966,76.19,1,4
23910,797000,51.74,1,3
23911,797033,49.91,1,2
23912,797066,60.88,1,3
23913,797100,48.45,1,2
23914,797133,46.58,1,2
23915,797166,62.07,1,3
23916,797200,54.83,1,3
23917,797233,53.5,1,3
23918,797266,57.16,1,3
23919,797300,62.81,1,3
23920,797333,61.26,1,3
23921,797366,44,1,2
23922,797400,64.08,1,3
23923,797433,63.55,1,3
23924,797466,34.06,1,2
23925,797500,67.24,1,3
23926,797533,65.94,1,3
23927,797566,33.23,1,2
23928,797600,67.95,1,3
23929,797633,66.45,1,3
23930,797666,33.67,1,2
23931,797700,67.97,1,3
23932,797733,66.58,1,3
23933,797766,33.56,1,2
23934,797800,63.27,1,3
23935,797833,62.79,1,3
23936,797866,42.01,1,2
23937,797900,72,1,3
23938,797933,70.39,1,3
23939,797966,56.71,1,3
23940,798000,65.36,1,3
23941,798033,62.52,1,3
23942,798066,61.94,1,3
23943,798100,47.4,1,2
23944,798133,46.04,1,2
23945,798166,63.74,1,3
23946,798200,39.76,1,2
23947,798233,38.48,1,2
23948,798266,68.42,1,3
23949,798300,38.26,1,2
23950,798333,36.42,1,2
23951,798366,61.61,1,3
23952,798400,36.02,1,2
23953,798433,35.08,1,2
23954,798466,59.67,1,3
23955,798500,41.7,1,2
23956,798533,40.38,1,2
23957,798566,62.09,1,3
23958,798600,49.48,1,2
23959,798633,47.35,1,2
23960,798666,52.5,1,3
23961,798700,56.42,1,3
23962,798733,54.97,1,3
23963,798766,48.17,1,2
23964,798800,66.45,1,3
23965,798833,65.72,1,3
23966,798866,44.97,1,2
23967,798900,68.71,1,3
23968,798933,66.02,1,3
23969,798966,38.48,1,2
23970,799000,66.84,1,3
23971,799033,65.07,1,3
23972,799066,26.71,1,2
23973,799100,66.67,1,3
23974,799133,66.36,1,3
23975,799166,30.3,1,2
23976,799200,67.48,1,3
23977,799233,66.67,1,3
23978,799266,75.43,1,4
23979,799300,86.15,1,4
23980,799333,83.69,1,4
23981,799366,63.97,1,3
23982,799400,83.01,1,4
23983,799433,80.27,1,4
23984,799466,69.02,1,3
23985,799500,77.51,1,4
23986,799533,75.38,1,4
23987,799566,75.64,1,4
23988,799600,53.8,1,3
23989,799633,49.44,1,2
23990,799666,64.51,1,3
23991,799700,43.84,1,2
23992,799733,42.12,1,2
23993,799766,69.46,1,3
23994,799800,41.68,1,2
23995,799833,39.74,1,2
23996,799866,70.05,1,3
23997,799900,47.24,1,2
23998,799933,45.96,1,2
23999,799966,71.24,1,3
24000,800000,48.55,1,2
24001,800033,46,1,2
24002,800066,61.73,1,3
24003,800100,53.68,1,3
24004,800133,51.41,1,3
24005,800166,60.9,1,3
24006,800200,58.94,1,3
24007,800233,56.59,1,3
24008,800266,52.46,1,3
24009,800300,62.55,1,3
24010,800333,60.54,1,3
24011,800366,38.51,1,2
24012,800400,63.34,1,3
24013,800433,62.24,1,3
24014,800466,33.75,1,2
24015,800500,70.44,1,3
24016,800533,68.53,1,3
24017,800566,30.55,1,2
24018,800600,66.39,1,3
24019,800633,65.65,1,3
24020,800666,31.15,1,2
24021,800700,66.85,1,3
24022,800733,65.75,1,3
24023,800766,41.97,1,2
24024,800800,74.54,1,3
24025,800833,73.85,1,3
24026,800866,53.51,1,3
24027,800900,68.93,1,3
24028,800933,67.84,1,3
24029,800966,58.62,1,3
24030,801000,53.44,1,3
24031,801033,51.4,1,3
24032,801066,57.58,1,3
24033,801100,46.02,1,2
24034,801133,44.34,1,2
24035,801166,61.55,1,3
24036,801200,40.32,1,2
24037,801233,38.49,1,2
24038,801266,60.43,1,3
24039,801300,29.98,1,2
24040,801333,28.25,1,2
24041,801366,64.83,1,3
24042,801400,33.79,1,2
24043,801433,32.32,1,2
24044,801466,60.64,1,3
24045,801500,40.26,1,2
24046,801533,38.19,1,2
24047,801566,60.22,1,3
24048,801600,50.17,1,3
24049,801633,48.99,1,2
24050,801666,60.73,1,3
24051,801700,67.8,1,3
24052,801733,66.79,1,3
24053,801766,65.88,1,3
24054,801800,75,1,3
24055,801833,73.18,1,3
24056,801866,40.76,1,2
24057,801900,68.11,1,3
24058,801933,67,1,3
24059,801966,41.12,1,2
24060,802000,67.75,1,3
24061,802033,67.03,1,3
24062,802066,29.96,1,2
24063,802100,72,1,3
24064,802133,71.34,1,3
24065,802166,38.48,1,2
24066,802200,65.33,1,3
24067,802233,64.66,1,3
24068,802266,36.24,1,2
24069,802300,67.49,1,3
24070,802333,64.34,1,3
24071,802366,47.76,1,2
24072,802400,61.01,1,3
24073,802433,59.76,1,3
24074,802466,45.85,1,2
24075,802500,54.88,1,3
24076,802533,52.74,1,3
24077,802566,56.81,1,3
24078,802600,57.93,1,3
24079,802633,55.6,1,3
24080,802666,71.91,1,3
24081,802700,56.64,1,3
24082,802733,54.43,1,3
24083,802766,72.72,1,3
24084,802800,46.06,1,2
24085,802833,44.24,1,2
24086,802866,67.15,1,3
24087,802900,39.43,1,2
24088,802933,37.12,1,2
24089,802966,66.08,1,3
24090,803000,41.47,1,2
24091,803033,39.76,1,2
24092,803066,62.39,1,3
24093,803100,45.78,1,2
24094,803133,42.79,1,2
24095,803166,65.43,1,3
24096,803200,47.12,1,2
24097,803233,46.03,1,2
24098,803266,89.86,1,4
24099,803300,81.27,1,4
24100,803333,77.6,1,4
24101,803366,65.55,1,3
24102,803400,86.23,1,4
24103,803433,83.74,1,4
24104,803466,59.09,1,3
24105,803500,82.19,1,4
24106,803533,80.14,1,4
24107,803566,47.95,1,2
24108,803600,74.44,1,3
24109,803633,72.55,1,3
24110,803666,48.74,1,2
24111,803700,84.44,1,4
24112,803733,81.91,1,4
24113,803766,51.66,1,3
24114,803800,77.48,1,4
24115,803833,75.17,1,4
24116,803866,49.23,1,2
24117,803900,69.36,1,3
24118,803933,67.87,1,3
24119,803966,59.64,1,3
24120,804000,69.32,1,3
24121,804033,67.93,1,3
24122,804066,60.98,1,3
24123,804100,71.53,1,3
24124,804133,69.89,1,3
24125,804166,68.1,1,3
24126,804200,41.17,1,2
24127,804233,39.17,1,2
24128,804266,58.91,1,3
24129,804300,35.4,1,2
24130,804333,33.95,1,2
24131,804366,68.63,1,3
24132,804400,35.09,1,2
24133,804433,33.47,1,2
24134,804466,55.41,1,3
24135,804500,38.14,1,2
24136,804533,36.26,1,2
24137,804566,61.85,1,3
24138,804600,52.85,1,3
24139,804633,51.32,1,3
24140,804666,56.88,1,3
24141,804700,61.53,1,3
24142,804733,58.58,1,3
24143,804766,64.9,1,3
24144,804800,64.56,1,3
24145,804833,63.24,1,3
24146,804866,39.51,1,2
24147,804900,65.97,1,3
24148,804933,64.99,1,3
24149,804966,39.06,1,2
24150,805000,78.33,1,4
24151,805033,75.62,1,4
24152,805066,39.23,1,2
24153,805100,69.08,1,3
24154,805133,67.97,1,3
24155,805166,32.61,1,2
24156,805200,67.16,1,3
24157,805233,64.29,1,3
24158,805266,35.26,1,2
24159,805300,64.98,1,3
24160,805333,63.58,1,3
24161,805366,40.89,1,2
24162,805400,64.69,1,3
24163,805433,63.01,1,3
24164,805466,44.11,1,2
24165,805500,58.21,1,3
24166,805533,57.07,1,3
24167,805566,53.38,1,3
24168,805600,47.96,1,2
24169,805633,46.63,1,2
24170,805666,63.18,1,3
24171,805700,48.1,1,2
24172,805733,46.49,1,2
24173,805766,63.45,1,3
24174,805800,33.36,1,2
24175,805833,31.64,1,2
24176,805866,61.05,1,3
24177,805900,40.25,1,2
24178,805933,38.64,1,2
24179,805966,75.94,1,4
24180,806000,41.75,1,2
24181,806033,40.39,1,2
24182,806066,62.4,1,3
24183,806100,43.45,1,2
24184,806133,41.05,1,2
24185,806166,60.82,1,3
24186,806200,47.52,1,2
24187,806233,46.1,1,2
24188,806266,47.59,1,2
24189,806300,58.11,1,3
24190,806333,56,1,3
24191,806366,52.7,1,3
24192,806400,61.3,1,3
24193,806433,60.63,1,3
24194,806466,34.45,1,2
24195,806500,63.42,1,3
24196,806533,61.65,1,3
24197,806566,42.36,1,2
24198,806600,73.38,1,3
24199,806633,72.8,1,3
24200,806666,32.86,1,2
24201,806700,67.94,1,3
24202,806733,67.56,1,3
24203,806766,34.55,1,2
24204,806800,63.05,1,3
24205,806833,62.04,1,3
24206,806866,35.03,1,2
24207,806900,66.74,1,3
24208,806933,64.33,1,3
24209,806966,56.71,1,3
24210,807000,61.86,1,3
24211,807033,60.39,1,3
24212,807066,53.02,1,3
24213,807100,41.92,1,2
24214,807133,40.57,1,2
24215,807166,61.43,1,3
24216,807200,38.45,1,2
24217,807233,37.32,1,2
24218,807266,90.19,1,4
24219,807300,58.45,1,3
24220,807333,55.36,1,3
24221,807366,82.1,1,4
24222,807400,53.79,1,3
24223,807433,50.59,1,3
24224,807466,76.93,1,4
24225,807500,60.91,1,3
24226,807533,58.36,1,3
24227,807566,81.34,1,4
24228,807600,57.16,1,3
24229,807633,54.55,1,3
24230,807666,66.2,1,3
24231,807700,59.32,1,3
24232,807733,57,1,3
24233,807766,48.69,1,2
24234,807800,61.54,1,3
24235,807833,59.64,1,3
24236,807866,44.84,1,2
24237,807900,76.23,1,4
24238,807933,74.86,1,3
24239,807966,42.47,1,2
24240,808000,69.37,1,3
24241,808033,68.74,1,3
24242,808066,31.11,1,2
24243,808100,66.11,1,3
24244,808133,64.99,1,3
24245,808166,29.74,1,2
24246,808200,65.59,1,3
24247,808233,64.47,1,3
24248,808266,36.63,1,2
24249,808300,64.75,1,3
24250,808333,69.13,1,3
24251,808366,45.74,1,2
24252,808400,62.86,1,3
24253,808433,59.76,1,3
24254,808466,53.8,1,3
24255,808500,61.03,1,3
24256,808533,57.47,1,3
24257,808566,63.6,1,3
24258,808600,56.76,1,3
24259,808633,52.19,1,3
24260,808666,61.99,1,3
24261,808700,42.14,1,2
24262,808733,40.22,1,2
24263,808766,66.65,1,3
24264,808800,44.6,1,2
24265,808833,41.86,1,2
24266,808866,67.54,1,3
24267,808900,41.31,1,2
24268,808933,39.24,1,2
24269,808966,67.53,1,3
24270,809000,36.32,1,2
24271,809033,34.59,1,2
24272,809066,57.23,1,3
24273,809100,39.06,1,2
24274,809133,37.72,1,2
24275,809166,60.93,1,3
24276,809200,47.29,1,2
24277,809233,46.34,1,2
24278,809266,51.49,1,3
24279,809300,56.93,1,3
24280,809333,56.08,1,3
24281,809366,51.78,1,3
24282,809400,64.09,1,3
24283,809433,63.82,1,3
24284,809466,45.45,1,2
24285,809500,72.87,1,3
24286,809533,72.05,1,3
24287,809566,48.62,1,2
24288,809600,72.89,1,3
24289,809633,71.63,1,3
24290,809666,31.27,1,2
24291,809700,67.07,1,3
24292,809733,66,1,3
24293,809766,39.33,1,2
24294,809800,72.63,1,3
24295,809833,71.93,1,3
24296,809866,43.46,1,2
24297,809900,74.7,1,3
24298,809933,73.33,1,3
24299,809966,56.05,1,3
24300,810000,59.42,1,3
24301,810033,57.52,1,3
24302,810066,47.89,1,2
24303,810100,50.87,1,3
24304,810133,49.76,1,2
24305,810166,62.86,1,3
24306,810200,43.96,1,2
24307,810233,42.85,1,2
24308,810266,58.04,1,3
24309,810300,37.36,1,2
24310,810333,36.16,1,2
24311,810366,64.55,1,3
24312,810400,37.64,1,2
24313,810433,36.33,1,2
24314,810466,59.24,1,3
24315,810500,37.17,1,2
24316,810533,36.16,1,2
24317,810566,70.25,1,3
24318,810600,44.63,1,2
24319,810633,42.66,1,2
24320,810666,52.29,1,3
24321,810700,58.93,1,3
24322,810733,57.54,1,3
24323,810766,66.65,1,3
24324,810800,71.33,1,3
24325,810833,70.33,1,3
24326,810866,52,1,3
24327,810900,69.44,1,3
24328,810933,68.73,1,3
24329,810966,43.73,1,2
24330,811000,66.02,1,3
24331,811033,64.38,1,3
24332,811066,26.58,1,2
24333,811100,68.89,1,3
24334,811133,68.21,1,3
24335,811166,37.04,1,2
24336,811200,65.25,1,3
24337,811233,63.69,1,3
24338,811266,70.89,1,3
24339,811300,86.28,1,4
24340,811333,83.67,1,4
24341,811366,63.66,1,3
24342,811400,85.07,1,4
24343,811433,84.52,1,4
24344,811466,69.04,1,3
24345,811500,75.97,1,4
24346,811533,72.56,1,3
24347,811566,74.14,1,3
24348,811600,55.25,1,3
24349,811633,51.62,1,3
24350,811666,69.13,1,3
24351,811700,60.12,1,3
24352,811733,57.2,1,3
24353,811766,79.55,1,4
24354,811800,52.72,1,3
24355,811833,50.04,1,3
24356,811866,73.95,1,3
24357,811900,37.5,1,2
24358,811933,35.67,1,2
24359,811966,73.39,1,3
24360,812000,40.54,1,2
24361,812033,38.76,1,2
24362,812066,62.84,1,3
24363,812100,48.26,1,2
24364,812133,46.44,1,2
24365,812166,65.39,1,3
24366,812200,49.02,1,2
24367,812233,46.46,1,2
24368,812266,47.82,1,2
24369,812300,52.76,1,3
24370,812333,50.55,1,3
24371,812366,53.6,1,3
24372,812400,62.72,1,3
24373,812433,61.87,1,3
24374,812466,38.03,1,2
24375,812500,62.66,1,3
24376,812533,61.11,1,3
24377,812566,40.97,1,2
24378,812600,68.46,1,3
24379,812633,66.72,1,3
24380,812666,32.89,1,2
24381,812700,77.2,1,4
24382,812733,76.32,1,4
24383,812766,47.51,1,2
24384,812800,81.45,1,4
24385,812833,80.67,1,4
24386,812866,37.8,1,2
24387,812900,67.19,1,3
24388,812933,65.68,1,3
24389,812966,46.37,1,2
24390,813000,50.58,1,3
24391,813033,57.45,1,3
24392,813066,56.02,1,3
24393,813100,59.79,1,3
24394,813133,62.9,1,3
24395,813166,61.85,1,3
24396,813200,37.63,1,2
24397,813233,62.46,1,3
24398,813266,61.33,1,3
24399,813300,37.76,1,2
24400,813333,64.96,1,3
24401,813366,64.13,1,3
24402,813400,25.02,1,2
24403,813433,64.68,1,3
24404,813466,64.26,1,3
24405,813500,33.03,1,2
24406,813533,64.1,1,3
24407,813566,62.52,1,3
24408,813600,32.88,1,2
24409,813633,66.4,1,3
24410,813666,64.93,1,3
24411,813700,60.48,1,3
24412,813733,70.57,1,3
24413,813766,69.14,1,3
24414,813800,58.73,1,3
24415,813833,49.61,1,2
24416,813866,48.25,1,2
24417,813900,60.8,1,3
24418,813933,52.47,1,3
24419,813966,51.05,1,3
24420,814000,65.3,1,3
24421,814033,39.98,1,2
24422,814066,38.39,1,2
24423,814100,67.06,1,3
24424,814133,34.95,1,2
24425,814166,33.35,1,2
24426,814200,56.96,1,3
24427,814233,31.75,1,2
24428,814266,30.15,1,2
24429,814300,62.07,1,3
24430,814333,41.52,1,2
24431,814366,39.75,1,2
24432,814400,57.36,1,3
24433,814433,52.35,1,3
24434,814466,51.05,1,3
24435,814500,58.54,1,3
24436,814533,55.11,1,3
24437,814566,54.28,1,3
24438,814600,44.91,1,2
24439,814633,68.81,1,3
24440,814666,67.73,1,3
24441,814700,50.57,1,3
24442,814733,68.34,1,3
24443,814766,67.05,1,3
24444,814800,31.26,1,2
24445,814833,68.55,1,3
24446,814866,68.33,1,3
24447,814900,35.21,1,2
24448,814933,72.42,1,3
24449,814966,71.94,1,3
24450,815000,30.1,1,2
24451,815033,67.49,1,3
24452,815066,65.99,1,3
24453,815100,38.43,1,2
24454,815133,64.15,1,3
24455,815166,62.79,1,3
24456,815200,35.73,1,2
24457,815233,95.71,1,4
24458,815266,92.62,1,4
24459,815300,76.18,1,4
24460,815333,85.24,1,4
24461,815366,83.54,1,4
24462,815400,70.37,1,3
24463,815433,70.03,1,3
24464,815466,65.34,1,3
24465,815500,79.37,1,4
24466,815533,65.32,1,3
24467,815566,53.79,1,3
24468,815600,66.39,1,3
24469,815633,51.27,1,3
24470,815666,48.79,1,2
24471,815700,78.07,1,4
24472,815733,45.02,1,2
24473,815766,42.65,1,2
24474,815800,62.48,1,3
24475,815833,38.2,1,2
24476,815866,36.23,1,2
24477,815900,66.6,1,3
24478,815933,47.23,1,2
24479,815966,44.28,1,2
24480,816000,57.67,1,3
24481,816033,53.86,1,3
24482,816066,51.92,1,3
24483,816100,54.28,1,3
24484,816133,58.11,1,3
24485,816166,57.16,1,3
24486,816200,37.03,1,2
24487,816233,61.04,1,3
24488,816266,59.87,1,3
24489,816300,41.97,1,2
24490,816333,68.61,1,3
24491,816366,67.85,1,3
24492,816400,27.18,1,2
24493,816433,65.48,1,3
24494,816466,64.08,1,3
24495,816500,31.14,1,2
24496,816533,71.97,1,3
24497,816566,69.86,1,3
24498,816600,46.37,1,2
24499,816633,78.66,1,4
24500,816666,79.53,1,4
24501,816700,57.63,1,3
24502,816733,64.65,1,3
24503,816766,63.13,1,3
24504,816800,51.65,1,3
24505,816833,56.42,1,3
24506,816866,51.08,1,3
24507,816900,59.43,1,3
24508,816933,52,1,3
24509,816966,48.84,1,2
24510,817000,65.87,1,3
24511,817033,36.65,1,2
24512,817066,35.23,1,2
24513,817100,62.66,1,3
24514,817133,31.92,1,2
24515,817166,30.28,1,2
24516,817200,61.2,1,3
24517,817233,32.8,1,2
24518,817266,31.43,1,2
24519,817300,60.07,1,3
24520,817333,41.04,1,2
24521,817366,39.59,1,2
24522,817400,57.23,1,3
24523,817433,48.76,1,2
24524,817466,47.52,1,2
24525,817500,60.08,1,3
24526,817533,59.22,1,3
24527,817566,59.06,1,3
24528,817600,57.41,1,3
24529,817633,70.54,1,3
24530,817666,69.96,1,3
24531,817700,47.52,1,2
24532,817733,66.38,1,3
24533,817766,66.02,1,3
24534,817800,34.61,1,2
24535,817833,68.15,1,3
24536,817866,66.2,1,3
24537,817900,38.06,1,2
24538,817933,70.51,1,3
24539,817966,68.1,1,3
24540,818000,32.79,1,2
24541,818033,63.69,1,3
24542,818066,62.89,1,3
24543,818100,30.87,1,2
24544,818133,63.83,1,3
24545,818166,63.26,1,3
24546,818200,36.35,1,2
24547,818233,62.58,1,3
24548,818266,61.25,1,3
24549,818300,44.63,1,2
24550,818333,57.78,1,3
24551,818366,55.67,1,3
24552,818400,51.95,1,3
24553,818433,48.27,1,2
24554,818466,46.49,1,2
24555,818500,62.66,1,3
24556,818533,51.75,1,3
24557,818566,49.82,1,2
24558,818600,72.83,1,3
24559,818633,45.99,1,2
24560,818666,44.39,1,2
24561,818700,68.62,1,3
24562,818733,35.1,1,2
24563,818766,33.58,1,2
24564,818800,64.16,1,3
24565,818833,35.06,1,2
24566,818866,33.7,1,2
24567,818900,62.8,1,3
24568,818933,45.35,1,2
24569,818966,44.24,1,2
24570,819000,65.19,1,3
24571,819033,47.93,1,2
24572,819066,46.22,1,2
24573,819100,52.51,1,3
24574,819133,54.09,1,3
24575,819166,53.29,1,3
24576,819200,43.12,1,2
24577,819233,88.46,1,4
24578,819266,88.24,1,4
24579,819300,57.54,1,3
24580,819333,83.01,1,4
24581,819366,81.32,1,4
24582,819400,48.74,1,2
24583,819433,83.29,1,4
24584,819466,81.57,1,4
24585,819500,45.78,1,2
24586,819533,86.98,1,4
24587,819566,79.62,1,4
24588,819600,44.56,1,2
24589,819633,80.01,1,4
24590,819666,78.44,1,4
24591,819699,48.07,1,2
24592,819733,69.72,1,3
24593,819766,68.4,1,3
24594,819800,59.89,1,3
24595,819833,76.28,1,4
24596,819866,70.02,1,3
24597,819900,70.16,1,3
24598,819933,68.13,1,3
24599,819966,66.58,1,3
24600,820000,69.75,1,3
24601,820033,45.17,1,2
24602,820066,43.25,1,2
24603,820100,67.31,1,3
24604,820133,38.43,1,2
24605,820166,36.79,1,2
24606,820199,61.52,1,3
24607,820233,34.16,1,2
24608,820266,32.21,1,2
24609,820300,65.21,1,3
24610,820333,36.35,1,2
24611,820366,34.35,1,2
24612,820400,56.77,1,3
24613,820433,42.27,1,2
24614,820466,40.66,1,2
24615,820500,64.04,1,3
24616,820533,53.16,1,3
24617,820566,51.28,1,3
24618,820600,55.99,1,3
24619,820633,58.57,1,3
24620,820666,57.34,1,3
24621,820699,50.35,1,3
24622,820733,65.31,1,3
24623,820766,64.04,1,3
24624,820800,47.27,1,2
24625,820833,77.99,1,4
24626,820866,77.38,1,4
24627,820900,45.15,1,2
24628,820933,73.5,1,3
24629,820966,71.63,1,3
24630,821000,32.97,1,2
24631,821033,67.21,1,3
24632,821066,66.58,1,3
24633,821100,32.28,1,2
24634,821133,66.29,1,3
24635,821166,65.65,1,3
24636,821199,36.89,1,2
24637,821233,62.79,1,3
24638,821266,59.83,1,3
24639,821300,39.78,1,2
24640,821333,58.75,1,3
24641,821366,57.61,1,3
24642,821400,45.43,1,2
24643,821433,59.64,1,3
24644,821466,56.12,1,3
24645,821500,56.49,1,3
24646,821533,56.94,1,3
24647,821566,55.5,1,3
24648,821600,58.3,1,3
24649,821633,42.28,1,2
24650,821666,40.74,1,2
24651,821699,62.31,1,3
24652,821733,36.79,1,2
24653,821766,35.72,1,2
24654,821800,64.68,1,3
24655,821833,40.85,1,2
24656,821866,39.25,1,2
24657,821900,74.76,1,3
24658,821933,39.08,1,2
24659,821966,37.53,1,2
24660,822000,58.98,1,3
24661,822033,42.79,1,2
24662,822066,40.89,1,2
24663,822100,62.29,1,3
24664,822133,52.57,1,3
24665,822166,51.34,1,3
24666,822199,46.38,1,2
24667,822233,57.34,1,3
24668,822266,56.21,1,3
24669,822300,48,1,2
24670,822333,62.02,1,3
24671,822366,61.54,1,3
24672,822400,32.53,1,2
24673,822433,63.73,1,3
24674,822466,63.19,1,3
24675,822500,37.38,1,2
24676,822533,65.02,1,3
24677,822566,64.44,1,3
24678,822600,27.87,1,2
24679,822633,64.49,1,3
24680,822666,63.58,1,3
24681,822699,36.61,1,2
24682,822733,66.06,1,3
24683,822766,65.49,1,3
24684,822800,44.99,1,2
24685,822833,72.83,1,3
24686,822866,71.83,1,3
24687,822900,60.01,1,3
24688,822933,58.58,1,3
24689,822966,57.44,1,3
24690,823000,55.44,1,3
24691,823033,44.35,1,2
24692,823066,42.38,1,2
24693,823100,64.9,1,3
24694,823133,37.22,1,2
24695,823166,35.83,1,2
24696,823199,67.63,1,3
24697,823233,82.95,1,4
24698,823266,79.92,1,4
24699,823300,87.03,1,4
24700,823333,55.61,1,3
24701,823366,51.02,1,3
24702,823400,79.13,1,4
24703,823433,61.56,1,3
24704,823466,57.23,1,3
24705,823500,77.82,1,4
24706,823533,62.49,1,3
24707,823566,53.78,1,3
24708,823600,58.61,1,3
24709,823633,52.71,1,3
24710,823666,50.23,1,3
24711,823699,55.6,1,3
24712,823733,64.95,1,3
24713,823766,63.88,1,3
24714,823800,53.47,1,3
24715,823833,72.07,1,3
24716,823866,71.23,1,3
24717,823900,46.35,1,2
24718,823933,68.57,1,3
24719,823966,68.04,1,3
24720,824000,36.59,1,2
24721,824033,67.85,1,3
24722,824066,64.23,1,3
24723,824100,33.24,1,2
24724,824133,69.32,1,3
24725,824166,68.2,1,3
24726,824199,30.64,1,2
24727,824233,65.96,1,3
24728,824266,64.04,1,3
24729,824300,35.14,1,2
24730,824333,63.87,1,3
24731,824366,62.38,1,3
24732,824400,43.83,1,2
24733,824433,64.06,1,3
24734,824466,61.79,1,3
24735,824500,55.37,1,3
24736,824533,59.7,1,3
24737,824566,58.42,1,3
24738,824600,58.01,1,3
24739,824633,51.35,1,3
24740,824666,49.99,1,2
24741,824699,59.9,1,3
24742,824733,48.41,1,2
24743,824766,46.75,1,2
24744,824800,68.17,1,3
24745,824833,41.26,1,2
24746,824866,38.69,1,2
24747,824900,66.17,1,3
24748,824933,37.9,1,2
24749,824966,35.11,1,2
24750,825000,63.48,1,3
24751,825033,37.37,1,2
24752,825066,35.47,1,2
24753,825100,63.04,1,3
24754,825133,45.27,1,2
24755,825166,43.89,1,2
24756,825199,59.45,1,3
24757,825233,50.33,1,3
24758,825266,49.1,1,2
24759,825300,49.1,1,2
24760,825333,55.3,1,3
24761,825366,54.48,1,3
24762,825400,45.59,1,2
24763,825433,71.71,1,3
24764,825466,70.58,1,3
24765,825500,37.92,1,2
24766,825533,67.04,1,3
24767,825566,66.05,1,3
24768,825600,29.34,1,2
24769,825633,68.76,1,3
24770,825666,67.99,1,3
24771,825699,34.72,1,2
24772,825733,71.72,1,3
24773,825766,70.58,1,3
24774,825800,47.19,1,2
24775,825833,73.79,1,3
24776,825866,72.02,1,3
24777,825900,49.51,1,2
24778,825933,62.2,1,3
24779,825966,61.38,1,3
24780,826000,45.7,1,2
24781,826033,51.79,1,3
24782,826066,49.99,1,2
24783,826100,55.18,1,3
24784,826133,43.54,1,2
24785,826166,42.01,1,2
24786,826199,60.14,1,3
24787,826233,36.66,1,2
24788,826266,34.72,1,2
24789,826300,63.85,1,3
24790,826333,33.01,1,2
24791,826366,31.75,1,2
24792,826400,63.22,1,3
24793,826433,34.63,1,2
24794,826466,33.35,1,2
24795,826500,63.6,1,3
24796,826533,37.39,1,2
24797,826566,34.91,1,2
24798,826600,62.84,1,3
24799,826633,46.45,1,2
24800,826666,43.88,1,2
24801,826699,64.87,1,3
24802,826733,60.9,1,3
24803,826766,59.58,1,3
24804,826800,63.32,1,3
24805,826833,65.45,1,3
24806,826866,63.93,1,3
24807,826900,47.05,1,2
24808,826933,62.14,1,3
24809,826966,61.32,1,3
24810,827000,42.25,1,2
24811,827033,64.41,1,3
24812,827066,63.37,1,3
24813,827100,34.8,1,2
24814,827133,65.15,1,3
24815,827166,64.8,1,3
24816,827199,27.8,1,2
24817,827233,92.36,1,4
24818,827266,91.92,1,4
24819,827300,54.34,1,3
24820,827333,85.04,1,4
24821,827366,83.71,1,4
24822,827400,58.94,1,3
24823,827433,85.79,1,4
24824,827466,84.15,1,4
24825,827500,59.46,1,3
24826,827533,78.07,1,4
24827,827566,67.97,1,3
24828,827600,52.38,1,3
24829,827633,69.81,1,3
24830,827666,66.42,1,3
24831,827699,73.37,1,3
24832,827733,68.69,1,3
24833,827766,66.94,1,3
24834,827800,76,1,4
24835,827833,62.76,1,3
24836,827866,58.32,1,3
24837,827900,71.2,1,3
24838,827933,38.97,1,2
24839,827966,37.72,1,2
24840,828000,65.6,1,3
24841,828033,37.88,1,2
24842,828066,36.27,1,2
24843,828100,67.27,1,3
24844,828133,40.66,1,2
24845,828166,38.67,1,2
24846,828199,61.98,1,3
24847,828233,42.24,1,2
24848,828266,40.83,1,2
24849,828300,56.13,1,3
24850,828333,47.63,1,2
24851,828366,46.15,1,2
24852,828400,47.26,1,2
24853,828433,58.86,1,3
24854,828466,57.73,1,3
24855,828500,42.44,1,2
24856,828533,60.48,1,3
24857,828566,59.71,1,3
24858,828600,35.53,1,2
24859,828633,67.3,1,3
24860,828666,66.38,1,3
24861,828699,38.36,1,2
24862,828733,81.87,1,4
24863,828766,80.67,1,4
24864,828800,44.16,1,2
24865,828833,74.37,1,3
24866,828866,72.93,1,3
24867,828900,37.74,1,2
24868,828933,65.77,1,3
24869,828966,63.93,1,3
24870,829000,45.34,1,2
24871,829033,64.36,1,3
24872,829066,62.32,1,3
24873,829100,55.45,1,3
24874,829133,63.59,1,3
24875,829166,61.84,1,3
24876,829199,53.71,1,3
24877,829233,48.62,1,2
24878,829266,46.35,1,2
24879,829300,56.31,1,3
24880,829333,38.76,1,2
24881,829366,37.16,1,2
24882,829400,62.27,1,3
24883,829433,33.26,1,2
24884,829466,31.58,1,2
24885,829500,62.26,1,3
24886,829533,31.34,1,2
24887,829566,30.11,1,2
24888,829600,59.84,1,3
24889,829633,41.02,1,2
24890,829666,39.08,1,2
24891,829699,66.72,1,3
24892,829733,47.6,1,2
24893,829766,45.59,1,2
24894,829800,67.29,1,3
24895,829833,48.61,1,2
24896,829866,47.01,1,2
24897,829900,56.47,1,3
24898,829933,54.81,1,3
24899,829966,52.76,1,3
24900,830000,50.25,1,3
24901,830033,64.13,1,3
24902,830066,62.84,1,3
24903,830100,44.4,1,2
24904,830133,65.81,1,3
24905,830166,65.15,1,3
24906,830199,34.48,1,2
24907,830233,66.57,1,3
24908,830266,64.28,1,3
24909,830300,30.81,1,2
24910,830333,64.98,1,3
24911,830366,64.21,1,3
24912,830400,27.33,1,2
24913,830433,63.9,1,3
24914,830466,63.25,1,3
24915,830500,31.23,1,2
24916,830533,60.97,1,3
24917,830566,60.11,1,3
24918,830600,33.79,1,2
24919,830633,64.21,1,3
24920,830666,62.61,1,3
24921,830699,48.38,1,2
24922,830733,67.13,1,3
24923,830766,65.75,1,3
24924,830800,55.1,1,3
24925,830833,52.51,1,3
24926,830866,50.09,1,3
24927,830900,57.47,1,3
24928,830933,47.41,1,2
24929,830966,44.34,1,2
24930,831000,64.46,1,3
24931,831033,40.68,1,2
24932,831066,39.04,1,2
24933,831100,68.47,1,3
24934,831133,37.02,1,2
24935,831166,35.51,1,2
24936,831199,62.73,1,3
24937,831233,76.91,1,4
24938,831266,71.3,1,3
24939,831300,87.75,1,4
24940,831333,62.74,1,3
24941,831366,60.71,1,3
24942,831400,78.7,1,4
24943,831433,68.93,1,3
24944,831466,64.33,1,3
24945,831500,77.09,1,4
24946,831533,71.45,1,3
24947,831566,61.05,1,3
24948,831600,42.21,1,2
24949,831633,74.36,1,3
24950,831666,72.57,1,3
24951,831699,56.41,1,3
24952,831733,73.84,1,3
24953,831766,70.73,1,3
24954,831800,35.07,1,2
24955,831833,69.33,1,3
24956,831866,68.03,1,3
24957,831900,39.03,1,2
24958,831933,69.46,1,3
24959,831966,68.04,1,3
24960,832000,36.68,1,2
24961,832033,76.76,1,4
24962,832066,75.98,1,4
24963,832100,48.24,1,2
24964,832133,68.28,1,3
24965,832166,67.05,1,3
24966,832199,46.15,1,2
24967,832233,61.15,1,3
24968,832266,58.36,1,3
24969,832300,61.24,1,3
24970,832333,53.2,1,3
24971,832366,52.21,1,3
24972,832400,53.88,1,3
24973,832433,43.49,1,2
24974,832466,41.76,1,2
24975,832500,63.88,1,3
24976,832533,37.41,1,2
24977,832566,35.52,1,2
24978,832600,59.5,1,3
24979,832633,34.6,1,2
24980,832666,33.11,1,2
24981,832699,70.68,1,3
24982,832733,41.29,1,2
24983,832766,39.22,1,2
24984,832800,58.77,1,3
24985,832833,37.99,1,2
24986,832866,36.8,1,2
24987,832900,62.73,1,3
24988,832933,47.7,1,2
24989,832966,45.62,1,2
24990,833000,54.87,1,3
24991,833033,52.85,1,3
24992,833066,50.67,1,3
24993,833100,59.91,1,3
24994,833133,59.21,1,3
24995,833166,57.25,1,3
24996,833199,39.53,1,2
24997,833233,63.68,1,3
24998,833266,62.22,1,3
24999,833300,42.29,1,2
25000,833333,67.49,1,3
25001,833366,67.09,1,3
25002,833400,35.34,1,2
25003,833433,67.45,1,3
25004,833466,66.74,1,3
25005,833500,31.41,1,2
25006,833533,63.65,1,3
25007,833566,62.87,1,3
25008,833600,36.49,1,2
25009,833633,71.29,1,3
25010,833666,70.1,1,3
25011,833699,44.97,1,2
25012,833733,68.87,1,3
25013,833766,68.44,1,3
25014,833800,47.6,1,2
25015,833833,61.77,1,3
25016,833866,59.96,1,3
25017,833900,47.83,1,2
25018,833933,56.91,1,3
25019,833966,55.7,1,3
25020,834000,56.12,1,3
25021,834033,56.63,1,3
25022,834066,51.41,1,3
25023,834100,61.06,1,3
25024,834133,41.79,1,2
25025,834166,40.39,1,2
25026,834199,62.76,1,3
25027,834233,34.95,1,2
25028,834266,33.1,1,2
25029,834300,68.02,1,3
25030,834333,35.24,1,2
25031,834366,33.56,1,2
25032,834400,59.23,1,3
25033,834433,39.16,1,2
25034,834466,37.15,1,2
25035,834500,60.9,1,3
25036,834533,44.98,1,2
25037,834566,43.54,1,2
25038,834600,50.61,1,3
25039,834633,58.7,1,3
25040,834666,57.53,1,3
25041,834699,61.8,1,3
25042,834733,69.81,1,3
25043,834766,67.59,1,3
25044,834800,36.88,1,2
25045,834833,66.17,1,3
25046,834866,65.16,1,3
25047,834900,37.57,1,2
25048,834933,74.49,1,3
25049,834966,73.77,1,3
25050,835000,40.55,1,2
25051,835033,71.37,1,3
25052,835066,70.75,1,3
25053,835100,40.08,1,2
25054,835133,65.92,1,3
25055,835166,64.6,1,3
25056,835199,30,1,2
25057,835233,90.07,1,4
25058,835266,89.62,1,4
25059,835300,70.63,1,3
25060,835333,82.48,1,4
25061,835366,80.92,1,4
25062,835400,68.13,1,3
25063,835433,78.95,1,4
25064,835466,76.76,1,4
25065,835500,75.14,1,4
25066,835533,62.23,1,3
25067,835566,50.95,1,3
25068,835600,70.16,1,3
25069,835633,56.39,1,3
25070,835666,54.05,1,3
25071,835699,78.44,1,4
25072,835733,44.85,1,2
25073,835766,42.15,1,2
25074,835800,65.3,1,3
25075,835833,43.36,1,2
25076,835866,41.65,1,2
25077,835900,71.49,1,3
25078,835933,49.12,1,2
25079,835966,48.03,1,2
25080,836000,69.32,1,3
25081,836033,52.28,1,3
25082,836066,49.76,1,2
25083,836100,66.28,1,3
25084,836133,46.06,1,2
25085,836166,44.51,1,2
25086,836199,48.19,1,2
25087,836233,55.21,1,3
25088,836266,53.99,1,3
25089,836300,51.32,1,3
25090,836333,60.61,1,3
25091,836366,57.41,1,3
25092,836400,39.94,1,2
25093,836433,59.27,1,3
25094,836466,58.35,1,3
25095,836500,40,1,2
25096,836533,69.93,1,3
25097,836566,68.57,1,3
25098,836600,33.31,1,2
25099,836633,73.72,1,3
25100,836666,73.18,1,3
25101,836699,46.25,1,2
25102,836733,71.72,1,3
25103,836766,70.86,1,3
25104,836800,30.14,1,2
25105,836833,66.23,1,3
25106,836866,65.64,1,3
25107,836900,44.89,1,2
25108,836933,72.29,1,3
25109,836966,71.12,1,3
25110,837000,50.59,1,3
25111,837033,72.81,1,3
25112,837066,71.88,1,3
25113,837100,62.88,1,3
25114,837133,54.62,1,3
25115,837166,53.53,1,3
25116,837199,58.08,1,3
25117,837233,40.15,1,2
25118,837266,38.34,1,2
25119,837300,62.15,1,3
25120,837333,33.29,1,2
25121,837366,31.43,1,2
25122,837400,62.68,1,3
25123,837433,30.41,1,2
25124,837466,28.67,1,2
25125,837500,61.19,1,3
25126,837533,34.7,1,2
25127,837566,33.61,1,2
25128,837600,65.18,1,3
25129,837633,48.47,1,2
25130,837666,46.78,1,2
25131,837699,63.08,1,3
25132,837733,49.37,1,2
25133,837766,47.79,1,2
25134,837800,53.28,1,3
25135,837833,59.54,1,3
25136,837866,58.58,1,3
25137,837900,51.04,1,3
25138,837933,74.48,1,3
25139,837966,71.09,1,3
25140,838000,56.19,1,3
25141,838033,72.82,1,3
25142,838066,72.11,1,3
25143,838100,34.54,1,2
25144,838133,63.99,1,3
25145,838166,62.36,1,3
25146,838199,28.99,1,2
25147,838233,66.13,1,3
25148,838266,65.3,1,3
25149,838300,31.44,1,2
25150,838333,66.03,1,3
25151,838366,64.74,1,3
25152,838400,35.5,1,2
25153,838433,58.18,1,3
25154,838466,57.13,1,3
25155,838500,40.84,1,2
25156,838533,52.64,1,3
25157,838566,51.34,1,3
25158,838600,50.46,1,3
25159,838633,52.62,1,3
25160,838666,51.27,1,3
25161,838699,60.82,1,3
25162,838733,45.07,1,2
25163,838766,42.44,1,2
25164,838800,61.19,1,3
25165,838833,39.38,1,2
25166,838866,38.1,1,2
25167,838900,72.83,1,3
25168,838933,51.08,1,3
25169,838966,48.08,1,2
25170,839000,70.89,1,3
25171,839033,41.23,1,2
25172,839066,38.69,1,2
25173,839100,63.76,1,3
25174,839133,37.89,1,2
25175,839166,36.14,1,2
25176,839199,59.07,1,3
25177,839233,84.53,1,4
25178,839266,83.3,1,4
25179,839300,88.19,1,4
25180,839333,77.66,1,4
25181,839366,75.69,1,4
25182,839400,58.77,1,3
25183,839433,78.7,1,4
25184,839466,76.58,1,4
25185,839500,58.59,1,3
25186,839533,77.69,1,4
25187,839566,66.23,1,3
25188,839600,36.15,1,2
25189,839633,72.19,1,3
25190,839666,69.46,1,3
25191,839699,37.8,1,2
25192,839733,68.46,1,3
25193,839766,67.43,1,3
25194,839800,31.88,1,2
25195,839833,79.89,1,4
25196,839866,79.4,1,4
25197,839900,55.01,1,3
25198,839933,74.92,1,3
25199,839966,73.35,1,3
25200,840000,53.67,1,3
25201,840033,62.91,1,3
25202,840066,60.88,1,3
25203,840100,59.42,1,3
25204,840133,56.34,1,3
25205,840166,54.4,1,3
25206,840199,62.8,1,3
25207,840233,57.38,1,3
25208,840266,55.52,1,3
25209,840300,65.98,1,3
25210,840333,39.93,1,2
25211,840366,37.51,1,2
25212,840400,59.23,1,3
25213,840433,34.2,1,2
25214,840466,32.76,1,2
25215,840500,61.74,1,3
25216,840533,38.25,1,2
25217,840566,36.79,1,2
25218,840600,63.2,1,3
25219,840633,41.9,1,2
25220,840666,40.44,1,2
25221,840699,56.44,1,3
25222,840733,45.65,1,2
25223,840766,43.8,1,2
25224,840800,55.77,1,3
25225,840833,59.2,1,3
25226,840866,58.02,1,3
25227,840900,57.37,1,3
25228,840933,71.13,1,3
25229,840966,69.39,1,3
25230,841000,38.67,1,2
25231,841033,64.89,1,3
25232,841066,64,1,3
25233,841100,32,1,2
25234,841133,73.21,1,3
25235,841166,69.23,1,3
25236,841199,35.78,1,2
25237,841233,69.62,1,3
25238,841266,69.12,1,3
25239,841300,33.53,1,2
25240,841333,67.69,1,3
25241,841366,66.19,1,3
25242,841400,40,1,2
25243,841433,62.38,1,3
25244,841466,60.94,1,3
25245,841500,45.63,1,2
25246,841533,66.69,1,3
25247,841566,64.48,1,3
25248,841600,51.36,1,3
25249,841633,53.45,1,3
25250,841666,54.56,1,3
25251,841699,56.06,1,3
25252,841733,43.44,1,2
25253,841766,41.32,1,2
25254,841800,66.31,1,3
25255,841833,49.51,1,2
25256,841866,47.31,1,2
25257,841900,64.88,1,3
25258,841933,38.62,1,2
25259,841966,37.52,1,2
25260,842000,62.51,1,3
25261,842033,32.93,1,2
25262,842066,31.24,1,2
25263,842100,65.28,1,3
25264,842133,37.43,1,2
25265,842166,36.15,1,2
25266,842199,59.62,1,3
25267,842233,44.58,1,2
25268,842266,42.62,1,2
25269,842300,61.15,1,3
25270,842333,48.33,1,2
25271,842366,46.79,1,2
25272,842400,45.09,1,2
25273,842433,53.91,1,3
25274,842466,53.18,1,3
25275,842500,58.61,1,3
25276,842533,61.2,1,3
25277,842566,60.77,1,3
25278,842600,36.54,1,2
25279,842633,65.33,1,3
25280,842666,64.22,1,3
25281,842699,37.61,1,2
25282,842733,65.5,1,3
25283,842766,65.09,1,3
25284,842800,30.65,1,2
25285,842833,74.33,1,3
25286,842866,73.05,1,3
25287,842900,40.96,1,2
25288,842933,69.54,1,3
25289,842966,68.87,1,3
25290,843000,33.65,1,2
25291,843033,62.4,1,3
25292,843066,61.76,1,3
25293,843100,45.47,1,2
25294,843133,61.95,1,3
25295,843166,59.6,1,3
25296,843199,48.47,1,2
25297,843233,93.04,1,4
25298,843266,92.34,1,4
25299,843300,82.14,1,4
25300,843333,75.52,1,4
25301,843366,67.56,1,3
25302,843400,81.39,1,4
25303,843433,55.48,1,3
25304,843466,52.8,1,3
25305,843500,82.62,1,4
25306,843533,53.84,1,3
25307,843566,43.72,1,2
25308,843600,68.41,1,3
25309,843633,40.17,1,2
25310,843666,37.31,1,2
25311,843699,62.08,1,3
25312,843733,47.19,1,2
25313,843766,44.86,1,2
25314,843800,71.83,1,3
25315,843833,62.22,1,3
25316,843866,61.3,1,3
25317,843900,72.6,1,3
25318,843933,74.59,1,3
25319,843966,73.8,1,3
25320,844000,55.72,1,3
25321,844033,67.15,1,3
25322,844066,65.92,1,3
25323,844100,42.08,1,2
25324,844133,69.95,1,3
25325,844166,68.82,1,3
25326,844199,41.48,1,2
25327,844233,72.47,1,3
25328,844266,71.49,1,3
25329,844300,36,1,2
25330,844333,66.74,1,3
25331,844366,66.39,1,3
25332,844400,30.19,1,2
25333,844433,68.29,1,3
25334,844466,66.22,1,3
25335,844500,35.12,1,2
25336,844533,64.42,1,3
25337,844566,63.1,1,3
25338,844600,46.35,1,2
25339,844633,62.47,1,3
25340,844666,60.04,1,3
25341,844699,50.86,1,3
25342,844733,59.96,1,3
25343,844766,57.94,1,3
25344,844800,65.2,1,3
25345,844833,67.02,1,3
25346,844866,60.29,1,3
25347,844900,76.76,1,4
25348,844933,49.61,1,2
25349,844966,47.56,1,2
25350,845000,63.12,1,3
25351,845033,35.67,1,2
25352,845066,33.66,1,2
25353,845100,67.07,1,3
25354,845133,39.43,1,2
25355,845166,37.55,1,2
25356,845199,61.78,1,3
25357,845233,40.2,1,2
25358,845266,38.62,1,2
25359,845300,62.82,1,3
25360,845333,38.96,1,2
25361,845366,37.63,1,2
25362,845400,53.55,1,3
25363,845433,46.36,1,2
25364,845466,45.31,1,2
25365,845500,56.66,1,3
25366,845533,53.89,1,3
25367,845566,52.28,1,3
25368,845600,44.97,1,2
25369,845633,57.99,1,3
25370,845666,56.89,1,3
25371,845699,46.14,1,2
25372,845733,67.88,1,3
25373,845766,68,1,3
25374,845800,39.99,1,2
25375,845833,73.99,1,3
25376,845866,73.26,1,3
25377,845900,46.16,1,2
25378,845933,72.24,1,3
25379,845966,71.46,1,3
25380,846000,30.44,1,2
25381,846033,66.87,1,3
25382,846066,66.28,1,3
25383,846100,41.03,1,2
25384,846133,65.24,1,3
25385,846166,64.21,1,3
25386,846199,44.43,1,2
25387,846233,71.44,1,3
25388,846266,70.6,1,3
25389,846300,54.57,1,3
25390,846333,54.88,1,3
25391,846366,52.47,1,3
25392,846400,51.37,1,3
25393,846433,48.81,1,2
25394,846466,46.26,1,2
25395,846500,59.15,1,3
25396,846533,38.11,1,2
25397,846566,36.18,1,2
25398,846600,56.45,1,3
25399,846633,32.82,1,2
25400,846666,30.95,1,2
25401,846699,66,1,3
25402,846733,33.04,1,2
25403,846766,31.75,1,2
25404,846800,61.37,1,3
25405,846833,44,1,2
25406,846866,41.6,1,2
25407,846900,72.09,1,3
25408,846933,49.88,1,2
25409,846966,48.55,1,2
25410,847000,54.08,1,3
25411,847033,58.67,1,3
25412,847066,56.42,1,3
25413,847100,52.35,1,3
25414,847133,69.7,1,3
25415,847166,68.05,1,3
25416,847199,43.42,1,2
25417,847233,97.12,1,4
25418,847266,96,1,4
25419,847300,61.41,1,3
25420,847333,87.98,1,4
25421,847366,86.52,1,4
25422,847400,48.32,1,2
25423,847433,82.91,1,4
25424,847466,80.92,1,4
25425,847500,53.7,1,3
25426,847533,79.98,1,4
25427,847566,73.49,1,3
25428,847600,38.7,1,2
25429,847633,68.25,1,3
25430,847666,65.53,1,3
25431,847699,45.69,1,2
25432,847733,64.95,1,3
25433,847766,63.44,1,3
25434,847800,53.9,1,3
25435,847833,64.53,1,3
25436,847866,61.75,1,3
25437,847900,60.22,1,3
25438,847933,49.31,1,2
25439,847966,47.2,1,2
25440,848000,59.14,1,3
25441,848033,46.28,1,2
25442,848066,44.91,1,2
25443,848100,76.71,1,4
25444,848133,49.44,1,2
25445,848166,47.41,1,2
25446,848199,77.65,1,4
25447,848233,41.68,1,2
25448,848266,39,1,2
25449,848300,66.02,1,3
25450,848333,35.61,1,2
25451,848366,33.99,1,2
25452,848400,55.89,1,3
25453,848433,45.52,1,2
25454,848466,42.54,1,2
25455,848500,61.91,1,3
25456,848533,48.17,1,2
25457,848566,45.24,1,2
25458,848600,48.71,1,2
25459,848633,52.38,1,3
25460,848666,51.14,1,3
25461,848699,49.98,1,2
25462,848733,59.1,1,3
25463,848766,58.5,1,3
25464,848800,38.21,1,2
25465,848833,63.02,1,3
25466,848866,62.23,1,3
25467,848900,42.64,1,2
25468,848933,64.06,1,3
25469,848966,63.56,1,3
25470,849000,24.83,1,1
25471,849033,72.52,1,3
25472,849066,70.74,1,3
25473,849100,40.24,1,2
25474,849133,78.15,1,4
25475,849166,77.13,1,4
25476,849199,39.57,1,2
25477,849233,66.54,1,3
25478,849266,65.29,1,3
25479,849300,49.87,1,2
25480,849333,58.18,1,3
25481,849366,56.82,1,3
25482,849400,49.32,1,2
25483,849433,48.16,1,2
25484,849466,45.18,1,2
25485,849500,62.1,1,3
25486,849533,41.7,1,2
25487,849566,40.31,1,2
25488,849600,56.68,1,3
25489,849633,33.47,1,2
25490,849666,32.08,1,2
25491,849699,64.3,1,3
25492,849733,34.44,1,2
25493,849766,33,1,2
25494,849800,61.56,1,3
25495,849833,35.3,1,2
25496,849866,33.92,1,2
25497,849900,60.54,1,3
25498,849933,42.01,1,2
25499,849966,40.43,1,2
25500,850000,60.5,1,3
25501,850033,51.51,1,3
25502,850066,50.07,1,3
25503,850100,62.53,1,3
25504,850133,64.95,1,3
25505,850166,63.38,1,3
25506,850199,47.46,1,2
25507,850233,63.3,1,3
25508,850266,61.43,1,3
25509,850300,33.21,1,2
25510,850333,62.68,1,3
25511,850366,62.09,1,3
25512,850400,30.79,1,2
25513,850433,67.11,1,3
25514,850466,66.23,1,3
25515,850500,27.83,1,2
25516,850533,63.34,1,3
25517,850566,62.41,1,3
25518,850600,32.31,1,2
25519,850633,62.32,1,3
25520,850666,60.83,1,3
25521,850699,39.5,1,2
25522,850733,63.67,1,3
25523,850766,63,1,3
25524,850800,48.02,1,2
25525,850833,57.43,1,3
25526,850866,56.05,1,3
25527,850900,50.15,1,3
25528,850933,49.63,1,2
25529,850966,47.57,1,2
25530,851000,52.96,1,3
25531,851033,48.01,1,2
25532,851066,46.71,1,2
25533,851100,70.84,1,3
25534,851133,43.24,1,2
25535,851166,41.13,1,2
25536,851199,61.25,1,3
25537,851233,84.36,1,4
25538,851266,82.94,1,4
25539,851300,86.18,1,4
25540,851333,56.38,1,3
25541,851366,54.06,1,3
25542,851400,82.29,1,4
25543,851433,56.7,1,3
25544,851466,52.28,1,3
25545,851500,77.25,1,4
25546,851533,56.11,1,3
25547,851566,46.69,1,2
25548,851600,60.07,1,3
25549,851633,56.58,1,3
25550,851666,53.58,1,3
25551,851699,63.33,1,3
25552,851733,71.51,1,3
25553,851766,70.31,1,3
25554,851800,51.38,1,3
25555,851833,68.97,1,3
25556,851866,67.91,1,3
25557,851900,41.75,1,2
25558,851933,67.02,1,3
25559,851966,66.28,1,3
25560,852000,37.99,1,2
25561,852033,76.95,1,4
25562,852066,72.81,1,3
25563,852100,42.43,1,2
25564,852133,74.54,1,3
25565,852166,73.47,1,3
25566,852199,45.71,1,2
25567,852233,64.44,1,3
25568,852266,62.74,1,3
25569,852300,41.42,1,2
25570,852333,60.3,1,3
25571,852366,58.7,1,3
25572,852400,44.88,1,2
25573,852433,58.3,1,3
25574,852466,54.88,1,3
25575,852500,57.68,1,3
25576,852533,41.88,1,2
25577,852566,39.69,1,2
25578,852600,60.62,1,3
25579,852633,37.66,1,2
25580,852666,36.31,1,2
25581,852699,62.16,1,3
25582,852733,32.41,1,2
25583,852766,30.6,1,2
25584,852800,68.12,1,3
25585,852833,35.82,1,2
25586,852866,34.1,1,2
25587,852900,60.35,1,3
25588,852933,42.69,1,2
25589,852966,41.2,1,2
25590,853000,61.82,1,3
25591,853033,58.95,1,3
25592,853066,57.36,1,3
25593,853100,71.06,1,3
25594,853133,67.09,1,3
25595,853166,65.83,1,3
25596,853199,52.41,1,3
25597,853233,60.22,1,3
25598,853266,59.42,1,3
25599,853300,38.01,1,2
25600,853333,66.38,1,3
25601,853366,65.96,1,3
25602,853400,32.38,1,2
25603,853433,65.68,1,3
25604,853466,64.95,1,3
25605,853500,30.82,1,2
25606,853533,62.95,1,3
25607,853566,62.23,1,3
25608,853600,29.07,1,2
25609,853633,61.14,1,3
25610,853666,60.36,1,3
25611,853699,35.47,1,2
25612,853733,62.68,1,3
25613,853766,61.33,1,3
25614,853800,43.97,1,2
25615,853833,55.57,1,3
25616,853866,53.69,1,3
25617,853900,52.44,1,3
25618,853933,55.84,1,3
25619,853966,54.4,1,3
25620,854000,60.55,1,3
25621,854033,54.08,1,3
25622,854066,52.23,1,3
25623,854100,73.42,1,3
25624,854133,47.91,1,2
25625,854166,44.98,1,2
25626,854199,65.07,1,3
25627,854233,34.13,1,2
25628,854266,32.73,1,2
25629,854300,63.57,1,3
25630,854333,34.51,1,2
25631,854366,33.42,1,2
25632,854400,63.21,1,3
25633,854433,38.64,1,2
25634,854466,37.25,1,2
25635,854500,61.16,1,3
25636,854533,39.7,1,2
25637,854566,38.57,1,2
25638,854600,56.12,1,3
25639,854633,50.61,1,3
25640,854666,49.58,1,2
25641,854699,54.82,1,3
25642,854733,55.57,1,3
25643,854766,54.09,1,3
25644,854800,46.31,1,2
25645,854833,60.95,1,3
25646,854866,60.02,1,3
25647,854900,34.84,1,2
25648,854933,64.82,1,3
25649,854966,64.23,1,3
25650,855000,33.94,1,2
25651,855033,72.1,1,3
25652,855066,71.22,1,3
25653,855100,43.74,1,2
25654,855133,74.04,1,3
25655,855166,72.64,1,3
25656,855199,36.64,1,2
25657,855233,91.69,1,4
25658,855266,90.82,1,4
25659,855300,66.57,1,3
25660,855333,88.62,1,4
25661,855366,85.49,1,4
25662,855400,67.81,1,3
25663,855433,79.57,1,4
25664,855466,73.46,1,3
25665,855500,78.53,1,4
25666,855533,63.09,1,3
25667,855566,55.28,1,3
25668,855600,61.28,1,3
25669,855633,43.22,1,2
25670,855666,39.61,1,2
25671,855699,65.32,1,3
25672,855733,37.37,1,2
25673,855766,35.61,1,2
25674,855800,56.92,1,3
25675,855833,32.84,1,2
25676,855866,31.11,1,2
25677,855900,65.01,1,3
25678,855933,42.32,1,2
25679,855966,40.31,1,2
25680,856000,64.05,1,3
25681,856033,54.16,1,3
25682,856066,52.69,1,3
25683,856100,68.33,1,3
25684,856133,61.2,1,3
25685,856166,58.56,1,3
25686,856199,39.92,1,2
25687,856233,66.08,1,3
25688,856266,65.13,1,3
25689,856300,44.38,1,2
25690,856333,74.02,1,3
25691,856366,70.03,1,3
25692,856400,43.83,1,2
25693,856433,73.99,1,3
25694,856466,72.36,1,3
25695,856500,32.54,1,2
25696,856533,65.7,1,3
25697,856566,63.39,1,3
25698,856600,30.93,1,2
25699,856633,69.93,1,3
25700,856666,66.77,1,3
25701,856699,34.29,1,2
25702,856733,61.33,1,3
25703,856766,59.47,1,3
25704,856800,42.27,1,2
25705,856833,53.89,1,3
25706,856866,52.8,1,3
25707,856900,47.42,1,2
25708,856933,47.86,1,2
25709,856966,45.79,1,2
25710,857000,57.93,1,3
25711,857033,53.83,1,3
25712,857066,51.64,1,3
25713,857100,68.67,1,3
25714,857133,39.44,1,2
25715,857166,37.75,1,2
25716,857199,62.54,1,3
25717,857233,34.45,1,2
25718,857266,32.98,1,2
25719,857300,66.63,1,3
25720,857333,36.93,1,2
25721,857366,35.85,1,2
25722,857400,62.68,1,3
25723,857433,34.73,1,2
25724,857466,32.95,1,2
25725,857500,65.26,1,3
25726,857533,37.88,1,2
25727,857566,36.5,1,2
25728,857600,49.71,1,2
25729,857633,48.62,1,2
25730,857666,46.64,1,2
25731,857699,60.23,1,3
25732,857733,55.89,1,3
25733,857766,54.26,1,3
25734,857800,38.22,1,2
25735,857833,59.95,1,3
25736,857866,59.17,1,3
25737,857900,40.08,1,2
25738,857933,66.04,1,3
25739,857966,65.17,1,3
25740,858000,33.7,1,2
25741,858033,68.71,1,3
25742,858066,68.08,1,3
25743,858100,34.73,1,2
25744,858133,66.31,1,3
25745,858166,66.92,1,3
25746,858199,29.03,1,2
25747,858233,61.81,1,3
25748,858266,61.23,1,3
25749,858300,41.71,1,2
25750,858333,67.06,1,3
25751,858366,65.36,1,3
25752,858400,54.45,1,3
25753,858433,65.51,1,3
25754,858466,64.23,1,3
25755,858500,55.14,1,3
25756,858533,43.61,1,2
25757,858566,42.06,1,2
25758,858600,57.41,1,3
25759,858633,38.16,1,2
25760,858666,35.89,1,2
25761,858699,64.37,1,3
25762,858733,32.67,1,2
25763,858766,31.16,1,2
25764,858800,60.58,1,3
25765,858833,34.18,1,2
25766,858866,32.99,1,2
25767,858900,63.17,1,3
25768,858933,45.13,1,2
25769,858966,43.18,1,2
25770,859000,59.23,1,3
25771,859033,59.63,1,3
25772,859066,58.46,1,3
25773,859100,67.52,1,3
25774,859133,61.3,1,3
25775,859166,60.2,1,3
25776,859199,39.46,1,2
25777,859233,93.92,1,4
25778,859266,92.73,1,4
25779,859300,73.94,1,3
25780,859333,91.87,1,4
25781,859366,90.49,1,4
25782,859400,60.41,1,3
25783,859433,89.23,1,4
25784,859466,88.21,1,4
25785,859500,51.47,1,3
25786,859533,81.98,1,4
25787,859566,72.85,1,3
25788,859600,33.4,1,2
25789,859633,70.07,1,3
25790,859666,67.13,1,3
25791,859699,45.57,1,2
25792,859733,68.88,1,3
25793,859766,67.07,1,3
25794,859800,43.79,1,2
25795,859833,60.76,1,3
25796,859866,59.33,1,3
25797,859900,53.45,1,3
25798,859933,66.25,1,3
25799,859966,64.7,1,3
25800,860000,68.08,1,3
25801,860033,62.5,1,3
25802,860066,59.25,1,3
25803,860100,74.99,1,3
25804,860133,45.44,1,2
25805,860166,43.26,1,2
25806,860199,64.73,1,3
25807,860233,36.45,1,2
25808,860266,34.58,1,2
25809,860300,65.63,1,3
25810,860333,43.73,1,2
25811,860366,42.24,1,2
25812,860400,66.03,1,3
25813,860433,39.5,1,2
25814,860466,36.95,1,2
25815,860500,63.48,1,3
25816,860533,41.47,1,2
25817,860566,40.09,1,2
25818,860600,49,1,2
25819,860633,48.3,1,2
25820,860666,46.66,1,2
25821,860699,57.1,1,3
25822,860733,55.87,1,3
25823,860766,54.94,1,3
25824,860800,37.57,1,2
25825,860833,60.88,1,3
25826,860866,59.59,1,3
25827,860900,42.52,1,2
25828,860933,68.61,1,3
25829,860966,67.53,1,3
25830,861000,32.78,1,2
25831,861033,78.8,1,4
25832,861066,77.61,1,4
25833,861100,43.17,1,2
25834,861133,68.63,1,3
25835,861166,67.97,1,3
25836,861199,30.96,1,2
25837,861233,67.46,1,3
25838,861266,66.67,1,3
25839,861300,50.71,1,3
25840,861333,71.86,1,3
25841,861366,69.82,1,3
25842,861400,59.35,1,3
25843,861433,63.32,1,3
25844,861466,59.33,1,3
25845,861500,58.66,1,3
25846,861533,48.71,1,2
25847,861566,45.29,1,2
25848,861600,54.85,1,3
25849,861633,36.32,1,2
25850,861666,34.18,1,2
25851,861699,62.04,1,3
25852,861733,34,1,2
25853,861766,32.51,1,2
25854,861800,56.51,1,3
25855,861833,32.37,1,2
25856,861866,31.11,1,2
25857,861900,61.51,1,3
25858,861933,38.17,1,2
25859,861966,36.53,1,2
25860,862000,63.79,1,3
25861,862033,46.29,1,2
25862,862066,45.27,1,2
25863,862100,58.25,1,3
25864,862133,56.82,1,3
25865,862166,55.31,1,3
25866,862199,45.79,1,2
25867,862233,66.12,1,3
25868,862266,65.34,1,3
25869,862300,52.48,1,3
25870,862333,78.04,1,4
25871,862366,77.33,1,4
25872,862400,38.17,1,2
25873,862433,71.84,1,3
25874,862466,70.96,1,3
25875,862500,34.81,1,2
25876,862533,65.67,1,3
25877,862566,65.32,1,3
25878,862600,29.97,1,2
25879,862633,64.4,1,3
25880,862666,63.74,1,3
25881,862699,39.64,1,2
25882,862733,62.26,1,3
25883,862766,60.69,1,3
25884,862800,38.89,1,2
25885,862833,56.11,1,3
25886,862866,54.69,1,3
25887,862900,48.26,1,2
25888,862933,51.48,1,3
25889,862966,49.78,1,2
25890,863000,51.47,1,3
25891,863033,47.17,1,2
25892,863066,44.86,1,2
25893,863100,61.42,1,3
25894,863133,37.6,1,2
25895,863166,35.9,1,2
25896,863199,63.03,1,3
25897,863233,85.2,1,4
25898,863266,84.05,1,4
25899,863300,91.61,1,4
25900,863333,61.43,1,3
25901,863366,59.68,1,3
25902,863400,87.01,1,4
25903,863433,56.11,1,3
25904,863466,54.01,1,3
25905,863500,82.98,1,4
25906,863533,59.88,1,3
25907,863566,52.92,1,3
25908,863600,63.74,1,3
25909,863633,58.14,1,3
25910,863666,55.25,1,3
25911,863699,58.9,1,3
25912,863733,57.87,1,3
25913,863766,55.09,1,3
25914,863800,47.58,1,2
25915,863833,63.6,1,3
25916,863866,62.06,1,3
25917,863900,36.65,1,2
25918,863933,65.62,1,3
25919,863966,64.09,1,3
25920,864000,34.11,1,2
25921,864033,64.3,1,3
25922,864066,63.36,1,3
25923,864100,28.69,1,2
25924,864133,65.5,1,3
25925,864166,64.94,1,3
25926,864199,31.14,1,2
25927,864233,68.08,1,3
25928,864266,67.57,1,3
25929,864300,42.86,1,2
25930,864333,73.06,1,3
25931,864366,71.7,1,3
25932,864400,53.45,1,3
25933,864433,62.27,1,3
25934,864466,59.92,1,3
25935,864500,53.63,1,3
25936,864533,50.7,1,3
25937,864566,48.73,1,2
25938,864600,59.57,1,3
25939,864633,48.37,1,2
25940,864666,46.74,1,2
25941,864699,65.55,1,3
25942,864733,37.09,1,2
25943,864766,35.48,1,2
25944,864800,59.61,1,3
25945,864833,32.81,1,2
25946,864866,30.72,1,2
25947,864900,63.29,1,3
25948,864933,40.7,1,2
25949,864966,39.16,1,2
25950,865000,54.93,1,3
25951,865033,44.86,1,2
25952,865066,43.71,1,2
25953,865100,57.77,1,3
25954,865133,50.37,1,3
25955,865166,47.58,1,2
25956,865199,40.52,1,2
25957,865233,57.98,1,3
25958,865266,56.92,1,3
25959,865300,54.78,1,3
25960,865333,66.85,1,3
25961,865366,65.79,1,3
25962,865400,37.16,1,2
25963,865433,67.48,1,3
25964,865466,66.58,1,3
25965,865500,35.59,1,2
25966,865533,68.11,1,3
25967,865566,67.13,1,3
25968,865600,25.67,1,2
25969,865633,65.8,1,3
25970,865666,65.09,1,3
25971,865699,38.02,1,2
25972,865733,65.08,1,3
25973,865766,63.82,1,3
25974,865800,33.35,1,2
25975,865833,58.29,1,3
25976,865866,55.71,1,3
25977,865900,48.78,1,2
25978,865933,64.43,1,3
25979,865966,61.13,1,3
25980,866000,53.54,1,3
25981,866033,50.43,1,3
25982,866066,48.59,1,2
25983,866100,62.14,1,3
25984,866133,41.76,1,2
25985,866166,40.48,1,2
25986,866199,60.87,1,3
25987,866233,43.44,1,2
25988,866266,41.08,1,2
25989,866300,69.9,1,3
25990,866333,48.39,1,2
25991,866366,47.11,1,2
25992,866400,63.21,1,3
25993,866433,33.63,1,2
25994,866466,32.41,1,2
25995,866500,65.84,1,3
25996,866533,36.56,1,2
25997,866566,35.39,1,2
25998,866600,55.58,1,3
25999,866633,46.79,1,2
26000,866666,48.22,1,2
26001,866699,64.48,1,3
26002,866733,53.46,1,3
26003,866766,51.49,1,3
26004,866800,53.06,1,3
26005,866833,60.98,1,3
26006,866866,59.76,1,3
26007,866900,41.27,1,2
26008,866933,68.66,1,3
26009,866966,66.66,1,3
26010,867000,40.48,1,2
26011,867033,71.06,1,3
26012,867066,69.76,1,3
26013,867100,31.48,1,2
26014,867133,65.54,1,3
26015,867166,65.01,1,3
26016,867199,29.35,1,2
26017,867233,95.61,1,4
26018,867266,95.13,1,4
26019,867300,69.3,1,3
26020,867333,90.83,1,4
26021,867366,90.4,1,4
26022,867400,67.23,1,3
26023,867433,87.73,1,4
26024,867466,84.95,1,4
26025,867500,74.02,1,3
26026,867533,68.04,1,3
26027,867566,60.62,1,3
26028,867600,63.82,1,3
26029,867633,57.16,1,3
26030,867666,54.06,1,3
26031,867699,69.97,1,3
26032,867733,42.62,1,2
26033,867766,39.59,1,2
26034,867800,62.89,1,3
26035,867833,36.13,1,2
26036,867866,34.45,1,2
26037,867900,63.86,1,3
26038,867933,35.73,1,2
26039,867966,34.31,1,2
26040,868000,65.2,1,3
26041,868033,42.63,1,2
26042,868066,40.98,1,2
26043,868100,60.22,1,3
26044,868133,50.52,1,3
26045,868166,49.33,1,2
26046,868199,56.13,1,3
26047,868233,64.1,1,3
26048,868266,63.12,1,3
26049,868300,56.11,1,3
26050,868333,75.07,1,4
26051,868366,74.34,1,3
26052,868400,48.51,1,2
26053,868433,67.35,1,3
26054,868466,65.82,1,3
26055,868500,35.38,1,2
26056,868533,68.17,1,3
26057,868566,67.52,1,3
26058,868600,33.67,1,2
26059,868633,72.79,1,3
26060,868666,72.41,1,3
26061,868699,36.13,1,2
26062,868733,65.44,1,3
26063,868766,63.37,1,3
26064,868800,38.85,1,2
26065,868833,59.07,1,3
26066,868866,58.08,1,3
26067,868900,43.31,1,2
26068,868933,59.41,1,3
26069,868966,57.39,1,3
26070,869000,49.63,1,2
26071,869033,58.31,1,3
26072,869066,56.67,1,3
26073,869100,55.11,1,3
26074,869133,46.91,1,2
26075,869166,44.25,1,2
26076,869199,62.74,1,3
26077,869233,49.05,1,2
26078,869266,47.22,1,2
26079,869300,73.91,1,3
26080,869333,42.31,1,2
26081,869366,40.48,1,2
26082,869400,69.9,1,3
26083,869433,39.66,1,2
26084,869466,37.7,1,2
26085,869500,63.15,1,3
26086,869533,36.93,1,2
26087,869566,35.56,1,2
26088,869600,59.59,1,3
26089,869633,48.69,1,2
26090,869666,47.64,1,2
26091,869699,61.69,1,3
26092,869733,53.42,1,3
26093,869766,51.14,1,3
26094,869800,46.72,1,2
26095,869833,57.62,1,3
26096,869866,56.55,1,3
26097,869900,40.03,1,2
26098,869933,61.23,1,3
26099,869966,60.16,1,3
26100,870000,38.04,1,2
26101,870033,61.63,1,3
26102,870066,61.11,1,3
26103,870100,32.33,1,2
26104,870133,64.5,1,3
26105,870166,63.97,1,3
26106,870199,29.8,1,2
26107,870233,68.09,1,3
26108,870266,67.48,1,3
26109,870300,37.31,1,2
26110,870333,74.27,1,3
26111,870366,73.12,1,3
26112,870400,42.14,1,2
26113,870433,65.95,1,3
26114,870466,64.65,1,3
26115,870500,46.21,1,2
26116,870533,60.36,1,3
26117,870566,58.84,1,3
26118,870600,58.21,1,3
26119,870633,54.57,1,3
26120,870666,51.1,1,3
26121,870699,64.29,1,3
26122,870733,47.54,1,2
26123,870766,45.51,1,2
26124,870800,62.63,1,3
26125,870833,34.66,1,2
26126,870866,32.88,1,2
26127,870900,63.82,1,3
26128,870933,32.59,1,2
26129,870966,31.33,1,2
26130,871000,58.3,1,3
26131,871033,33.89,1,2
26132,871066,32.34,1,2
26133,871100,61.1,1,3
26134,871133,40.87,1,2
26135,871166,39.85,1,2
26136,871199,48.16,1,2
26137,871233,83.77,1,4
26138,871266,82.18,1,4
26139,871300,82.14,1,4
26140,871333,78.44,1,4
26141,871366,76.28,1,4
26142,871400,58.07,1,3
26143,871433,80.32,1,4
26144,871466,77.82,1,4
26145,871500,56.63,1,3
26146,871533,83.73,1,4
26147,871566,77.56,1,4
26148,871600,40.55,1,2
26149,871633,83.66,1,4
26150,871666,82.95,1,4
26151,871699,44.55,1,2
26152,871733,78.45,1,4
26153,871766,76.93,1,4
26154,871800,34.52,1,2
26155,871833,69.27,1,3
26156,871866,67.85,1,3
26157,871900,42.42,1,2
26158,871933,66.37,1,3
26159,871966,64.8,1,3
26160,872000,42.65,1,2
26161,872033,61.36,1,3
26162,872066,59.14,1,3
26163,872100,53.83,1,3
26164,872133,53.19,1,3
26165,872166,50.51,1,3
26166,872199,54.6,1,3
26167,872233,46.19,1,2
26168,872266,44.59,1,2
26169,872300,65.7,1,3
26170,872333,47.49,1,2
26171,872366,45.82,1,2
26172,872400,59.86,1,3
26173,872433,34.93,1,2
26174,872466,33.25,1,2
26175,872500,64.05,1,3
26176,872533,33.25,1,2
26177,872566,32.08,1,2
26178,872600,68.87,1,3
26179,872633,41.18,1,2
26180,872666,38.9,1,2
26181,872699,64,1,3
26182,872733,41.22,1,2
26183,872766,39.56,1,2
26184,872800,61.3,1,3
26185,872833,50.35,1,3
26186,872866,48.39,1,2
26187,872900,53.67,1,3
26188,872933,55.37,1,3
26189,872966,54.07,1,3
26190,873000,48.22,1,2
26191,873033,67.14,1,3
26192,873066,64.43,1,3
26193,873100,37.09,1,2
26194,873133,63.3,1,3
26195,873166,61.9,1,3
26196,873199,28.48,1,2
26197,873233,69.25,1,3
26198,873266,68.09,1,3
26199,873300,31.74,1,2
26200,873333,66.69,1,3
26201,873366,65.9,1,3
26202,873400,35.21,1,2
26203,873433,64.52,1,3
26204,873466,61.45,1,3
26205,873500,36.09,1,2
26206,873533,59.08,1,3
26207,873566,57.65,1,3
26208,873600,45.61,1,2
26209,873633,66.87,1,3
26210,873666,65.25,1,3
26211,873699,59.49,1,3
26212,873733,48.67,1,2
26213,873766,47.08,1,2
26214,873800,57.2,1,3
26215,873833,38.3,1,2
26216,873866,36.72,1,2
26217,873900,60.88,1,3
26218,873933,33.89,1,2
26219,873966,32.09,1,2
26220,874000,56.94,1,3
26221,874033,31.76,1,2
26222,874066,30.64,1,2
26223,874100,62.96,1,3
26224,874133,33.76,1,2
26225,874166,31.64,1,2
26226,874199,53.98,1,3
26227,874233,48.25,1,2
26228,874266,46.87,1,2
26229,874300,66.19,1,3
26230,874333,58.64,1,3
26231,874366,57.58,1,3
26232,874400,43.86,1,2
26233,874433,59.8,1,3
26234,874466,59.28,1,3
26235,874500,43.99,1,2
26236,874533,66.91,1,3
26237,874566,65.91,1,3
26238,874600,34.77,1,2
26239,874633,69.28,1,3
26240,874666,68.55,1,3
26241,874699,39.79,1,2
26242,874733,69.18,1,3
26243,874766,67.16,1,3
26244,874800,25.62,1,2
26245,874833,60.32,1,3
26246,874866,59.7,1,3
26247,874900,34.33,1,2
26248,874933,62.55,1,3
26249,874966,61.89,1,3
26250,875000,42.76,1,2
26251,875033,62.81,1,3
26252,875066,60.51,1,3
26253,875100,47.4,1,2
26254,875133,57.81,1,3
26255,875166,56.82,1,3
26256,875199,54.36,1,3
26257,875233,92.59,1,4
26258,875266,92.25,1,4
26259,875300,87.11,1,4
26260,875333,74.46,1,3
26261,875366,73.09,1,3
26262,875400,84.53,1,4
26263,875433,58.16,1,3
26264,875466,55.35,1,3
26265,875500,81.44,1,4
26266,875533,53.2,1,3
26267,875566,44.33,1,2
26268,875600,69.71,1,3
26269,875633,49.26,1,2
26270,875666,46.32,1,2
26271,875699,75.7,1,4
26272,875733,45.95,1,2
26273,875766,42.8,1,2
26274,875800,56.85,1,3
26275,875833,48.13,1,2
26276,875866,46.05,1,2
26277,875900,60.47,1,3
26278,875933,54.4,1,3
26279,875966,53.12,1,3
26280,876000,42.15,1,2
26281,876033,59.08,1,3
26282,876066,57.26,1,3
26283,876100,46.68,1,2
26284,876133,61.63,1,3
26285,876166,61.11,1,3
26286,876199,31.21,1,2
26287,876233,68.24,1,3
26288,876266,67.45,1,3
26289,876300,44.99,1,2
26290,876333,76.36,1,4
26291,876366,74.77,1,3
26292,876400,29.45,1,2
26293,876433,68.97,1,3
26294,876466,66.71,1,3
26295,876500,38.75,1,2
26296,876533,72.8,1,3
26297,876566,68.52,1,3
26298,876600,47.71,1,2
26299,876633,72.65,1,3
26300,876666,71.46,1,3
26301,876699,67.46,1,3
26302,876733,66.35,1,3
26303,876766,63.86,1,3
26304,876800,56.22,1,3
26305,876833,44.77,1,2
26306,876866,42.86,1,2
26307,876900,59.88,1,3
26308,876933,40.95,1,2
26309,876966,39.1,1,2
26310,877000,63.51,1,3
26311,877033,32.45,1,2
26312,877066,31.04,1,2
26313,877100,65.02,1,3
26314,877133,29.72,1,2
26315,877166,28.14,1,2
26316,877199,54.79,1,3
26317,877233,38.73,1,2
26318,877266,36.83,1,2
26319,877300,63.28,1,3
26320,877333,47.86,1,2
26321,877366,46.59,1,2
26322,877400,47.57,1,2
26323,877433,53.36,1,3
26324,877466,51.57,1,3
26325,877500,55.4,1,3
26326,877533,62.34,1,3
26327,877566,61.53,1,3
26328,877600,44.91,1,2
26329,877633,82.08,1,4
26330,877666,81.31,1,4
26331,877699,46.01,1,2
26332,877733,73.28,1,3
26333,877766,72.36,1,3
26334,877800,29.92,1,2
26335,877833,64.45,1,3
26336,877866,62.74,1,3
26337,877900,35.9,1,2
26338,877933,69.16,1,3
26339,877966,66.95,1,3
26340,878000,32.97,1,2
26341,878033,64.58,1,3
26342,878066,63.56,1,3
26343,878100,43.94,1,2
26344,878133,56.33,1,3
26345,878166,55.05,1,3
26346,878199,41.4,1,2
26347,878233,51.68,1,3
26348,878266,49.13,1,2
26349,878300,60.26,1,3
26350,878333,43.63,1,2
26351,878366,41.77,1,2
26352,878400,55.94,1,3
26353,878433,36.94,1,2
26354,878466,35.69,1,2
26355,878500,63.1,1,3
26356,878533,41.58,1,2
26357,878566,40.3,1,2
26358,878600,70.85,1,3
26359,878633,38.07,1,2
26360,878666,36.56,1,2
26361,878699,71.97,1,3
26362,878733,37.35,1,2
26363,878766,35.55,1,2
26364,878800,60.99,1,3
26365,878833,36.23,1,2
26366,878866,34.46,1,2
26367,878900,58.79,1,3
26368,878933,49.61,1,2
26369,878966,46.9,1,2
26370,879000,54.78,1,3
26371,879033,56.47,1,3
26372,879066,55.18,1,3
26373,879100,43.11,1,2
26374,879133,58.67,1,3
26375,879166,57.46,1,3
26376,879199,36.56,1,2
26377,879233,94.89,1,4
26378,879266,94.12,1,4
26379,879300,61.94,1,3
26380,879333,91.55,1,4
26381,879366,91.29,1,4
26382,879400,48.28,1,2
26383,879433,85.52,1,4
26384,879466,83.67,1,4
26385,879500,53.25,1,3
26386,879533,83.31,1,4
26387,879566,70.64,1,3
26388,879600,47.76,1,2
26389,879633,79.94,1,4
26390,879666,79.72,1,4
26391,879699,62.04,1,3
26392,879733,68.35,1,3
26393,879766,66.41,1,3
26394,879800,58.69,1,3
26395,879833,57.06,1,3
26396,879866,53.12,1,3
26397,879900,69.4,1,3
26398,879933,46.48,1,2
26399,879966,44.28,1,2
26400,880000,70.61,1,3
26401,880033,41.9,1,2
26402,880066,39.87,1,2
26403,880100,65.36,1,3
26404,880133,32.75,1,2
26405,880166,30.9,1,2
26406,880199,58.14,1,3
26407,880233,36.27,1,2
26408,880266,34.74,1,2
26409,880300,61.72,1,3
26410,880333,47.67,1,2
26411,880366,45.97,1,2
26412,880400,50.53,1,3
26413,880433,52.3,1,3
26414,880466,50.66,1,3
26415,880500,43.87,1,2
26416,880533,60.6,1,3
26417,880566,59.01,1,3
26418,880600,44.06,1,2
26419,880633,69.9,1,3
26420,880666,68.54,1,3
26421,880699,40.83,1,2
26422,880733,68.63,1,3
26423,880766,67.63,1,3
26424,880800,27.03,1,2
26425,880833,66.65,1,3
26426,880866,66.43,1,3
26427,880900,30.5,1,2
26428,880933,69.93,1,3
26429,880966,67.56,1,3
26430,881000,34.25,1,2
26431,881033,64.15,1,3
26432,881066,63.07,1,3
26433,881100,37.99,1,2
26434,881133,60.41,1,3
26435,881166,58.65,1,3
26436,881199,43.19,1,2
26437,881233,58.04,1,3
26438,881266,57.09,1,3
26439,881300,51.85,1,3
26440,881333,47.73,1,2
26441,881366,45.67,1,2
26442,881400,57.22,1,3
26443,881433,37.05,1,2
26444,881466,35.83,1,2
26445,881500,59.24,1,3
26446,881533,33.22,1,2
26447,881566,31.06,1,2
26448,881600,63.16,1,3
26449,881633,45.81,1,2
26450,881666,44.55,1,2
26451,881699,62.9,1,3
26452,881733,37.41,1,2
26453,881766,35.82,1,2
26454,881800,60.95,1,3
26455,881833,37.63,1,2
26456,881866,36.43,1,2
26457,881900,53.97,1,3
26458,881933,43.76,1,2
26459,881966,42.39,1,2
26460,882000,51.97,1,3
26461,882033,56.33,1,3
26462,882066,55.14,1,3
26463,882100,45.19,1,2
26464,882133,59.4,1,3
26465,882166,58.53,1,3
26466,882199,35.89,1,2
26467,882233,62.89,1,3
26468,882266,60.7,1,3
26469,882300,31.01,1,2
26470,882333,66.27,1,3
26471,882366,65.57,1,3
26472,882400,29.03,1,2
26473,882433,65.66,1,3
26474,882466,64.34,1,3
26475,882500,31.45,1,2
26476,882533,65.04,1,3
26477,882566,62.8,1,3
26478,882600,41.45,1,2
26479,882633,69.24,1,3
26480,882666,68.52,1,3
26481,882699,55.65,1,3
26482,882733,62.47,1,3
26483,882766,59.69,1,3
26484,882800,52.63,1,3
26485,882833,45.7,1,2
26486,882866,44.62,1,2
26487,882900,61.07,1,3
26488,882933,44.39,1,2
26489,882966,42.82,1,2
26490,883000,62.28,1,3
26491,883033,36.33,1,2
26492,883066,34.88,1,2
26493,883100,61.94,1,3
26494,883133,32.06,1,2
26495,883166,30.08,1,2
26496,883199,58.14,1,3
26497,883233,74.65,1,3
26498,883266,72.03,1,3
26499,883300,83.76,1,4
26500,883333,67.93,1,3
26501,883366,67.12,1,3
26502,883400,68.98,1,3
26503,883433,72.03,1,3
26504,883466,70.17,1,3
26505,883500,61.83,1,3
26506,883533,77.37,1,4
26507,883566,70.6,1,3
26508,883600,53.17,1,3
26509,883633,77.47,1,4
26510,883666,75.18,1,4
26511,883699,42.79,1,2
26512,883733,73.61,1,3
26513,883766,72.11,1,3
26514,883800,33.51,1,2
26515,883833,70.72,1,3
26516,883866,68.29,1,3
26517,883900,40.78,1,2
26518,883933,71.47,1,3
26519,883966,69.74,1,3
26520,884000,43.75,1,2
26521,884033,67.79,1,3
26522,884066,66.38,1,3
26523,884100,43.64,1,2
26524,884133,61.19,1,3
26525,884166,59.95,1,3
26526,884199,44.87,1,2
26527,884233,52.95,1,3
26528,884266,50.5,1,3
26529,884300,50.33,1,3
26530,884333,43.35,1,2
26531,884366,41.08,1,2
26532,884400,53.29,1,3
26533,884433,37.33,1,2
26534,884466,33.98,1,2
26535,884500,60.03,1,3
26536,884533,35.93,1,2
26537,884566,34.07,1,2
26538,884600,65.32,1,3
26539,884633,39.34,1,2
26540,884666,37.85,1,2
26541,884699,73.85,1,3
26542,884733,36.52,1,2
26543,884766,35.2,1,2
26544,884800,58.74,1,3
26545,884833,40.18,1,2
26546,884866,38.19,1,2
26547,884900,59.41,1,3
26548,884933,53.24,1,3
26549,884966,51.81,1,3
26550,885000,62.32,1,3
26551,885033,63.87,1,3
26552,885066,60.27,1,3
26553,885100,50.75,1,3
26554,885133,63.99,1,3
26555,885166,59.99,1,3
26556,885199,31.29,1,2
26557,885233,62.54,1,3
26558,885266,61.12,1,3
26559,885300,28.56,1,2
26560,885333,62.14,1,3
26561,885366,61.55,1,3
26562,885400,27.46,1,2
26563,885433,63.08,1,3
26564,885466,61.97,1,3
26565,885500,26.9,1,2
26566,885533,60.58,1,3
26567,885566,60.08,1,3
26568,885600,36.94,1,2
26569,885633,57.07,1,3
26570,885666,54.68,1,3
26571,885699,43.77,1,2
26572,885733,56.41,1,3
26573,885766,55.23,1,3
26574,885800,53.34,1,3
26575,885833,46.9,1,2
26576,885866,45.16,1,2
26577,885900,62.97,1,3
26578,885933,44.26,1,2
26579,885966,41.73,1,2
26580,886000,72.26,1,3
26581,886033,43.34,1,2
26582,886066,41.02,1,2
26583,886100,65.06,1,3
26584,886133,31.75,1,2
26585,886166,30,1,2
26586,886199,58.81,1,3
26587,886233,39.09,1,2
26588,886266,37.83,1,2
26589,886300,55.65,1,3
26590,886333,45.02,1,2
26591,886366,43.83,1,2
26592,886400,50.52,1,3
26593,886433,50.91,1,3
26594,886466,49.61,1,2
26595,886500,42.76,1,2
26596,886533,56.53,1,3
26597,886566,54.54,1,3
26598,886600,34.09,1,2
26599,886633,61.25,1,3
26600,886666,58.57,1,3
26601,886699,34.83,1,2
26602,886733,64.31,1,3
26603,886766,62.59,1,3
26604,886800,26.63,1,2
26605,886833,65.26,1,3
26606,886866,65.09,1,3
26607,886900,36.11,1,2
26608,886933,74.63,1,3
26609,886966,73.34,1,3
26610,887000,40.44,1,2
26611,887033,71.73,1,3
26612,887066,69.4,1,3
26613,887100,45.85,1,2
26614,887133,63.1,1,3
26615,887166,61.51,1,3
26616,887199,46.06,1,2
26617,887233,91.81,1,4
26618,887266,90.81,1,4
26619,887300,83.52,1,4
26620,887333,72.89,1,3
26621,887366,71.68,1,3
26622,887400,78.05,1,4
26623,887433,57.51,1,3
26624,887466,54.63,1,3
26625,887500,78.11,1,4
26626,887533,47.92,1,2
26627,887566,37.53,1,2
26628,887600,64.32,1,3
26629,887633,42.06,1,2
26630,887666,39.74,1,2
26631,887699,65.46,1,3
26632,887733,39.54,1,2
26633,887766,36.55,1,2
26634,887800,59.27,1,3
26635,887833,47.37,1,2
26636,887866,45,1,2
26637,887900,58.71,1,3
26638,887933,54.05,1,3
26639,887966,52.34,1,3
26640,888000,68.37,1,3
26641,888033,67.6,1,3
26642,888066,64.21,1,3
26643,888100,44.71,1,2
26644,888133,65,1,3
26645,888166,63.79,1,3
26646,888199,36.65,1,2
26647,888233,66.18,1,3
26648,888266,64.82,1,3
26649,888300,33.32,1,2
26650,888333,67.21,1,3
26651,888366,65.96,1,3
26652,888400,31.54,1,2
26653,888433,64.89,1,3
26654,888466,63.41,1,3
26655,888500,33,1,2
26656,888533,63.94,1,3
26657,888566,61.17,1,3
26658,888600,41.61,1,2
26659,888633,67.41,1,3
26660,888666,65.33,1,3
26661,888699,52.15,1,3
26662,888733,55.15,1,3
26663,888766,52.88,1,3
26664,888800,53.42,1,3
26665,888833,41.7,1,2
26666,888866,39.76,1,2
26667,888900,61.51,1,3
26668,888933,38.08,1,2
26669,888966,36.54,1,2
26670,889000,65.45,1,3
26671,889033,43.08,1,2
26672,889066,40.71,1,2
26673,889100,68.35,1,3
26674,889133,37.25,1,2
26675,889166,35.81,1,2
26676,889199,60.28,1,3
26677,889233,38.81,1,2
26678,889266,37.65,1,2
26679,889300,59.52,1,3
26680,889333,51.2,1,3
26681,889366,49.74,1,2
26682,889400,49.01,1,2
26683,889433,56.56,1,3
26684,889466,54.41,1,3
26685,889500,42.65,1,2
26686,889533,59.5,1,3
26687,889566,58.45,1,3
26688,889600,32.12,1,2
26689,889633,63.14,1,3
26690,889666,62.34,1,3
26691,889699,30.73,1,2
26692,889733,65.4,1,3
26693,889766,64.58,1,3
26694,889800,28.01,1,2
26695,889833,63.94,1,3
26696,889866,62.69,1,3
26697,889900,32.97,1,2
26698,889933,67.54,1,3
26699,889966,66.49,1,3
26700,890000,46.48,1,2
26701,890033,73.91,1,3
26702,890066,72.2,1,3
26703,890100,51.92,1,3
26704,890133,61.04,1,3
26705,890166,59.69,1,3
26706,890199,50.38,1,3
26707,890233,50.7,1,3
26708,890266,48.83,1,2
26709,890300,52.62,1,3
26710,890333,39.32,1,2
26711,890366,38.06,1,2
26712,890400,58.33,1,3
26713,890433,35.5,1,2
26714,890466,33.88,1,2
26715,890500,59.3,1,3
26716,890533,31.83,1,2
26717,890566,30.78,1,2
26718,890600,58.05,1,3
26719,890633,35.57,1,2
26720,890666,33.85,1,2
26721,890699,65.15,1,3
26722,890733,39.01,1,2
26723,890766,37.48,1,2
26724,890800,60.25,1,3
26725,890833,43.54,1,2
26726,890866,42.35,1,2
26727,890900,63.1,1,3
26728,890933,56.19,1,3
26729,890966,55.07,1,3
26730,891000,61.45,1,3
26731,891033,68.72,1,3
26732,891066,67.53,1,3
26733,891100,56,1,3
26734,891133,64.63,1,3
26735,891166,63.83,1,3
26736,891199,33.52,1,2
26737,891233,92.38,1,4
26738,891266,91.83,1,4
26739,891300,57.35,1,3
26740,891333,89.89,1,4
26741,891366,88.06,1,4
26742,891400,49.31,1,2
26743,891433,88.63,1,4
26744,891466,85.19,1,4
26745,891500,55.4,1,3
26746,891533,76.39,1,4
26747,891566,66.08,1,3
26748,891600,38.22,1,2
26749,891633,62.11,1,3
26750,891666,64.47,1,3
26751,891699,54.11,1,3
26752,891733,53.84,1,3
26753,891766,50.62,1,3
26754,891800,61.8,1,3
26755,891833,42.84,1,2
26756,891866,41.78,1,2
26757,891900,63,1,3
26758,891933,44.91,1,2
26759,891966,43.18,1,2
26760,892000,76.1,1,4
26761,892033,49.17,1,2
26762,892066,46.52,1,2
26763,892100,75.06,1,4
26764,892133,43.18,1,2
26765,892166,41.3,1,2
26766,892199,60.92,1,3
26767,892233,45.62,1,2
26768,892266,42.99,1,2
26769,892300,65.38,1,3
26770,892333,57.15,1,3
26771,892366,54.96,1,3
26772,892400,54.61,1,3
26773,892433,62.6,1,3
26774,892466,60.92,1,3
26775,892500,47.74,1,2
26776,892533,64.54,1,3
26777,892566,61.11,1,3
26778,892600,28.09,1,2
26779,892633,62.54,1,3
26780,892666,61.52,1,3
26781,892699,33.95,1,2
26782,892733,64.03,1,3
26783,892766,63.25,1,3
26784,892800,22.38,1,1
26785,892833,62.3,1,3
26786,892866,60.9,1,3
26787,892900,36.24,1,2
26788,892933,62.53,1,3
26789,892966,61.94,1,3
26790,893000,37.73,1,2
26791,893033,70.29,1,3
26792,893066,68.86,1,3
26793,893100,53.41,1,3
26794,893133,64.4,1,3
26795,893166,63.17,1,3
26796,893199,49.03,1,2
26797,893233,50.3,1,3
26798,893266,48.28,1,2
26799,893300,64.3,1,3
26800,893333,49.82,1,2
26801,893366,48.09,1,2
26802,893400,62.82,1,3
26803,893433,40.71,1,2
26804,893466,38.33,1,2
26805,893500,65.78,1,3
26806,893533,33.66,1,2
26807,893566,31.97,1,2
26808,893600,56.43,1,3
26809,893633,33.51,1,2
26810,893666,32.36,1,2
26811,893699,62.14,1,3
26812,893733,37.26,1,2
26813,893766,35.97,1,2
26814,893800,55.52,1,3
26815,893833,47.71,1,2
26816,893866,45.03,1,2
26817,893900,55.05,1,3
26818,893933,50.76,1,3
26819,893966,49.82,1,2
26820,894000,48.04,1,2
26821,894033,63.08,1,3
26822,894066,62.13,1,3
26823,894100,48.48,1,2
26824,894133,66.91,1,3
26825,894166,65.05,1,3
26826,894199,30.12,1,2
26827,894233,63.88,1,3
26828,894266,61.72,1,3
26829,894300,31.82,1,2
26830,894333,67.13,1,3
26831,894366,66.46,1,3
26832,894400,32.8,1,2
26833,894433,69.19,1,3
26834,894466,67.7,1,3
26835,894500,40.13,1,2
26836,894533,62.84,1,3
26837,894566,61.22,1,3
26838,894600,36.79,1,2
26839,894633,56.35,1,3
26840,894666,54.5,1,3
26841,894699,52.73,1,3
26842,894733,49.46,1,2
26843,894766,48.25,1,2
26844,894800,56.68,1,3
26845,894833,37.73,1,2
26846,894866,36.55,1,2
26847,894900,60.44,1,3
26848,894933,30.53,1,2
26849,894966,29.36,1,2
26850,895000,58.67,1,3
26851,895033,38.56,1,2
26852,895066,36.99,1,2
26853,895100,68.89,1,3
26854,895133,40.95,1,2
26855,895166,39.66,1,2
26856,895199,53.1,1,3
26857,895233,81.61,1,4
26858,895266,80.23,1,4
26859,895300,81.3,1,4
26860,895333,74.15,1,3
26861,895366,72.86,1,3
26862,895400,76,1,4
26863,895433,79.9,1,4
26864,895466,78.6,1,4
26865,895500,61.67,1,3
26866,895533,82.02,1,4
26867,895566,72.33,1,3
26868,895600,40.03,1,2
26869,895633,68.5,1,3
26870,895666,64.98,1,3
26871,895699,33.55,1,2
26872,895733,68.62,1,3
26873,895766,67.83,1,3
26874,895800,32.79,1,2
26875,895833,62.05,1,3
26876,895866,60.79,1,3
26877,895900,34.87,1,2
26878,895933,65.01,1,3
26879,895966,63.39,1,3
26880,896000,43.3,1,2
26881,896033,66.77,1,3
26882,896066,65.47,1,3
26883,896100,52.86,1,3
26884,896133,64.23,1,3
26885,896166,63.01,1,3
26886,896199,54.2,1,3
26887,896233,45.76,1,2
26888,896266,43.22,1,2
26889,896300,59.49,1,3
26890,896333,47.65,1,2
26891,896366,45.92,1,2
26892,896400,65.55,1,3
26893,896433,42.55,1,2
26894,896466,40.08,1,2
26895,896500,65.23,1,3
26896,896533,34.93,1,2
26897,896566,33.18,1,2
26898,896600,56.51,1,3
26899,896633,31.97,1,2
26900,896666,30.46,1,2
26901,896699,63.88,1,3
26902,896733,37.3,1,2
26903,896766,36.06,1,2
26904,896800,54.5,1,3
26905,896833,47.16,1,2
26906,896866,45.25,1,2
26907,896900,53.56,1,3
26908,896933,52.98,1,3
26909,896966,52.02,1,3
26910,897000,43.83,1,2
26911,897033,65.66,1,3
26912,897066,64.24,1,3
26913,897100,58.89,1,3
26914,897133,67.89,1,3
26915,897166,66.36,1,3
26916,897199,37.05,1,2
26917,897233,63.8,1,3
26918,897266,63.2,1,3
26919,897300,33.77,1,2
26920,897333,68.71,1,3
26921,897366,67.09,1,3
26922,897400,35.45,1,2
26923,897433,71.52,1,3
26924,897466,70.75,1,3
26925,897500,46.25,1,2
26926,897533,63.56,1,3
26927,897566,60.54,1,3
26928,897600,39.04,1,2
26929,897633,60.15,1,3
26930,897666,58.49,1,3
26931,897699,51.34,1,3
26932,897733,48.7,1,2
26933,897766,47.13,1,2
26934,897800,52.35,1,3
26935,897833,38.82,1,2
26936,897866,37.44,1,2
26937,897900,62.33,1,3
26938,897933,33.2,1,2
26939,897966,31.8,1,2
26940,898000,62.31,1,3
26941,898033,34.56,1,2
26942,898066,33.26,1,2
26943,898100,66.47,1,3
26944,898133,42.74,1,2
26945,898166,40.44,1,2
26946,898199,59.98,1,3
26947,898233,46.29,1,2
26948,898266,44.35,1,2
26949,898300,61.19,1,3
26950,898333,54.98,1,3
26951,898366,53.63,1,3
26952,898400,58.58,1,3
26953,898433,72.27,1,3
26954,898466,71.15,1,3
26955,898500,65.11,1,3
26956,898533,73.82,1,3
26957,898566,71.99,1,3
26958,898600,33.62,1,2
26959,898633,65.34,1,3
26960,898666,64.24,1,3
26961,898699,35.14,1,2
26962,898733,65.19,1,3
26963,898766,64.57,1,3
26964,898800,28.38,1,2
26965,898833,66.94,1,3
26966,898866,64.96,1,3
26967,898900,33.95,1,2
26968,898933,60.89,1,3
26969,898966,59.48,1,3
26970,899000,30.38,1,2
26971,899033,65.7,1,3
26972,899066,61.91,1,3
26973,899100,50.14,1,3
26974,899133,57.32,1,3
26975,899166,55.82,1,3
26976,899199,49.3,1,2
26977,899233,96.46,1,4
26978,899266,96.12,1,4
26979,899300,91.52,1,4
26980,899333,70.6,1,3
26981,899366,67.45,1,3
26982,899400,88.06,1,4
26983,899433,66.09,1,3
26984,899466,64.3,1,3
26985,899500,92.77,1,4
26986,899533,56.47,1,3
26987,899566,49.66,1,2
26988,899600,69.12,1,3
26989,899633,46.13,1,2
26990,899666,41.66,1,2
26991,899699,67.35,1,3
26992,899733,45.75,1,2
26993,899766,43.95,1,2
26994,899800,58.64,1,3
26995,899833,51.11,1,3
26996,899866,48.95,1,2
26997,899900,60.38,1,3
26998,899933,54.36,1,3
26999,899966,52.82,1,3
27000,900000,47.66,1,2
27001,900033,60.93,1,3
27002,900066,59.83,1,3
27003,900100,41.05,1,2
27004,900133,67.1,1,3
27005,900166,65.46,1,3
27006,900199,34.8,1,2
27007,900233,64.9,1,3
27008,900266,63.41,1,3
27009,900300,29.61,1,2
27010,900333,64.88,1,3
27011,900366,62.83,1,3
27012,900400,37.52,1,2
27013,900433,71.24,1,3
27014,900466,70.22,1,3
27015,900500,44.32,1,2
27016,900533,72.73,1,3
27017,900566,70.53,1,3
27018,900600,43.34,1,2
27019,900633,60.84,1,3
27020,900666,59.09,1,3
27021,900699,53.35,1,3
27022,900733,58.7,1,3
27023,900766,57.85,1,3
27024,900800,56.28,1,3
27025,900833,43.52,1,2
27026,900866,41.64,1,2
27027,900900,60.27,1,3
27028,900933,35.79,1,2
27029,900966,34.35,1,2
27030,901000,58.61,1,3
27031,901033,29.37,1,2
27032,901066,28.25,1,2
27033,901100,58.68,1,3
27034,901133,34.61,1,2
27035,901166,33.6,1,2
27036,901199,55.66,1,3
27037,901233,45.17,1,2
27038,901266,41.99,1,2
27039,901300,50.7,1,3
27040,901333,45.13,1,2
27041,901366,43.63,1,2
27042,901400,43.51,1,2
27043,901433,61.6,1,3
27044,901466,59.43,1,3
27045,901500,44.86,1,2
27046,901533,66.08,1,3
27047,901566,63.21,1,3
27048,901600,34.15,1,2
27049,901633,66.46,1,3
27050,901666,65.31,1,3
27051,901699,30.41,1,2
27052,901733,65.74,1,3
27053,901766,64.55,1,3
27054,901800,30.97,1,2
27055,901833,68.74,1,3
27056,901866,67.77,1,3
27057,901900,36.72,1,2
27058,901933,64.67,1,3
27059,901966,63.96,1,3
27060,902000,38.18,1,2
27061,902033,61.74,1,3
27062,902066,60.34,1,3
27063,902100,47.43,1,2
27064,902133,58.69,1,3
27065,902166,56.38,1,3
27066,902199,54.05,1,3
27067,902233,48.74,1,2
27068,902266,45.67,1,2
27069,902300,56.47,1,3
27070,902333,38.07,1,2
27071,902366,35.79,1,2
27072,902400,59.33,1,3
27073,902433,34.63,1,2
27074,902466,32.68,1,2
27075,902500,67.3,1,3
27076,902533,37.35,1,2
27077,902566,35.94,1,2
27078,902600,63.84,1,3
27079,902633,35.83,1,2
27080,902666,33.18,1,2
27081,902699,61.04,1,3
27082,902733,40.07,1,2
27083,902766,38.96,1,2
27084,902800,55.81,1,3
27085,902833,44.96,1,2
27086,902866,43.5,1,2
27087,902900,55.85,1,3
27088,902933,52.11,1,3
27089,902966,50.79,1,3
27090,903000,43.5,1,2
27091,903033,56.35,1,3
27092,903066,55.34,1,3
27093,903100,38.53,1,2
27094,903133,62.62,1,3
27095,903166,61.93,1,3
27096,903199,32.92,1,2
27097,903233,93.07,1,4
27098,903266,92.15,1,4
27099,903300,55.99,1,3
27100,903333,88.12,1,4
27101,903366,86.98,1,4
27102,903400,49.93,1,2
27103,903433,86.6,1,4
27104,903466,83.73,1,4
27105,903500,55.75,1,3
27106,903533,86.94,1,4
27107,903566,78.91,1,4
27108,903600,57.8,1,3
27109,903633,73.7,1,3
27110,903666,72.68,1,3
27111,903699,57.46,1,3
27112,903733,52.38,1,3
27113,903766,50.13,1,3
27114,903800,62,1,3
27115,903833,49.42,1,2
27116,903866,45.33,1,2
27117,903900,65.83,1,3
27118,903933,39.78,1,2
27119,903966,37.63,1,2
27120,904000,60.99,1,3
27121,904033,31.47,1,2
27122,904066,29.52,1,2
27123,904100,60.77,1,3
27124,904133,34.2,1,2
27125,904166,32.31,1,2
27126,904199,61.84,1,3
27127,904233,40.92,1,2
27128,904266,38.98,1,2
27129,904300,58.4,1,3
27130,904333,49.22,1,2
27131,904366,47.69,1,2
27132,904400,46.94,1,2
27133,904433,60.09,1,3
27134,904466,59.29,1,3
27135,904500,52.54,1,3
27136,904533,73.27,1,3
27137,904566,71.7,1,3
27138,904600,43.27,1,2
27139,904633,69.59,1,3
27140,904666,66.83,1,3
27141,904699,33.85,1,2
27142,904733,69.98,1,3
27143,904766,67.89,1,3
27144,904800,30.99,1,2
27145,904833,70.18,1,3
27146,904866,69.66,1,3
27147,904900,41.13,1,2
27148,904933,72.6,1,3
27149,904966,69.55,1,3
27150,905000,41.82,1,2
27151,905033,61.85,1,3
27152,905066,60.21,1,3
27153,905100,44.43,1,2
27154,905133,55.19,1,3
27155,905166,53.41,1,3
27156,905199,53.74,1,3
27157,905233,44.74,1,2
27158,905266,43.1,1,2
27159,905300,58.3,1,3
27160,905333,39.78,1,2
27161,905366,38.18,1,2
27162,905400,61.58,1,3
27163,905433,36.35,1,2
27164,905466,34.82,1,2
27165,905500,62.35,1,3
27166,905533,39.05,1,2
27167,905566,37.02,1,2
27168,905600,74.24,1,3
27169,905633,41.61,1,2
27170,905666,40.19,1,2
27171,905699,65.46,1,3
27172,905733,38.48,1,2
27173,905766,36.52,1,2
27174,905800,60.12,1,3
27175,905833,50.21,1,3
27176,905866,48.68,1,2
27177,905900,65.13,1,3
27178,905933,59.7,1,3
27179,905966,57.89,1,3
27180,906000,52.58,1,3
27181,906033,60.99,1,3
27182,906066,59.03,1,3
27183,906100,36.69,1,2
27184,906133,60.48,1,3
27185,906166,59.25,1,3
27186,906199,31.16,1,2
27187,906233,61.11,1,3
27188,906266,61.09,1,3
27189,906300,30.71,1,2
27190,906333,63.78,1,3
27191,906366,63.33,1,3
27192,906400,25.72,1,2
27193,906433,62.73,1,3
27194,906466,61.34,1,3
27195,906500,34.49,1,2
27196,906533,65.43,1,3
27197,906566,64.44,1,3
27198,906600,41.2,1,2
27199,906633,60.23,1,3
27200,906666,58.22,1,3
27201,906699,53.01,1,3
27202,906733,52.85,1,3
27203,906766,50.97,1,3
27204,906800,52.53,1,3
27205,906833,43.83,1,2
27206,906866,41.6,1,2
27207,906900,71.59,1,3
27208,906933,46.27,1,2
27209,906966,43.79,1,2
27210,907000,66.32,1,3
27211,907033,37.2,1,2
27212,907066,35.46,1,2
27213,907100,65.17,1,3
27214,907133,34.18,1,2
27215,907166,32.26,1,2
27216,907199,59.03,1,3
27217,907233,80.09,1,4
27218,907266,78.71,1,4
27219,907300,87.91,1,4
27220,907333,72.84,1,3
27221,907366,71.95,1,3
27222,907400,66.6,1,3
27223,907433,75.57,1,4
27224,907466,73.3,1,3
27225,907500,62.68,1,3
27226,907533,75.28,1,4
27227,907566,64.77,1,3
27228,907600,41.29,1,2
27229,907633,69.12,1,3
27230,907666,67.04,1,3
27231,907699,40.23,1,2
27232,907733,67.49,1,3
27233,907766,66.53,1,3
27234,907800,28.24,1,2
27235,907833,76.46,1,4
27236,907866,70.75,1,3
27237,907900,47.54,1,2
27238,907933,77.46,1,4
27239,907966,75.17,1,4
27240,908000,47.77,1,2
27241,908033,71.46,1,3
27242,908066,68.39,1,3
27243,908100,52.3,1,3
27244,908133,62.12,1,3
27245,908166,60.95,1,3
27246,908199,50.8,1,3
27247,908233,51.88,1,3
27248,908266,48.82,1,2
27249,908300,61.3,1,3
27250,908333,47.6,1,2
27251,908366,44.41,1,2
27252,908400,63.54,1,3
27253,908433,34.27,1,2
27254,908466,32.47,1,2
27255,908500,63.14,1,3
27256,908533,33.03,1,2
27257,908566,31.53,1,2
27258,908600,59.38,1,3
27259,908633,35.58,1,2
27260,908666,34.12,1,2
27261,908699,60.07,1,3
27262,908733,40.5,1,2
27263,908766,38.45,1,2
27264,908800,54.6,1,3
27265,908833,44.34,1,2
27266,908866,42.98,1,2
27267,908900,61.77,1,3
27268,908933,54.35,1,3
27269,908966,53.39,1,3
27270,909000,57.23,1,3
27271,909033,62.15,1,3
27272,909066,60.9,1,3
27273,909100,46.03,1,2
27274,909133,64.9,1,3
27275,909166,64,1,3
27276,909199,32.47,1,2
27277,909233,63.6,1,3
27278,909266,62.89,1,3
27279,909300,29.32,1,2
27280,909333,68.43,1,3
27281,909366,66.17,1,3
27282,909400,29.33,1,2
27283,909433,62.38,1,3
27284,909466,61.33,1,3
27285,909500,33.52,1,2
27286,909533,60.55,1,3
27287,909566,59.48,1,3
27288,909600,41.16,1,2
27289,909633,61.4,1,3
27290,909666,59.83,1,3
27291,909699,50.49,1,3
27292,909733,53.05,1,3
27293,909766,51.39,1,3
27294,909800,55.16,1,3
27295,909833,43.15,1,2
27296,909866,41.19,1,2
27297,909900,57.19,1,3
27298,909933,39.55,1,2
27299,909966,38.18,1,2
27300,910000,72.09,1,3
27301,910033,42.99,1,2
27302,910066,40.38,1,2
27303,910100,64.91,1,3
27304,910133,34.93,1,2
27305,910166,33.7,1,2
27306,910199,58.47,1,3
27307,910233,36.63,1,2
27308,910266,35.25,1,2
27309,910300,58.12,1,3
27310,910333,48.04,1,2
27311,910366,45.88,1,2
27312,910400,50.44,1,3
27313,910433,56.3,1,3
27314,910466,54.38,1,3
27315,910500,39.11,1,2
27316,910533,59.33,1,3
27317,910566,58.58,1,3
27318,910600,34.06,1,2
27319,910633,65.51,1,3
27320,910666,64.23,1,3
27321,910699,34.99,1,2
27322,910733,67.39,1,3
27323,910766,67.01,1,3
27324,910800,26.6,1,2
27325,910833,66.2,1,3
27326,910866,65.83,1,3
27327,910900,35.21,1,2
27328,910933,71.56,1,3
27329,910966,70.69,1,3
27330,911000,45.3,1,2
27331,911033,73.87,1,3
27332,911066,72.78,1,3
27333,911100,52.15,1,3
27334,911133,62.16,1,3
27335,911166,58.9,1,3
27336,911199,52.74,1,3
27337,911233,92.69,1,4
27338,911266,91.18,1,4
27339,911300,83.88,1,4
27340,911333,52.78,1,3
27341,911366,50.74,1,3
27342,911400,68.96,1,3
27343,911433,49.08,1,2
27344,911466,46.84,1,2
27345,911500,74.79,1,3
27346,911533,43.07,1,2
27347,911566,33.1,1,2
27348,911600,59.98,1,3
27349,911633,36.28,1,2
27350,911666,34.86,1,2
27351,911699,57.85,1,3
27352,911733,44.34,1,2
27353,911766,42.08,1,2
27354,911800,53.08,1,3
27355,911833,49.86,1,2
27356,911866,48.02,1,2
27357,911900,51.16,1,3
27358,911933,61.14,1,3
27359,911966,59.96,1,3
27360,912000,71.96,1,3
27361,912033,72.52,1,3
27362,912066,71.16,1,3
27363,912100,60.15,1,3
27364,912133,82.78,1,4
27365,912166,79.41,1,4
27366,912199,58.59,1,3
27367,912233,80.52,1,4
27368,912266,79.98,1,4
27369,912300,62.46,1,3
27370,912333,81.82,1,4
27371,912366,81.14,1,4
27372,912400,71.42,1,3
27373,912433,81.7,1,4
27374,912466,81.39,1,4
27375,912500,66.6,1,3
27376,912533,80.89,1,4
27377,912566,80.42,1,4
27378,912600,67.69,1,3
27379,912633,78.25,1,4
27380,912666,77.54,1,4
27381,912699,75.24,1,4
27382,912733,76.57,1,4
27383,912766,75.26,1,4
27384,912800,73.1,1,3
27385,912833,74.63,1,3
27386,912866,72.63,1,3
27387,912900,76.41,1,4
27388,912933,69.3,1,3
27389,912966,68.29,1,3
27390,913000,79.39,1,4
27391,913033,69.91,1,3
27392,913066,69.15,1,3
27393,913100,88.68,1,4
27394,913133,67.88,1,3
27395,913166,66.84,1,3
27396,913199,80.59,1,4
27397,913233,72.21,1,3
27398,913266,71.59,1,3
27399,913300,80.59,1,4
27400,913333,76.41,1,4
27401,913366,74.75,1,3
27402,913400,80.72,1,4
27403,913433,82.66,1,4
27404,913466,81.88,1,4
27405,913500,79.11,1,4
27406,913533,81.36,1,4
27407,913566,80.36,1,4
27408,913600,65.63,1,3
27409,913633,79.71,1,4
27410,913666,78.82,1,4
27411,913699,64.47,1,3
27412,913733,82.08,1,4
27413,913766,81.5,1,4
27414,913800,65.1,1,3
27415,913833,80.28,1,4
27416,913866,79.55,1,4
27417,913900,65.58,1,3
27418,913933,73.38,1,3
27419,913966,72.17,1,3
27420,914000,58.63,1,3
27421,914033,80.52,1,4
27422,914066,80.17,1,4
27423,914100,60.3,1,3
27424,914133,82.13,1,4
27425,914166,71.93,1,3
27426,914199,72.33,1,3
27427,914233,76.69,1,4
27428,914266,75.96,1,4
27429,914300,78.03,1,4
27430,914333,75.4,1,4
27431,914366,74.55,1,3
27432,914400,81.67,1,4
27433,914433,71.76,1,3
27434,914466,71.15,1,3
27435,914500,81.97,1,4
27436,914533,63.64,1,3
27437,914566,62.58,1,3
27438,914600,69.91,1,3
27439,914633,56.49,1,3
27440,914666,55.53,1,3
27441,914699,76.01,1,4
27442,914733,66.65,1,3
27443,914766,66.1,1,3
27444,914800,70.75,1,3
27445,914833,69.73,1,3
27446,914866,69.31,1,3
27447,914900,73.46,1,3
27448,914933,69.63,1,3
27449,914966,69.11,1,3
27450,915000,63.62,1,3
27451,915033,75.5,1,4
27452,915066,74.96,1,3
27453,915100,70.69,1,3
27454,915133,77.62,1,4
27455,915166,76.83,1,4
27456,915199,61.34,1,3
27457,915233,96.44,1,4
27458,915266,95.94,1,4
27459,915300,82.99,1,4
27460,915333,93.35,1,4
27461,915366,93.2,1,4
27462,915400,80.15,1,4
27463,915433,93.34,1,4
27464,915466,91.42,1,4
27465,915500,81.71,1,4
27466,915533,86.82,1,4
27467,915566,82.64,1,4
27468,915600,74.45,1,3
27469,915633,83.74,1,4
27470,915666,81.52,1,4
27471,915699,77.97,1,4
27472,915733,69.4,1,3
27473,915766,67.57,1,3
27474,915800,75.36,1,4
27475,915833,62.22,1,3
27476,915866,61.15,1,3
27477,915900,79.3,1,4
27478,915933,62.65,1,3
27479,915966,61.5,1,3
27480,916000,79.03,1,4
27481,916033,69.45,1,3
27482,916066,68.88,1,3
27483,916100,80.23,1,4
27484,916133,81,1,4
27485,916166,80.48,1,4
27486,916199,77.73,1,4
27487,916233,71.76,1,3
27488,916266,71.39,1,3
27489,916300,69.06,1,3
27490,916333,70.63,1,3
27491,916366,70.07,1,3
27492,916400,56.41,1,3
27493,916433,76.89,1,4
27494,916466,75.66,1,4
27495,916500,74.83,1,3
27496,916533,81.11,1,4
27497,916566,79.84,1,4
27498,916600,60.27,1,3
27499,916633,76.91,1,4
27500,916666,78.48,1,4
27501,916699,68.69,1,3
27502,916733,79.01,1,4
27503,916766,78.6,1,4
27504,916800,65.72,1,3
27505,916833,82.01,1,4
27506,916866,81.48,1,4
27507,916900,67.23,1,3
27508,916933,82.84,1,4
27509,916966,82.02,1,4
27510,917000,67.24,1,3
27511,917033,80.51,1,4
27512,917066,80.33,1,4
27513,917100,77.11,1,4
27514,917133,82.5,1,4
27515,917166,81.8,1,4
27516,917199,80.04,1,4
27517,917233,68.93,1,3
27518,917266,68.08,1,3
27519,917300,81.81,1,4
27520,917333,69.55,1,3
27521,917366,68.62,1,3
27522,917400,79.05,1,4
27523,917433,72.24,1,3
27524,917466,71.77,1,3
27525,917500,82.8,1,4
27526,917533,62.57,1,3
27527,917566,61.74,1,3
27528,917600,81.2,1,4
27529,917633,67.94,1,3
27530,917666,67.85,1,3
27531,917699,79.39,1,4
27532,917733,72.34,1,3
27533,917766,71.69,1,3
27534,917800,73.4,1,3
27535,917833,71.91,1,3
27536,917866,71.51,1,3
27537,917900,73.3,1,3
27538,917933,75.25,1,4
27539,917966,74.7,1,3
27540,918000,60.37,1,3
27541,918033,79.72,1,4
27542,918066,79.53,1,4
27543,918100,60.44,1,3
27544,918133,82.61,1,4
27545,918166,82.18,1,4
27546,918199,51.9,1,3
27547,918233,83.06,1,4
27548,918266,82.42,1,4
27549,918300,53.76,1,3
27550,918333,81.18,1,4
27551,918366,80.96,1,4
27552,918400,59.79,1,3
27553,918433,80.35,1,4
27554,918466,79.71,1,4
27555,918500,72.02,1,3
27556,918533,82.73,1,4
27557,918566,82.32,1,4
27558,918600,75.95,1,4
27559,918633,72.59,1,3
27560,918666,71.97,1,3
27561,918699,76.06,1,4
27562,918733,65.52,1,3
27563,918766,64.64,1,3
27564,918800,78.55,1,4
27565,918833,59.73,1,3
27566,918866,58.24,1,3
27567,918900,77.15,1,4
27568,918933,62.36,1,3
27569,918966,55.05,1,3
27570,919000,75.65,1,4
27571,919033,62.5,1,3
27572,919066,56.38,1,3
27573,919100,77,1,4
27574,919133,61.61,1,3
27575,919166,61.1,1,3
27576,919199,73.59,1,3
27577,919233,86.82,1,4
27578,919266,85.74,1,4
27579,919300,82.1,1,4
27580,919333,81.89,1,4
27581,919366,80.92,1,4
27582,919400,66.48,1,3
27583,919433,88.3,1,4
27584,919466,86.56,1,4
27585,919500,66.1,1,3
27586,919533,87.96,1,4
27587,919566,83.85,1,4
27588,919600,50.78,1,3
27589,919633,84.64,1,4
27590,919666,83.76,1,4
27591,919699,54.82,1,3
27592,919733,80.76,1,4
27593,919766,79.86,1,4
27594,919800,52.73,1,3
27595,919833,82.17,1,4
27596,919866,81.57,1,4
27597,919900,64.07,1,3
27598,919933,75.99,1,4
27599,919966,75.37,1,4
27600,920000,66.55,1,3
27601,920033,68.74,1,3
27602,920066,67.28,1,3
27603,920100,70.88,1,3
27604,920133,63.74,1,3
27605,920166,62.41,1,3
27606,920199,72.6,1,3
27607,920233,59.16,1,3
27608,920266,57.97,1,3
27609,920300,75.1,1,4
27610,920333,52.7,1,3
27611,920366,51.57,1,3
27612,920400,75.85,1,4
27613,920433,50.9,1,3
27614,920466,49.84,1,2
27615,920500,80.37,1,4
27616,920533,60.14,1,3
27617,920566,58.98,1,3
27618,920600,82.57,1,4
27619,920633,64.22,1,3
27620,920666,63.36,1,3
27621,920699,76.52,1,4
27622,920733,65.2,1,3
27623,920766,64.42,1,3
27624,920800,68.63,1,3
27625,920833,71.56,1,3
27626,920866,71.04,1,3
27627,920900,69.31,1,3
27628,920933,77.94,1,4
27629,920966,76.23,1,4
27630,921000,53.3,1,3
27631,921033,76.74,1,4
27632,921066,76.25,1,4
27633,921100,54.5,1,3
27634,921133,79.25,1,4
27635,921166,77.88,1,4
27636,921199,49.85,1,2
27637,921233,79.96,1,4
27638,921266,79.5,1,4
27639,921300,56.79,1,3
27640,921333,78.52,1,4
27641,921366,77.87,1,4
27642,921400,51.1,1,3
27643,921433,76.94,1,4
27644,921466,76.35,1,4
27645,921500,59.11,1,3
27646,921533,74.94,1,3
27647,921566,74.36,1,3
27648,921600,67.52,1,3
27649,921633,73.7,1,3
27650,921666,71.07,1,3
27651,921699,75.94,1,4
27652,921733,60.97,1,3
27653,921766,58.93,1,3
27654,921800,73.52,1,3
27655,921833,51.36,1,3
27656,921866,49.88,1,2
27657,921900,77.2,1,4
27658,921933,50.36,1,3
27659,921966,49.06,1,2
27660,922000,74.89,1,3
27661,922033,45.59,1,2
27662,922066,44.2,1,2
27663,922100,73.95,1,3
27664,922133,56.61,1,3
27665,922166,55.55,1,3
27666,922199,67.28,1,3
27667,922233,65.81,1,3
27668,922266,65.01,1,3
27669,922300,66.94,1,3
27670,922333,72.95,1,3
27671,922366,70.82,1,3
27672,922400,53.12,1,3
27673,922433,74.23,1,3
27674,922466,73.56,1,3
27675,922500,55.73,1,3
27676,922533,78.4,1,4
27677,922566,77.79,1,4
27678,922600,47.55,1,2
27679,922633,78.15,1,4
27680,922666,77.66,1,4
27681,922699,51.12,1,3
27682,922733,76.51,1,4
27683,922766,75.7,1,4
27684,922800,44.65,1,2
27685,922833,74.17,1,3
27686,922866,73.82,1,3
27687,922900,55.8,1,3
27688,922933,73.59,1,3
27689,922966,72.83,1,3
27690,923000,60.59,1,3
27691,923033,69.71,1,3
27692,923066,68.77,1,3
27693,923100,69.98,1,3
27694,923133,62.1,1,3
27695,923166,60.52,1,3
27696,923199,70.52,1,3
27697,923233,87.43,1,4
27698,923266,85.9,1,4
27699,923300,89.19,1,4
27700,923333,60.78,1,3
27701,923366,59.1,1,3
27702,923400,83.78,1,4
27703,923433,61.01,1,3
27704,923466,58.87,1,3
27705,923500,82.6,1,4
27706,923533,60.1,1,3
27707,923566,53.74,1,3
27708,923600,78.15,1,4
27709,923633,63.04,1,3
27710,923666,62.02,1,3
27711,923699,77.51,1,4
27712,923733,61.75,1,3
27713,923766,59.4,1,3
27714,923800,62.63,1,3
27715,923833,67.15,1,3
27716,923866,66.37,1,3
27717,923900,67.1,1,3
27718,923933,73.59,1,3
27719,923966,70.28,1,3
27720,924000,52.3,1,3
27721,924033,77.17,1,4
27722,924066,75.54,1,4
27723,924100,53.69,1,3
27724,924133,75.16,1,4
27725,924166,74.94,1,3
27726,924199,43.83,1,2
27727,924233,75.46,1,4
27728,924266,74.87,1,3
27729,924300,49.64,1,2
27730,924333,77.69,1,4
27731,924366,77.28,1,4
27732,924400,44.06,1,2
27733,924433,75.8,1,4
27734,924466,74.47,1,3
27735,924500,59.95,1,3
27736,924533,76.78,1,4
27737,924566,75.88,1,4
27738,924600,66.36,1,3
27739,924633,73.26,1,3
27740,924666,72.13,1,3
27741,924699,75.04,1,4
27742,924733,63.74,1,3
27743,924766,62.12,1,3
27744,924800,71.67,1,3
27745,924833,52.35,1,3
27746,924866,50.22,1,3
27747,924900,75.26,1,4
27748,924933,51.08,1,3
27749,924966,49.65,1,2
27750,925000,76.93,1,4
27751,925033,53.36,1,3
27752,925066,51.71,1,3
27753,925100,76.65,1,4
27754,925133,54.35,1,3
27755,925166,53.2,1,3
27756,925199,70.58,1,3
27757,925233,61.01,1,3
27758,925266,59.24,1,3
27759,925300,68.56,1,3
27760,925333,66.22,1,3
27761,925366,65.53,1,3
27762,925400,54.26,1,3
27763,925433,72.6,1,3
27764,925466,72.15,1,3
27765,925500,54.09,1,3
27766,925533,75.5,1,4
27767,925566,75.15,1,4
27768,925600,44.16,1,2
27769,925633,77.79,1,4
27770,925666,77.48,1,4
27771,925699,51.41,1,3
27772,925733,78.89,1,4
27773,925766,77.44,1,4
27774,925800,44.76,1,2
27775,925833,77.25,1,4
27776,925866,76.65,1,4
27777,925900,52.83,1,3
27778,925933,76.49,1,4
27779,925966,75.72,1,4
27780,926000,60.04,1,3
27781,926033,74.84,1,3
27782,926066,73.42,1,3
27783,926100,71.39,1,3
27784,926133,61.19,1,3
27785,926166,59.29,1,3
27786,926199,67.99,1,3
27787,926233,55.64,1,3
27788,926266,52.84,1,3
27789,926300,69.62,1,3
27790,926333,53.38,1,3
27791,926366,51.2,1,3
27792,926400,70.18,1,3
27793,926433,46.43,1,2
27794,926466,44.81,1,2
27795,926500,71.12,1,3
27796,926533,43.93,1,2
27797,926566,42.59,1,2
27798,926600,67.52,1,3
27799,926633,50.2,1,3
27800,926666,48.77,1,2
27801,926699,74.2,1,3
27802,926733,57.93,1,3
27803,926766,55.47,1,3
27804,926800,68.64,1,3
27805,926833,68.4,1,3
27806,926866,66.56,1,3
27807,926900,61.01,1,3
27808,926933,72.72,1,3
27809,926966,71.7,1,3
27810,927000,57.7,1,3
27811,927033,74.68,1,3
27812,927066,73.94,1,3
27813,927100,57.6,1,3
27814,927133,77.74,1,4
27815,927166,76.82,1,4
27816,927199,42.88,1,2
27817,927233,92.78,1,4
27818,927266,92.43,1,4
27819,927300,57.69,1,3
27820,927333,89.03,1,4
27821,927366,88.01,1,4
27822,927400,57.92,1,3
27823,927433,87.43,1,4
27824,927466,85.64,1,4
27825,927500,68.94,1,3
27826,927533,82.13,1,4
27827,927566,74.4,1,3
27828,927600,59.68,1,3
27829,927633,69.46,1,3
27830,927666,68,1,3
27831,927699,68.34,1,3
27832,927733,64.33,1,3
27833,927766,62.24,1,3
27834,927800,73.78,1,3
27835,927833,57.67,1,3
27836,927866,55.01,1,3
27837,927900,75.15,1,4
27838,927933,45.22,1,2
27839,927966,43.62,1,2
27840,928000,74.61,1,3
27841,928033,52.84,1,3
27842,928066,51.71,1,3
27843,928100,77.19,1,4
27844,928133,57.16,1,3
27845,928166,55.51,1,3
27846,928199,68.96,1,3
27847,928233,64.39,1,3
27848,928266,63.56,1,3
27849,928300,66.58,1,3
27850,928333,69.64,1,3
27851,928366,69.03,1,3
27852,928400,60.15,1,3
27853,928433,74.24,1,3
27854,928466,73.9,1,3
27855,928500,50.48,1,3
27856,928533,72.59,1,3
27857,928566,71.94,1,3
27858,928600,41.52,1,2
27859,928633,76.71,1,4
27860,928666,73.87,1,3
27861,928699,40.73,1,2
27862,928733,76.64,1,4
27863,928766,75.88,1,4
27864,928800,39.86,1,2
27865,928833,73.98,1,3
27866,928866,73.09,1,3
27867,928900,51.71,1,3
27868,928933,73.38,1,3
27869,928966,73.07,1,3
27870,929000,52.26,1,3
27871,929033,74.1,1,3
27872,929066,72.99,1,3
27873,929100,67,1,3
27874,929133,68.51,1,3
27875,929166,67.45,1,3
27876,929199,68.37,1,3
27877,929233,63.21,1,3
27878,929266,61.61,1,3
27879,929300,71.05,1,3
27880,929333,50.62,1,3
27881,929366,48.63,1,2
27882,929400,71.68,1,3
27883,929433,45.01,1,2
27884,929466,44.86,1,2
27885,929500,73.01,1,3
27886,929533,45.59,1,2
27887,929566,44.53,1,2
27888,929600,70.26,1,3
27889,929633,46.49,1,2
27890,929666,45.33,1,2
27891,929699,71.34,1,3
27892,929733,60.02,1,3
27893,929766,58.32,1,3
27894,929800,68.91,1,3
27895,929833,63.24,1,3
27896,929866,62.37,1,3
27897,929900,63.21,1,3
27898,929933,66.38,1,3
27899,929966,65.92,1,3
27900,930000,53.36,1,3
27901,930033,69.29,1,3
27902,930066,68.6,1,3
27903,930100,52.93,1,3
27904,930133,75.2,1,4
27905,930166,74.69,1,3
27906,930199,48.5,1,2
27907,930233,74.53,1,3
27908,930266,74.24,1,3
27909,930300,46.93,1,2
27910,930333,73.83,1,3
27911,930366,72.83,1,3
27912,930400,43.38,1,2
27913,930433,73.65,1,3
27914,930466,72.03,1,3
27915,930500,50.14,1,3
27916,930533,72.4,1,3
27917,930566,71.75,1,3
27918,930600,57.91,1,3
27919,930633,66.66,1,3
27920,930666,65.23,1,3
27921,930699,67.18,1,3
27922,930733,58.51,1,3
27923,930766,55.27,1,3
27924,930800,68.07,1,3
27925,930833,56.59,1,3
27926,930866,53.92,1,3
27927,930900,74.16,1,3
27928,930933,48.7,1,2
27929,930966,46.6,1,2
27930,931000,70.11,1,3
27931,931033,46.59,1,2
27932,931066,45.45,1,2
27933,931100,73.88,1,3
27934,931133,55.15,1,3
27935,931166,53.73,1,3
27936,931199,71.19,1,3
27937,931233,90.95,1,4
27938,931266,90.42,1,4
27939,931300,90,1,4
27940,931333,84.83,1,4
27941,931366,83.75,1,4
27942,931400,71.31,1,3
27943,931433,84.46,1,4
27944,931466,83.45,1,4
27945,931500,66.21,1,3
27946,931533,84.09,1,4
27947,931566,76.54,1,4
27948,931600,44.66,1,2
27949,931633,76.37,1,4
27950,931666,75.35,1,4
27951,931699,41.54,1,2
27952,931733,72.55,1,3
27953,931766,72,1,3
27954,931800,36.22,1,2
27955,931833,71.22,1,3
27956,931866,69.95,1,3
27957,931900,50.05,1,3
27958,931933,73.47,1,3
27959,931966,72.66,1,3
27960,932000,50.8,1,3
27961,932033,71,1,3
27962,932066,69.94,1,3
27963,932100,61.67,1,3
27964,932133,70.01,1,3
27965,932166,68.96,1,3
27966,932199,72.48,1,3
27967,932233,69.26,1,3
27968,932266,67.63,1,3
27969,932300,72.15,1,3
27970,932333,53.85,1,3
27971,932366,51.81,1,3
27972,932400,70.9,1,3
27973,932433,46.28,1,2
27974,932466,44.89,1,2
27975,932500,71.62,1,3
27976,932533,44.75,1,2
27977,932566,42.48,1,2
27978,932600,71.67,1,3
27979,932633,48.26,1,2
27980,932666,46.5,1,2
27981,932699,70.79,1,3
27982,932733,52.93,1,3
27983,932766,51.57,1,3
27984,932800,59.15,1,3
27985,932833,58.34,1,3
27986,932866,57.36,1,3
27987,932900,66.98,1,3
27988,932933,62.3,1,3
27989,932966,61.47,1,3
27990,933000,54.06,1,3
27991,933033,67.42,1,3
27992,933066,66.66,1,3
27993,933100,55.23,1,3
27994,933133,74.08,1,3
27995,933166,73.69,1,3
27996,933199,44.07,1,2
27997,933233,79.37,1,4
27998,933266,78.9,1,4
27999,933300,55.6,1,3
28000,933333,82.37,1,4
28001,933366,81.21,1,4
28002,933400,48.56,1,2
28003,933433,80.28,1,4
28004,933466,79.71,1,4
28005,933500,57.53,1,3
28006,933533,76.68,1,4
28007,933566,75.68,1,4
28008,933600,57.37,1,3
28009,933633,72.95,1,3
28010,933666,71.73,1,3
28011,933699,67.95,1,3
28012,933733,62.75,1,3
28013,933766,61.65,1,3
28014,933800,70.18,1,3
28015,933833,52.81,1,3
28016,933866,50.53,1,3
28017,933900,68.48,1,3
28018,933933,44.37,1,2
28019,933966,42.73,1,2
28020,934000,69.79,1,3
28021,934033,44.34,1,2
28022,934066,42.44,1,2
28023,934100,70.02,1,3
28024,934133,47.19,1,2
28025,934166,45.6,1,2
28026,934199,65.03,1,3
28027,934233,54.26,1,3
28028,934266,53.51,1,3
28029,934300,65.02,1,3
28030,934333,64,1,3
28031,934366,62.53,1,3
28032,934400,61.43,1,3
28033,934433,69.49,1,3
28034,934466,68.59,1,3
28035,934500,55.96,1,3
28036,934533,73.37,1,3
28037,934566,72.23,1,3
28038,934600,44.71,1,2
28039,934633,75.57,1,4
28040,934666,75.08,1,4
28041,934699,45.41,1,2
28042,934733,74.76,1,3
28043,934766,73.82,1,3
28044,934800,42.05,1,2
28045,934833,72.35,1,3
28046,934866,71.37,1,3
28047,934900,40.76,1,2
28048,934933,72.86,1,3
28049,934966,71.74,1,3
28050,935000,52.84,1,3
28051,935033,72.59,1,3
28052,935066,71.44,1,3
28053,935100,58.75,1,3
28054,935133,66.79,1,3
28055,935166,65.9,1,3
28056,935199,56.58,1,3
28057,935233,90.17,1,4
28058,935266,89.96,1,4
28059,935300,85.14,1,4
28060,935333,68.52,1,3
28061,935366,66.05,1,3
28062,935400,81.55,1,4
28063,935433,65.61,1,3
28064,935466,62.36,1,3
28065,935500,82.5,1,4
28066,935533,54.36,1,3
28067,935566,46.64,1,2
28068,935600,71.61,1,3
28069,935633,44.32,1,2
28070,935666,41.82,1,2
28071,935699,76.86,1,4
28072,935733,53.02,1,3
28073,935766,51.56,1,3
28074,935800,71,1,3
28075,935833,57.5,1,3
28076,935866,55.23,1,3
28077,935900,70.2,1,3
28078,935933,60.67,1,3
28079,935966,59.26,1,3
28080,936000,46.91,1,2
28081,936033,66.96,1,3
28082,936066,65.97,1,3
28083,936100,50.56,1,3
28084,936133,69.68,1,3
28085,936166,68.83,1,3
28086,936199,39.83,1,2
28087,936233,70.6,1,3
28088,936266,68.87,1,3
28089,936300,42.37,1,2
28090,936333,71.53,1,3
28091,936366,71.17,1,3
28092,936400,39.39,1,2
28093,936433,74.6,1,3
28094,936466,74.09,1,3
28095,936500,51.58,1,3
28096,936533,73.39,1,3
28097,936566,71.59,1,3
28098,936600,50.64,1,3
28099,936633,66.01,1,3
28100,936666,64.88,1,3
28101,936699,58.91,1,3
28102,936733,65.8,1,3
28103,936766,63.63,1,3
28104,936800,64.79,1,3
28105,936833,56.2,1,3
28106,936866,54.68,1,3
28107,936900,69.81,1,3
28108,936933,46.37,1,2
28109,936966,45.12,1,2
28110,937000,68.91,1,3
28111,937033,43.23,1,2
28112,937066,41.45,1,2
28113,937100,69.45,1,3
28114,937133,43.34,1,2
28115,937166,42.26,1,2
28116,937199,66.82,1,3
28117,937233,47.42,1,2
28118,937266,45.37,1,2
28119,937300,65.39,1,3
28120,937333,54.97,1,3
28121,937366,53.87,1,3
28122,937400,56.83,1,3
28123,937433,65.49,1,3
28124,937466,64.51,1,3
28125,937500,60.9,1,3
28126,937533,71.84,1,3
28127,937566,70.2,1,3
28128,937600,51.91,1,3
28129,937633,69.73,1,3
28130,937666,68.99,1,3
28131,937699,48.01,1,2
28132,937733,74.05,1,3
28133,937766,73.42,1,3
28134,937800,42.67,1,2
28135,937833,77.62,1,4
28136,937866,77.12,1,4
28137,937900,46.98,1,2
28138,937933,73.78,1,3
28139,937966,72.98,1,3
28140,938000,44.68,1,2
28141,938033,69.1,1,3
28142,938066,68.24,1,3
28143,938100,51.98,1,3
28144,938133,66.21,1,3
28145,938166,64.8,1,3
28146,938199,55.3,1,3
28147,938233,63.4,1,3
28148,938266,61.88,1,3
28149,938300,63.82,1,3
28150,938333,54.84,1,3
28151,938366,52.5,1,3
28152,938400,65.19,1,3
28153,938433,49.82,1,2
28154,938466,47.47,1,2
28155,938500,70.09,1,3
28156,938533,42.54,1,2
28157,938566,40.64,1,2
28158,938600,71.11,1,3
28159,938633,43.26,1,2
28160,938666,41.92,1,2
28161,938699,71.12,1,3
28162,938733,43.05,1,2
28163,938766,41.72,1,2
28164,938800,66.79,1,3
28165,938833,56.69,1,3
28166,938866,55.14,1,3
28167,938900,70.48,1,3
28168,938933,63.27,1,3
28169,938966,61.22,1,3
28170,939000,63.25,1,3
28171,939033,63.09,1,3
28172,939066,62.2,1,3
28173,939100,67.72,1,3
28174,939133,67.59,1,3
28175,939166,65.77,1,3
28176,939199,47.86,1,2
28177,939233,91.6,1,4
28178,939266,91.17,1,4
28179,939300,67.46,1,3
28180,939333,89.88,1,4
28181,939366,89.25,1,4
28182,939400,58.16,1,3
28183,939433,86.75,1,4
28184,939466,85.41,1,4
28185,939500,49.71,1,2
28186,939533,81.82,1,4
28187,939566,71.64,1,3
28188,939600,42.02,1,2
28189,939633,69.52,1,3
28190,939666,68.47,1,3
28191,939699,49,1,2
28192,939733,66.85,1,3
28193,939766,65.24,1,3
28194,939800,61.18,1,3
28195,939833,64.96,1,3
28196,939866,63.54,1,3
28197,939900,72.72,1,3
28198,939933,58.7,1,3
28199,939966,56.85,1,3
28200,940000,74.24,1,3
28201,940033,56.79,1,3
28202,940066,52.97,1,3
28203,940100,76.99,1,4
28204,940133,47.58,1,2
28205,940166,45.14,1,2
28206,940199,72.01,1,3
28207,940233,47,1,2
28208,940266,45.42,1,2
28209,940300,70.75,1,3
28210,940333,55.76,1,3
28211,940366,54.28,1,3
28212,940400,64.15,1,3
28213,940433,61.63,1,3
28214,940466,60.76,1,3
28215,940500,66.51,1,3
28216,940533,64.48,1,3
28217,940566,62.67,1,3
28218,940600,53.54,1,3
28219,940633,69.27,1,3
28220,940666,67.06,1,3
28221,940699,43.55,1,2
28222,940733,71.42,1,3
28223,940766,70.86,1,3
28224,940800,37.48,1,2
28225,940833,69.85,1,3
28226,940866,69.14,1,3
28227,940900,34.17,1,2
28228,940933,72.35,1,3
28229,940966,72.08,1,3
28230,941000,31.99,1,2
28231,941033,72.31,1,3
28232,941066,69.54,1,3
28233,941100,49.97,1,2
28234,941133,73.49,1,3
28235,941166,71.62,1,3
28236,941199,47.75,1,2
28237,941233,67.32,1,3
28238,941266,66.25,1,3
28239,941300,60.35,1,3
28240,941333,66.13,1,3
28241,941366,64.79,1,3
28242,941400,63.35,1,3
28243,941433,62.89,1,3
28244,941466,61.05,1,3
28245,941500,69.63,1,3
28246,941533,50.36,1,3
28247,941566,47.86,1,2
28248,941600,68.03,1,3
28249,941633,44.19,1,2
28250,941666,44.39,1,2
28251,941699,74.79,1,3
28252,941733,44.53,1,2
28253,941766,42.94,1,2
28254,941800,70.64,1,3
28255,941833,46.79,1,2
28256,941866,44.73,1,2
28257,941900,69,1,3
28258,941933,49.84,1,2
28259,941966,47.55,1,2
28260,942000,58.77,1,3
28261,942033,54.15,1,3
28262,942066,52.06,1,3
28263,942100,64.66,1,3
28264,942133,59.85,1,3
28265,942166,59.27,1,3
28266,942199,47.53,1,2
28267,942233,68.5,1,3
28268,942266,67.5,1,3
28269,942300,50.43,1,3
28270,942333,69.38,1,3
28271,942366,68.8,1,3
28272,942400,33.39,1,2
28273,942433,74.02,1,3
28274,942466,73.28,1,3
28275,942500,35.79,1,2
28276,942533,72.44,1,3
28277,942566,72.07,1,3
28278,942600,38.66,1,2
28279,942633,71.05,1,3
28280,942666,71.57,1,3
28281,942699,42.73,1,2
28282,942733,70.68,1,3
28283,942766,70.29,1,3
28284,942800,47.51,1,2
28285,942833,64.97,1,3
28286,942866,64.13,1,3
28287,942900,62.36,1,3
28288,942933,58.31,1,3
28289,942966,54.92,1,3
28290,943000,63.05,1,3
28291,943033,48.24,1,2
28292,943066,46.62,1,2
28293,943100,66.76,1,3
28294,943133,43.36,1,2
28295,943166,41.66,1,2
28296,943199,67.67,1,3
28297,943233,84.55,1,4
28298,943266,82.71,1,4
28299,943300,87.89,1,4
28300,943333,66.13,1,3
28301,943366,63.81,1,3
28302,943400,80.88,1,4
28303,943433,63.68,1,3
28304,943466,60.63,1,3
28305,943500,76.57,1,4
28306,943533,72.58,1,3
28307,943566,62.64,1,3
28308,943600,63.08,1,3
28309,943633,69.38,1,3
28310,943666,67.96,1,3
28311,943699,55.26,1,3
28312,943733,74.25,1,3
28313,943766,70.97,1,3
28314,943800,42.76,1,2
28315,943833,72.02,1,3
28316,943866,71.28,1,3
28317,943900,42.34,1,2
28318,943933,75.11,1,4
28319,943966,73.5,1,3
28320,944000,33.34,1,2
28321,944033,72.84,1,3
28322,944066,71.89,1,3
28323,944100,46.14,1,2
28324,944133,69.51,1,3
28325,944166,68.66,1,3
28326,944199,42.32,1,2
28327,944233,68.52,1,3
28328,944266,66.7,1,3
28329,944300,58.44,1,3
28330,944333,68.43,1,3
28331,944366,66.82,1,3
28332,944400,60.11,1,3
28333,944433,63.62,1,3
28334,944466,58.93,1,3
28335,944500,62.89,1,3
28336,944533,55.61,1,3
28337,944566,53.99,1,3
28338,944600,68.59,1,3
28339,944633,48.71,1,2
28340,944666,46.46,1,2
28341,944699,69.78,1,3
28342,944733,43.45,1,2
28343,944766,41.37,1,2
28344,944800,68.13,1,3
28345,944833,43.48,1,2
28346,944866,41.61,1,2
28347,944900,69.61,1,3
28348,944933,45.13,1,2
28349,944966,42.54,1,2
28350,945000,61.23,1,3
28351,945033,48.3,1,2
28352,945066,46.66,1,2
28353,945100,67.72,1,3
28354,945133,50.24,1,3
28355,945166,49.47,1,2
28356,945199,51.12,1,3
28357,945233,62.56,1,3
28358,945266,60.65,1,3
28359,945300,55.29,1,3
28360,945333,69.1,1,3
28361,945366,68.12,1,3
28362,945400,40.55,1,2
28363,945433,70.84,1,3
28364,945466,70.17,1,3
28365,945500,42.68,1,2
28366,945533,70.1,1,3
28367,945566,69.54,1,3
28368,945600,33.17,1,2
28369,945633,75.6,1,4
28370,945666,74.78,1,3
28371,945699,49.8,1,2
28372,945733,78.92,1,4
28373,945766,78.76,1,4
28374,945800,51.17,1,3
28375,945833,73.37,1,3
28376,945866,72.34,1,3
28377,945900,61.96,1,3
28378,945933,66.9,1,3
28379,945966,64.09,1,3
28380,946000,56.64,1,3
28381,946033,59.37,1,3
28382,946066,57.77,1,3
28383,946100,65.88,1,3
28384,946133,52.76,1,3
28385,946166,48.26,1,2
28386,946199,65.46,1,3
28387,946233,41.03,1,2
28388,946266,39.22,1,2
28389,946300,67.06,1,3
28390,946333,39.95,1,2
28391,946366,39.04,1,2
28392,946400,64.79,1,3
28393,946433,40.85,1,2
28394,946466,39.42,1,2
28395,946500,62.94,1,3
28396,946533,50.22,1,3
28397,946566,49.11,1,2
28398,946600,64.7,1,3
28399,946633,57.93,1,3
28400,946666,57.07,1,3
28401,946699,67.98,1,3
28402,946733,72.92,1,3
28403,946766,70.3,1,3
28404,946800,61.48,1,3
28405,946833,74.52,1,3
28406,946866,73.6,1,3
28407,946900,44.24,1,2
28408,946933,72.93,1,3
28409,946966,72.4,1,3
28410,947000,39.78,1,2
28411,947033,70.79,1,3
28412,947066,70.18,1,3
28413,947100,42.1,1,2
28414,947133,72.56,1,3
28415,947166,71.9,1,3
28416,947199,44.87,1,2
28417,947233,93.38,1,4
28418,947266,93.15,1,4
28419,947300,69.9,1,3
28420,947333,87.52,1,4
28421,947366,86.44,1,4
28422,947400,68.14,1,3
28423,947433,83.45,1,4
28424,947466,79.81,1,4
28425,947500,75.05,1,4
28426,947533,67.43,1,3
28427,947566,56.44,1,3
28428,947600,65.11,1,3
28429,947633,52.69,1,3
28430,947666,50.72,1,3
28431,947699,68.11,1,3
28432,947733,48.54,1,2
28433,947766,46.15,1,2
28434,947800,69.44,1,3
28435,947833,48.34,1,2
28436,947866,46.13,1,2
28437,947900,76.19,1,4
28438,947933,44.32,1,2
28439,947966,41.65,1,2
28440,948000,68.5,1,3
28441,948033,47.36,1,2
28442,948066,46.59,1,2
28443,948100,70.16,1,3
28444,948133,55,1,3
28445,948166,53.14,1,3
28446,948199,57.85,1,3
28447,948233,66.76,1,3
28448,948266,62.53,1,3
28449,948300,70.86,1,3
28450,948333,67.14,1,3
28451,948366,66.14,1,3
28452,948400,48.6,1,2
28453,948433,67.32,1,3
28454,948466,66.15,1,3
28455,948500,40.22,1,2
28456,948533,68.69,1,3
28457,948566,67.63,1,3
28458,948600,37.77,1,2
28459,948633,67.57,1,3
28460,948666,67.05,1,3
28461,948699,34.74,1,2
28462,948733,68.1,1,3
28463,948766,66.78,1,3
28464,948800,42.86,1,2
28465,948833,68.64,1,3
28466,948866,67.62,1,3
28467,948900,46.81,1,2
28468,948933,69.11,1,3
28469,948966,68.03,1,3
28470,949000,56.86,1,3
28471,949033,64.21,1,3
28472,949066,61.7,1,3
28473,949100,65.63,1,3
28474,949133,55.12,1,3
28475,949166,53.92,1,3
28476,949199,68.81,1,3
28477,949233,48.5,1,2
28478,949266,46.02,1,2
28479,949300,74.51,1,3
28480,949333,53.17,1,3
28481,949366,49.9,1,2
28482,949400,73.33,1,3
28483,949433,43.17,1,2
28484,949466,41.1,1,2
28485,949500,69.4,1,3
28486,949533,49.47,1,2
28487,949566,47.32,1,2
28488,949600,60.91,1,3
28489,949633,54.6,1,3
28490,949666,52.89,1,3
28491,949699,68.44,1,3
28492,949733,60.08,1,3
28493,949766,58.77,1,3
28494,949800,43.5,1,2
28495,949833,63.91,1,3
28496,949866,62.39,1,3
28497,949900,49.85,1,2
28498,949933,66.68,1,3
28499,949966,66.01,1,3
28500,950000,43.89,1,2
28501,950033,70.5,1,3
28502,950066,69.75,1,3
28503,950100,37.69,1,2
28504,950133,70.39,1,3
28505,950166,69.68,1,3
28506,950199,34.06,1,2
28507,950233,69.2,1,3
28508,950266,67.88,1,3
28509,950300,39.03,1,2
28510,950333,65.72,1,3
28511,950366,64.92,1,3
28512,950400,46.43,1,2
28513,950433,69.45,1,3
28514,950466,67.24,1,3
28515,950500,51.33,1,3
28516,950533,63.54,1,3
28517,950566,61.75,1,3
28518,950600,57.62,1,3
28519,950633,54.71,1,3
28520,950666,52.46,1,3
28521,950699,64.17,1,3
28522,950733,51.39,1,3
28523,950766,49.86,1,2
28524,950800,64.16,1,3
28525,950833,43.46,1,2
28526,950866,41.52,1,2
28527,950900,68.2,1,3
28528,950933,42.48,1,2
28529,950966,39.72,1,2
28530,951000,60.92,1,3
28531,951033,39.29,1,2
28532,951066,37.76,1,2
28533,951100,66.61,1,3
28534,951133,45.11,1,2
28535,951166,43.56,1,2
28536,951199,59.1,1,3
28537,951233,87.68,1,4
28538,951266,86.73,1,4
28539,951300,86.07,1,4
28540,951333,79.36,1,4
28541,951366,77.19,1,4
28542,951400,61.41,1,3
28543,951433,80.77,1,4
28544,951466,78.21,1,4
28545,951500,73.77,1,3
28546,951533,86.67,1,4
28547,951566,75.29,1,4
28548,951600,47.46,1,2
28549,951633,74.34,1,3
28550,951666,72.91,1,3
28551,951699,41.06,1,2
28552,951733,73.47,1,3
28553,951766,71.31,1,3
28554,951800,35.98,1,2
28555,951833,70.93,1,3
28556,951866,69.27,1,3
28557,951900,47.12,1,2
28558,951933,68.99,1,3
28559,951966,67.92,1,3
28560,952000,44.38,1,2
28561,952033,63.77,1,3
28562,952066,61.06,1,3
28563,952100,58.09,1,3
28564,952133,56.67,1,3
28565,952166,55.28,1,3
28566,952199,62.13,1,3
28567,952233,49.33,1,2
28568,952266,47.68,1,2
28569,952300,65.1,1,3
28570,952333,39.67,1,2
28571,952366,37.93,1,2
28572,952400,67.95,1,3
28573,952433,43.48,1,2
28574,952466,40.79,1,2
28575,952500,69.1,1,3
28576,952533,47.92,1,2
28577,952566,46.15,1,2
28578,952600,72.07,1,3
28579,952633,55.84,1,3
28580,952666,53.61,1,3
28581,952699,65.6,1,3
28582,952733,55.88,1,3
28583,952766,54.29,1,3
28584,952800,58.51,1,3
28585,952833,62.05,1,3
28586,952866,60.78,1,3
28587,952900,54.81,1,3
28588,952933,65.85,1,3
28589,952966,64.31,1,3
28590,953000,49.12,1,2
28591,953033,67.38,1,3
28592,953066,66.58,1,3
28593,953100,37.27,1,2
28594,953133,67.26,1,3
28595,953166,66.83,1,3
28596,953199,35.25,1,2
28597,953233,67.65,1,3
28598,953266,67.09,1,3
28599,953300,35.95,1,2
28600,953333,68.27,1,3
28601,953366,66.77,1,3
28602,953400,37.8,1,2
28603,953433,66.92,1,3
28604,953466,65.6,1,3
28605,953500,44.54,1,2
28606,953533,65.8,1,3
28607,953566,63.88,1,3
28608,953600,52.45,1,3
28609,953633,66.66,1,3
28610,953666,64.3,1,3
28611,953699,59.65,1,3
28612,953733,58.96,1,3
28613,953766,54.5,1,3
28614,953800,63.64,1,3
28615,953833,49.75,1,2
28616,953866,47.64,1,2
28617,953900,67.58,1,3
28618,953933,49.78,1,2
28619,953966,47.51,1,2
28620,954000,69.79,1,3
28621,954033,49.15,1,2
28622,954066,46.73,1,2
28623,954100,73.52,1,3
28624,954133,46.98,1,2
28625,954166,44.74,1,2
28626,954199,63.55,1,3
28627,954233,44.65,1,2
28628,954266,42.74,1,2
28629,954300,59.14,1,3
28630,954333,47.11,1,2
28631,954366,45.86,1,2
28632,954400,58.01,1,3
28633,954433,53.54,1,3
28634,954466,51.87,1,3
28635,954500,49.51,1,2
28636,954533,62.39,1,3
28637,954566,61.5,1,3
28638,954600,42.75,1,2
28639,954633,67.23,1,3
28640,954666,66.67,1,3
28641,954699,37.5,1,2
28642,954733,68.39,1,3
28643,954766,67.51,1,3
28644,954800,35.95,1,2
28645,954833,66.72,1,3
28646,954866,66.26,1,3
28647,954900,36.47,1,2
28648,954933,67.04,1,3
28649,954966,66.26,1,3
28650,955000,41.85,1,2
28651,955033,75.51,1,4
28652,955066,74.55,1,3
28653,955100,59.65,1,3
28654,955133,74.24,1,3
28655,955166,72.97,1,3
28656,955199,69.09,1,3
28657,955233,96.34,1,4
28658,955266,94.71,1,4
28659,955300,87.95,1,4
28660,955333,69.91,1,3
28661,955366,67.59,1,3
28662,955400,85.97,1,4
28663,955433,66.33,1,3
28664,955466,64.03,1,3
28665,955500,86.1,1,4
28666,955533,58.44,1,3
28667,955566,49.02,1,2
28668,955600,71.22,1,3
28669,955633,45.27,1,2
28670,955666,44.04,1,2
28671,955699,70.47,1,3
28672,955733,44.04,1,2
28673,955766,42.11,1,2
28674,955800,57.68,1,3
28675,955833,50.5,1,3
28676,955866,48.31,1,2
28677,955900,60.95,1,3
28678,955933,60.14,1,3
28679,955966,59.06,1,3
28680,956000,44.66,1,2
28681,956033,61.13,1,3
28682,956066,59.1,1,3
28683,956100,55.59,1,3
28684,956133,72.52,1,3
28685,956166,69.85,1,3
28686,956199,44.2,1,2
28687,956233,74.69,1,3
28688,956266,74.12,1,3
28689,956300,45.97,1,2
28690,956333,72.55,1,3
28691,956366,70.77,1,3
28692,956400,34.03,1,2
28693,956433,71.93,1,3
28694,956466,71.41,1,3
28695,956500,47.96,1,2
28696,956533,77.93,1,4
28697,956566,77.31,1,4
28698,956600,47.42,1,2
28699,956633,76.37,1,4
28700,956666,74.88,1,3
28701,956699,58.85,1,3
28702,956733,67.37,1,3
28703,956766,66.18,1,3
28704,956800,57.82,1,3
28705,956833,57.39,1,3
28706,956866,54.72,1,3
28707,956900,62.61,1,3
28708,956933,53.54,1,3
28709,956966,48.82,1,2
28710,957000,60.22,1,3
28711,957033,45.3,1,2
28712,957066,42.47,1,2
28713,957100,63.84,1,3
28714,957133,36.23,1,2
28715,957166,34.95,1,2
28716,957199,62.09,1,3
28717,957233,38.9,1,2
28718,957266,37.32,1,2
28719,957300,68.17,1,3
28720,957333,42.03,1,2
28721,957366,41.02,1,2
28722,957400,58.54,1,3
28723,957433,49.02,1,2
28724,957466,47.94,1,2
28725,957500,63.05,1,3
28726,957533,58.62,1,3
28727,957566,56.47,1,3
28728,957600,56.44,1,3
28729,957633,69.38,1,3
28730,957666,68.84,1,3
28731,957699,52.88,1,3
28732,957733,77.15,1,4
28733,957766,75.51,1,4
28734,957800,46.82,1,2
28735,957833,74.28,1,3
28736,957866,73.24,1,3
28737,957900,39.92,1,2
28738,957933,70.63,1,3
28739,957966,69.5,1,3
28740,958000,39.6,1,2
28741,958033,71.38,1,3
28742,958066,69.65,1,3
28743,958100,48.61,1,2
28744,958133,71.76,1,3
28745,958166,70.08,1,3
28746,958199,49.54,1,2
28747,958233,64.01,1,3
28748,958266,63.12,1,3
28749,958300,57.02,1,3
28750,958333,65.08,1,3
28751,958366,62.16,1,3
28752,958400,63.23,1,3
28753,958433,60.9,1,3
28754,958466,58.66,1,3
28755,958500,63.53,1,3
28756,958533,42.21,1,2
28757,958566,40.07,1,2
28758,958600,64.71,1,3
28759,958633,41.13,1,2
28760,958666,37.83,1,2
28761,958699,68.21,1,3
28762,958733,44.63,1,2
28763,958766,43.23,1,2
28764,958800,65.33,1,3
28765,958833,47.63,1,2
28766,958866,46.32,1,2
28767,958900,62.33,1,3
28768,958933,49.6,1,2
28769,958966,48.02,1,2
28770,959000,61.16,1,3
28771,959033,61.35,1,3
28772,959066,59.64,1,3
28773,959100,66.9,1,3
28774,959133,68.03,1,3
28775,959166,66.53,1,3
28776,959199,49.38,1,2
28777,959233,93.44,1,4
28778,959266,93.17,1,4
28779,959300,83.48,1,4
28780,959333,88.67,1,4
28781,959366,88.06,1,4
28782,959400,50.61,1,3
28783,959433,86.27,1,4
28784,959466,84.52,1,4
28785,959500,57.29,1,3
28786,959533,82.42,1,4
28787,959566,73.75,1,3
28788,959600,34.43,1,2
28789,959633,68.55,1,3
28790,959666,66.31,1,3
28791,959699,45.82,1,2
28792,959733,65.86,1,3
28793,959766,64.78,1,3
28794,959800,42.6,1,2
28795,959833,62.99,1,3
28796,959866,61.56,1,3
28797,959900,56.82,1,3
28798,959933,63.66,1,3
28799,959966,62.03,1,3
28800,960000,59.72,1,3
28801,960033,55.14,1,3
28802,960066,53.33,1,3
28803,960100,65.71,1,3
28804,960133,46.6,1,2
28805,960166,43.83,1,2
28806,960199,72.51,1,3
28807,960233,48.55,1,2
28808,960266,46.25,1,2
28809,960300,72.85,1,3
28810,960333,48.06,1,2
28811,960366,45.7,1,2
28812,960400,66.56,1,3
28813,960433,44.53,1,2
28814,960466,42.1,1,2
28815,960500,64.86,1,3
28816,960533,49.64,1,2
28817,960566,47.44,1,2
28818,960600,55.63,1,3
28819,960633,59.41,1,3
28820,960666,56.39,1,3
28821,960699,61.44,1,3
28822,960733,64.65,1,3
28823,960766,62.78,1,3
28824,960800,39.13,1,2
28825,960833,63.73,1,3
28826,960866,62.87,1,3
28827,960900,35.79,1,2
28828,960933,63.66,1,3
28829,960966,62.95,1,3
28830,961000,27.74,1,2
28831,961033,65.45,1,3
28832,961066,64.84,1,3
28833,961100,32.77,1,2
28834,961133,64.4,1,3
28835,961166,61.75,1,3
28836,961199,27.7,1,2
28837,961233,63.02,1,3
28838,961266,60.61,1,3
28839,961300,44.08,1,2
28840,961333,59.29,1,3
28841,961366,57.42,1,3
28842,961400,46.09,1,2
28843,961433,53.14,1,3
28844,961466,51.19,1,3
28845,961500,58.16,1,3
28846,961533,40.01,1,2
28847,961566,38.32,1,2
28848,961600,56.4,1,3
28849,961633,41.27,1,2
28850,961666,39.56,1,2
28851,961699,67.64,1,3
28852,961733,36.43,1,2
28853,961766,34.52,1,2
28854,961800,60.82,1,3
28855,961833,31.85,1,2
28856,961866,29.34,1,2
28857,961900,64.33,1,3
28858,961933,32.77,1,2
28859,961966,31.12,1,2
28860,962000,52.7,1,3
28861,962033,42.4,1,2
28862,962066,40.66,1,2
28863,962100,58.82,1,3
28864,962133,49.02,1,2
28865,962166,47.67,1,2
28866,962199,39.62,1,2
28867,962233,50.84,1,3
28868,962266,49.5,1,2
28869,962300,48.29,1,2
28870,962333,56.47,1,3
28871,962366,55.27,1,3
28872,962400,29.11,1,2
28873,962433,62.48,1,3
28874,962466,61.87,1,3
28875,962500,29.91,1,2
28876,962533,65.33,1,3
28877,962566,63.62,1,3
28878,962600,22.72,1,1
28879,962633,62.62,1,3
28880,962666,60.87,1,3
28881,962699,29.34,1,2
28882,962733,66.21,1,3
28883,962766,65.3,1,3
28884,962800,33.95,1,2
28885,962833,69.08,1,3
28886,962866,67.51,1,3
28887,962900,47.24,1,2
28888,962933,67.86,1,3
28889,962966,64.94,1,3
28890,963000,46.19,1,2
28891,963033,57.11,1,3
28892,963066,54.69,1,3
28893,963100,60.26,1,3
28894,963133,52.58,1,3
28895,963166,50.69,1,3
28896,963199,59.74,1,3
28897,963233,93.76,1,4
28898,963266,92.84,1,4
28899,963300,90.65,1,4
28900,963333,66.17,1,3
28901,963366,63.77,1,3
28902,963400,86.78,1,4
28903,963433,62.39,1,3
28904,963466,59.46,1,3
28905,963500,82.57,1,4
28906,963533,55.77,1,3
28907,963566,41.48,1,2
28908,963600,67.56,1,3
28909,963633,49.75,1,2
28910,963666,47.06,1,2
28911,963699,65.67,1,3
28912,963733,58.8,1,3
28913,963766,57.61,1,3
28914,963800,57.51,1,3
28915,963833,65.71,1,3
28916,963866,64.64,1,3
28917,963900,53.82,1,3
28918,963933,70.3,1,3
28919,963966,69.02,1,3
28920,964000,46.92,1,2
28921,964033,71.36,1,3
28922,964066,70.06,1,3
28923,964100,39.27,1,2
28924,964133,71.1,1,3
28925,964166,69.92,1,3
28926,964199,34.53,1,2
28927,964233,70.62,1,3
28928,964266,69.48,1,3
28929,964300,44.47,1,2
28930,964333,71.17,1,3
28931,964366,69.92,1,3
28932,964400,46.26,1,2
28933,964433,67.44,1,3
28934,964466,66.71,1,3
28935,964500,51.29,1,3
28936,964533,64.81,1,3
28937,964566,63.73,1,3
28938,964600,58.24,1,3
28939,964633,56.18,1,3
28940,964666,54,1,3
28941,964699,64.55,1,3
28942,964733,48.55,1,2
28943,964766,46.03,1,2
28944,964800,63.24,1,3
28945,964833,42.7,1,2
28946,964866,40.76,1,2
28947,964900,66.29,1,3
28948,964933,38.45,1,2
28949,964966,36.1,1,2
28950,965000,60.71,1,3
28951,965033,44.82,1,2
28952,965066,43.5,1,2
28953,965100,65.21,1,3
28954,965133,47.31,1,2
28955,965166,45.41,1,2
28956,965199,57.18,1,3
28957,965233,48.85,1,2
28958,965266,47.28,1,2
28959,965300,64.4,1,3
28960,965333,61.31,1,3
28961,965366,59.63,1,3
28962,965400,50.75,1,3
28963,965433,62.85,1,3
28964,965466,62.1,1,3
28965,965500,53.63,1,3
28966,965533,66.88,1,3
28967,965566,65.36,1,3
28968,965600,35.14,1,2
28969,965633,67.73,1,3
28970,965666,66.97,1,3
28971,965699,40.25,1,2
28972,965733,67.09,1,3
28973,965766,66.09,1,3
28974,965800,31.24,1,2
28975,965833,65.39,1,3
28976,965866,65.12,1,3
28977,965900,38.93,1,2
28978,965933,63.24,1,3
28979,965966,62.32,1,3
28980,966000,34.22,1,2
28981,966033,64.82,1,3
28982,966066,64.62,1,3
28983,966100,55,1,3
28984,966133,64.96,1,3
28985,966166,63.42,1,3
28986,966199,53.51,1,3
28987,966233,58.5,1,3
28988,966266,56.96,1,3
28989,966300,63.36,1,3
28990,966333,49.08,1,2
28991,966366,46.61,1,2
28992,966400,60.16,1,3
28993,966433,45.9,1,2
28994,966466,44.67,1,2
28995,966500,68.59,1,3
28996,966533,40.81,1,2
28997,966566,39.7,1,2
28998,966600,68.7,1,3
28999,966633,47.96,1,2
29000,966666,49.34,1,2
29001,966699,69.51,1,3
29002,966733,43.66,1,2
29003,966766,42.21,1,2
29004,966800,62.74,1,3
29005,966833,50.86,1,3
29006,966866,48.62,1,2
29007,966900,54.45,1,3
29008,966933,58.24,1,3
29009,966966,56.12,1,3
29010,967000,48.34,1,2
29011,967033,59.24,1,3
29012,967066,60.33,1,3
29013,967100,42.72,1,2
29014,967133,63.77,1,3
29015,967166,63.04,1,3
29016,967199,32.25,1,2
29017,967233,94.38,1,4
29018,967266,93.62,1,4
29019,967300,61.79,1,3
29020,967333,91.07,1,4
29021,967366,90.77,1,4
29022,967400,52.62,1,3
29023,967433,86.57,1,4
29024,967466,84.88,1,4
29025,967500,68.24,1,3
29026,967533,88.11,1,4
29027,967566,74.05,1,3
29028,967600,55.08,1,3
29029,967633,75.33,1,4
29030,967666,74.23,1,3
29031,967699,67.7,1,3
29032,967733,67.91,1,3
29033,967766,64.94,1,3
29034,967800,61.33,1,3
29035,967833,53.02,1,3
29036,967866,50.55,1,3
29037,967900,68.77,1,3
29038,967933,53.74,1,3
29039,967966,50.81,1,3
29040,968000,66.12,1,3
29041,968033,50.27,1,3
29042,968066,47.83,1,2
29043,968100,77.76,1,4
29044,968133,47.57,1,2
29045,968166,45.11,1,2
29046,968199,61.31,1,3
29047,968233,42.04,1,2
29048,968266,39.88,1,2
29049,968300,66.42,1,3
29050,968333,46.21,1,2
29051,968366,44.32,1,2
29052,968400,55.16,1,3
29053,968433,50.51,1,3
29054,968466,48.1,1,2
29055,968500,60.12,1,3
29056,968533,58.9,1,3
29057,968566,56.44,1,3
29058,968600,46.07,1,2
29059,968633,63.59,1,3
29060,968666,62.49,1,3
29061,968699,49.26,1,2
29062,968733,72.12,1,3
29063,968766,71.35,1,3
29064,968800,40.96,1,2
29065,968833,70.3,1,3
29066,968866,69.63,1,3
29067,968900,43.42,1,2
29068,968933,67.84,1,3
29069,968966,67.35,1,3
29070,969000,33.92,1,2
29071,969033,74.71,1,3
29072,969066,74.18,1,3
29073,969100,50.04,1,3
29074,969133,76.63,1,4
29075,969166,74.83,1,3
29076,969199,52.68,1,3
29077,969233,71.83,1,3
29078,969266,69.74,1,3
29079,969300,57.69,1,3
29080,969333,60.84,1,3
29081,969366,57.98,1,3
29082,969400,55.66,1,3
29083,969433,51.4,1,3
29084,969466,48.53,1,2
29085,969500,62.73,1,3
29086,969533,44.22,1,2
29087,969566,41.87,1,2
29088,969600,63.26,1,3
29089,969633,37.27,1,2
29090,969666,35.29,1,2
29091,969699,65.86,1,3
29092,969733,36.63,1,2
29093,969766,35.01,1,2
29094,969800,57.09,1,3
29095,969833,40.97,1,2
29096,969866,39.4,1,2
29097,969900,63.33,1,3
29098,969933,46.62,1,2
29099,969966,45.98,1,2
29100,970000,55.71,1,3
29101,970033,55.53,1,3
29102,970066,54.45,1,3
29103,970100,59.55,1,3
29104,970133,63.31,1,3
29105,970166,62.17,1,3
29106,970199,45.43,1,2
29107,970233,74.25,1,3
29108,970266,73.29,1,3
29109,970300,54.06,1,3
29110,970333,72.06,1,3
29111,970366,71.55,1,3
29112,970400,36.06,1,2
29113,970433,71.46,1,3
29114,970466,70.26,1,3
29115,970500,41.33,1,2
29116,970533,70.72,1,3
29117,970566,69.05,1,3
29118,970600,41.7,1,2
29119,970633,75.15,1,4
29120,970666,73.92,1,3
29121,970699,60.26,1,3
29122,970733,69.69,1,3
29123,970766,68.59,1,3
29124,970800,51.09,1,3
29125,970833,58.73,1,3
29126,970866,56.33,1,3
29127,970900,58.53,1,3
29128,970933,56.2,1,3
29129,970966,55.44,1,3
29130,971000,59.92,1,3
29131,971033,46.01,1,2
29132,971066,43.82,1,2
29133,971100,62.11,1,3
29134,971133,38.75,1,2
29135,971166,36.07,1,2
29136,971199,57.64,1,3
29137,971233,83.64,1,4
29138,971266,81.67,1,4
29139,971300,88.83,1,4
29140,971333,62.74,1,3
29141,971366,60.01,1,3
29142,971400,81.11,1,4
29143,971433,63.99,1,3
29144,971466,61.16,1,3
29145,971500,82.44,1,4
29146,971533,62.98,1,3
29147,971566,51.99,1,3
29148,971600,57.76,1,3
29149,971633,61.54,1,3
29150,971666,59.21,1,3
29151,971699,68.2,1,3
29152,971733,71.65,1,3
29153,971766,70.13,1,3
29154,971800,60.98,1,3
29155,971833,75.97,1,4
29156,971866,74.15,1,3
29157,971900,60.53,1,3
29158,971933,71.57,1,3
29159,971966,70.2,1,3
29160,972000,36.77,1,2
29161,972033,70.41,1,3
29162,972066,68.99,1,3
29163,972100,39.23,1,2
29164,972133,69.43,1,3
29165,972166,69.13,1,3
29166,972199,34.36,1,2
29167,972233,69.73,1,3
29168,972266,68.71,1,3
29169,972300,43.15,1,2
29170,972333,63.44,1,3
29171,972366,61.64,1,3
29172,972400,41.94,1,2
29173,972433,59.82,1,3
29174,972466,58.36,1,3
29175,972500,56.33,1,3
29176,972533,54.67,1,3
29177,972566,53.03,1,3
29178,972600,55.72,1,3
29179,972633,47.06,1,2
29180,972666,43.62,1,2
29181,972699,63.59,1,3
29182,972733,40.89,1,2
29183,972766,39.49,1,2
29184,972800,61.25,1,3
29185,972833,45.56,1,2
29186,972866,42.74,1,2
29187,972900,69.65,1,3
29188,972933,44.94,1,2
29189,972966,43.27,1,2
29190,973000,65.61,1,3
29191,973033,50.13,1,3
29192,973066,49.1,1,2
29193,973100,67.34,1,3
29194,973133,55.52,1,3
29195,973166,53.5,1,3
29196,973199,53.73,1,3
29197,973233,69.55,1,3
29198,973266,68.6,1,3
29199,973300,61.88,1,3
29200,973333,73.39,1,3
29201,973366,72.34,1,3
29202,973400,43.75,1,2
29203,973433,74.29,1,3
29204,973466,73.2,1,3
29205,973500,41.35,1,2
29206,973533,66.05,1,3
29207,973566,65.36,1,3
29208,973600,31.49,1,2
29209,973633,66.96,1,3
29210,973666,65.91,1,3
29211,973699,42.25,1,2
29212,973733,65.39,1,3
29213,973766,63.19,1,3
29214,973800,36.51,1,2
29215,973833,61.23,1,3
29216,973866,59.86,1,3
29217,973900,47.39,1,2
29218,973933,60.13,1,3
29219,973966,58.54,1,3
29220,974000,49.22,1,2
29221,974033,59.97,1,3
29222,974066,56.52,1,3
29223,974100,61.74,1,3
29224,974133,53.71,1,3
29225,974166,51.1,1,3
29226,974199,59.42,1,3
29227,974233,43.12,1,2
29228,974266,40.91,1,2
29229,974300,63.2,1,3
29230,974333,41.69,1,2
29231,974366,39.85,1,2
29232,974400,65.23,1,3
29233,974433,40.36,1,2
29234,974466,38.35,1,2
29235,974500,70.69,1,3
29236,974533,41.77,1,2
29237,974566,40.29,1,2
29238,974600,59.53,1,3
29239,974633,44.02,1,2
29240,974666,42.46,1,2
29241,974699,64.83,1,3
29242,974733,55.61,1,3
29243,974766,53.65,1,3
29244,974800,53.07,1,3
29245,974833,55.99,1,3
29246,974866,54.05,1,3
29247,974900,61.32,1,3
29248,974933,63.9,1,3
29249,974966,61.76,1,3
29250,975000,49.17,1,2
29251,975033,66.42,1,3
29252,975066,64.99,1,3
29253,975100,38.69,1,2
29254,975133,67,1,3
29255,975166,66.13,1,3
29256,975199,38.05,1,2
29257,975233,94.64,1,4
29258,975266,94.46,1,4
29259,975300,61.85,1,3
29260,975333,86.66,1,4
29261,975366,85.4,1,4
29262,975400,57.81,1,3
29263,975433,85.04,1,4
29264,975466,82.42,1,4
29265,975500,61.89,1,3
29266,975533,79.76,1,4
29267,975566,68.39,1,3
29268,975600,58.36,1,3
29269,975633,65.29,1,3
29270,975666,62.42,1,3
29271,975699,60.91,1,3
29272,975733,52.93,1,3
29273,975766,49.14,1,2
29274,975800,64.18,1,3
29275,975833,45.3,1,2
29276,975866,42.96,1,2
29277,975900,63.76,1,3
29278,975933,41.88,1,2
29279,975966,39.61,1,2
29280,976000,67.46,1,3
29281,976033,42.87,1,2
29282,976066,41.41,1,2
29283,976100,66.26,1,3
29284,976133,43.44,1,2
29285,976166,41.93,1,2
29286,976199,60.92,1,3
29287,976233,49.29,1,2
29288,976266,47.53,1,2
29289,976300,54.72,1,3
29290,976333,58.28,1,3
29291,976366,56.69,1,3
29292,976400,49.1,1,2
29293,976433,64.33,1,3
29294,976466,62.81,1,3
29295,976500,49.99,1,2
29296,976533,62.89,1,3
29297,976566,62.24,1,3
29298,976600,35.63,1,2
29299,976633,66.38,1,3
29300,976666,65.75,1,3
29301,976699,36.57,1,2
29302,976733,66.67,1,3
29303,976766,65.91,1,3
29304,976800,36.34,1,2
29305,976833,66.7,1,3
29306,976866,65.34,1,3
29307,976900,40.67,1,2
29308,976933,65.04,1,3
29309,976966,64.1,1,3
29310,977000,43.62,1,2
29311,977033,63.65,1,3
29312,977066,62.52,1,3
29313,977100,53.33,1,3
29314,977133,63.47,1,3
29315,977166,61.94,1,3
29316,977199,58.46,1,3
29317,977233,50.08,1,3
29318,977266,47.18,1,2
29319,977300,60.19,1,3
29320,977333,44.9,1,2
29321,977366,43.36,1,2
29322,977400,61.52,1,3
29323,977433,36.79,1,2
29324,977466,34.69,1,2
29325,977500,61.56,1,3
29326,977533,35.74,1,2
29327,977566,34.25,1,2
29328,977600,61.25,1,3
29329,977633,35.34,1,2
29330,977666,33.79,1,2
29331,977699,62.4,1,3
29332,977733,39.61,1,2
29333,977766,38.34,1,2
29334,977800,61.22,1,3
29335,977833,45.75,1,2
29336,977866,43.86,1,2
29337,977900,57.4,1,3
29338,977933,57.04,1,3
29339,977966,55.63,1,3
29340,978000,47.46,1,2
29341,978033,59.28,1,3
29342,978066,57.98,1,3
29343,978100,38.11,1,2
29344,978133,58.12,1,3
29345,978166,57.29,1,3
29346,978199,31.35,1,2
29347,978233,62.88,1,3
29348,978266,62.05,1,3
29349,978300,28.15,1,2
29350,978333,64.73,1,3
29351,978366,63.49,1,3
29352,978400,27.67,1,2
29353,978433,62.63,1,3
29354,978466,60.51,1,3
29355,978500,27.17,1,2
29356,978533,57.81,1,3
29357,978566,56.83,1,3
29358,978600,32.79,1,2
29359,978633,50.65,1,3
29360,978666,48.6,1,2
29361,978699,40.96,1,2
29362,978733,47.52,1,2
29363,978766,44.81,1,2
29364,978800,48.94,1,2
29365,978833,41.54,1,2
29366,978866,39.17,1,2
29367,978900,54.85,1,3
29368,978933,30.45,1,2
29369,978966,28.62,1,2
29370,979000,58.84,1,3
29371,979033,27.17,1,2
29372,979066,26,1,2
29373,979100,57.5,1,3
29374,979133,29.37,1,2
29375,979166,27.87,1,2
29376,979199,55.42,1,3
29377,979233,84.9,1,4
29378,979266,83.33,1,4
29379,979300,91.26,1,4
29380,979333,71.3,1,3
29381,979366,69.73,1,3
29382,979400,86.72,1,4
29383,979433,83.57,1,4
29384,979466,80.34,1,4
29385,979500,76.42,1,4
29386,979533,84.89,1,4
29387,979566,68.91,1,3
29388,979600,49.19,1,2
29389,979633,70.09,1,3
29390,979666,67.47,1,3
29391,979699,39.06,1,2
29392,979733,69.88,1,3
29393,979766,66.75,1,3
29394,979800,38.74,1,2
29395,979833,70.5,1,3
29396,979866,68.01,1,3
29397,979900,40.45,1,2
29398,979933,68.2,1,3
29399,979966,67,1,3
29400,980000,38.69,1,2
29401,980033,65.24,1,3
29402,980066,64.01,1,3
29403,980100,37.9,1,2
29404,980133,61.71,1,3
29405,980166,60.52,1,3
29406,980199,46.01,1,2
29407,980233,60.28,1,3
29408,980266,58.86,1,3
29409,980300,52.72,1,3
29410,980333,61.47,1,3
29411,980366,56.61,1,3
29412,980400,59.49,1,3
29413,980433,56.65,1,3
29414,980466,55.72,1,3
29415,980500,68.99,1,3
29416,980533,56.69,1,3
29417,980566,53.95,1,3
29418,980600,68.89,1,3
29419,980633,47.59,1,2
29420,980666,45.39,1,2
29421,980699,69.26,1,3
29422,980733,42.25,1,2
29423,980766,40.48,1,2
29424,980800,64.06,1,3
29425,980833,46.8,1,2
29426,980866,44.52,1,2
29427,980900,64.83,1,3
29428,980933,56.59,1,3
29429,980966,54.74,1,3
29430,981000,71.35,1,3
29431,981033,61.94,1,3
29432,981066,59.06,1,3
29433,981100,62.28,1,3
29434,981133,62.26,1,3
29435,981166,60.76,1,3
29436,981199,53.09,1,3
29437,981233,62.76,1,3
29438,981266,62.14,1,3
29439,981300,47.13,1,2
29440,981333,65.16,1,3
29441,981366,64.22,1,3
29442,981400,41.13,1,2
29443,981433,63.46,1,3
29444,981466,62.7,1,3
29445,981500,37.34,1,2
29446,981533,66.68,1,3
29447,981566,66.35,1,3
29448,981600,38.27,1,2
29449,981633,63.25,1,3
29450,981666,62.34,1,3
29451,981699,41.28,1,2
29452,981733,63.37,1,3
29453,981766,62.73,1,3
29454,981800,51.91,1,3
29455,981833,63.41,1,3
29456,981866,62.14,1,3
29457,981900,58.11,1,3
29458,981933,59.8,1,3
29459,981966,55.84,1,3
29460,982000,64.15,1,3
29461,982033,65.59,1,3
29462,982066,63.74,1,3
29463,982100,69.94,1,3
29464,982133,52.85,1,3
29465,982166,50.82,1,3
29466,982199,68.85,1,3
29467,982233,48.96,1,2
29468,982266,46.94,1,2
29469,982300,66.63,1,3
29470,982333,45.65,1,2
29471,982366,43.37,1,2
29472,982400,63.62,1,3
29473,982433,51.63,1,3
29474,982466,49.16,1,2
29475,982500,65.18,1,3
29476,982533,59.67,1,3
29477,982566,58.27,1,3
29478,982600,67.73,1,3
29479,982633,60.11,1,3
29480,982666,58.22,1,3
29481,982699,50.1,1,3
29482,982733,60.16,1,3
29483,982766,58.85,1,3
29484,982800,41.84,1,2
29485,982833,65.12,1,3
29486,982866,63.06,1,3
29487,982900,38.78,1,2
29488,982933,63.15,1,3
29489,982966,62.77,1,3
29490,983000,36.37,1,2
29491,983033,61.94,1,3
29492,983066,61.03,1,3
29493,983100,36.45,1,2
29494,983133,65.81,1,3
29495,983166,65.2,1,3
29496,983199,39.36,1,2
29497,983233,97.13,1,4
29498,983266,97.06,1,4
29499,983300,76.72,1,4
29500,983333,91.68,1,4
29501,983366,90.11,1,4
29502,983400,72.35,1,3
29503,983433,89.06,1,4
29504,983466,85.12,1,4
29505,983500,79.58,1,4
29506,983533,85.51,1,4
29507,983566,77.62,1,4
29508,983600,75.55,1,4
29509,983633,71.81,1,3
29510,983666,65.74,1,3
29511,983699,76.3,1,4
29512,983733,51.99,1,3
29513,983766,49.38,1,2
29514,983800,66.73,1,3
29515,983833,43.36,1,2
29516,983866,40.08,1,2
29517,983900,64.71,1,3
29518,983933,41.2,1,2
29519,983966,38.82,1,2
29520,984000,63.79,1,3
29521,984033,44.07,1,2
29522,984066,41.34,1,2
29523,984100,59.01,1,3
29524,984133,46.37,1,2
29525,984166,44.56,1,2
29526,984199,53.83,1,3
29527,984233,51.03,1,3
29528,984266,49.71,1,2
29529,984300,49.25,1,2
29530,984333,56.58,1,3
29531,984366,55.41,1,3
29532,984400,44.78,1,2
29533,984433,61.27,1,3
29534,984466,60.45,1,3
29535,984500,37.52,1,2
29536,984533,63.03,1,3
29537,984566,62.57,1,3
29538,984600,31.59,1,2
29539,984633,61.62,1,3
29540,984666,60.21,1,3
29541,984699,33.01,1,2
29542,984733,68.17,1,3
29543,984766,67.48,1,3
29544,984800,38.42,1,2
29545,984833,68.27,1,3
29546,984866,67.29,1,3
29547,984900,47.81,1,2
29548,984933,69.41,1,3
29549,984966,67.53,1,3
29550,985000,52.6,1,3
29551,985033,60,1,3
29552,985066,58.79,1,3
29553,985100,58.98,1,3
29554,985133,58.94,1,3
29555,985166,57.66,1,3
29556,985199,67.32,1,3
29557,985233,47.37,1,2
29558,985266,44.74,1,2
29559,985300,62.66,1,3
29560,985333,41.26,1,2
29561,985366,39.2,1,2
29562,985400,59.6,1,3
29563,985433,37.1,1,2
29564,985466,35.11,1,2
29565,985500,58.8,1,3
29566,985533,40.36,1,2
29567,985566,38.42,1,2
29568,985600,61.43,1,3
29569,985633,46.15,1,2
29570,985666,44.73,1,2
29571,985699,56.55,1,3
29572,985733,49.38,1,2
29573,985766,48.16,1,2
29574,985800,56.2,1,3
29575,985833,56.32,1,3
29576,985866,54.84,1,3
29577,985900,46.44,1,2
29578,985933,61.31,1,3
29579,985966,60.23,1,3
29580,986000,41.96,1,2
29581,986033,65.47,1,3
29582,986066,64.77,1,3
29583,986100,36.14,1,2
29584,986133,64.54,1,3
29585,986166,63.87,1,3
29586,986199,35.04,1,2
29587,986233,66.16,1,3
29588,986266,65.24,1,3
29589,986300,34.77,1,2
29590,986333,65.88,1,3
29591,986366,65.4,1,3
29592,986400,35.9,1,2
29593,986433,67.21,1,3
29594,986466,64.14,1,3
29595,986500,41.84,1,2
29596,986533,60.79,1,3
29597,986566,60.17,1,3
29598,986600,46.4,1,2
29599,986633,59.18,1,3
29600,986666,57.14,1,3
29601,986699,53.56,1,3
29602,986733,53.32,1,3
29603,986766,51.66,1,3
29604,986800,57.66,1,3
29605,986833,46.56,1,2
29606,986866,44.34,1,2
29607,986900,59.6,1,3
29608,986933,40.68,1,2
29609,986966,38.57,1,2
29610,987000,61.87,1,3
29611,987033,40.02,1,2
29612,987066,38.72,1,2
29613,987100,62.38,1,3
29614,987133,41.18,1,2
29615,987166,39.38,1,2
29616,987199,61.04,1,3
29617,987233,92.61,1,4
29618,987266,91.94,1,4
29619,987300,90.18,1,4
29620,987333,80.47,1,4
29621,987366,78.11,1,4
29622,987400,73.42,1,3
29623,987433,81.84,1,4
29624,987466,78.89,1,4
29625,987500,81.55,1,4
29626,987533,80.88,1,4
29627,987566,67.12,1,3
29628,987600,45.42,1,2
29629,987633,64.25,1,3
29630,987666,62.1,1,3
29631,987699,42.78,1,2
29632,987733,64.85,1,3
29633,987766,63.23,1,3
29634,987800,27.91,1,2
29635,987833,65.67,1,3
29636,987866,64.7,1,3
29637,987900,38.83,1,2
29638,987933,65.71,1,3
29639,987966,64.62,1,3
29640,988000,34.08,1,2
29641,988033,63.49,1,3
29642,988066,61.72,1,3
29643,988100,50.59,1,3
29644,988133,58.69,1,3
29645,988166,57.64,1,3
29646,988199,50.26,1,3
29647,988233,58.65,1,3
29648,988266,57.23,1,3
29649,988300,62.24,1,3
29650,988333,49.67,1,2
29651,988366,47.8,1,2
29652,988400,59.54,1,3
29653,988433,40.61,1,2
29654,988466,38.69,1,2
29655,988500,64.76,1,3
29656,988533,42.26,1,2
29657,988566,40.95,1,2
29658,988600,68.21,1,3
29659,988633,50.73,1,3
29660,988666,49.17,1,2
29661,988699,71.83,1,3
29662,988733,46.68,1,2
29663,988766,45.11,1,2
29664,988800,59.94,1,3
29665,988833,51.67,1,3
29666,988866,49.9,1,2
29667,988900,61.31,1,3
29668,988933,53.54,1,3
29669,988966,51.3,1,3
29670,989000,49.92,1,2
29671,989033,53.92,1,3
29672,989066,52.64,1,3
29673,989100,47.93,1,2
29674,989133,59.91,1,3
29675,989166,58.83,1,3
29676,989199,35.41,1,2
29677,989233,63.61,1,3
29678,989266,62.75,1,3
29679,989300,36.88,1,2
29680,989333,62.76,1,3
29681,989366,61.79,1,3
29682,989400,27.83,1,2
29683,989433,61.98,1,3
29684,989466,61.48,1,3
29685,989500,36.87,1,2
29686,989533,63.21,1,3
29687,989566,62.77,1,3
29688,989600,33.71,1,2
29689,989633,63.31,1,3
29690,989666,60.71,1,3
29691,989699,47.9,1,2
29692,989733,66.09,1,3
29693,989766,65.25,1,3
29694,989800,51.29,1,3
29695,989833,77.26,1,4
29696,989866,76.96,1,4
29697,989900,67.73,1,3
29698,989933,55.63,1,3
29699,989966,51.43,1,3
29700,990000,58.6,1,3
29701,990033,43.19,1,2
29702,990066,41.22,1,2
29703,990100,63.1,1,3
29704,990133,37.34,1,2
29705,990166,35.62,1,2
29706,990199,63.34,1,3
29707,990233,41.44,1,2
29708,990266,37.72,1,2
29709,990300,67.04,1,3
29710,990333,40.09,1,2
29711,990366,38.5,1,2
29712,990400,52.84,1,3
29713,990433,44.63,1,2
29714,990466,41.33,1,2
29715,990500,58,1,3
29716,990533,52.16,1,3
29717,990566,49.4,1,2
29718,990600,43.78,1,2
29719,990633,56.46,1,3
29720,990666,55.03,1,3
29721,990699,45.31,1,2
29722,990733,59.89,1,3
29723,990766,59.72,1,3
29724,990800,30.85,1,2
29725,990833,63.12,1,3
29726,990866,62.2,1,3
29727,990900,37.6,1,2
29728,990933,66.6,1,3
29729,990966,65.83,1,3
29730,991000,35.27,1,2
29731,991033,65.27,1,3
29732,991066,64.63,1,3
29733,991100,43.21,1,2
29734,991133,65.97,1,3
29735,991166,65.15,1,3
29736,991199,41.96,1,2
29737,991233,96.55,1,4
29738,991266,94.86,1,4
29739,991300,82.77,1,4
29740,991333,92.14,1,4
29741,991366,90.06,1,4
29742,991400,83.25,1,4
29743,991433,86.15,1,4
29744,991466,82.25,1,4
29745,991500,89.85,1,4
29746,991533,68.22,1,3
29747,991566,56.18,1,3
29748,991600,67.87,1,3
29749,991633,46.06,1,2
29750,991666,51.22,1,3
29751,991699,75.03,1,4
29752,991733,50.71,1,3
29753,991766,47.94,1,2
29754,991800,73.99,1,3
29755,991833,47.73,1,2
29756,991866,44.28,1,2
29757,991900,65.62,1,3
29758,991933,45.89,1,2
29759,991966,43.27,1,2
29760,992000,57.69,1,3
29761,992033,49.14,1,2
29762,992066,47.16,1,2
29763,992100,54.84,1,3
29764,992133,52.27,1,3
29765,992166,49.67,1,2
29766,992199,49.87,1,2
29767,992233,59.05,1,3
29768,992266,58.17,1,3
29769,992300,45.14,1,2
29770,992333,68.76,1,3
29771,992366,68.36,1,3
29772,992400,39.62,1,2
29773,992433,72,1,3
29774,992466,71.21,1,3
29775,992500,45.84,1,2
29776,992533,70.25,1,3
29777,992566,68.22,1,3
29778,992600,41.07,1,2
29779,992633,73.67,1,3
29780,992666,72.55,1,3
29781,992699,37.34,1,2
29782,992733,70.19,1,3
29783,992766,68.27,1,3
29784,992800,40.78,1,2
29785,992833,63.65,1,3
29786,992866,61.17,1,3
29787,992900,47.38,1,2
29788,992933,61.08,1,3
29789,992966,59.85,1,3
29790,993000,55.39,1,3
29791,993033,57.3,1,3
29792,993066,53.79,1,3
29793,993100,59.2,1,3
29794,993133,42.69,1,2
29795,993166,41.04,1,2
29796,993199,55.79,1,3
29797,993233,35.47,1,2
29798,993266,33.84,1,2
29799,993300,59.54,1,3
29800,993333,35.86,1,2
29801,993366,33.72,1,2
29802,993400,60.94,1,3
29803,993433,35.71,1,2
29804,993466,34.2,1,2
29805,993500,57.33,1,3
29806,993533,41.86,1,2
29807,993566,40.38,1,2
29808,993600,56.33,1,3
29809,993633,46.94,1,2
29810,993666,45.16,1,2
29811,993699,55.62,1,3
29812,993733,56.4,1,3
29813,993766,54.61,1,3
29814,993800,48.95,1,2
29815,993833,58.55,1,3
29816,993866,57,1,3
29817,993900,43.73,1,2
29818,993933,63.67,1,3
29819,993966,63.5,1,3
29820,994000,35.77,1,2
29821,994033,71.67,1,3
29822,994066,71.19,1,3
29823,994100,43.29,1,2
29824,994133,67.61,1,3
29825,994166,66.8,1,3
29826,994199,36.08,1,2
29827,994233,63.82,1,3
29828,994266,63.39,1,3
29829,994300,42.94,1,2
29830,994333,62.35,1,3
29831,994366,60.97,1,3
29832,994400,46.18,1,2
29833,994433,60.19,1,3
29834,994466,58.97,1,3
29835,994500,50.24,1,3
29836,994533,54.72,1,3
29837,994566,51.96,1,3
29838,994600,57.18,1,3
29839,994633,48.59,1,2
29840,994666,46.8,1,2
29841,994699,57.36,1,3
29842,994733,38.79,1,2
29843,994766,37.14,1,2
29844,994800,59.03,1,3
29845,994833,36.04,1,2
29846,994866,34.57,1,2
29847,994900,59.79,1,3
29848,994933,36.39,1,2
29849,994966,34.94,1,2
29850,995000,59.24,1,3
29851,995033,36.06,1,2
29852,995066,35.2,1,2
29853,995100,58.57,1,3
29854,995133,40.87,1,2
29855,995166,39.68,1,2
29856,995199,58.4,1,3
29857,995233,92.11,1,4
29858,995266,92.38,1,4
29859,995300,87.8,1,4
29860,995333,87.18,1,4
29861,995366,85.88,1,4
29862,995400,82.95,1,4
29863,995433,82.64,1,4
29864,995466,79.33,1,4
29865,995500,61.44,1,3
29866,995533,79.22,1,4
29867,995566,67.11,1,3
29868,995600,43.62,1,2
29869,995633,67.3,1,3
29870,995666,65.35,1,3
29871,995699,35.41,1,2
29872,995733,63.88,1,3
29873,995766,61.95,1,3
29874,995800,32.06,1,2
29875,995833,61.39,1,3
29876,995866,60.57,1,3
29877,995900,34.73,1,2
29878,995933,61.28,1,3
29879,995966,60.05,1,3
29880,996000,40.84,1,2
29881,996033,65.88,1,3
29882,996066,63.75,1,3
29883,996100,47.4,1,2
29884,996133,60.79,1,3
29885,996166,59.11,1,3
29886,996199,51.86,1,3
29887,996233,50.34,1,3
29888,996266,48.42,1,2
29889,996300,55,1,3
29890,996333,43.52,1,2
29891,996366,42.69,1,2
29892,996400,58.65,1,3
29893,996433,42.37,1,2
29894,996466,41.12,1,2
29895,996500,64.33,1,3
29896,996533,37.15,1,2
29897,996566,35.39,1,2
29898,996600,62.85,1,3
29899,996633,42.5,1,2
29900,996666,41.09,1,2
29901,996699,61.3,1,3
29902,996733,42.67,1,2
29903,996766,40.75,1,2
29904,996800,60.94,1,3
29905,996833,52.37,1,3
29906,996866,51.38,1,3
29907,996900,56.63,1,3
29908,996933,54.63,1,3
29909,996966,53.91,1,3
29910,997000,46.4,1,2
29911,997033,59.86,1,3
29912,997066,59.12,1,3
29913,997100,41.76,1,2
29914,997133,60.78,1,3
29915,997166,60.28,1,3
29916,997199,31.85,1,2
29917,997233,61.48,1,3
29918,997266,59.91,1,3
29919,997300,35.52,1,2
29920,997333,63.4,1,3
29921,997366,62.01,1,3
29922,997400,41.3,1,2
29923,997433,61.49,1,3
29924,997466,60.51,1,3
29925,997500,40.57,1,2
29926,997533,64.8,1,3
29927,997566,64.52,1,3
29928,997600,47.67,1,2
29929,997633,65.25,1,3
29930,997666,64.57,1,3
29931,997699,55.38,1,3
29932,997733,58.18,1,3
29933,997766,55.89,1,3
29934,997800,54.16,1,3
29935,997833,45.25,1,2
29936,997866,43.4,1,2
29937,997900,57.28,1,3
29938,997933,44.63,1,2
29939,997966,41.45,1,2
29940,998000,61.89,1,3
29941,998033,41.88,1,2
29942,998066,39.94,1,2
29943,998100,60.23,1,3
29944,998133,38.11,1,2
29945,998166,37.12,1,2
29946,998199,60.36,1,3
29947,998233,33.47,1,2
29948,998266,31.51,1,2
29949,998300,56.77,1,3
29950,998333,37.81,1,2
29951,998366,35.53,1,2
29952,998400,52.26,1,3
29953,998433,41.52,1,2
29954,998466,40.46,1,2
29955,998500,49.11,1,2
29956,998533,50.92,1,3
29957,998566,49.35,1,2
29958,998600,54.79,1,3
29959,998633,55.37,1,3
29960,998666,54.42,1,3
29961,998699,48.9,1,2
29962,998733,59.93,1,3
29963,998766,58.56,1,3
29964,998800,46.16,1,2
29965,998833,64.11,1,3
29966,998866,63.5,1,3
29967,998900,35.98,1,2
29968,998933,65.17,1,3
29969,998966,64.87,1,3
29970,999000,36.06,1,2
29971,999033,61.68,1,3
29972,999066,60.24,1,3
29973,999100,33.79,1,2
29974,999133,69.93,1,3
29975,999166,69.27,1,3
29976,999199,45.74,1,2
29977,999233,98.85,1,4
29978,999266,98.98,1,4
29979,999300,85.45,1,4
29980,999333,95.76,1,4
29981,999366,95.24,1,4
29982,999400,85.39,1,4
29983,999433,84.01,1,4
29984,999466,82.88,1,4
29985,999500,83.25,1,4
29986,999533,65.18,1,3
29987,999566,50.73,1,3
29988,999600,65.43,1,3
29989,999633,49.46,1,2
29990,999666,43.79,1,2
29991,999699,62.24,1,3
29992,999733,40.42,1,2
29993,999766,37.61,1,2
29994,999800,58.79,1,3
29995,999833,35.39,1,2
29996,999866,33.69,1,2
29997,999900,56.8,1,3
29998,999933,41.55,1,2
29999,999966,40.48,1,2
30000,1000000,68.78,1,3
30001,1000033,61.02,1,3
30002,1000066,59.93,1,3
30003,1000100,65.93,1,3
30004,1000133,65.77,1,3
30005,1000166,62.81,1,3
30006,1000199,57.51,1,3
30007,1000233,69.86,1,3
30008,1000266,68.21,1,3
30009,1000300,57.32,1,3
30010,1000333,70.24,1,3
30011,1000366,69.27,1,3
30012,1000400,45.68,1,2
30013,1000433,72.08,1,3
30014,1000466,70.64,1,3
30015,1000500,38.46,1,2
30016,1000533,64.75,1,3
30017,1000566,63.08,1,3
30018,1000600,32.36,1,2
30019,1000633,65.35,1,3
30020,1000666,64.39,1,3
30021,1000699,39.31,1,2
30022,1000733,69.65,1,3
30023,1000766,67.04,1,3
30024,1000800,53.02,1,3
30025,1000833,67.08,1,3
30026,1000866,65.17,1,3
30027,1000900,50.29,1,3
30028,1000933,55.65,1,3
30029,1000966,53.57,1,3
30030,1001000,52.66,1,3
30031,1001033,50.84,1,3
30032,1001066,49.58,1,2
30033,1001100,53.28,1,3
30034,1001133,38.63,1,2
30035,1001166,37.14,1,2
30036,1001199,55.85,1,3
30037,1001233,35.69,1,2
30038,1001266,34.2,1,2
30039,1001300,58.22,1,3
30040,1001333,33.97,1,2
30041,1001366,32.75,1,2
30042,1001400,57.08,1,3
30043,1001433,34.39,1,2
30044,1001466,33.05,1,2
30045,1001500,59.46,1,3
30046,1001533,38.35,1,2
30047,1001566,36.72,1,2
30048,1001600,61.04,1,3
30049,1001633,44.72,1,2
30050,1001666,42.58,1,2
30051,1001699,59.45,1,3
30052,1001733,49.65,1,2
30053,1001766,48.37,1,2
30054,1001800,50.85,1,3
30055,1001833,58.15,1,3
30056,1001866,56.84,1,3
30057,1001900,56.34,1,3
30058,1001933,69.1,1,3
30059,1001966,67.83,1,3
30060,1002000,47,1,2
30061,1002033,66.34,1,3
30062,1002066,64.89,1,3
30063,1002100,40.81,1,2
30064,1002133,62.57,1,3
30065,1002166,61.78,1,3
30066,1002199,30.41,1,2
30067,1002233,60.69,1,3
30068,1002266,59.31,1,3
30069,1002300,29.53,1,2
30070,1002333,59.6,1,3
30071,1002366,58.87,1,3
30072,1002400,31.55,1,2
30073,1002433,56.15,1,3
30074,1002466,55.38,1,3
30075,1002500,38.52,1,2
30076,1002533,56.45,1,3
30077,1002566,54.59,1,3
30078,1002600,42.55,1,2
30079,1002633,53.81,1,3
30080,1002666,53.24,1,3
30081,1002699,50.52,1,3
30082,1002733,41.41,1,2
30083,1002766,39.9,1,2
30084,1002800,55.85,1,3
30085,1002833,34.08,1,2
30086,1002866,32.35,1,2
30087,1002900,57.43,1,3
30088,1002933,32.96,1,2
30089,1002966,31.25,1,2
30090,1003000,57.95,1,3
30091,1003033,39.7,1,2
30092,1003066,38.03,1,2
30093,1003100,58.13,1,3
30094,1003133,41.61,1,2
30095,1003166,39.68,1,2
30096,1003199,64.43,1,3
30097,1003233,92.08,1,4
30098,1003266,92.12,1,4
30099,1003300,93.04,1,4
30100,1003333,83.4,1,4
30101,1003366,82.11,1,4
30102,1003400,73,1,3
30103,1003433,83.8,1,4
30104,1003466,82.25,1,4
30105,1003500,82.5,1,4
30106,1003533,88.04,1,4
30107,1003566,78.17,1,4
30108,1003600,50.66,1,3
30109,1003633,74.76,1,3
30110,1003666,71.42,1,3
30111,1003699,44.11,1,2
30112,1003733,66.78,1,3
30113,1003766,64.86,1,3
30114,1003800,31.15,1,2
30115,1003833,61.87,1,3
30116,1003866,60.65,1,3
30117,1003900,33.03,1,2
30118,1003933,61.58,1,3
30119,1003966,60.38,1,3
30120,1004000,33.89,1,2
30121,1004033,56.57,1,3
30122,1004066,55.57,1,3
30123,1004100,45.1,1,2
30124,1004133,55.77,1,3
30125,1004166,54.88,1,3
30126,1004199,41.51,1,2
30127,1004233,52.21,1,3
30128,1004266,51.33,1,3
30129,1004300,54.8,1,3
30130,1004333,51.66,1,3
30131,1004366,50.25,1,3
30132,1004400,53.03,1,3
30133,1004433,42.07,1,2
30134,1004466,40.33,1,2
30135,1004500,60.79,1,3
30136,1004533,38.02,1,2
30137,1004566,36.54,1,2
30138,1004600,57.06,1,3
30139,1004633,35.13,1,2
30140,1004666,33.11,1,2
30141,1004699,67.69,1,3
30142,1004733,39.19,1,2
30143,1004766,37.78,1,2
30144,1004800,60.77,1,3
30145,1004833,44.66,1,2
30146,1004866,43.41,1,2
30147,1004900,61.52,1,3
30148,1004933,43.08,1,2
30149,1004966,41.8,1,2
30150,1005000,52.15,1,3
30151,1005033,49.13,1,2
30152,1005066,47.78,1,2
30153,1005100,55.7,1,3
30154,1005133,57.46,1,3
30155,1005166,54.53,1,3
30156,1005199,39.96,1,2
30157,1005233,58.78,1,3
30158,1005266,58.01,1,3
30159,1005300,39.16,1,2
30160,1005333,58.99,1,3
30161,1005366,58.48,1,3
30162,1005400,29.1,1,2
30163,1005433,59.58,1,3
30164,1005466,58.5,1,3
30165,1005500,38.31,1,2
30166,1005533,63.33,1,3
30167,1005566,62.52,1,3
30168,1005600,36.26,1,2
30169,1005633,58.66,1,3
30170,1005666,57.31,1,3
30171,1005699,47.84,1,2
30172,1005733,58.53,1,3
30173,1005766,57.77,1,3
30174,1005800,47.17,1,2
30175,1005833,54.95,1,3
30176,1005866,54.2,1,3
30177,1005900,57.82,1,3
30178,1005933,51.46,1,3
30179,1005966,49.94,1,2
30180,1006000,58.61,1,3
30181,1006033,42,1,2
30182,1006066,39.52,1,2
30183,1006100,61.85,1,3
30184,1006133,37.33,1,2
30185,1006166,35.56,1,2
30186,1006199,55.68,1,3
30187,1006233,36.79,1,2
30188,1006266,34.98,1,2
30189,1006300,60.44,1,3
30190,1006333,41.28,1,2
30191,1006366,40.17,1,2
30192,1006400,56.65,1,3
30193,1006433,47.63,1,2
30194,1006466,43.99,1,2
30195,1006500,55.63,1,3
30196,1006533,49.91,1,2
30197,1006566,48.95,1,2
30198,1006600,50.26,1,3
30199,1006633,54.05,1,3
30200,1006666,52.68,1,3
30201,1006699,52.3,1,3
30202,1006733,61.6,1,3
30203,1006766,61.34,1,3
30204,1006800,36.17,1,2
30205,1006833,58.78,1,3
30206,1006866,57.97,1,3
30207,1006900,36.67,1,2
30208,1006933,60.02,1,3
30209,1006966,59.37,1,3
30210,1007000,31.63,1,2
30211,1007033,65.73,1,3
30212,1007066,64.82,1,3
30213,1007100,42.04,1,2
30214,1007133,64.11,1,3
30215,1007166,63.13,1,3
30216,1007199,38.39,1,2
30217,1007233,96.2,1,4
30218,1007266,96.07,1,4
30219,1007300,80.47,1,4
30220,1007333,93.89,1,4
30221,1007366,90.12,1,4
30222,1007400,78.8,1,4
30223,1007433,89.16,1,4
30224,1007466,85.91,1,4
30225,1007500,83.62,1,4
30226,1007533,76.38,1,4
30227,1007566,57.39,1,3
30228,1007600,58.67,1,3
30229,1007633,42.26,1,2
30230,1007666,39.81,1,2
30231,1007699,61.1,1,3
30232,1007733,37.83,1,2
30233,1007766,36.14,1,2
30234,1007800,56.42,1,3
30235,1007833,42.68,1,2
30236,1007866,41.01,1,2
30237,1007900,61.08,1,3
30238,1007933,40.89,1,2
30239,1007966,38.59,1,2
30240,1008000,58.33,1,3
30241,1008033,46.46,1,2
30242,1008066,45.93,1,2
30243,1008100,60.17,1,3
30244,1008133,48.93,1,2
30245,1008166,47.1,1,2
30246,1008199,65.51,1,3
30247,1008233,68.52,1,3
30248,1008266,67.01,1,3
30249,1008300,74.39,1,3
30250,1008333,83.42,1,4
30251,1008366,81.9,1,4
30252,1008400,67.68,1,3
30253,1008433,80.21,1,4
30254,1008466,78.82,1,4
30255,1008500,48.37,1,2
30256,1008533,71.97,1,3
30257,1008566,70.12,1,3
30258,1008600,40.97,1,2
30259,1008633,74.96,1,3
30260,1008666,70.72,1,3
30261,1008699,45.39,1,2
30262,1008733,70.42,1,3
30263,1008766,68.78,1,3
30264,1008800,45.69,1,2
30265,1008833,63.24,1,3
30266,1008866,61.55,1,3
30267,1008900,42.99,1,2
30268,1008933,54.93,1,3
30269,1008966,53.63,1,3
30270,1009000,50.95,1,3
30271,1009033,42.83,1,2
30272,1009066,41.55,1,2
30273,1009100,52.76,1,3
30274,1009133,40.96,1,2
30275,1009166,39.47,1,2
30276,1009199,53.79,1,3
30277,1009233,36.41,1,2
30278,1009266,35.02,1,2
30279,1009300,55.11,1,3
30280,1009333,32.36,1,2
30281,1009366,30.5,1,2
30282,1009400,57.69,1,3
30283,1009433,36.97,1,2
30284,1009466,36.16,1,2
30285,1009500,54.55,1,3
30286,1009533,46.65,1,2
30287,1009566,45.96,1,2
30288,1009600,60.17,1,3
30289,1009633,49.64,1,2
30290,1009666,47.56,1,2
30291,1009699,56.06,1,3
30292,1009733,57.52,1,3
30293,1009766,56.58,1,3
30294,1009800,56.77,1,3
30295,1009833,66.26,1,3
30296,1009866,65.25,1,3
30297,1009900,54.99,1,3
30298,1009933,73.64,1,3
30299,1009966,72.13,1,3
30300,1010000,47.41,1,2
30301,1010033,63,1,3
30302,1010066,62.04,1,3
30303,1010100,33.51,1,2
30304,1010133,57.96,1,3
30305,1010166,57.25,1,3
30306,1010199,31.41,1,2
30307,1010233,58.89,1,3
30308,1010266,58.55,1,3
30309,1010300,37.43,1,2
30310,1010333,58.13,1,3
30311,1010366,56.9,1,3
30312,1010400,35.9,1,2
30313,1010433,56.49,1,3
30314,1010466,55.47,1,3
30315,1010500,43.23,1,2
30316,1010533,53.05,1,3
30317,1010566,52.52,1,3
30318,1010600,49.99,1,2
30319,1010633,45.91,1,2
30320,1010666,45.01,1,2
30321,1010699,55.56,1,3
30322,1010733,43.53,1,2
30323,1010766,40.71,1,2
30324,1010800,55.79,1,3
30325,1010833,46.48,1,2
30326,1010866,44.53,1,2
30327,1010900,57.44,1,3
30328,1010933,36.58,1,2
30329,1010966,35.41,1,2
30330,1011000,59.41,1,3
30331,1011033,41.58,1,2
30332,1011066,40.77,1,2
30333,1011100,61.93,1,3
30334,1011133,46.16,1,2
30335,1011166,44.78,1,2
30336,1011199,62.45,1,3
30337,1011233,93.99,1,4
30338,1011266,92.66,1,4
30339,1011300,85.95,1,4
30340,1011333,82.99,1,4
30341,1011366,81.87,1,4
30342,1011400,82.41,1,4
30343,1011433,85.15,1,4
30344,1011466,82.33,1,4
30345,1011500,73.34,1,3
30346,1011533,88.35,1,4
30347,1011566,76.39,1,4
30348,1011600,47.29,1,2
30349,1011633,73.39,1,3
30350,1011666,70.75,1,3
30351,1011699,32.94,1,2
30352,1011733,61.19,1,3
30353,1011766,60.08,1,3
30354,1011800,34.47,1,2
30355,1011833,60.41,1,3
30356,1011866,57.76,1,3
30357,1011900,38.66,1,2
30358,1011933,58.6,1,3
30359,1011966,58.02,1,3
30360,1012000,40.89,1,2
30361,1012033,55.68,1,3
30362,1012066,54.84,1,3
30363,1012100,48.78,1,2
30364,1012133,49.23,1,2
30365,1012166,48.28,1,2
30366,1012199,57.92,1,3
30367,1012233,40.09,1,2
30368,1012266,38.05,1,2
30369,1012300,57.39,1,3
30370,1012333,44.22,1,2
30371,1012366,42.1,1,2
30372,1012400,55.45,1,3
30373,1012433,34.79,1,2
30374,1012466,32.86,1,2
30375,1012500,55.66,1,3
30376,1012533,38.57,1,2
30377,1012566,36.63,1,2
30378,1012600,56.82,1,3
30379,1012633,45.75,1,2
30380,1012666,44.49,1,2
30381,1012699,64.5,1,3
30382,1012733,50.13,1,3
30383,1012766,48.67,1,2
30384,1012800,55.83,1,3
30385,1012833,52.17,1,3
30386,1012866,51.42,1,3
30387,1012900,47.35,1,2
30388,1012933,56.1,1,3
30389,1012966,55.3,1,3
30390,1013000,37.54,1,2
30391,1013033,57.14,1,3
30392,1013066,55.13,1,3
30393,1013100,34.12,1,2
30394,1013133,59.38,1,3
30395,1013166,58.58,1,3
30396,1013199,28.5,1,2
30397,1013233,56.57,1,3
30398,1013266,56.08,1,3
30399,1013300,31.29,1,2
30400,1013333,56.56,1,3
30401,1013366,56.04,1,3
30402,1013400,32.15,1,2
30403,1013433,56.28,1,3
30404,1013466,55.76,1,3
30405,1013500,37.48,1,2
30406,1013533,57.05,1,3
30407,1013566,56.04,1,3
30408,1013600,41.64,1,2
30409,1013633,53.79,1,3
30410,1013666,53.19,1,3
30411,1013699,47.38,1,2
30412,1013733,48.59,1,2
30413,1013766,44.68,1,2
30414,1013800,53.67,1,3
30415,1013833,39.88,1,2
30416,1013866,38.32,1,2
30417,1013900,56.56,1,3
30418,1013933,41.44,1,2
30419,1013966,39.69,1,2
30420,1014000,57.54,1,3
30421,1014033,36.07,1,2
30422,1014066,35.28,1,2
30423,1014100,55,1,3
30424,1014133,32.94,1,2
30425,1014166,31.72,1,2
30426,1014199,51.06,1,3
30427,1014233,35.6,1,2
30428,1014266,34.67,1,2
30429,1014300,52.26,1,3
30430,1014333,45.06,1,2
30431,1014366,44.26,1,2
30432,1014400,51.27,1,3
30433,1014433,50.65,1,3
30434,1014466,50.03,1,3
30435,1014500,42.74,1,2
30436,1014533,53.12,1,3
30437,1014566,52.67,1,3
30438,1014600,43.37,1,2
30439,1014633,58.83,1,3
30440,1014666,58.01,1,3
30441,1014699,33.29,1,2
30442,1014733,60.29,1,3
30443,1014766,57.2,1,3
30444,1014800,30.04,1,2
30445,1014833,57.8,1,3
30446,1014866,56.79,1,3
30447,1014900,35.65,1,2
30448,1014933,57.35,1,3
30449,1014966,56.74,1,3
30450,1015000,43.39,1,2
30451,1015033,72.06,1,3
30452,1015066,70.41,1,3
30453,1015100,65.56,1,3
30454,1015133,75.61,1,4
30455,1015166,73.8,1,3
30456,1015199,69.26,1,3
30457,1015233,97.97,1,4
30458,1015266,97.72,1,4
30459,1015300,93.24,1,4
30460,1015333,77.82,1,4
30461,1015366,75.19,1,4
30462,1015400,92.73,1,4
30463,1015433,70.32,1,3
30464,1015466,68.29,1,3
30465,1015500,91.09,1,4
30466,1015533,68.55,1,3
30467,1015566,53.89,1,3
30468,1015600,66.2,1,3
30469,1015633,48.74,1,2
30470,1015666,44.22,1,2
30471,1015699,57.37,1,3
30472,1015733,44.06,1,2
30473,1015766,41.56,1,2
30474,1015800,55.9,1,3
30475,1015833,44.67,1,2
30476,1015866,42.98,1,2
30477,1015900,49.33,1,2
30478,1015933,50.77,1,3
30479,1015966,49.02,1,2
30480,1016000,36.79,1,2
30481,1016033,53.47,1,3
30482,1016066,53.49,1,3
30483,1016100,42.16,1,2
30484,1016133,58.71,1,3
30485,1016166,57.42,1,3
30486,1016199,35.83,1,2
30487,1016233,61.71,1,3
30488,1016266,60.81,1,3
30489,1016300,35.9,1,2
30490,1016333,64.45,1,3
30491,1016366,63.51,1,3
30492,1016400,37.51,1,2
30493,1016433,60.87,1,3
30494,1016466,59.18,1,3
30495,1016500,33.04,1,2
30496,1016533,59.96,1,3
30497,1016566,59.01,1,3
30498,1016600,45.14,1,2
30499,1016633,64.07,1,3
30500,1016666,69.29,1,3
30501,1016699,64.13,1,3
30502,1016733,72.53,1,3
30503,1016766,70.05,1,3
30504,1016800,60.53,1,3
30505,1016833,62.85,1,3
30506,1016866,58.37,1,3
30507,1016900,62.91,1,3
30508,1016933,45.4,1,2
30509,1016966,42.76,1,2
30510,1017000,53.17,1,3
30511,1017033,33.98,1,2
30512,1017066,32.8,1,2
30513,1017100,56.21,1,3
30514,1017133,33.18,1,2
30515,1017166,31.28,1,2
30516,1017199,53.7,1,3
30517,1017233,33.24,1,2
30518,1017266,31.94,1,2
30519,1017300,50.3,1,3
30520,1017333,40.35,1,2
30521,1017366,37.79,1,2
30522,1017400,50.33,1,3
30523,1017433,44.38,1,2
30524,1017466,43.49,1,2
30525,1017500,43.78,1,2
30526,1017533,51.53,1,3
30527,1017566,49.93,1,2
30528,1017600,36.33,1,2
30529,1017633,55.12,1,3
30530,1017666,54.55,1,3
30531,1017699,32.79,1,2
30532,1017733,55.08,1,3
30533,1017766,54.56,1,3
30534,1017800,29.62,1,2
30535,1017833,59.19,1,3
30536,1017866,57.57,1,3
30537,1017900,35.22,1,2
30538,1017933,64.23,1,3
30539,1017966,63.17,1,3
30540,1018000,41.31,1,2
30541,1018033,62.73,1,3
30542,1018066,61.47,1,3
30543,1018100,44.21,1,2
30544,1018133,57.4,1,3
30545,1018166,56.3,1,3
30546,1018199,50.1,1,3
30547,1018233,57.31,1,3
30548,1018266,55.47,1,3
30549,1018300,57.71,1,3
30550,1018333,49.17,1,2
30551,1018366,46.77,1,2
30552,1018400,64.46,1,3
30553,1018433,39.4,1,2
30554,1018466,36.92,1,2
30555,1018500,55.56,1,3
30556,1018533,34.44,1,2
30557,1018566,32.3,1,2
30558,1018600,56.09,1,3
30559,1018633,34.17,1,2
30560,1018666,32.52,1,2
30561,1018699,53.17,1,3
30562,1018733,33.83,1,2
30563,1018766,32.28,1,2
30564,1018800,54.98,1,3
30565,1018833,40.12,1,2
30566,1018866,38.76,1,2
30567,1018900,47.74,1,2
30568,1018933,44.13,1,2
30569,1018966,42.1,1,2
30570,1019000,45.27,1,2
30571,1019033,51.82,1,3
30572,1019066,49.8,1,2
30573,1019100,38.06,1,2
30574,1019133,53.45,1,3
30575,1019166,53.31,1,3
30576,1019199,36.05,1,2
30577,1019233,95.98,1,4
30578,1019266,95.48,1,4
30579,1019300,74.84,1,3
30580,1019333,94.56,1,4
30581,1019366,92.84,1,4
30582,1019400,64.97,1,3
30583,1019433,91.92,1,4
30584,1019466,90.74,1,4
30585,1019500,64.6,1,3
30586,1019533,89.49,1,4
30587,1019566,69.69,1,3
30588,1019600,42.58,1,2
30589,1019633,68.63,1,3
30590,1019666,66.38,1,3
30591,1019699,44.98,1,2
30592,1019733,60.64,1,3
30593,1019766,59.01,1,3
30594,1019800,48.02,1,2
30595,1019833,57.88,1,3
30596,1019866,54.91,1,3
30597,1019900,56.69,1,3
30598,1019933,50.16,1,3
30599,1019966,47.13,1,2
30600,1020000,56.7,1,3
30601,1020033,41.58,1,2
30602,1020066,38.97,1,2
30603,1020100,56.92,1,3
30604,1020133,33.28,1,2
30605,1020166,31.53,1,2
30606,1020199,52.02,1,3
30607,1020233,32,1,2
30608,1020266,30.53,1,2
30609,1020300,55.76,1,3
30610,1020333,42.07,1,2
30611,1020366,40.81,1,2
30612,1020400,55.75,1,3
30613,1020433,44.66,1,2
30614,1020466,43.17,1,2
30615,1020500,53.08,1,3
30616,1020533,49.27,1,2
30617,1020566,48.41,1,2
30618,1020600,43.75,1,2
30619,1020633,52.35,1,3
30620,1020666,51.71,1,3
30621,1020699,42.87,1,2
30622,1020733,65.84,1,3
30623,1020766,64.51,1,3
30624,1020800,32.83,1,2
30625,1020833,61.28,1,3
30626,1020866,60.46,1,3
30627,1020900,41.33,1,2
30628,1020933,57.07,1,3
30629,1020966,56.62,1,3
30630,1021000,28.68,1,2
30631,1021033,58.86,1,3
30632,1021066,58.17,1,3
30633,1021100,37.7,1,2
30634,1021133,58.18,1,3
30635,1021166,56.36,1,3
30636,1021199,39.62,1,2
30637,1021233,52.95,1,3
30638,1021266,51.8,1,3
30639,1021300,51,1,3
30640,1021333,48.01,1,2
30641,1021366,46.75,1,2
30642,1021400,47.59,1,2
30643,1021433,42.63,1,2
30644,1021466,40.37,1,2
30645,1021500,55.41,1,3
30646,1021533,40.18,1,2
30647,1021566,39.12,1,2
30648,1021600,53.04,1,3
30649,1021633,37.09,1,2
30650,1021666,35.87,1,2
30651,1021699,57.47,1,3
30652,1021733,33.8,1,2
30653,1021766,32.93,1,2
30654,1021800,56.21,1,3
30655,1021833,37.88,1,2
30656,1021866,36.55,1,2
30657,1021900,64.77,1,3
30658,1021933,48.94,1,2
30659,1021966,47.84,1,2
30660,1022000,63.27,1,3
30661,1022033,55.6,1,3
30662,1022066,54.88,1,3
30663,1022100,61.87,1,3
30664,1022133,57.81,1,3
30665,1022166,57.04,1,3
30666,1022199,42.81,1,2
30667,1022233,54.42,1,3
30668,1022266,53.26,1,3
30669,1022300,44.24,1,2
30670,1022333,57.29,1,3
30671,1022366,56.84,1,3
30672,1022400,34.12,1,2
30673,1022433,58.09,1,3
30674,1022466,57.26,1,3
30675,1022500,33.85,1,2
30676,1022533,54.58,1,3
30677,1022566,54.23,1,3
30678,1022600,26.32,1,2
30679,1022633,56.32,1,3
30680,1022666,55.69,1,3
30681,1022699,36.36,1,2
30682,1022733,54.33,1,3
30683,1022766,52.92,1,3
30684,1022800,33.77,1,2
30685,1022833,58.88,1,3
30686,1022866,58.33,1,3
30687,1022900,51.33,1,3
30688,1022933,55.51,1,3
30689,1022966,54.78,1,3
30690,1023000,49.81,1,2
30691,1023033,56.24,1,3
30692,1023066,55.14,1,3
30693,1023100,59.81,1,3
30694,1023133,50.15,1,3
30695,1023166,48,1,2
30696,1023199,61.01,1,3
30697,1023233,97.29,1,4
30698,1023266,95.11,1,4
30699,1023300,96.18,1,4
30700,1023333,73.46,1,3
30701,1023366,72.31,1,3
30702,1023400,90.19,1,4
30703,1023433,72.58,1,3
30704,1023466,70.1,1,3
30705,1023500,88.33,1,4
30706,1023533,71.27,1,3
30707,1023566,56.23,1,3
30708,1023600,69.7,1,3
30709,1023633,67.31,1,3
30710,1023666,65.41,1,3
30711,1023699,75.46,1,4
30712,1023733,66.97,1,3
30713,1023766,64.39,1,3
30714,1023800,55.21,1,3
30715,1023833,60.59,1,3
30716,1023866,59.11,1,3
30717,1023900,40.69,1,2
30718,1023933,58.4,1,3
30719,1023966,57.41,1,3
30720,1024000,29.08,1,2
30721,1024033,59.71,1,3
30722,1024066,58.3,1,3
30723,1024099,35.03,1,2
30724,1024133,55.37,1,3
30725,1024166,54.63,1,3
30726,1024200,28.91,1,2
30727,1024233,54.28,1,3
30728,1024266,53.39,1,3
30729,1024300,37.6,1,2
30730,1024333,54.36,1,3
30731,1024366,53.5,1,3
30732,1024400,39.09,1,2
30733,1024433,51.71,1,3
30734,1024466,50.56,1,3
30735,1024500,53.13,1,3
30736,1024533,49.06,1,2
30737,1024566,47.62,1,2
30738,1024599,51.43,1,3
30739,1024633,42.52,1,2
30740,1024666,40.89,1,2
30741,1024700,58.42,1,3
30742,1024733,47.48,1,2
30743,1024766,45.33,1,2
30744,1024800,63.92,1,3
30745,1024833,45.05,1,2
30746,1024866,42.57,1,2
30747,1024900,65.96,1,3
30748,1024933,43.42,1,2
30749,1024966,42.29,1,2
30750,1025000,67.82,1,3
30751,1025033,49.58,1,2
30752,1025066,47.75,1,2
30753,1025099,61.04,1,3
30754,1025133,50.24,1,3
30755,1025166,47.61,1,2
30756,1025200,61.43,1,3
30757,1025233,57.49,1,3
30758,1025266,54.96,1,3
30759,1025300,57.12,1,3
30760,1025333,56.95,1,3
30761,1025366,54.65,1,3
30762,1025400,47.12,1,2
30763,1025433,53.84,1,3
30764,1025466,52.55,1,3
30765,1025500,33.76,1,2
30766,1025533,54.43,1,3
30767,1025566,53.69,1,3
30768,1025599,32.49,1,2
30769,1025633,53.75,1,3
30770,1025666,52.82,1,3
30771,1025700,26.8,1,2
30772,1025733,52.4,1,3
30773,1025766,51.86,1,3
30774,1025800,31.3,1,2
30775,1025833,53.07,1,3
30776,1025866,51.81,1,3
30777,1025900,33.06,1,2
30778,1025933,55.58,1,3
30779,1025966,55.02,1,3
30780,1026000,40.51,1,2
30781,1026033,54.33,1,3
30782,1026066,52.82,1,3
30783,1026099,45.4,1,2
30784,1026133,51.25,1,3
30785,1026166,50.54,1,3
30786,1026200,53.81,1,3
30787,1026233,44.47,1,2
30788,1026266,42.07,1,2
30789,1026300,53.56,1,3
30790,1026333,38.93,1,2
30791,1026366,38.25,1,2
30792,1026400,61.57,1,3
30793,1026433,40.94,1,2
30794,1026466,39.72,1,2
30795,1026500,59.56,1,3
30796,1026533,37.05,1,2
30797,1026566,35.8,1,2
30798,1026599,57.85,1,3
30799,1026633,40.7,1,2
30800,1026666,39.8,1,2
30801,1026700,54.49,1,3
30802,1026733,42.51,1,2
30803,1026766,40.83,1,2
30804,1026800,53.14,1,3
30805,1026833,49.11,1,2
30806,1026866,47.87,1,2
30807,1026900,48.82,1,2
30808,1026933,53.5,1,3
30809,1026966,50.42,1,3
30810,1027000,39.9,1,2
30811,1027033,51.75,1,3
30812,1027066,50.22,1,3
30813,1027099,32.6,1,2
30814,1027133,54.57,1,3
30815,1027166,53.17,1,3
30816,1027200,26.43,1,2
30817,1027233,96.96,1,4
30818,1027266,96.9,1,4
30819,1027300,77.14,1,4
30820,1027333,95.71,1,4
30821,1027366,96.78,1,4
30822,1027400,73.87,1,3
30823,1027433,92.65,1,4
30824,1027466,91.86,1,4
30825,1027500,78.66,1,4
30826,1027533,84.78,1,4
30827,1027566,63.9,1,3
30828,1027599,51.67,1,3
30829,1027633,69.28,1,3
30830,1027666,65.94,1,3
30831,1027700,65.85,1,3
30832,1027733,64.11,1,3
30833,1027766,62.76,1,3
30834,1027800,62.56,1,3
30835,1027833,48.16,1,2
30836,1027866,45.9,1,2
30837,1027900,59.14,1,3
30838,1027933,39.96,1,2
30839,1027966,38.05,1,2
30840,1028000,57.22,1,3
30841,1028033,36.44,1,2
30842,1028066,34.54,1,2
30843,1028099,65.82,1,3
30844,1028133,41.23,1,2
30845,1028166,39.39,1,2
30846,1028200,54.63,1,3
30847,1028233,38.43,1,2
30848,1028266,35.65,1,2
30849,1028300,51.75,1,3
30850,1028333,41.2,1,2
30851,1028366,39.71,1,2
30852,1028400,50.4,1,3
30853,1028433,44.64,1,2
30854,1028466,42.67,1,2
30855,1028500,55.83,1,3
30856,1028533,52.1,1,3
30857,1028566,50.45,1,3
30858,1028599,49.22,1,2
30859,1028633,55.63,1,3
30860,1028666,54.58,1,3
30861,1028700,40.12,1,2
30862,1028733,53.57,1,3
30863,1028766,52.95,1,3
30864,1028800,29.32,1,2
30865,1028833,54.46,1,3
30866,1028866,52.71,1,3
30867,1028900,32.9,1,2
30868,1028933,60.84,1,3
30869,1028966,59.42,1,3
30870,1029000,35.35,1,2
30871,1029033,55.42,1,3
30872,1029066,54.63,1,3
30873,1029099,35.18,1,2
30874,1029133,53.7,1,3
30875,1029166,52.96,1,3
30876,1029200,38.07,1,2
30877,1029233,51.72,1,3
30878,1029266,50.49,1,3
30879,1029300,45.91,1,2
30880,1029333,53.68,1,3
30881,1029366,52.91,1,3
30882,1029400,51.4,1,3
30883,1029433,42.85,1,2
30884,1029466,41.47,1,2
30885,1029500,53.94,1,3
30886,1029533,36.83,1,2
30887,1029566,35.49,1,2
30888,1029599,49.65,1,2
30889,1029633,31.82,1,2
30890,1029666,30.65,1,2
30891,1029700,50.3,1,3
30892,1029733,31.74,1,2
30893,1029766,30.01,1,2
30894,1029800,49.07,1,2
30895,1029833,34.39,1,2
30896,1029866,33.08,1,2
30897,1029900,48.73,1,2
30898,1029933,39.76,1,2
30899,1029966,38.68,1,2
30900,1030000,49.59,1,2
30901,1030033,44.65,1,2
30902,1030066,43.18,1,2
30903,1030099,50.61,1,3
30904,1030133,57.11,1,3
30905,1030166,56.79,1,3
30906,1030200,41.5,1,2
30907,1030233,56.23,1,3
30908,1030266,54.69,1,3
30909,1030300,35.82,1,2
30910,1030333,54.66,1,3
30911,1030366,54.18,1,3
30912,1030400,30.6,1,2
30913,1030433,66.26,1,3
30914,1030466,61.06,1,3
30915,1030500,43.8,1,2
30916,1030533,70.5,1,3
30917,1030566,70.04,1,3
30918,1030599,56.25,1,3
30919,1030633,74.88,1,3
30920,1030666,73.39,1,3
30921,1030700,56.42,1,3
30922,1030733,61.98,1,3
30923,1030766,61.24,1,3
30924,1030800,48.93,1,2
30925,1030833,53.69,1,3
30926,1030866,52.32,1,3
30927,1030900,52.05,1,3
30928,1030933,43.38,1,2
30929,1030966,39.07,1,2
30930,1031000,49.87,1,2
30931,1031033,37.95,1,2
30932,1031066,36.7,1,2
30933,1031099,52.65,1,3
30934,1031133,38.06,1,2
30935,1031166,33.53,1,2
30936,1031200,51.45,1,3
30937,1031233,98.28,1,4
30938,1031266,97.23,1,4
30939,1031300,96.55,1,4
30940,1031333,77.35,1,4
30941,1031366,75.05,1,4
30942,1031400,94.69,1,4
30943,1031433,76.8,1,4
30944,1031466,74.45,1,3
30945,1031500,94.05,1,4
30946,1031533,73.78,1,3
30947,1031566,48.06,1,2
30948,1031599,57.93,1,3
30949,1031633,53.32,1,3
30950,1031666,51.27,1,3
30951,1031700,64.94,1,3
30952,1031733,67.21,1,3
30953,1031766,64.15,1,3
30954,1031800,60.74,1,3
30955,1031833,73.73,1,3
30956,1031866,71.14,1,3
30957,1031900,61.48,1,3
30958,1031933,70.21,1,3
30959,1031966,69.43,1,3
30960,1032000,43.87,1,2
30961,1032033,65.44,1,3
30962,1032066,64.68,1,3
30963,1032099,40.21,1,2
30964,1032133,65.24,1,3
30965,1032166,63.08,1,3
30966,1032200,43.78,1,2
30967,1032233,67.87,1,3
30968,1032266,65.29,1,3
30969,1032300,51.36,1,3
30970,1032333,63.65,1,3
30971,1032366,62.37,1,3
30972,1032400,48.61,1,2
30973,1032433,56.43,1,3
30974,1032466,54.96,1,3
30975,1032500,48.22,1,2
30976,1032533,46.32,1,2
30977,1032566,44.74,1,2
30978,1032599,49.8,1,2
30979,1032633,37.02,1,2
30980,1032666,34.77,1,2
30981,1032700,50.22,1,3
30982,1032733,30.93,1,2
30983,1032766,29.18,1,2
30984,1032800,50.15,1,3
30985,1032833,30.54,1,2
30986,1032866,29.42,1,2
30987,1032900,51.57,1,3
30988,1032933,34.25,1,2
30989,1032966,33.33,1,2
30990,1033000,53.15,1,3
30991,1033033,39.79,1,2
30992,1033066,37.57,1,2
30993,1033099,55.17,1,3
30994,1033133,46.14,1,2
30995,1033166,44.22,1,2
30996,1033200,48.97,1,2
30997,1033233,51.85,1,3
30998,1033266,50.5,1,3
30999,1033300,52.54,1,3
31000,1033333,69.04,1,3
31001,1033366,67.29,1,3
31002,1033400,55.67,1,3
31003,1033433,70.34,1,3
31004,1033466,69.47,1,3
31005,1033500,54.66,1,3
31006,1033533,73.3,1,3
31007,1033566,72.4,1,3
31008,1033599,50.69,1,3
31009,1033633,63.62,1,3
31010,1033666,60.59,1,3
31011,1033700,38.84,1,2
31012,1033733,58.81,1,3
31013,1033766,57.51,1,3
31014,1033800,37.37,1,2
31015,1033833,56.56,1,3
31016,1033866,54.98,1,3
31017,1033900,44.6,1,2
31018,1033933,60.62,1,3
31019,1033966,59.15,1,3
31020,1034000,47.8,1,2
31021,1034033,51.55,1,3
31022,1034066,50.07,1,3
31023,1034099,45.32,1,2
31024,1034133,45.83,1,2
31025,1034166,43.94,1,2
31026,1034200,50.35,1,3
31027,1034233,38.73,1,2
31028,1034266,37.58,1,2
31029,1034300,49.3,1,2
31030,1034333,32.36,1,2
31031,1034366,31.07,1,2
31032,1034400,51.6,1,3
31033,1034433,29.75,1,2
31034,1034466,28.51,1,2
31035,1034500,49.93,1,2
31036,1034533,31.77,1,2
31037,1034566,30.67,1,2
31038,1034599,53.94,1,3
31039,1034633,34.85,1,2
31040,1034666,33.3,1,2
31041,1034700,50.43,1,3
31042,1034733,40.72,1,2
31043,1034766,39.32,1,2
31044,1034800,54.4,1,3
31045,1034833,43.88,1,2
31046,1034866,42.57,1,2
31047,1034900,46.74,1,2
31048,1034933,53.59,1,3
31049,1034966,52.47,1,3
31050,1035000,50.79,1,3
31051,1035033,55.48,1,3
31052,1035066,53.21,1,3
31053,1035099,38.12,1,2
31054,1035133,59.01,1,3
31055,1035166,58.27,1,3
31056,1035200,42.99,1,2
31057,1035233,99.42,1,4
31058,1035266,99.16,1,4
31059,1035300,77.5,1,4
31060,1035333,96.93,1,4
31061,1035366,95.72,1,4
31062,1035400,71.95,1,3
31063,1035433,94.71,1,4
31064,1035466,94.21,1,4
31065,1035500,78.22,1,4
31066,1035533,90.24,1,4
31067,1035566,67.03,1,3
31068,1035599,51.63,1,3
31069,1035633,62.74,1,3
31070,1035666,59.54,1,3
31071,1035700,55.97,1,3
31072,1035733,53.59,1,3
31073,1035766,50.94,1,3
31074,1035800,51.25,1,3
31075,1035833,40.04,1,2
31076,1035866,38.17,1,2
31077,1035900,59.09,1,3
31078,1035933,34.11,1,2
31079,1035966,32.61,1,2
31080,1036000,51.17,1,3
31081,1036033,34.17,1,2
31082,1036066,31.76,1,2
31083,1036099,52.59,1,3
31084,1036133,36.46,1,2
31085,1036166,34.93,1,2
31086,1036200,47.55,1,2
31087,1036233,37.89,1,2
31088,1036266,36.75,1,2
31089,1036300,52.45,1,3
31090,1036333,44.27,1,2
31091,1036366,43.37,1,2
31092,1036400,47.46,1,2
31093,1036433,56.04,1,3
31094,1036466,54.91,1,3
31095,1036500,53.29,1,3
31096,1036533,53.66,1,3
31097,1036566,52.77,1,3
31098,1036599,36.78,1,2
31099,1036633,56.03,1,3
31100,1036666,55.04,1,3
31101,1036700,38.18,1,2
31102,1036733,57.36,1,3
31103,1036766,55.25,1,3
31104,1036800,29.56,1,2
31105,1036833,54.94,1,3
31106,1036866,53.79,1,3
31107,1036900,36.93,1,2
31108,1036933,55.28,1,3
31109,1036966,54.21,1,3
31110,1037000,30.52,1,2
31111,1037033,51.72,1,3
31112,1037066,50.37,1,3
31113,1037099,35.7,1,2
31114,1037133,52.52,1,3
31115,1037166,51.44,1,3
31116,1037200,38.66,1,2
31117,1037233,52.7,1,3
31118,1037266,50.99,1,3
31119,1037300,49.36,1,2
31120,1037333,52.3,1,3
31121,1037366,50.96,1,3
31122,1037400,47.4,1,2
31123,1037433,42.24,1,2
31124,1037466,40.18,1,2
31125,1037500,51.22,1,3
31126,1037533,37.84,1,2
31127,1037566,36.07,1,2
31128,1037599,53.7,1,3
31129,1037633,34.37,1,2
31130,1037666,33.27,1,2
31131,1037700,58.62,1,3
31132,1037733,35.38,1,2
31133,1037766,34.1,1,2
31134,1037800,52.78,1,3
31135,1037833,31.54,1,2
31136,1037866,29.82,1,2
31137,1037900,50.84,1,3
31138,1037933,35.6,1,2
31139,1037966,33.74,1,2
31140,1038000,45.4,1,2
31141,1038033,40.34,1,2
31142,1038066,38.49,1,2
31143,1038099,46.7,1,2
31144,1038133,46.47,1,2
31145,1038166,45.89,1,2
31146,1038200,34.77,1,2
31147,1038233,47,1,2
31148,1038266,46.23,1,2
31149,1038300,37.48,1,2
31150,1038333,49.7,1,2
31151,1038366,49.35,1,2
31152,1038400,27.42,1,2
31153,1038433,51.81,1,3
31154,1038466,51.26,1,3
31155,1038500,29.39,1,2
31156,1038533,51.44,1,3
31157,1038566,49.81,1,2
31158,1038599,28.48,1,2
31159,1038633,49.21,1,2
31160,1038666,48.27,1,2
31161,1038700,34.02,1,2
31162,1038733,49.55,1,2
31163,1038766,48.44,1,2
31164,1038800,40.25,1,2
31165,1038833,56.36,1,3
31166,1038866,54.43,1,3
31167,1038900,50.39,1,3
31168,1038933,55.53,1,3
31169,1038966,52.47,1,3
31170,1039000,51.71,1,3
31171,1039033,41.71,1,2
31172,1039066,40.36,1,2
31173,1039099,52.77,1,3
31174,1039133,34.61,1,2
31175,1039166,33.17,1,2
31176,1039200,52.57,1,3
31177,1039233,97.39,1,4
31178,1039266,96.91,1,4
31179,1039300,99.09,1,4
31180,1039333,83.83,1,4
31181,1039366,83.11,1,4
31182,1039400,97.03,1,4
31183,1039433,85.62,1,4
31184,1039466,83.72,1,4
31185,1039500,94.26,1,4
31186,1039533,80.73,1,4
31187,1039566,58.37,1,3
31188,1039599,58.67,1,3
31189,1039633,56.53,1,3
31190,1039666,52.81,1,3
31191,1039700,53.94,1,3
31192,1039733,54.47,1,3
31193,1039766,52.71,1,3
31194,1039800,43.94,1,2
31195,1039833,53.21,1,3
31196,1039866,51.79,1,3
31197,1039900,34.87,1,2
31198,1039933,51.21,1,3
31199,1039966,49.71,1,2
31200,1040000,28.78,1,2
31201,1040033,55.2,1,3
31202,1040066,53.17,1,3
31203,1040099,33.29,1,2
31204,1040133,52.74,1,3
31205,1040166,51.96,1,3
31206,1040200,30.18,1,2
31207,1040233,53.53,1,3
31208,1040266,52.66,1,3
31209,1040300,40.31,1,2
31210,1040333,52.75,1,3
31211,1040366,50.72,1,3
31212,1040400,35.13,1,2
31213,1040433,55.47,1,3
31214,1040466,53.63,1,3
31215,1040500,49.15,1,2
31216,1040533,62.85,1,3
31217,1040566,60.44,1,3
31218,1040599,55.15,1,3
31219,1040633,65.68,1,3
31220,1040666,65.24,1,3
31221,1040700,66.95,1,3
31222,1040733,56.01,1,3
31223,1040766,54.88,1,3
31224,1040800,56.75,1,3
31225,1040833,43,1,2
31226,1040866,41.42,1,2
31227,1040900,57.5,1,3
31228,1040933,35.92,1,2
31229,1040966,33.7,1,2
31230,1041000,51.94,1,3
31231,1041033,33.85,1,2
31232,1041066,32.55,1,2
31233,1041099,57.87,1,3
31234,1041133,39.03,1,2
31235,1041166,37.4,1,2
31236,1041200,50.07,1,3
31237,1041233,41.82,1,2
31238,1041266,40.04,1,2
31239,1041300,52.76,1,3
31240,1041333,44.42,1,2
31241,1041366,43.4,1,2
31242,1041400,40.26,1,2
31243,1041433,47.88,1,2
31244,1041466,47.44,1,2
31245,1041500,41.4,1,2
31246,1041533,48.38,1,2
31247,1041566,47.63,1,2
31248,1041599,28.75,1,2
31249,1041633,48.69,1,2
31250,1041666,53.71,1,3
31251,1041700,33.09,1,2
31252,1041733,54.77,1,3
31253,1041766,54.06,1,3
31254,1041800,34.03,1,2
31255,1041833,55.28,1,3
31256,1041866,53.85,1,3
31257,1041900,36.16,1,2
31258,1041933,58.01,1,3
31259,1041966,56.56,1,3
31260,1042000,38.95,1,2
31261,1042033,50.59,1,3
31262,1042066,49.5,1,2
31263,1042099,43.35,1,2
31264,1042133,50.02,1,3
31265,1042166,47.99,1,2
31266,1042200,51.28,1,3
31267,1042233,53.96,1,3
31268,1042266,51.03,1,3
31269,1042300,55.38,1,3
31270,1042333,48.56,1,2
31271,1042366,46.35,1,2
31272,1042400,60.67,1,3
31273,1042433,39.97,1,2
31274,1042466,38.63,1,2
31275,1042500,54.04,1,3
31276,1042533,30.93,1,2
31277,1042566,29.6,1,2
31278,1042599,50.35,1,3
31279,1042633,31.07,1,2
31280,1042666,29.65,1,2
31281,1042700,50.24,1,3
31282,1042733,35.36,1,2
31283,1042766,33.95,1,2
31284,1042800,50.13,1,3
31285,1042833,39.36,1,2
31286,1042866,38.16,1,2
31287,1042900,46.43,1,2
31288,1042933,41.89,1,2
31289,1042966,40.89,1,2
31290,1043000,45.27,1,2
31291,1043033,44.12,1,2
31292,1043066,43.25,1,2
31293,1043099,35.98,1,2
31294,1043133,48.91,1,2
31295,1043166,48.85,1,2
31296,1043200,31.28,1,2
31297,1043233,99.54,1,4
31298,1043266,99.51,1,4
31299,1043300,80.27,1,4
31300,1043333,96.66,1,4
31301,1043366,97.4,1,4
31302,1043400,78.89,1,4
31303,1043433,96.48,1,4
31304,1043466,92.49,1,4
31305,1043500,72.64,1,3
31306,1043533,92.69,1,4
31307,1043566,68.9,1,3
31308,1043599,51.61,1,3
31309,1043633,67.36,1,3
31310,1043666,64.8,1,3
31311,1043700,50.35,1,3
31312,1043733,64.88,1,3
31313,1043766,63.34,1,3
31314,1043800,58.57,1,3
31315,1043833,61.3,1,3
31316,1043866,59.51,1,3
31317,1043900,56.75,1,3
31318,1043933,57.15,1,3
31319,1043966,55.28,1,3
31320,1044000,57.42,1,3
31321,1044033,52.33,1,3
31322,1044066,49.93,1,2
31323,1044099,58.25,1,3
31324,1044133,42.65,1,2
31325,1044166,40.73,1,2
31326,1044200,61.8,1,3
31327,1044233,32.9,1,2
31328,1044266,31.14,1,2
31329,1044300,49.5,1,2
31330,1044333,33.64,1,2
31331,1044366,32.54,1,2
31332,1044400,50.71,1,3
31333,1044433,35.83,1,2
31334,1044466,34.21,1,2
31335,1044500,48.47,1,2
31336,1044533,43.64,1,2
31337,1044566,42.3,1,2
31338,1044599,49.71,1,2
31339,1044633,47.29,1,2
31340,1044666,46.83,1,2
31341,1044700,45.79,1,2
31342,1044733,48.19,1,2
31343,1044766,47.39,1,2
31344,1044800,35.45,1,2
31345,1044833,51.53,1,3
31346,1044866,51.1,1,3
31347,1044900,32.65,1,2
31348,1044933,50.01,1,3
31349,1044966,49.19,1,2
31350,1045000,33.44,1,2
31351,1045033,48.78,1,2
31352,1045066,48.38,1,2
31353,1045099,32.07,1,2
31354,1045133,49.19,1,2
31355,1045166,48.09,1,2
31356,1045200,34.57,1,2
31357,1045233,55.21,1,3
31358,1045266,54.33,1,3
31359,1045300,41.91,1,2
31360,1045333,50.48,1,3
31361,1045366,49.29,1,2
31362,1045400,46.64,1,2
31363,1045433,46.32,1,2
31364,1045466,46.62,1,2
31365,1045500,48.15,1,2
31366,1045533,42.43,1,2
31367,1045566,40.68,1,2
31368,1045599,48.97,1,2
31369,1045633,34.9,1,2
31370,1045666,33.71,1,2
31371,1045700,48.17,1,2
31372,1045733,33.26,1,2
31373,1045766,31.71,1,2
31374,1045800,47.21,1,2
31375,1045833,32.87,1,2
31376,1045866,31.91,1,2
31377,1045900,45.68,1,2
31378,1045933,33.04,1,2
31379,1045966,32.14,1,2
31380,1046000,45.68,1,2
31381,1046033,35.11,1,2
31382,1046066,34.29,1,2
31383,1046099,47.4,1,2
31384,1046133,41.56,1,2
31385,1046166,40.15,1,2
31386,1046200,52.46,1,3
31387,1046233,46.53,1,2
31388,1046266,45.5,1,2
31389,1046300,47.74,1,2
31390,1046333,46.48,1,2
31391,1046366,45.45,1,2
31392,1046400,38.78,1,2
31393,1046433,48.86,1,2
31394,1046466,48.54,1,2
31395,1046500,30.82,1,2
31396,1046533,52.34,1,3
31397,1046566,51.44,1,3
31398,1046599,33.07,1,2
31399,1046633,52.75,1,3
31400,1046666,51.88,1,3
31401,1046700,33.02,1,2
31402,1046733,51.55,1,3
31403,1046766,50.85,1,3
31404,1046800,32.52,1,2
31405,1046833,49.92,1,2
31406,1046866,49.32,1,2
31407,1046900,33.54,1,2
31408,1046933,47.87,1,2
31409,1046966,47.22,1,2
31410,1047000,38.09,1,2
31411,1047033,45.25,1,2
31412,1047066,42.65,1,2
31413,1047099,41.64,1,2
31414,1047133,45.8,1,2
31415,1047166,44.6,1,2
31416,1047200,46.51,1,2
31417,1047233,100.15,1,4
31418,1047266,97.49,1,4
31419,1047300,96.98,1,4
31420,1047333,92.42,1,4
31421,1047366,90.05,1,4
31422,1047400,97.86,1,4
31423,1047433,84.86,1,4
31424,1047466,81,1,4
31425,1047500,93.89,1,4
31426,1047533,78.35,1,4
31427,1047566,44.95,1,2
31428,1047599,56.78,1,3
31429,1047633,49.32,1,2
31430,1047666,47.42,1,2
31431,1047700,59.9,1,3
31432,1047733,51.9,1,3
31433,1047766,49.23,1,2
31434,1047800,71.31,1,3
31435,1047833,66.5,1,3
31436,1047866,65.16,1,3
31437,1047900,75.84,1,4
31438,1047933,74.34,1,3
31439,1047966,73.13,1,3
31440,1048000,60.22,1,3
31441,1048033,60.8,1,3
31442,1048066,59.56,1,3
31443,1048099,39.25,1,2
31444,1048133,57.68,1,3
31445,1048166,56.28,1,3
31446,1048200,35.15,1,2
31447,1048233,64.95,1,3
31448,1048266,64.12,1,3
31449,1048300,41.51,1,2
31450,1048333,67.58,1,3
31451,1048366,65.4,1,3
31452,1048400,47.2,1,2
31453,1048433,62.83,1,3
31454,1048466,61.45,1,3
31455,1048500,36.66,1,2
31456,1048533,51.07,1,3
31457,1048566,49.53,1,2
31458,1048600,39.34,1,2
31459,1048633,46.18,1,2
31460,1048666,45.02,1,2
31461,1048700,41.3,1,2
31462,1048733,42.99,1,2
31463,1048766,41.59,1,2
31464,1048800,47.09,1,2
31465,1048833,41.52,1,2
31466,1048866,40.49,1,2
31467,1048900,47.05,1,2
31468,1048933,37.68,1,2
31469,1048966,36.65,1,2
31470,1049000,49.27,1,2
31471,1049033,36.11,1,2
31472,1049066,35.19,1,2
31473,1049100,49.01,1,2
31474,1049133,33.21,1,2
31475,1049166,32.31,1,2
31476,1049200,53.83,1,3
31477,1049233,35.78,1,2
31478,1049266,34.68,1,2
31479,1049300,51.03,1,3
31480,1049333,39.23,1,2
31481,1049366,38.14,1,2
31482,1049400,54.81,1,3
31483,1049433,41.4,1,2
31484,1049466,40.18,1,2
31485,1049500,56.23,1,3
31486,1049533,52.12,1,3
31487,1049566,51.09,1,3
31488,1049600,62.36,1,3
31489,1049633,65.35,1,3
31490,1049666,64.48,1,3
31491,1049700,55.1,1,3
31492,1049733,58.24,1,3
31493,1049766,56.85,1,3
31494,1049800,46.29,1,2
31495,1049833,53.65,1,3
31496,1049866,52.51,1,3
31497,1049900,33.57,1,2
31498,1049933,52.13,1,3
31499,1049966,51.61,1,3
31500,1050000,37.39,1,2
31501,1050033,65.55,1,3
31502,1050066,64.2,1,3
31503,1050100,39.85,1,2
31504,1050133,62.18,1,3
31505,1050166,58.7,1,3
31506,1050200,46.5,1,2
31507,1050233,53.68,1,3
31508,1050266,51.59,1,3
31509,1050300,39.01,1,2
31510,1050333,44.17,1,2
31511,1050366,43.16,1,2
31512,1050400,42.29,1,2
31513,1050433,45.05,1,2
31514,1050466,44.5,1,2
31515,1050500,44.44,1,2
31516,1050533,37.33,1,2
31517,1050566,36.16,1,2
31518,1050600,47.86,1,2
31519,1050633,39.47,1,2
31520,1050666,35.8,1,2
31521,1050700,48.82,1,2
31522,1050733,33.51,1,2
31523,1050766,32.46,1,2
31524,1050800,53.41,1,3
31525,1050833,35.39,1,2
31526,1050866,34.16,1,2
31527,1050900,55.12,1,3
31528,1050933,46.08,1,2
31529,1050966,44.58,1,2
31530,1051000,52.3,1,3
31531,1051033,44.16,1,2
31532,1051066,43.25,1,2
31533,1051100,49.94,1,2
31534,1051133,48.91,1,2
31535,1051166,47.76,1,2
31536,1051200,50.62,1,3
31537,1051233,97.06,1,4
31538,1051266,97.04,1,4
31539,1051300,96.38,1,4
31540,1051333,96.37,1,4
31541,1051366,95.46,1,4
31542,1051400,80.63,1,4
31543,1051433,91.76,1,4
31544,1051466,89.58,1,4
31545,1051500,75.96,1,4
31546,1051533,81.18,1,4
31547,1051566,65.24,1,3
31548,1051600,38.49,1,2
31549,1051633,59.44,1,3
31550,1051666,55.94,1,3
31551,1051700,36.65,1,2
31552,1051733,59.65,1,3
31553,1051766,55.84,1,3
31554,1051800,39.03,1,2
31555,1051833,55.55,1,3
31556,1051866,53.67,1,3
31557,1051900,43.73,1,2
31558,1051933,48.4,1,2
31559,1051966,46.99,1,2
31560,1052000,42.75,1,2
31561,1052033,44.92,1,2
31562,1052066,43.84,1,2
31563,1052100,43.94,1,2
31564,1052133,40.78,1,2
31565,1052166,38.78,1,2
31566,1052200,45.46,1,2
31567,1052233,33.73,1,2
31568,1052266,32.17,1,2
31569,1052300,47.88,1,2
31570,1052333,27.72,1,2
31571,1052366,26.51,1,2
31572,1052400,45.89,1,2
31573,1052433,35.86,1,2
31574,1052466,34.19,1,2
31575,1052500,48.41,1,2
31576,1052533,34.99,1,2
31577,1052566,34.03,1,2
31578,1052600,49.57,1,2
31579,1052633,36.74,1,2
31580,1052666,35.97,1,2
31581,1052700,51.17,1,3
31582,1052733,43.51,1,2
31583,1052766,42.46,1,2
31584,1052800,49.46,1,2
31585,1052833,46.85,1,2
31586,1052866,46.37,1,2
31587,1052900,45.88,1,2
31588,1052933,48.8,1,2
31589,1052966,48.06,1,2
31590,1053000,36.22,1,2
31591,1053033,49.46,1,2
31592,1053066,48.28,1,2
31593,1053100,36.83,1,2
31594,1053133,58.42,1,3
31595,1053166,57.71,1,3
31596,1053200,33.96,1,2
31597,1053233,52.73,1,3
31598,1053266,51.72,1,3
31599,1053300,33.95,1,2
31600,1053333,49.7,1,2
31601,1053366,49.25,1,2
31602,1053400,30.61,1,2
31603,1053433,47.34,1,2
31604,1053466,46.52,1,2
31605,1053500,38.88,1,2
31606,1053533,48.36,1,2
31607,1053566,47.87,1,2
31608,1053600,42.31,1,2
31609,1053633,48.45,1,2
31610,1053666,47.48,1,2
31611,1053700,47.73,1,2
31612,1053733,44.93,1,2
31613,1053766,43.88,1,2
31614,1053800,47.86,1,2
31615,1053833,36.14,1,2
31616,1053866,34.84,1,2
31617,1053900,49.94,1,2
31618,1053933,37.53,1,2
31619,1053966,35.44,1,2
31620,1054000,51.81,1,3
31621,1054033,37.75,1,2
31622,1054066,36.42,1,2
31623,1054100,50.56,1,3
31624,1054133,36.41,1,2
31625,1054166,34.73,1,2
31626,1054200,44.98,1,2
31627,1054233,37.1,1,2
31628,1054266,35.72,1,2
31629,1054300,47.67,1,2
31630,1054333,41.34,1,2
31631,1054366,40.02,1,2
31632,1054400,46.28,1,2
31633,1054433,49.35,1,2
31634,1054466,47.86,1,2
31635,1054500,45.51,1,2
31636,1054533,48.68,1,2
31637,1054566,47.71,1,2
31638,1054600,32.86,1,2
31639,1054633,48.67,1,2
31640,1054666,47.85,1,2
31641,1054700,30.66,1,2
31642,1054733,47.1,1,2
31643,1054766,46.11,1,2
31644,1054800,27.98,1,2
31645,1054833,49.6,1,2
31646,1054866,48.91,1,2
31647,1054900,32.87,1,2
31648,1054933,48.73,1,2
31649,1054966,48.59,1,2
31650,1055000,33.44,1,2
31651,1055033,48.11,1,2
31652,1055066,47.47,1,2
31653,1055100,38.73,1,2
31654,1055133,49.76,1,2
31655,1055166,49.21,1,2
31656,1055200,40.3,1,2
31657,1055233,97.09,1,4
31658,1055266,97.11,1,4
31659,1055300,92.79,1,4
31660,1055333,94.3,1,4
31661,1055366,93.44,1,4
31662,1055400,88.46,1,4
31663,1055433,80,1,4
31664,1055466,77.05,1,4
31665,1055500,86.29,1,4
31666,1055533,68.44,1,3
31667,1055566,44.96,1,2
31668,1055600,52.22,1,3
31669,1055633,38.77,1,2
31670,1055666,36.88,1,2
31671,1055700,59.57,1,3
31672,1055733,44,1,2
31673,1055766,42.24,1,2
31674,1055800,56.48,1,3
31675,1055833,48.84,1,2
31676,1055866,47.23,1,2
31677,1055900,53.88,1,3
31678,1055933,41.9,1,2
31679,1055966,39.86,1,2
31680,1056000,47.07,1,2
31681,1056033,40.59,1,2
31682,1056066,39.24,1,2
31683,1056100,44.62,1,2
31684,1056133,44.06,1,2
31685,1056166,42.97,1,2
31686,1056200,32.34,1,2
31687,1056233,44.95,1,2
31688,1056266,43.99,1,2
31689,1056300,33.79,1,2
31690,1056333,48.35,1,2
31691,1056366,47.49,1,2
31692,1056400,25.9,1,2
31693,1056433,48.38,1,2
31694,1056466,47.67,1,2
31695,1056500,31.19,1,2
31696,1056533,49.63,1,2
31697,1056566,48.66,1,2
31698,1056600,30.8,1,2
31699,1056633,49.4,1,2
31700,1056666,48.85,1,2
31701,1056700,40.49,1,2
31702,1056733,50.51,1,3
31703,1056766,50.55,1,3
31704,1056800,39.97,1,2
31705,1056833,53.42,1,3
31706,1056866,52.49,1,3
31707,1056900,50.65,1,3
31708,1056933,54.97,1,3
31709,1056966,54.05,1,3
31710,1057000,52.04,1,3
31711,1057033,49.28,1,2
31712,1057066,47.93,1,2
31713,1057100,58.78,1,3
31714,1057133,37.83,1,2
31715,1057166,36.56,1,2
31716,1057200,49.01,1,2
31717,1057233,31.95,1,2
31718,1057266,30.77,1,2
31719,1057300,51.23,1,3
31720,1057333,36.1,1,2
31721,1057366,35.15,1,2
31722,1057400,56.25,1,3
31723,1057433,47.39,1,2
31724,1057466,46.2,1,2
31725,1057500,64.62,1,3
31726,1057533,64.18,1,3
31727,1057566,64.87,1,3
31728,1057600,55.48,1,3
31729,1057633,46.98,1,2
31730,1057666,44.83,1,2
31731,1057700,49.26,1,2
31732,1057733,44,1,2
31733,1057766,42.89,1,2
31734,1057800,31.57,1,2
31735,1057833,42.88,1,2
31736,1057866,41.92,1,2
31737,1057900,31.73,1,2
31738,1057933,43.53,1,2
31739,1057966,43.1,1,2
31740,1058000,23.39,1,1
31741,1058033,44.6,1,2
31742,1058066,43.56,1,2
31743,1058100,28.26,1,2
31744,1058133,46.42,1,2
31745,1058166,45.84,1,2
31746,1058200,27.93,1,2
31747,1058233,48.49,1,2
31748,1058266,47.92,1,2
31749,1058300,34.2,1,2
31750,1058333,59.07,1,3
31751,1058366,58.16,1,3
31752,1058400,48.75,1,2
31753,1058433,58.11,1,3
31754,1058466,57.09,1,3
31755,1058500,47.34,1,2
31756,1058533,54.27,1,3
31757,1058566,52.71,1,3
31758,1058600,49.41,1,2
31759,1058633,50.1,1,3
31760,1058666,47.02,1,2
31761,1058700,46.87,1,2
31762,1058733,53.38,1,3
31763,1058766,51.26,1,3
31764,1058800,56.27,1,3
31765,1058833,41.2,1,2
31766,1058866,38.93,1,2
31767,1058900,50.25,1,3
31768,1058933,37.82,1,2
31769,1058966,36.69,1,2
31770,1059000,48.43,1,2
31771,1059033,34.22,1,2
31772,1059066,33.22,1,2
31773,1059100,42.83,1,2
31774,1059133,31.4,1,2
31775,1059166,30.25,1,2
31776,1059200,47.31,1,2
31777,1059233,98.17,1,4
31778,1059266,97.56,1,4
31779,1059300,94.66,1,4
31780,1059333,94.74,1,4
31781,1059366,93.38,1,4
31782,1059400,92.47,1,4
31783,1059433,92.41,1,4
31784,1059466,91.66,1,4
31785,1059500,78.41,1,4
31786,1059533,87.68,1,4
31787,1059566,61.21,1,3
31788,1059600,37.57,1,2
31789,1059633,50.82,1,3
31790,1059666,47.95,1,2
31791,1059700,27.67,1,2
31792,1059733,48.29,1,2
31793,1059766,46.39,1,2
31794,1059800,29.51,1,2
31795,1059833,46.1,1,2
31796,1059866,45.38,1,2
31797,1059900,33.28,1,2
31798,1059933,48.94,1,2
31799,1059966,47.43,1,2
31800,1060000,40.29,1,2
31801,1060033,53.13,1,3
31802,1060066,51.73,1,3
31803,1060100,42.15,1,2
31804,1060133,48.7,1,2
31805,1060166,47.45,1,2
31806,1060200,47.15,1,2
31807,1060233,39.61,1,2
31808,1060266,38.12,1,2
31809,1060300,45.53,1,2
31810,1060333,35.5,1,2
31811,1060366,33.94,1,2
31812,1060400,48.15,1,2
31813,1060433,37.74,1,2
31814,1060466,36.21,1,2
31815,1060500,54.8,1,3
31816,1060533,40.32,1,2
31817,1060566,38.72,1,2
31818,1060600,56.03,1,3
31819,1060633,43.21,1,2
31820,1060666,41.16,1,2
31821,1060700,50.42,1,3
31822,1060733,37.74,1,2
31823,1060766,36.73,1,2
31824,1060800,47.27,1,2
31825,1060833,42.39,1,2
31826,1060866,41.27,1,2
31827,1060900,44.44,1,2
31828,1060933,42.35,1,2
31829,1060966,41.37,1,2
31830,1061000,50.19,1,3
31831,1061033,46.63,1,2
31832,1061066,45.2,1,2
31833,1061100,38.23,1,2
31834,1061133,44.08,1,2
31835,1061166,42.83,1,2
31836,1061200,34.11,1,2
31837,1061233,46.92,1,2
31838,1061266,44.63,1,2
31839,1061300,24.14,1,1
31840,1061333,43.34,1,2
31841,1061366,42.71,1,2
31842,1061400,28.71,1,2
31843,1061433,44.08,1,2
31844,1061466,42.9,1,2
31845,1061500,27.44,1,2
31846,1061533,44.04,1,2
31847,1061566,42.54,1,2
31848,1061600,33.52,1,2
31849,1061633,44.41,1,2
31850,1061666,43.53,1,2
31851,1061700,33.5,1,2
31852,1061733,44.2,1,2
31853,1061766,43.48,1,2
31854,1061800,38.95,1,2
31855,1061833,42.95,1,2
31856,1061866,42.33,1,2
31857,1061900,42.07,1,2
31858,1061933,40.35,1,2
31859,1061966,39.73,1,2
31860,1062000,46.78,1,2
31861,1062033,33.79,1,2
31862,1062066,32.54,1,2
31863,1062100,45.39,1,2
31864,1062133,27.24,1,2
31865,1062166,25.51,1,2
31866,1062200,44.91,1,2
31867,1062233,30.18,1,2
31868,1062266,29.71,1,2
31869,1062300,45.07,1,2
31870,1062333,32.21,1,2
31871,1062366,30.96,1,2
31872,1062400,45.78,1,2
31873,1062433,39.95,1,2
31874,1062466,38.57,1,2
31875,1062500,50.28,1,3
31876,1062533,42.59,1,2
31877,1062566,40.26,1,2
31878,1062600,46.56,1,2
31879,1062633,45.71,1,2
31880,1062666,44.37,1,2
31881,1062700,44.8,1,2
31882,1062733,47.31,1,2
31883,1062766,46.68,1,2
31884,1062800,40.73,1,2
31885,1062833,49.36,1,2
31886,1062866,48.87,1,2
31887,1062900,33.25,1,2
31888,1062933,47.57,1,2
31889,1062966,46.81,1,2
31890,1063000,33.7,1,2
31891,1063033,46.79,1,2
31892,1063066,45.7,1,2
31893,1063100,37.19,1,2
31894,1063133,51.38,1,3
31895,1063166,50.5,1,3
31896,1063200,44.93,1,2
31897,1063233,97.88,1,4
31898,1063266,97.43,1,4
31899,1063300,92.02,1,4
31900,1063333,94.65,1,4
31901,1063366,94.38,1,4
31902,1063400,92.27,1,4
31903,1063433,90.41,1,4
31904,1063466,88.44,1,4
31905,1063500,86.83,1,4
31906,1063533,84.28,1,4
31907,1063566,55.99,1,3
31908,1063600,58.73,1,3
31909,1063633,42.26,1,2
31910,1063666,62.59,1,3
31911,1063700,60.22,1,3
31912,1063733,46.32,1,2
31913,1063766,52.72,1,3
31914,1063800,50.95,1,3
31915,1063833,33.37,1,2
31916,1063866,49.39,1,2
31917,1063900,48.42,1,2
31918,1063933,34.33,1,2
31919,1063966,48.85,1,2
31920,1064000,47.43,1,2
31921,1064033,32.54,1,2
31922,1064066,46.91,1,2
31923,1064100,45.8,1,2
31924,1064133,36.42,1,2
31925,1064166,46.56,1,2
31926,1064200,45.32,1,2
31927,1064233,43.85,1,2
31928,1064266,45.2,1,2
31929,1064300,43.37,1,2
31930,1064333,44.16,1,2
31931,1064366,43.9,1,2
31932,1064400,42.53,1,2
31933,1064433,43.48,1,2
31934,1064466,41.59,1,2
31935,1064500,38.79,1,2
31936,1064533,49.55,1,2
31937,1064566,42.95,1,2
31938,1064600,41.06,1,2
31939,1064633,48.62,1,2
31940,1064666,39.03,1,2
31941,1064700,38.18,1,2
31942,1064733,50.78,1,3
31943,1064766,40.9,1,2
31944,1064800,39.91,1,2
31945,1064833,56.3,1,3
31946,1064866,46.6,1,2
31947,1064900,44.41,1,2
31948,1064933,65.27,1,3
31949,1064966,60.83,1,3
31950,1065000,58.64,1,3
31951,1065033,74.34,1,3
31952,1065066,63.2,1,3
31953,1065100,62.3,1,3
31954,1065133,64.42,1,3
31955,1065166,57.35,1,3
31956,1065200,56.03,1,3
31957,1065233,44.86,1,2
31958,1065266,51.07,1,3
31959,1065300,49.93,1,2
31960,1065333,34.11,1,2
31961,1065366,51.22,1,3
31962,1065400,49.53,1,2
31963,1065433,33.17,1,2
31964,1065466,49.67,1,2
31965,1065500,48.94,1,2
31966,1065533,34.43,1,2
31967,1065566,48.8,1,2
31968,1065600,47.48,1,2
31969,1065633,32.46,1,2
31970,1065666,42.61,1,2
31971,1065700,41.5,1,2
31972,1065733,33.52,1,2
31973,1065766,43.5,1,2
31974,1065800,42.05,1,2
31975,1065833,36.1,1,2
31976,1065866,39.83,1,2
31977,1065900,38.34,1,2
31978,1065933,40.57,1,2
31979,1065966,39.06,1,2
31980,1066000,38.41,1,2
31981,1066033,42.76,1,2
31982,1066066,35.93,1,2
31983,1066100,34.67,1,2
31984,1066133,44.67,1,2
31985,1066166,31.93,1,2
31986,1066200,30.98,1,2
31987,1066233,46.99,1,2
31988,1066266,33.86,1,2
31989,1066300,32.85,1,2
31990,1066333,49.86,1,2
31991,1066366,36.95,1,2
31992,1066400,35.89,1,2
31993,1066433,47.93,1,2
31994,1066466,42.06,1,2
31995,1066500,39.76,1,2
31996,1066533,49.47,1,2
31997,1066566,44.08,1,2
31998,1066600,42.65,1,2
31999,1066633,55.48,1,3
32000,1066666,66.13,1,3
32001,1066700,64.02,1,3
32002,1066733,68.17,1,3
32003,1066766,68.52,1,3
32004,1066800,66.08,1,3
32005,1066833,70.28,1,3
32006,1066866,64.83,1,3
32007,1066900,62.64,1,3
32008,1066933,45.94,1,2
32009,1066966,52.43,1,3
32010,1067000,49.61,1,2
32011,1067033,28.62,1,2
32012,1067066,46.52,1,2
32013,1067100,45.07,1,2
32014,1067133,26.59,1,2
32015,1067166,46.15,1,2
32016,1067200,44.92,1,2
32017,1067233,92.64,1,4
32018,1067266,98.44,1,4
32019,1067300,97.51,1,4
32020,1067333,85.14,1,4
32021,1067366,94.4,1,4
32022,1067400,93.54,1,4
32023,1067433,85.25,1,4
32024,1067466,90.09,1,4
32025,1067500,88.89,1,4
32026,1067533,78.66,1,4
32027,1067566,50.31,1,3
32028,1067600,43.08,1,2
32029,1067633,47.34,1,2
32030,1067666,45.56,1,2
32031,1067700,43,1,2
32032,1067733,43.17,1,2
32033,1067766,38.87,1,2
32034,1067800,37.08,1,2
32035,1067833,47.22,1,2
32036,1067866,32.98,1,2
32037,1067900,31.57,1,2
32038,1067933,46.74,1,2
32039,1067966,30.99,1,2
32040,1068000,28.98,1,2
32041,1068033,51.51,1,3
32042,1068066,36.81,1,2
32043,1068100,35.77,1,2
32044,1068133,51.78,1,3
32045,1068166,43.82,1,2
32046,1068200,43.18,1,2
32047,1068233,54.51,1,3
32048,1068266,49.41,1,2
32049,1068300,47.99,1,2
32050,1068333,51.61,1,3
32051,1068366,50.72,1,3
32052,1068400,49.31,1,2
32053,1068433,53.08,1,3
32054,1068466,58.3,1,3
32055,1068500,56.93,1,3
32056,1068533,54.41,1,3
32057,1068566,62.22,1,3
32058,1068600,60.74,1,3
32059,1068633,49.65,1,2
32060,1068666,59.52,1,3
32061,1068700,58.06,1,3
32062,1068733,30.32,1,2
32063,1068766,45.83,1,2
32064,1068800,44.81,1,2
32065,1068833,32.26,1,2
32066,1068866,44.84,1,2
32067,1068900,43.21,1,2
32068,1068933,30.74,1,2
32069,1068966,46.89,1,2
32070,1069000,45.53,1,2
32071,1069033,36.02,1,2
32072,1069066,44.59,1,2
32073,1069100,43.89,1,2
32074,1069133,38.69,1,2
32075,1069166,41.29,1,2
32076,1069200,40.23,1,2
32077,1069233,39.8,1,2
32078,1069266,34.51,1,2
32079,1069300,33.72,1,2
32080,1069333,40,1,2
32081,1069366,28.72,1,2
32082,1069400,27.21,1,2
32083,1069433,41.07,1,2
32084,1069466,28.14,1,2
32085,1069500,26.94,1,2
32086,1069533,40.97,1,2
32087,1069566,27.69,1,2
32088,1069600,27.01,1,2
32089,1069633,43.38,1,2
32090,1069666,31.62,1,2
32091,1069700,30.95,1,2
32092,1069733,41.65,1,2
32093,1069766,34.39,1,2
32094,1069800,33.56,1,2
32095,1069833,47.48,1,2
32096,1069866,41.41,1,2
32097,1069900,40.19,1,2
32098,1069933,46.24,1,2
32099,1069966,46.25,1,2
32100,1070000,43.51,1,2
32101,1070033,47.96,1,2
32102,1070066,47.09,1,2
32103,1070100,44.86,1,2
32104,1070133,43.62,1,2
32105,1070166,48.2,1,2
32106,1070200,46.74,1,2
32107,1070233,36.68,1,2
32108,1070266,46.18,1,2
32109,1070300,44.97,1,2
32110,1070333,33.21,1,2
32111,1070366,52.02,1,3
32112,1070400,50.85,1,3
32113,1070433,34.83,1,2
32114,1070466,53.45,1,3
32115,1070500,52.63,1,3
32116,1070533,35.14,1,2
32117,1070566,48.88,1,2
32118,1070600,47.82,1,2
32119,1070633,37.14,1,2
32120,1070666,47.5,1,2
32121,1070700,46.48,1,2
32122,1070733,37.57,1,2
32123,1070766,47.99,1,2
32124,1070800,46.45,1,2
32125,1070833,42.08,1,2
32126,1070866,46.03,1,2
32127,1070900,44.42,1,2
32128,1070933,40.66,1,2
32129,1070966,43.52,1,2
32130,1071000,42.37,1,2
32131,1071033,44.19,1,2
32132,1071066,33.77,1,2
32133,1071100,32.06,1,2
32134,1071133,40.07,1,2
32135,1071166,30.11,1,2
32136,1071200,28.97,1,2
32137,1071233,99.82,1,4
32138,1071266,87.76,1,4
32139,1071300,86.44,1,4
32140,1071333,96.09,1,4
32141,1071366,81.18,1,4
32142,1071400,79.7,1,4
32143,1071433,91.42,1,4
32144,1071466,79.41,1,4
32145,1071500,75.95,1,4
32146,1071533,82,1,4
32147,1071566,54.37,1,3
32148,1071600,47.5,1,2
32149,1071633,48.91,1,2
32150,1071666,46.21,1,2
32151,1071700,43.6,1,2
32152,1071733,39.54,1,2
32153,1071766,49.01,1,2
32154,1071800,45.86,1,2
32155,1071833,34.08,1,2
32156,1071866,46.18,1,2
32157,1071900,45.22,1,2
32158,1071933,23.73,1,1
32159,1071966,43.77,1,2
32160,1072000,42.49,1,2
32161,1072033,27.62,1,2
32162,1072066,43.17,1,2
32163,1072100,42.06,1,2
32164,1072133,27.33,1,2
32165,1072166,49.04,1,2
32166,1072200,47.79,1,2
32167,1072233,37.9,1,2
32168,1072266,46.2,1,2
32169,1072300,45.26,1,2
32170,1072333,35.95,1,2
32171,1072366,43.58,1,2
32172,1072400,42.35,1,2
32173,1072433,41.34,1,2
32174,1072466,43.54,1,2
32175,1072500,42.48,1,2
32176,1072533,42.72,1,2
32177,1072566,43.19,1,2
32178,1072600,41.75,1,2
32179,1072633,47.31,1,2
32180,1072666,38.57,1,2
32181,1072700,37.11,1,2
32182,1072733,44.07,1,2
32183,1072766,33.33,1,2
32184,1072800,32.05,1,2
32185,1072833,45.34,1,2
32186,1072866,34.29,1,2
32187,1072900,33.15,1,2
32188,1072933,46.14,1,2
32189,1072966,40.13,1,2
32190,1073000,39.08,1,2
32191,1073033,59.22,1,3
32192,1073066,48.63,1,2
32193,1073100,47.52,1,2
32194,1073133,52.8,1,3
32195,1073166,46.13,1,2
32196,1073200,43.99,1,2
32197,1073233,49.15,1,2
32198,1073266,41.9,1,2
32199,1073300,40.43,1,2
32200,1073333,36.64,1,2
32201,1073366,40.28,1,2
32202,1073400,38.85,1,2
32203,1073433,33.94,1,2
32204,1073466,42.27,1,2
32205,1073500,41.28,1,2
32206,1073533,27.36,1,2
32207,1073566,40.99,1,2
32208,1073600,39.99,1,2
32209,1073633,25.77,1,2
32210,1073666,40.06,1,2
32211,1073700,39.58,1,2
32212,1073733,23.98,1,1
32213,1073766,41.47,1,2
32214,1073800,40.71,1,2
32215,1073833,25.9,1,2
32216,1073866,43.2,1,2
32217,1073900,42.83,1,2
32218,1073933,30.01,1,2
32219,1073966,42.21,1,2
32220,1074000,41.64,1,2
32221,1074033,38.74,1,2
32222,1074066,42.84,1,2
32223,1074100,41.36,1,2
32224,1074133,37.56,1,2
32225,1074166,40.99,1,2
32226,1074200,39.84,1,2
32227,1074233,41.76,1,2
32228,1074266,42.04,1,2
32229,1074300,40.93,1,2
32230,1074333,42.36,1,2
32231,1074366,34.29,1,2
32232,1074400,32.99,1,2
32233,1074433,46.84,1,2
32234,1074466,32.58,1,2
32235,1074500,31.66,1,2
32236,1074533,42.49,1,2
32237,1074566,33.4,1,2
32238,1074600,32.3,1,2
32239,1074633,47.06,1,2
32240,1074666,41.21,1,2
32241,1074700,40.27,1,2
32242,1074733,51.34,1,3
32243,1074766,51.86,1,3
32244,1074800,50.59,1,3
32245,1074833,66.83,1,3
32246,1074866,66.73,1,3
32247,1074900,65.99,1,3
32248,1074933,76.23,1,4
32249,1074966,67.19,1,3
32250,1075000,69.23,1,3
32251,1075033,59.71,1,3
32252,1075066,55.36,1,3
32253,1075100,53.77,1,3
32254,1075133,36.16,1,2
32255,1075166,46.55,1,2
32256,1075200,44.48,1,2
32257,1075233,92.3,1,4
32258,1075266,98.94,1,4
32259,1075300,97.82,1,4
32260,1075333,83.05,1,4
32261,1075366,93.87,1,4
32262,1075400,93.15,1,4
32263,1075433,80.96,1,4
32264,1075466,88.85,1,4
32265,1075500,85.89,1,4
32266,1075533,76.15,1,4
32267,1075566,51.64,1,3
32268,1075600,45.94,1,2
32269,1075633,36.12,1,2
32270,1075666,42.5,1,2
32271,1075700,39.52,1,2
32272,1075733,37.27,1,2
32273,1075766,39.5,1,2
32274,1075800,37.4,1,2
32275,1075833,37.9,1,2
32276,1075866,31.67,1,2
32277,1075900,30.46,1,2
32278,1075933,43.28,1,2
32279,1075966,27.79,1,2
32280,1076000,25.57,1,2
32281,1076033,41.07,1,2
32282,1076066,29.32,1,2
32283,1076100,27.83,1,2
32284,1076133,48.62,1,2
32285,1076166,31.66,1,2
32286,1076200,30.91,1,2
32287,1076233,44.87,1,2
32288,1076266,33.71,1,2
32289,1076300,32.45,1,2
32290,1076333,47.1,1,2
32291,1076366,37.9,1,2
32292,1076400,36.3,1,2
32293,1076433,43.48,1,2
32294,1076466,36.82,1,2
32295,1076500,33.73,1,2
32296,1076533,42.43,1,2
32297,1076566,40.41,1,2
32298,1076600,38.4,1,2
32299,1076633,48.11,1,2
32300,1076666,47.82,1,2
32301,1076700,45.61,1,2
32302,1076733,58.43,1,3
32303,1076766,59.42,1,3
32304,1076800,58.35,1,3
32305,1076833,40.25,1,2
32306,1076866,47.98,1,2
32307,1076900,46.33,1,2
32308,1076933,28.55,1,2
32309,1076966,42.59,1,2
32310,1077000,41.69,1,2
32311,1077033,24.92,1,1
32312,1077066,39.74,1,2
32313,1077100,38.71,1,2
32314,1077133,28.58,1,2
32315,1077166,40.01,1,2
32316,1077200,39.03,1,2
32317,1077233,28.61,1,2
32318,1077266,40.38,1,2
32319,1077300,39.25,1,2
32320,1077333,31.39,1,2
32321,1077366,37.25,1,2
32322,1077400,36.78,1,2
32323,1077433,35.85,1,2
32324,1077466,34.89,1,2
32325,1077500,34.15,1,2
32326,1077533,37.35,1,2
32327,1077566,27.85,1,2
32328,1077600,26.62,1,2
32329,1077633,37.87,1,2
32330,1077666,30.37,1,2
32331,1077700,29.12,1,2
32332,1077733,42.94,1,2
32333,1077766,32.12,1,2
32334,1077800,31.12,1,2
32335,1077833,43.05,1,2
32336,1077866,34.82,1,2
32337,1077900,33.99,1,2
32338,1077933,47.59,1,2
32339,1077966,38.96,1,2
32340,1078000,35.34,1,2
32341,1078033,49.69,1,2
32342,1078066,43.59,1,2
32343,1078100,42.27,1,2
32344,1078133,48.4,1,2
32345,1078166,48.1,1,2
32346,1078200,44.97,1,2
32347,1078233,43.04,1,2
32348,1078266,44.94,1,2
32349,1078300,43.27,1,2
32350,1078333,37.26,1,2
32351,1078366,48.03,1,2
32352,1078400,46.75,1,2
32353,1078433,38.72,1,2
32354,1078466,48.63,1,2
32355,1078500,46.63,1,2
32356,1078533,32.98,1,2
32357,1078566,50.38,1,3
32358,1078600,48.58,1,2
32359,1078633,30.13,1,2
32360,1078666,40.73,1,2
32361,1078700,40.15,1,2
32362,1078733,27.82,1,2
32363,1078766,38.6,1,2
32364,1078800,37.77,1,2
32365,1078833,30.24,1,2
32366,1078866,40.02,1,2
32367,1078900,38.75,1,2
32368,1078933,30.24,1,2
32369,1078966,41.38,1,2
32370,1079000,40.61,1,2
32371,1079033,34.13,1,2
32372,1079066,36.79,1,2
32373,1079100,36.14,1,2
32374,1079133,34.83,1,2
32375,1079166,32.61,1,2
32376,1079200,31.54,1,2
32377,1079233,97.46,1,4
32378,1079266,91.08,1,4
32379,1079300,89.7,1,4
32380,1079333,96.12,1,4
32381,1079366,84.64,1,4
32382,1079400,84.05,1,4
32383,1079433,92.06,1,4
32384,1079466,78.23,1,4
32385,1079500,75.15,1,4
32386,1079533,87.1,1,4
32387,1079566,33.28,1,2
32388,1079600,27.71,1,2
32389,1079633,44.17,1,2
32390,1079666,34.14,1,2
32391,1079700,32.14,1,2
32392,1079733,48.34,1,2
32393,1079766,39.66,1,2
32394,1079800,38.33,1,2
32395,1079833,50.19,1,3
32396,1079866,41.98,1,2
32397,1079900,40.91,1,2
32398,1079933,45.11,1,2
32399,1079966,43.68,1,2
32400,1080000,42.18,1,2
32401,1080033,41.02,1,2
32402,1080066,42.83,1,2
32403,1080100,41.87,1,2
32404,1080133,34.45,1,2
32405,1080166,41.86,1,2
32406,1080200,41.08,1,2
32407,1080233,31.16,1,2
32408,1080266,42.87,1,2
32409,1080300,41.02,1,2
32410,1080333,27.82,1,2
32411,1080366,45.67,1,2
32412,1080400,44.56,1,2
32413,1080433,32.44,1,2
32414,1080466,46.72,1,2
32415,1080500,45.7,1,2
32416,1080533,33.97,1,2
32417,1080566,42.26,1,2
32418,1080600,41.96,1,2
32419,1080633,35.29,1,2
32420,1080666,41.45,1,2
32421,1080700,40.72,1,2
32422,1080733,39.56,1,2
32423,1080766,40.1,1,2
32424,1080800,39.03,1,2
32425,1080833,40.61,1,2
32426,1080866,36.88,1,2
32427,1080900,35.65,1,2
32428,1080933,41.93,1,2
32429,1080966,32.75,1,2
32430,1081000,31.99,1,2
32431,1081033,42.72,1,2
32432,1081066,36.41,1,2
32433,1081100,35.16,1,2
32434,1081133,52.32,1,3
32435,1081166,39.27,1,2
32436,1081200,37.46,1,2
32437,1081233,53.57,1,3
32438,1081266,43.83,1,2
32439,1081300,41.86,1,2
32440,1081333,49.47,1,2
32441,1081366,39.43,1,2
32442,1081400,37.96,1,2
32443,1081433,40.67,1,2
32444,1081466,37.26,1,2
32445,1081500,35.79,1,2
32446,1081533,36.35,1,2
32447,1081566,36.33,1,2
32448,1081600,35.14,1,2
32449,1081633,33.52,1,2
32450,1081666,49.04,1,2
32451,1081700,46.99,1,2
32452,1081733,32.5,1,2
32453,1081766,39.31,1,2
32454,1081800,38.21,1,2
32455,1081833,25.72,1,2
32456,1081866,37.79,1,2
32457,1081900,36.58,1,2
32458,1081933,22.92,1,1
32459,1081966,36.93,1,2
32460,1082000,35.83,1,2
32461,1082033,23.68,1,1
32462,1082066,41.09,1,2
32463,1082100,40.4,1,2
32464,1082133,29.8,1,2
32465,1082166,40.95,1,2
32466,1082200,40.13,1,2
32467,1082233,35.6,1,2
32468,1082266,40.11,1,2
32469,1082300,39.48,1,2
32470,1082333,37.82,1,2
32471,1082366,39.59,1,2
32472,1082400,39.16,1,2
32473,1082433,40.11,1,2
32474,1082466,40.13,1,2
32475,1082500,39.35,1,2
32476,1082533,44.69,1,2
32477,1082566,41.26,1,2
32478,1082600,40.1,1,2
32479,1082633,44.06,1,2
32480,1082666,37.48,1,2
32481,1082700,35.49,1,2
32482,1082733,43.88,1,2
32483,1082766,29.7,1,2
32484,1082800,28.84,1,2
32485,1082833,41.87,1,2
32486,1082866,30.73,1,2
32487,1082900,28.56,1,2
32488,1082933,49.86,1,2
32489,1082966,39.69,1,2
32490,1083000,37.95,1,2
32491,1083033,54.57,1,3
32492,1083066,60.79,1,3
32493,1083100,60.17,1,3
32494,1083133,70.24,1,3
32495,1083166,55.2,1,3
32496,1083200,52.89,1,3
32497,1083233,98.31,1,4
32498,1083266,92.62,1,4
32499,1083300,92.68,1,4
32500,1083333,97.17,1,4
32501,1083366,94.17,1,4
32502,1083400,91.94,1,4
32503,1083433,84.45,1,4
32504,1083466,91.55,1,4
32505,1083500,89.1,1,4
32506,1083533,71.02,1,3
32507,1083566,63.65,1,3
32508,1083600,51,1,3
32509,1083633,34.5,1,2
32510,1083666,45.33,1,2
32511,1083700,43.32,1,2
32512,1083733,33.41,1,2
32513,1083766,40.29,1,2
32514,1083800,39.27,1,2
32515,1083833,32.93,1,2
32516,1083866,40.93,1,2
32517,1083900,40.08,1,2
32518,1083933,33.15,1,2
32519,1083966,37.85,1,2
32520,1084000,36.62,1,2
32521,1084033,37.31,1,2
32522,1084066,37.27,1,2
32523,1084100,36.4,1,2
32524,1084133,39.13,1,2
32525,1084166,34.66,1,2
32526,1084200,32.64,1,2
32527,1084233,42.08,1,2
32528,1084266,35.02,1,2
32529,1084300,34.38,1,2
32530,1084333,46.09,1,2
32531,1084366,38.02,1,2
32532,1084400,35.95,1,2
32533,1084433,44.92,1,2
32534,1084466,32.6,1,2
32535,1084500,31.18,1,2
32536,1084533,44.78,1,2
32537,1084566,33.13,1,2
32538,1084600,31.9,1,2
32539,1084633,41.25,1,2
32540,1084666,34.91,1,2
32541,1084700,33.31,1,2
32542,1084733,47.85,1,2
32543,1084766,47.93,1,2
32544,1084800,47.37,1,2
32545,1084833,60.93,1,3
32546,1084866,52.25,1,3
32547,1084900,50.42,1,3
32548,1084933,68.74,1,3
32549,1084966,55.88,1,3
32550,1085000,54.33,1,3
32551,1085033,47.71,1,2
32552,1085066,46.1,1,2
32553,1085100,44.94,1,2
32554,1085133,35.78,1,2
32555,1085166,42.06,1,2
32556,1085200,40.7,1,2
32557,1085233,24.61,1,1
32558,1085266,37.74,1,2
32559,1085300,36.54,1,2
32560,1085333,21.23,1,1
32561,1085366,37.56,1,2
32562,1085400,36.76,1,2
32563,1085433,24.18,1,1
32564,1085466,36.3,1,2
32565,1085500,35.82,1,2
32566,1085533,25,1,1
32567,1085566,35.91,1,2
32568,1085600,35.17,1,2
32569,1085633,28.9,1,2
32570,1085666,37.98,1,2
32571,1085700,37.34,1,2
32572,1085733,33.58,1,2
32573,1085766,38.03,1,2
32574,1085800,36.29,1,2
32575,1085833,36.11,1,2
32576,1085866,39.09,1,2
32577,1085900,37.73,1,2
32578,1085933,40.69,1,2
32579,1085966,39.04,1,2
32580,1086000,37.69,1,2
32581,1086033,43.41,1,2
32582,1086066,36.65,1,2
32583,1086100,35.25,1,2
32584,1086133,45.72,1,2
32585,1086166,33,1,2
32586,1086200,32.26,1,2
32587,1086233,43.38,1,2
32588,1086266,35.84,1,2
32589,1086300,34.01,1,2
32590,1086333,47.87,1,2
32591,1086366,41.15,1,2
32592,1086400,39.53,1,2
32593,1086433,50.29,1,3
32594,1086466,36.95,1,2
32595,1086500,35.8,1,2
32596,1086533,42.68,1,2
32597,1086566,37.68,1,2
32598,1086600,35.39,1,2
32599,1086633,46.54,1,2
32600,1086666,49.23,1,2
32601,1086700,47.74,1,2
32602,1086733,49.62,1,2
32603,1086766,54.09,1,3
32604,1086800,53.1,1,3
32605,1086833,38.25,1,2
32606,1086866,41.13,1,2
32607,1086900,39.8,1,2
32608,1086933,24.42,1,1
32609,1086966,36.45,1,2
32610,1087000,35.7,1,2
32611,1087033,22.62,1,1
32612,1087066,35.72,1,2
32613,1087100,34.84,1,2
32614,1087133,23.72,1,1
32615,1087166,38.47,1,2
32616,1087200,37.52,1,2
32617,1087233,98.55,1,4
32618,1087266,92.73,1,4
32619,1087300,91.36,1,4
32620,1087333,87.75,1,4
32621,1087366,93.07,1,4
32622,1087400,92.19,1,4
32623,1087433,84.28,1,4
32624,1087466,79.4,1,4
32625,1087500,76.42,1,4
32626,1087533,74.19,1,3
32627,1087566,36.37,1,2
32628,1087600,29.89,1,2
32629,1087633,38.98,1,2
32630,1087666,26.2,1,2
32631,1087700,24.8,1,1
32632,1087733,36.77,1,2
32633,1087766,23.54,1,1
32634,1087800,22.04,1,1
32635,1087833,38.71,1,2
32636,1087866,26.32,1,2
32637,1087900,25.59,1,2
32638,1087933,38.54,1,2
32639,1087966,28.48,1,2
32640,1088000,27.77,1,2
32641,1088033,47.83,1,2
32642,1088066,36.27,1,2
32643,1088100,35.11,1,2
32644,1088133,46.67,1,2
32645,1088166,41.18,1,2
32646,1088200,39.57,1,2
32647,1088233,48.52,1,2
32648,1088266,43.9,1,2
32649,1088300,42.44,1,2
32650,1088333,42.88,1,2
32651,1088366,40.52,1,2
32652,1088400,39.27,1,2
32653,1088433,39.98,1,2
32654,1088466,42.84,1,2
32655,1088500,41.75,1,2
32656,1088533,37.49,1,2
32657,1088566,40.58,1,2
32658,1088600,39.11,1,2
32659,1088633,32.45,1,2
32660,1088666,44.31,1,2
32661,1088700,42.74,1,2
32662,1088733,26.21,1,2
32663,1088766,42.27,1,2
32664,1088800,41.21,1,2
32665,1088833,27.2,1,2
32666,1088866,38.88,1,2
32667,1088900,38.3,1,2
32668,1088933,26.78,1,2
32669,1088966,39.44,1,2
32670,1089000,38.37,1,2
32671,1089033,30.02,1,2
32672,1089066,39.77,1,2
32673,1089100,39.01,1,2
32674,1089133,31.71,1,2
32675,1089166,38.59,1,2
32676,1089200,36.72,1,2
32677,1089233,34.26,1,2
32678,1089266,34.78,1,2
32679,1089300,34.22,1,2
32680,1089333,34.57,1,2
32681,1089366,27.41,1,2
32682,1089400,26.18,1,2
32683,1089433,35.04,1,2
32684,1089466,26.61,1,2
32685,1089500,25.8,1,2
32686,1089533,36.06,1,2
32687,1089566,23.56,1,1
32688,1089600,22.66,1,1
32689,1089633,36.23,1,2
32690,1089666,24.27,1,1
32691,1089700,23.48,1,1
32692,1089733,34.8,1,2
32693,1089766,25.69,1,2
32694,1089800,24.72,1,1
32695,1089833,34.16,1,2
32696,1089866,30.89,1,2
32697,1089900,30.05,1,2
32698,1089933,34.05,1,2
32699,1089966,33.2,1,2
32700,1090000,32.19,1,2
32701,1090033,35.34,1,2
32702,1090066,35.84,1,2
32703,1090100,34.74,1,2
32704,1090133,28.3,1,2
32705,1090166,34.47,1,2
32706,1090200,33.81,1,2
32707,1090233,21.14,1,1
32708,1090266,36.51,1,2
32709,1090300,36.05,1,2
32710,1090333,24.73,1,1
32711,1090366,42.88,1,2
32712,1090400,41.95,1,2
32713,1090433,27.37,1,2
32714,1090466,45.12,1,2
32715,1090500,44.14,1,2
32716,1090533,30.25,1,2
32717,1090566,42.76,1,2
32718,1090600,41.56,1,2
32719,1090633,29.49,1,2
32720,1090666,39.31,1,2
32721,1090700,38.53,1,2
32722,1090733,31.34,1,2
32723,1090766,37.55,1,2
32724,1090800,36.87,1,2
32725,1090833,33.8,1,2
32726,1090866,36.29,1,2
32727,1090900,35.63,1,2
32728,1090933,32.04,1,2
32729,1090966,33.03,1,2
32730,1091000,32.22,1,2
32731,1091033,35.75,1,2
32732,1091066,35.07,1,2
32733,1091100,34.23,1,2
32734,1091133,37.87,1,2
32735,1091166,32.81,1,2
32736,1091200,30.82,1,2
32737,1091233,100.02,1,4
32738,1091266,90.58,1,4
32739,1091300,89.2,1,4
32740,1091333,96.2,1,4
32741,1091366,87.18,1,4
32742,1091400,85.22,1,4
32743,1091433,93.21,1,4
32744,1091466,83.15,1,4
32745,1091500,81.1,1,4
32746,1091533,85.19,1,4
32747,1091566,46.9,1,2
32748,1091600,37.32,1,2
32749,1091633,44.14,1,2
32750,1091666,52.34,1,3
32751,1091700,48.26,1,2
32752,1091733,54.94,1,3
32753,1091766,54.58,1,3
32754,1091800,52.7,1,3
32755,1091833,48.61,1,2
32756,1091866,49.33,1,2
32757,1091900,46.78,1,2
32758,1091933,45.33,1,2
32759,1091966,45.69,1,2
32760,1092000,43,1,2
32761,1092033,29.46,1,2
32762,1092066,43.95,1,2
32763,1092100,42.81,1,2
32764,1092133,25.29,1,2
32765,1092166,39.5,1,2
32766,1092200,38.05,1,2
32767,1092233,22.86,1,1
32768,1092266,38.42,1,2
32769,1092300,37.23,1,2
32770,1092333,28.01,1,2
32771,1092366,41.42,1,2
32772,1092400,40.64,1,2
32773,1092433,30.25,1,2
32774,1092466,39.06,1,2
32775,1092500,38.04,1,2
32776,1092533,34.08,1,2
32777,1092566,37.09,1,2
32778,1092600,35.71,1,2
32779,1092633,35.56,1,2
32780,1092666,33.47,1,2
32781,1092700,31.78,1,2
32782,1092733,35.1,1,2
32783,1092766,31.91,1,2
32784,1092800,30.99,1,2
32785,1092833,35.62,1,2
32786,1092866,29.48,1,2
32787,1092900,28.89,1,2
32788,1092933,35.78,1,2
32789,1092966,23.34,1,1
32790,1093000,22.51,1,1
32791,1093033,34.24,1,2
32792,1093066,28.57,1,2
32793,1093100,26.33,1,2
32794,1093133,36.49,1,2
32795,1093166,33.5,1,2
32796,1093200,32.51,1,2
32797,1093233,40.11,1,2
32798,1093266,34.36,1,2
32799,1093300,33.72,1,2
32800,1093333,40.07,1,2
32801,1093366,38.2,1,2
32802,1093400,37.05,1,2
32803,1093433,35.85,1,2
32804,1093466,34.42,1,2
32805,1093500,33.79,1,2
32806,1093533,30.36,1,2
32807,1093566,38.01,1,2
32808,1093600,36.76,1,2
32809,1093633,29.67,1,2
32810,1093666,41.74,1,2
32811,1093700,40.91,1,2
32812,1093733,29.18,1,2
32813,1093766,42.71,1,2
32814,1093800,41.63,1,2
32815,1093833,26.27,1,2
32816,1093866,36.62,1,2
32817,1093900,35.52,1,2
32818,1093933,25.1,1,2
32819,1093966,33.3,1,2
32820,1094000,32.58,1,2
32821,1094033,27.22,1,2
32822,1094066,33.9,1,2
32823,1094100,32.77,1,2
32824,1094133,24.12,1,1
32825,1094166,36.84,1,2
32826,1094200,36.1,1,2
32827,1094233,30.61,1,2
32828,1094266,31.94,1,2
32829,1094300,31.61,1,2
32830,1094333,31.75,1,2
32831,1094366,32.5,1,2
32832,1094400,31.5,1,2
32833,1094433,34.04,1,2
32834,1094466,30.87,1,2
32835,1094500,30.17,1,2
32836,1094533,33.44,1,2
32837,1094566,27.64,1,2
32838,1094600,25.72,1,2
32839,1094633,34.39,1,2
32840,1094666,23.69,1,1
32841,1094700,22.96,1,1
32842,1094733,37.76,1,2
32843,1094766,26.56,1,2
32844,1094800,25.4,1,2
32845,1094833,37.03,1,2
32846,1094866,29.57,1,2
32847,1094900,28.97,1,2
32848,1094933,37.79,1,2
32849,1094966,33.33,1,2
32850,1095000,32.28,1,2
32851,1095033,43.79,1,2
32852,1095066,43.46,1,2
32853,1095100,42.15,1,2
32854,1095133,52.72,1,3
32855,1095166,45.16,1,2
32856,1095200,44.3,1,2
32857,1095233,96.74,1,4
32858,1095266,94.13,1,4
32859,1095300,93.26,1,4
32860,1095333,89.59,1,4
32861,1095366,92.1,1,4
32862,1095400,91.03,1,4
32863,1095433,77.84,1,4
32864,1095466,91.53,1,4
32865,1095500,90.2,1,4
32866,1095533,72.33,1,3
32867,1095566,63.53,1,3
32868,1095600,57.31,1,3
32869,1095633,54.2,1,3
32870,1095666,66.69,1,3
32871,1095700,64.72,1,3
32872,1095733,46.04,1,2
32873,1095766,46.4,1,2
32874,1095800,44.91,1,2
32875,1095833,37.83,1,2
32876,1095866,39.1,1,2
32877,1095900,35.66,1,2
32878,1095933,34.09,1,2
32879,1095966,33.77,1,2
32880,1096000,31.11,1,2
32881,1096033,35.93,1,2
32882,1096066,30.83,1,2
32883,1096100,29.24,1,2
32884,1096133,33.39,1,2
32885,1096166,24.73,1,1
32886,1096200,23.37,1,1
32887,1096233,32.19,1,2
32888,1096266,21.64,1,1
32889,1096300,20.43,1,1
32890,1096333,32.82,1,2
32891,1096366,21.37,1,1
32892,1096400,20.65,1,1
32893,1096433,32.86,1,2
32894,1096466,26.35,1,2
32895,1096500,25.42,1,2
32896,1096533,34.85,1,2
32897,1096566,27.11,1,2
32898,1096600,26.23,1,2
32899,1096633,33.75,1,2
32900,1096666,30.52,1,2
32901,1096700,29.48,1,2
32902,1096733,37.24,1,2
32903,1096766,33.42,1,2
32904,1096800,32.11,1,2
32905,1096833,34.44,1,2
32906,1096866,36.03,1,2
32907,1096900,34.98,1,2
32908,1096933,39.09,1,2
32909,1096966,40.72,1,2
32910,1097000,39.77,1,2
32911,1097033,38.9,1,2
32912,1097066,41.11,1,2
32913,1097100,40.57,1,2
32914,1097133,29.08,1,2
32915,1097166,37.13,1,2
32916,1097200,35.86,1,2
32917,1097233,23.34,1,1
32918,1097266,41.56,1,2
32919,1097300,39.62,1,2
32920,1097333,29.99,1,2
32921,1097366,45.75,1,2
32922,1097400,44.72,1,2
32923,1097433,36.25,1,2
32924,1097466,56.32,1,3
32925,1097500,54.46,1,3
32926,1097533,48.48,1,2
32927,1097566,53.53,1,3
32928,1097600,52.27,1,3
32929,1097633,46.2,1,2
32930,1097666,43.25,1,2
32931,1097700,42.4,1,2
32932,1097733,39.45,1,2
32933,1097766,34.06,1,2
32934,1097800,33.28,1,2
32935,1097833,31.01,1,2
32936,1097866,28.98,1,2
32937,1097900,27.37,1,2
32938,1097933,32.33,1,2
32939,1097966,21.29,1,1
32940,1098000,19.94,1,1
32941,1098033,30.32,1,2
32942,1098066,19.89,1,1
32943,1098100,18.98,1,1
32944,1098133,30.94,1,2
32945,1098166,22.01,1,1
32946,1098200,20.91,1,1
32947,1098233,32.15,1,2
32948,1098266,23.93,1,1
32949,1098300,23.31,1,1
32950,1098333,34.15,1,2
32951,1098366,28.72,1,2
32952,1098400,28.01,1,2
32953,1098433,34.54,1,2
32954,1098466,32.06,1,2
32955,1098500,31.23,1,2
32956,1098533,34.31,1,2
32957,1098566,32.32,1,2
32958,1098600,31.62,1,2
32959,1098633,33.21,1,2
32960,1098666,34.96,1,2
32961,1098700,33.71,1,2
32962,1098733,36.02,1,2
32963,1098766,40.41,1,2
32964,1098800,39.62,1,2
32965,1098833,30.46,1,2
32966,1098866,41.05,1,2
32967,1098900,40.08,1,2
32968,1098933,30.04,1,2
32969,1098966,40.37,1,2
32970,1099000,38.99,1,2
32971,1099033,28.91,1,2
32972,1099066,41.21,1,2
32973,1099100,40.6,1,2
32974,1099133,33,1,2
32975,1099166,45.8,1,2
32976,1099200,44.01,1,2
32977,1099233,96.18,1,4
32978,1099266,98.85,1,4
32979,1099300,98.26,1,4
32980,1099333,95.12,1,4
32981,1099366,99.16,1,4
32982,1099400,99.14,1,4
32983,1099433,91.42,1,4
32984,1099466,88.46,1,4
32985,1099500,86.01,1,4
32986,1099533,85.77,1,4
32987,1099566,54.7,1,3
32988,1099600,48.25,1,2
32989,1099633,51.6,1,3
32990,1099666,36.66,1,2
32991,1099700,32.59,1,2
32992,1099733,41.5,1,2
32993,1099766,30.55,1,2
32994,1099800,27.79,1,2
32995,1099833,35.64,1,2
32996,1099866,27.3,1,2
32997,1099900,25.9,1,2
32998,1099933,37.9,1,2
32999,1099966,30.59,1,2
33000,1100000,36.06,1,2
33001,1100033,39.14,1,2
33002,1100066,33.15,1,2
33003,1100100,30.86,1,2
33004,1100133,37.76,1,2
33005,1100166,33.18,1,2
33006,1100200,31.21,1,2
33007,1100233,34.13,1,2
33008,1100266,34.25,1,2
33009,1100300,32.45,1,2
33010,1100333,31.35,1,2
33011,1100366,31.43,1,2
33012,1100400,30.87,1,2
33013,1100433,27.47,1,2
33014,1100466,35.43,1,2
33015,1100500,35.09,1,2
33016,1100533,29.02,1,2
33017,1100566,37.32,1,2
33018,1100600,36.4,1,2
33019,1100633,26.56,1,2
33020,1100666,40.53,1,2
33021,1100700,39.11,1,2
33022,1100733,28.63,1,2
33023,1100766,41.45,1,2
33024,1100800,40.65,1,2
33025,1100833,29.81,1,2
33026,1100866,41.53,1,2
33027,1100900,40.49,1,2
33028,1100933,31.15,1,2
33029,1100966,38.63,1,2
33030,1101000,37.26,1,2
33031,1101033,32.99,1,2
33032,1101066,43.61,1,2
33033,1101100,40.41,1,2
33034,1101133,39.42,1,2
33035,1101166,51.97,1,3
33036,1101200,50.65,1,3
33037,1101233,47.62,1,2
33038,1101266,55.44,1,3
33039,1101300,53.93,1,3
33040,1101333,55.99,1,3
33041,1101366,50.46,1,3
33042,1101400,49.16,1,2
33043,1101433,43.41,1,2
33044,1101466,28.97,1,2
33045,1101500,27.63,1,2
33046,1101533,36.3,1,2
33047,1101566,23.68,1,1
33048,1101600,22.51,1,1
33049,1101633,34.51,1,2
33050,1101666,28.81,1,2
33051,1101700,27.77,1,2
33052,1101733,36.81,1,2
33053,1101766,30.46,1,2
33054,1101800,28.95,1,2
33055,1101833,39.17,1,2
33056,1101866,33.39,1,2
33057,1101900,32.31,1,2
33058,1101933,32.36,1,2
33059,1101966,32.82,1,2
33060,1102000,31,1,2
33061,1102033,27.27,1,2
33062,1102066,29.86,1,2
33063,1102100,29.03,1,2
33064,1102133,23.62,1,1
33065,1102166,29.75,1,2
33066,1102200,28.97,1,2
33067,1102233,20.2,1,1
33068,1102266,30.15,1,2
33069,1102300,29.41,1,2
33070,1102333,18.81,1,1
33071,1102366,32.54,1,2
33072,1102400,31.78,1,2
33073,1102433,22.01,1,1
33074,1102466,33.11,1,2
33075,1102500,32.4,1,2
33076,1102533,23.61,1,1
33077,1102566,36.16,1,2
33078,1102600,35.11,1,2
33079,1102633,28.92,1,2
33080,1102666,35.35,1,2
33081,1102700,34.81,1,2
33082,1102733,32.36,1,2
33083,1102766,33.9,1,2
33084,1102800,32.68,1,2
33085,1102833,32.28,1,2
33086,1102866,32.63,1,2
33087,1102900,31.35,1,2
33088,1102933,34.17,1,2
33089,1102966,31.22,1,2
33090,1103000,29.48,1,2
33091,1103033,40.58,1,2
33092,1103066,33.59,1,2
33093,1103100,32.32,1,2
33094,1103133,43.27,1,2
33095,1103166,38.77,1,2
33096,1103200,37.74,1,2
33097,1103233,97.17,1,4
33098,1103266,85.19,1,4
33099,1103300,84.06,1,4
33100,1103333,91.83,1,4
33101,1103366,82.16,1,4
33102,1103400,79.95,1,4
33103,1103433,85.93,1,4
33104,1103466,78.46,1,4
33105,1103500,75.96,1,4
33106,1103533,80.93,1,4
33107,1103566,52.9,1,3
33108,1103600,41.5,1,2
33109,1103633,55.15,1,3
33110,1103666,45.42,1,2
33111,1103700,42.38,1,2
33112,1103733,39.64,1,2
33113,1103766,41.22,1,2
33114,1103800,39.09,1,2
33115,1103833,40.61,1,2
33116,1103866,37.51,1,2
33117,1103900,36.16,1,2
33118,1103933,29.65,1,2
33119,1103966,35.07,1,2
33120,1104000,34.13,1,2
33121,1104033,21.79,1,1
33122,1104066,34.47,1,2
33123,1104100,32.38,1,2
33124,1104133,21.64,1,1
33125,1104166,34.15,1,2
33126,1104200,32.93,1,2
33127,1104233,24.48,1,1
33128,1104266,36.34,1,2
33129,1104300,35.22,1,2
33130,1104333,27.52,1,2
33131,1104366,34.06,1,2
33132,1104400,32.96,1,2
33133,1104433,29.46,1,2
33134,1104466,33.14,1,2
33135,1104500,32.19,1,2
33136,1104533,32.27,1,2
33137,1104566,32.09,1,2
33138,1104600,31.35,1,2
33139,1104633,32.74,1,2
33140,1104666,30.41,1,2
33141,1104700,29.19,1,2
33142,1104733,33.06,1,2
33143,1104766,24.22,1,1
33144,1104800,22.95,1,1
33145,1104833,34.7,1,2
33146,1104866,25.42,1,2
33147,1104900,24.13,1,1
33148,1104933,38.7,1,2
33149,1104966,28.24,1,2
33150,1105000,27.1,1,2
33151,1105033,43.6,1,2
33152,1105066,35.42,1,2
33153,1105100,33.85,1,2
33154,1105133,38.31,1,2
33155,1105166,33.06,1,2
33156,1105200,32.34,1,2
33157,1105233,38.15,1,2
33158,1105266,34.57,1,2
33159,1105300,33.3,1,2
33160,1105333,34.72,1,2
33161,1105366,33.49,1,2
33162,1105400,32.27,1,2
33163,1105433,33.99,1,2
33164,1105466,40.07,1,2
33165,1105500,38.21,1,2
33166,1105533,30.26,1,2
33167,1105566,39.39,1,2
33168,1105600,38.39,1,2
33169,1105633,29.75,1,2
33170,1105666,36.24,1,2
33171,1105700,35.23,1,2
33172,1105733,20.51,1,1
33173,1105766,30.5,1,2
33174,1105800,29.74,1,2
33175,1105833,20.15,1,1
33176,1105866,31.73,1,2
33177,1105900,30.71,1,2
33178,1105933,23.6,1,1
33179,1105966,30.29,1,2
33180,1106000,29.36,1,2
33181,1106033,23.97,1,1
33182,1106066,31.53,1,2
33183,1106100,30.57,1,2
33184,1106133,25.36,1,2
33185,1106166,29.77,1,2
33186,1106200,28.59,1,2
33187,1106233,29.55,1,2
33188,1106266,29.1,1,2
33189,1106300,28.48,1,2
33190,1106333,30.06,1,2
33191,1106366,27.66,1,2
33192,1106400,26.43,1,2
33193,1106433,32.76,1,2
33194,1106466,25.08,1,2
33195,1106500,24.18,1,1
33196,1106533,34.23,1,2
33197,1106566,24.8,1,1
33198,1106600,23.99,1,1
33199,1106633,34.79,1,2
33200,1106666,23.94,1,1
33201,1106700,23.16,1,1
33202,1106733,34.58,1,2
33203,1106766,25.88,1,2
33204,1106800,24.94,1,1
33205,1106833,33.64,1,2
33206,1106866,31.08,1,2
33207,1106900,30.49,1,2
33208,1106933,37.56,1,2
33209,1106966,32.61,1,2
33210,1107000,31.54,1,2
33211,1107033,33.68,1,2
33212,1107066,33.79,1,2
33213,1107100,33.28,1,2
33214,1107133,31.84,1,2
33215,1107166,33.44,1,2
33216,1107200,32.22,1,2
33217,1107233,98.75,1,4
33218,1107266,98.42,1,4
33219,1107300,97.58,1,4
33220,1107333,96.04,1,4
33221,1107366,95.72,1,4
33222,1107400,95.3,1,4
33223,1107433,80.44,1,4
33224,1107466,91.19,1,4
33225,1107500,89.17,1,4
33226,1107533,75.34,1,4
33227,1107566,52.37,1,3
33228,1107600,44.24,1,2
33229,1107633,33.87,1,2
33230,1107666,38.77,1,2
33231,1107700,36.44,1,2
33232,1107733,31.61,1,2
33233,1107766,38.01,1,2
33234,1107800,36.38,1,2
33235,1107833,35.12,1,2
33236,1107866,39.25,1,2
33237,1107900,37.71,1,2
33238,1107933,31.02,1,2
33239,1107966,31.17,1,2
33240,1108000,30.21,1,2
33241,1108033,32.23,1,2
33242,1108066,24.61,1,1
33243,1108100,23.62,1,1
33244,1108133,31.82,1,2
33245,1108166,21.68,1,1
33246,1108200,20.51,1,1
33247,1108233,32.67,1,2
33248,1108266,24.3,1,1
33249,1108300,23.59,1,1
33250,1108333,39.65,1,2
33251,1108366,34.26,1,2
33252,1108400,33.45,1,2
33253,1108433,38.17,1,2
33254,1108466,30.8,1,2
33255,1108500,29.31,1,2
33256,1108533,34.65,1,2
33257,1108566,29.92,1,2
33258,1108600,27.16,1,2
33259,1108633,32.13,1,2
33260,1108666,27.49,1,2
33261,1108700,26.51,1,2
33262,1108733,31.37,1,2
33263,1108766,31.66,1,2
33264,1108800,30.73,1,2
33265,1108833,27.73,1,2
33266,1108866,33.33,1,2
33267,1108900,32.15,1,2
33268,1108933,26.86,1,2
33269,1108966,32.87,1,2
33270,1109000,31.77,1,2
33271,1109033,21.47,1,1
33272,1109066,32.43,1,2
33273,1109100,31.55,1,2
33274,1109133,20.23,1,1
33275,1109166,33.2,1,2
33276,1109200,31.92,1,2
33277,1109233,21.17,1,1
33278,1109266,34.02,1,2
33279,1109300,33.4,1,2
33280,1109333,23.98,1,1
33281,1109366,37.24,1,2
33282,1109400,36.45,1,2
33283,1109433,25.14,1,2
33284,1109466,34.31,1,2
33285,1109500,33.14,1,2
33286,1109533,28.51,1,2
33287,1109566,32.59,1,2
33288,1109600,31.69,1,2
33289,1109633,27.27,1,2
33290,1109666,32.78,1,2
33291,1109700,30.68,1,2
33292,1109733,30.8,1,2
33293,1109766,31.8,1,2
33294,1109800,29.92,1,2
33295,1109833,29.75,1,2
33296,1109866,25.94,1,2
33297,1109900,25.02,1,2
33298,1109933,33.35,1,2
33299,1109966,21.94,1,1
33300,1110000,21.47,1,1
33301,1110033,33.95,1,2
33302,1110066,27.25,1,2
33303,1110100,26.1,1,2
33304,1110133,39.12,1,2
33305,1110166,34.76,1,2
33306,1110200,33.52,1,2
33307,1110233,52.2,1,3
33308,1110266,43.59,1,2
33309,1110300,42.58,1,2
33310,1110333,50.07,1,3
33311,1110366,44.14,1,2
33312,1110400,42.98,1,2
33313,1110433,37.76,1,2
33314,1110466,32.15,1,2
33315,1110500,30.86,1,2
33316,1110533,28.23,1,2
33317,1110566,32.81,1,2
33318,1110600,31.76,1,2
33319,1110633,27.99,1,2
33320,1110666,31.91,1,2
33321,1110700,30.89,1,2
33322,1110733,23.23,1,1
33323,1110766,39.39,1,2
33324,1110800,38.58,1,2
33325,1110833,20.06,1,1
33326,1110866,32.2,1,2
33327,1110900,31.41,1,2
33328,1110933,19.25,1,1
33329,1110966,29.84,1,2
33330,1111000,28.96,1,2
33331,1111033,21.92,1,1
33332,1111066,27.06,1,2
33333,1111100,26.25,1,2
33334,1111133,22.33,1,1
33335,1111166,29.17,1,2
33336,1111200,28.77,1,2
33337,1111233,95.82,1,4
33338,1111266,94.96,1,4
33339,1111300,94.81,1,4
33340,1111333,93.07,1,4
33341,1111366,92.12,1,4
33342,1111400,90.44,1,4
33343,1111433,93.2,1,4
33344,1111466,85.74,1,4
33345,1111500,82.81,1,4
33346,1111533,90.29,1,4
33347,1111566,32.69,1,2
33348,1111600,28.43,1,2
33349,1111633,38.55,1,2
33350,1111666,26.75,1,2
33351,1111700,24.41,1,1
33352,1111733,35.65,1,2
33353,1111766,25.27,1,2
33354,1111800,23.35,1,1
33355,1111833,35.62,1,2
33356,1111866,25.58,1,2
33357,1111900,24.35,1,1
33358,1111933,39.71,1,2
33359,1111966,35.28,1,2
33360,1112000,33.63,1,2
33361,1112033,50.16,1,3
33362,1112066,47.06,1,2
33363,1112100,45.84,1,2
33364,1112133,59.98,1,3
33365,1112166,45.53,1,2
33366,1112200,43.9,1,2
33367,1112233,55.88,1,3
33368,1112266,37.88,1,2
33369,1112300,36.04,1,2
33370,1112333,35.61,1,2
33371,1112366,31.93,1,2
33372,1112400,30.64,1,2
33373,1112433,26.23,1,2
33374,1112466,33.37,1,2
33375,1112500,31.76,1,2
33376,1112533,22.37,1,1
33377,1112566,40.71,1,2
33378,1112600,39.28,1,2
33379,1112633,27.35,1,2
33380,1112666,32.48,1,2
33381,1112700,31.47,1,2
33382,1112733,23.42,1,1
33383,1112766,34.48,1,2
33384,1112800,33.07,1,2
33385,1112833,23.82,1,1
33386,1112866,33.51,1,2
33387,1112900,32,1,2
33388,1112933,24.25,1,1
33389,1112966,30.64,1,2
33390,1113000,29.76,1,2
33391,1113033,24.6,1,1
33392,1113066,26.65,1,2
33393,1113100,25.48,1,2
33394,1113133,27.43,1,2
33395,1113166,27.28,1,2
33396,1113200,26.24,1,2
33397,1113233,27.94,1,2
33398,1113266,25.04,1,2
33399,1113300,23.97,1,1
33400,1113333,30.25,1,2
33401,1113366,24.19,1,1
33402,1113400,23.12,1,1
33403,1113433,33.11,1,2
33404,1113466,24.29,1,1
33405,1113500,23.99,1,1
33406,1113533,35.77,1,2
33407,1113566,25.52,1,2
33408,1113600,24.28,1,1
33409,1113633,36.32,1,2
33410,1113666,29.8,1,2
33411,1113700,27.95,1,2
33412,1113733,35.05,1,2
33413,1113766,31.45,1,2
33414,1113800,29.83,1,2
33415,1113833,35.11,1,2
33416,1113866,39.67,1,2
33417,1113900,38.41,1,2
33418,1113933,53.18,1,3
33419,1113966,51.3,1,3
33420,1114000,48.76,1,2
33421,1114033,60.41,1,3
33422,1114066,64.07,1,3
33423,1114100,62.87,1,3
33424,1114133,50.26,1,3
33425,1114166,52.4,1,3
33426,1114200,51.42,1,3
33427,1114233,32.34,1,2
33428,1114266,37.91,1,2
33429,1114300,36.94,1,2
33430,1114333,26.75,1,2
33431,1114366,35.26,1,2
33432,1114400,33.56,1,2
33433,1114433,29.15,1,2
33434,1114466,51.93,1,3
33435,1114500,50.4,1,3
33436,1114533,35.08,1,2
33437,1114566,45.11,1,2
33438,1114600,43.12,1,2
33439,1114633,37.55,1,2
33440,1114666,40.45,1,2
33441,1114700,36.49,1,2
33442,1114733,28.76,1,2
33443,1114766,27.67,1,2
33444,1114800,26.24,1,2
33445,1114833,25.98,1,2
33446,1114866,25.54,1,2
33447,1114900,24.19,1,1
33448,1114933,26.69,1,2
33449,1114966,22.69,1,1
33450,1115000,21.58,1,1
33451,1115033,25.91,1,2
33452,1115066,19.37,1,1
33453,1115100,18.43,1,1
33454,1115133,28.97,1,2
33455,1115166,16.06,1,1
33456,1115200,15.01,1,1
33457,1115233,96.42,1,4
33458,1115266,90.11,1,4
33459,1115300,88.37,1,4
33460,1115333,94.77,1,4
33461,1115366,87.77,1,4
33462,1115400,87.32,1,4
33463,1115433,93.27,1,4
33464,1115466,84.75,1,4
33465,1115500,81.45,1,4
33466,1115533,87.37,1,4
33467,1115566,36.23,1,2
33468,1115600,31.38,1,2
33469,1115633,38.08,1,2
33470,1115666,35.82,1,2
33471,1115700,33.62,1,2
33472,1115733,37.54,1,2
33473,1115766,36.13,1,2
33474,1115800,34.9,1,2
33475,1115833,40.17,1,2
33476,1115866,41.01,1,2
33477,1115900,39.15,1,2
33478,1115933,46.5,1,2
33479,1115966,50.61,1,3
33480,1116000,48.08,1,2
33481,1116033,44.01,1,2
33482,1116066,55.81,1,3
33483,1116100,54.34,1,3
33484,1116133,37.21,1,2
33485,1116166,42.63,1,2
33486,1116200,41.14,1,2
33487,1116233,30.94,1,2
33488,1116266,40.98,1,2
33489,1116300,39.05,1,2
33490,1116333,31.94,1,2
33491,1116366,44.23,1,2
33492,1116400,42.3,1,2
33493,1116433,40.47,1,2
33494,1116466,58.98,1,3
33495,1116500,57.8,1,3
33496,1116533,47.18,1,2
33497,1116566,52.13,1,3
33498,1116600,47.88,1,2
33499,1116633,41.56,1,2
33500,1116666,39.37,1,2
33501,1116700,37.85,1,2
33502,1116733,32.37,1,2
33503,1116766,21.18,1,1
33504,1116800,19.31,1,1
33505,1116833,26.81,1,2
33506,1116866,16.76,1,1
33507,1116900,15.94,1,1
33508,1116933,26.1,1,2
33509,1116966,17.22,1,1
33510,1117000,16.48,1,1
33511,1117033,25.76,1,2
33512,1117066,19.65,1,1
33513,1117100,18.84,1,1
33514,1117133,24.64,1,1
33515,1117166,21.65,1,1
33516,1117200,21.13,1,1
33517,1117233,25.78,1,2
33518,1117266,24.89,1,1
33519,1117300,23.81,1,1
33520,1117333,26.35,1,2
33521,1117366,28.84,1,2
33522,1117400,28.27,1,2
33523,1117433,25.02,1,2
33524,1117466,27.31,1,2
33525,1117500,26.31,1,2
33526,1117533,22.45,1,1
33527,1117566,28.47,1,2
33528,1117600,27.47,1,2
33529,1117633,19.92,1,1
33530,1117666,30.77,1,2
33531,1117700,30.13,1,2
33532,1117733,24.09,1,1
33533,1117766,36.41,1,2
33534,1117800,35.18,1,2
33535,1117833,23.87,1,1
33536,1117866,38.34,1,2
33537,1117900,36.87,1,2
33538,1117933,29.09,1,2
33539,1117966,38.21,1,2
33540,1118000,36.46,1,2
33541,1118033,25.65,1,2
33542,1118066,32.77,1,2
33543,1118100,30.09,1,2
33544,1118133,25.82,1,2
33545,1118166,31.64,1,2
33546,1118200,29.26,1,2
33547,1118233,25.37,1,2
33548,1118266,30.65,1,2
33549,1118300,29.21,1,2
33550,1118333,35.48,1,2
33551,1118366,38.42,1,2
33552,1118400,37.27,1,2
33553,1118433,33.24,1,2
33554,1118466,34.15,1,2
33555,1118500,32.91,1,2
33556,1118533,33.71,1,2
33557,1118566,21.95,1,1
33558,1118600,20.63,1,1
33559,1118633,26.99,1,2
33560,1118666,15.26,1,1
33561,1118700,14.47,1,1
33562,1118733,24.22,1,1
33563,1118766,16.35,1,1
33564,1118800,15.66,1,1
33565,1118833,23.22,1,1
33566,1118866,19.66,1,1
33567,1118900,18.63,1,1
33568,1118933,27.74,1,2
33569,1118966,22.45,1,1
33570,1119000,21.95,1,1
33571,1119033,23.89,1,1
33572,1119066,24.18,1,1
33573,1119100,23.53,1,1
33574,1119133,24.74,1,1
33575,1119166,24.83,1,1
33576,1119200,24.16,1,1
33577,1119233,93.26,1,4
33578,1119266,92.74,1,4
33579,1119300,90.8,1,4
33580,1119333,82.94,1,4
33581,1119366,91.63,1,4
33582,1119400,90.54,1,4
33583,1119433,75.02,1,4
33584,1119466,86.94,1,4
33585,1119500,82.87,1,4
33586,1119533,66.09,1,3
33587,1119566,39.02,1,2
33588,1119600,35.66,1,2
33589,1119633,24.43,1,1
33590,1119666,37.67,1,2
33591,1119700,36.69,1,2
33592,1119733,27.58,1,2
33593,1119766,38.67,1,2
33594,1119800,37.26,1,2
33595,1119833,32.51,1,2
33596,1119866,34.9,1,2
33597,1119900,33.7,1,2
33598,1119933,33.92,1,2
33599,1119966,31.65,1,2
33600,1120000,29.88,1,2
33601,1120033,30.14,1,2
33602,1120066,23.46,1,1
33603,1120100,22.12,1,1
33604,1120133,31.32,1,2
33605,1120166,24.41,1,1
33606,1120200,23.09,1,1
33607,1120233,36.76,1,2
33608,1120266,26.65,1,2
33609,1120300,24.65,1,1
33610,1120333,41.67,1,2
33611,1120366,28.6,1,2
33612,1120400,27.71,1,2
33613,1120433,38.33,1,2
33614,1120466,27.18,1,2
33615,1120500,25.64,1,2
33616,1120533,30.35,1,2
33617,1120566,26.61,1,2
33618,1120600,24.74,1,1
33619,1120633,26.99,1,2
33620,1120666,23.64,1,1
33621,1120700,22.21,1,1
33622,1120733,25.13,1,2
33623,1120766,26.92,1,2
33624,1120800,25.5,1,2
33625,1120833,26.86,1,2
33626,1120866,24.67,1,1
33627,1120900,23.75,1,1
33628,1120933,22.03,1,1
33629,1120966,28,1,2
33630,1121000,27.41,1,2
33631,1121033,18.43,1,1
33632,1121066,26.9,1,2
33633,1121100,26.27,1,2
33634,1121133,15.16,1,1
33635,1121166,29.3,1,2
33636,1121200,28.19,1,2
33637,1121233,17.53,1,1
33638,1121266,28.13,1,2
33639,1121300,27.69,1,2
33640,1121333,18.2,1,1
33641,1121366,28.37,1,2
33642,1121400,27.65,1,2
33643,1121433,21.69,1,1
33644,1121466,27.88,1,2
33645,1121500,26.84,1,2
33646,1121533,21.25,1,1
33647,1121566,28.24,1,2
33648,1121600,26.46,1,2
33649,1121633,23.23,1,1
33650,1121666,24.45,1,1
33651,1121700,24.07,1,1
33652,1121733,24.13,1,1
33653,1121766,21.1,1,1
33654,1121800,20.51,1,1
33655,1121833,24.18,1,1
33656,1121866,18.8,1,1
33657,1121900,18.26,1,1
33658,1121933,26.26,1,2
33659,1121966,18.87,1,1
33660,1122000,18.22,1,1
33661,1122033,29.33,1,2
33662,1122066,17.26,1,1
33663,1122100,16.63,1,1
33664,1122133,27.72,1,2
33665,1122166,20.47,1,1
33666,1122200,19.75,1,1
33667,1122233,30.22,1,2
33668,1122266,22.32,1,1
33669,1122300,21.41,1,1
33670,1122333,27.31,1,2
33671,1122366,24.59,1,1
33672,1122400,24.01,1,1
33673,1122433,26.41,1,2
33674,1122466,25.41,1,2
33675,1122500,24.32,1,1
33676,1122533,25.95,1,2
33677,1122566,27.74,1,2
33678,1122600,27.05,1,2
33679,1122633,22.6,1,1
33680,1122666,28.76,1,2
33681,1122700,27.48,1,2
33682,1122733,19.52,1,1
33683,1122766,29.94,1,2
33684,1122800,29.21,1,2
33685,1122833,18.45,1,1
33686,1122866,30.59,1,2
33687,1122900,30.05,1,2
33688,1122933,23.63,1,1
33689,1122966,33.11,1,2
33690,1123000,31.6,1,2
33691,1123033,28.38,1,2
33692,1123066,34.57,1,2
33693,1123100,33.84,1,2
33694,1123133,27.47,1,2
33695,1123166,35.77,1,2
33696,1123200,33.7,1,2
33697,1123233,98.71,1,4
33698,1123266,98.26,1,4
33699,1123300,97.95,1,4
33700,1123333,94.72,1,4
33701,1123366,95.34,1,4
33702,1123400,95.36,1,4
33703,1123433,93.75,1,4
33704,1123466,89.21,1,4
33705,1123500,85.28,1,4
33706,1123533,87.65,1,4
33707,1123566,35.86,1,2
33708,1123600,27.47,1,2
33709,1123633,52.97,1,3
33710,1123666,44.35,1,2
33711,1123700,41.47,1,2
33712,1123733,51.54,1,3
33713,1123766,42.51,1,2
33714,1123800,40.29,1,2
33715,1123833,49.4,1,2
33716,1123866,38.69,1,2
33717,1123900,36.55,1,2
33718,1123933,34.86,1,2
33719,1123966,29.2,1,2
33720,1124000,27.03,1,2
33721,1124033,32.39,1,2
33722,1124066,24.31,1,1
33723,1124100,22.47,1,1
33724,1124133,24.66,1,1
33725,1124166,24.07,1,1
33726,1124200,22.95,1,1
33727,1124233,23.24,1,1
33728,1124266,24.29,1,1
33729,1124300,23.43,1,1
33730,1124333,17.99,1,1
33731,1124366,26.16,1,2
33732,1124400,25.42,1,2
33733,1124433,17.44,1,1
33734,1124466,27.52,1,2
33735,1124500,26.18,1,2
33736,1124533,16.25,1,1
33737,1124566,27.36,1,2
33738,1124600,26.27,1,2
33739,1124633,17.96,1,1
33740,1124666,30.24,1,2
33741,1124700,28.88,1,2
33742,1124733,20.59,1,1
33743,1124766,29.6,1,2
33744,1124800,28.8,1,2
33745,1124833,23.82,1,1
33746,1124866,29.08,1,2
33747,1124900,27.93,1,2
33748,1124933,24.19,1,1
33749,1124966,28.86,1,2
33750,1125000,31.45,1,2
33751,1125033,29.1,1,2
33752,1125066,30.45,1,2
33753,1125100,29.2,1,2
33754,1125133,30.49,1,2
33755,1125166,30.81,1,2
33756,1125200,28.4,1,2
33757,1125233,32.51,1,2
33758,1125266,26.14,1,2
33759,1125300,25.13,1,2
33760,1125333,30.15,1,2
33761,1125366,20.21,1,1
33762,1125400,19.22,1,1
33763,1125433,29.15,1,2
33764,1125466,21.29,1,1
33765,1125500,20.3,1,1
33766,1125533,40.53,1,2
33767,1125566,32.04,1,2
33768,1125600,31.2,1,2
33769,1125633,54.89,1,3
33770,1125666,55.51,1,3
33771,1125700,54.32,1,3
33772,1125733,63.07,1,3
33773,1125766,43.49,1,2
33774,1125800,42.18,1,2
33775,1125833,48.25,1,2
33776,1125866,35.96,1,2
33777,1125900,35.28,1,2
33778,1125933,31.15,1,2
33779,1125966,30.85,1,2
33780,1126000,29.63,1,2
33781,1126033,20.3,1,1
33782,1126066,32.55,1,2
33783,1126100,31.05,1,2
33784,1126133,18.96,1,1
33785,1126166,32.29,1,2
33786,1126200,30.88,1,2
33787,1126233,24.4,1,1
33788,1126266,29.52,1,2
33789,1126300,27.62,1,2
33790,1126333,21.41,1,1
33791,1126366,24.86,1,1
33792,1126400,23.56,1,1
33793,1126433,18.54,1,1
33794,1126466,23.06,1,1
33795,1126500,22.33,1,1
33796,1126533,19.04,1,1
33797,1126566,22.7,1,1
33798,1126600,22.18,1,1
33799,1126633,21.24,1,1
33800,1126666,22.52,1,1
33801,1126700,21.9,1,1
33802,1126733,23.7,1,1
33803,1126766,19.83,1,1
33804,1126800,19.22,1,1
33805,1126833,24.79,1,1
33806,1126866,20.23,1,1
33807,1126900,19.54,1,1
33808,1126933,26.23,1,2
33809,1126966,16.99,1,1
33810,1127000,16.02,1,1
33811,1127033,28.72,1,2
33812,1127066,17.89,1,1
33813,1127100,17.17,1,1
33814,1127133,30.03,1,2
33815,1127166,19.76,1,1
33816,1127200,18.46,1,1
33817,1127233,98.34,1,4
33818,1127266,97.8,1,4
33819,1127300,96.98,1,4
33820,1127333,93.63,1,4
33821,1127366,90.76,1,4
33822,1127400,90.22,1,4
33823,1127433,92.63,1,4
33824,1127466,92.79,1,4
33825,1127500,89.27,1,4
33826,1127533,97.2,1,4
33827,1127566,67.84,1,3
33828,1127600,58.78,1,3
33829,1127633,71.62,1,3
33830,1127666,66.67,1,3
33831,1127700,63.9,1,3
33832,1127733,59.24,1,3
33833,1127766,43.83,1,2
33834,1127800,41.24,1,2
33835,1127833,37.36,1,2
33836,1127866,37.3,1,2
33837,1127900,34.43,1,2
33838,1127933,22.05,1,1
33839,1127966,28.52,1,2
33840,1128000,26.65,1,2
33841,1128033,17.1,1,1
33842,1128066,31.93,1,2
33843,1128100,30.17,1,2
33844,1128133,21.39,1,1
33845,1128166,30.26,1,2
33846,1128200,28.96,1,2
33847,1128233,24.4,1,1
33848,1128266,32.23,1,2
33849,1128300,30.69,1,2
33850,1128333,24.08,1,1
33851,1128366,25.42,1,2
33852,1128400,24.2,1,1
33853,1128433,23.72,1,1
33854,1128466,24.5,1,1
33855,1128500,23.03,1,1
33856,1128533,21.7,1,1
33857,1128566,19.96,1,1
33858,1128600,18.97,1,1
33859,1128633,22.24,1,1
33860,1128666,15.06,1,1
33861,1128700,14.13,1,1
33862,1128733,22.92,1,1
33863,1128766,14.34,1,1
33864,1128800,13.79,1,1
33865,1128833,25.25,1,2
33866,1128866,15.26,1,1
33867,1128900,14.71,1,1
33868,1128933,27.67,1,2
33869,1128966,21.55,1,1
33870,1129000,20.84,1,1
33871,1129033,27.51,1,2
33872,1129066,22.48,1,1
33873,1129100,21.59,1,1
33874,1129133,27.21,1,2
33875,1129166,25.5,1,2
33876,1129200,24.6,1,1
33877,1129233,25.62,1,2
33878,1129266,24.32,1,1
33879,1129300,23.41,1,1
33880,1129333,24.79,1,1
33881,1129366,29.91,1,2
33882,1129400,28.72,1,2
33883,1129433,25.01,1,2
33884,1129466,36.65,1,2
33885,1129500,35.44,1,2
33886,1129533,37.76,1,2
33887,1129566,45.96,1,2
33888,1129600,45.12,1,2
33889,1129633,36.99,1,2
33890,1129666,47.88,1,2
33891,1129700,46.17,1,2
33892,1129733,30.97,1,2
33893,1129766,36.84,1,2
33894,1129800,35.53,1,2
33895,1129833,24.81,1,1
33896,1129866,32.2,1,2
33897,1129900,29.94,1,2
33898,1129933,29.03,1,2
33899,1129966,35.47,1,2
33900,1130000,33.76,1,2
33901,1130033,29.82,1,2
33902,1130066,38.75,1,2
33903,1130100,37.21,1,2
33904,1130133,27.34,1,2
33905,1130166,26.87,1,2
33906,1130200,25.38,1,2
33907,1130233,23.84,1,1
33908,1130266,21.7,1,1
33909,1130300,20.73,1,1
33910,1130333,23.48,1,1
33911,1130366,14.22,1,1
33912,1130400,13.55,1,1
33913,1130433,22.87,1,1
33914,1130466,14.38,1,1
33915,1130500,13.4,1,1
33916,1130533,23.7,1,1
33917,1130566,15.01,1,1
33918,1130600,14.17,1,1
33919,1130633,23.09,1,1
33920,1130666,17.17,1,1
33921,1130700,16.53,1,1
33922,1130733,27.27,1,2
33923,1130766,19.56,1,1
33924,1130800,18.82,1,1
33925,1130833,24.82,1,1
33926,1130866,20.49,1,1
33927,1130900,20.16,1,1
33928,1130933,23.7,1,1
33929,1130966,24.29,1,1
33930,1131000,23.52,1,1
33931,1131033,22.16,1,1
33932,1131066,25.34,1,2
33933,1131100,24.49,1,1
33934,1131133,22.5,1,1
33935,1131166,27.37,1,2
33936,1131200,27,1,2
33937,1131233,98.32,1,4
33938,1131266,98.35,1,4
33939,1131300,96.44,1,4
33940,1131333,97,1,4
33941,1131366,96.18,1,4
33942,1131400,93.99,1,4
33943,1131433,81.01,1,4
33944,1131466,88.8,1,4
33945,1131500,86.55,1,4
33946,1131533,76.02,1,4
33947,1131566,43.85,1,2
33948,1131600,38.17,1,2
33949,1131633,29.92,1,2
33950,1131666,36.17,1,2
33951,1131700,33.79,1,2
33952,1131733,30.25,1,2
33953,1131766,31.37,1,2
33954,1131800,29.05,1,2
33955,1131833,26.29,1,2
33956,1131866,25.23,1,2
33957,1131900,23.1,1,1
33958,1131933,30.23,1,2
33959,1131966,31.72,1,2
33960,1132000,30.25,1,2
33961,1132033,33.6,1,2
33962,1132066,28.7,1,2
33963,1132100,26.96,1,2
33964,1132133,35.56,1,2
33965,1132166,20.77,1,1
33966,1132200,19.22,1,1
33967,1132233,26.39,1,2
33968,1132266,18.14,1,1
33969,1132300,16.86,1,1
33970,1132333,26.33,1,2
33971,1132366,17.29,1,1
33972,1132400,16.3,1,1
33973,1132433,23.3,1,1
33974,1132466,20.92,1,1
33975,1132500,20.1,1,1
33976,1132533,26,1,2
33977,1132566,21.92,1,1
33978,1132600,20.94,1,1
33979,1132633,24.66,1,1
33980,1132666,22.15,1,1
33981,1132700,21.63,1,1
33982,1132733,21.89,1,1
33983,1132766,21.58,1,1
33984,1132800,20.62,1,1
33985,1132833,18.72,1,1
33986,1132866,23.97,1,1
33987,1132900,23.23,1,1
33988,1132933,16.5,1,1
33989,1132966,24.54,1,1
33990,1133000,23.89,1,1
33991,1133033,14.38,1,1
33992,1133066,25.41,1,2
33993,1133100,24.37,1,1
33994,1133133,15.53,1,1
33995,1133166,26.28,1,2
33996,1133200,25.7,1,2
33997,1133233,16.69,1,1
33998,1133266,26.07,1,2
33999,1133300,25.23,1,2
34000,1133333,19.6,1,1
34001,1133366,27.09,1,2
34002,1133400,26.4,1,2
34003,1133433,20.4,1,1
34004,1133466,27.47,1,2
34005,1133500,26.47,1,2
34006,1133533,24.51,1,1
34007,1133566,30.62,1,2
34008,1133600,27.8,1,2
34009,1133633,22.88,1,1
34010,1133666,23.52,1,1
34011,1133700,22.52,1,1
34012,1133733,22.3,1,1
34013,1133766,19.88,1,1
34014,1133800,18.92,1,1
34015,1133833,21.96,1,1
34016,1133866,17.51,1,1
34017,1133900,16.43,1,1
34018,1133933,24.92,1,1
34019,1133966,17.81,1,1
34020,1134000,17.09,1,1
34021,1134033,28.6,1,2
34022,1134066,18.89,1,1
34023,1134100,17.58,1,1
34024,1134133,29.24,1,2
34025,1134166,19.79,1,1
34026,1134200,18.88,1,1
34027,1134233,26.4,1,2
34028,1134266,22.71,1,1
34029,1134300,21.5,1,1
34030,1134333,27.03,1,2
34031,1134366,21.88,1,1
34032,1134400,20.38,1,1
34033,1134433,30.75,1,2
34034,1134466,26.79,1,2
34035,1134500,25.32,1,2
34036,1134533,33.14,1,2
34037,1134566,31.08,1,2
34038,1134600,30.06,1,2
34039,1134633,32.98,1,2
34040,1134666,28.25,1,2
34041,1134700,27.5,1,2
34042,1134733,23.57,1,1
34043,1134766,30.07,1,2
34044,1134800,29,1,2
34045,1134833,19.58,1,1
34046,1134866,37.38,1,2
34047,1134900,36.66,1,2
34048,1134933,27.42,1,2
34049,1134966,42.63,1,2
34050,1135000,41.23,1,2
34051,1135033,32.87,1,2
34052,1135066,36.62,1,2
34053,1135100,34.89,1,2
34054,1135133,23.74,1,1
34055,1135166,29.41,1,2
34056,1135200,27.25,1,2
34057,1135233,99.13,1,4
34058,1135266,93.75,1,4
34059,1135300,92.77,1,4
34060,1135333,91.5,1,4
34061,1135366,94.12,1,4
34062,1135400,91.34,1,4
34063,1135433,91.3,1,4
34064,1135466,84.33,1,4
34065,1135500,81.5,1,4
34066,1135533,83.53,1,4
34067,1135566,31.66,1,2
34068,1135600,27.12,1,2
34069,1135633,31.15,1,2
34070,1135666,20.99,1,1
34071,1135700,18.79,1,1
34072,1135733,28.05,1,2
34073,1135766,19.23,1,1
34074,1135800,17.59,1,1
34075,1135833,26.86,1,2
34076,1135866,19.89,1,1
34077,1135900,18.71,1,1
34078,1135933,24.46,1,1
34079,1135966,19.65,1,1
34080,1136000,18.99,1,1
34081,1136033,26.55,1,2
34082,1136066,24.53,1,1
34083,1136100,23.44,1,1
34084,1136133,27.18,1,2
34085,1136166,25.59,1,2
34086,1136200,24.87,1,1
34087,1136233,25.68,1,2
34088,1136266,25.24,1,2
34089,1136300,23.79,1,1
34090,1136333,23.7,1,1
34091,1136366,27.17,1,2
34092,1136400,25.6,1,2
34093,1136433,22.28,1,1
34094,1136466,25.14,1,2
34095,1136500,24.36,1,1
34096,1136533,20.42,1,1
34097,1136566,29.73,1,2
34098,1136600,29.03,1,2
34099,1136633,19.76,1,1
34100,1136666,30.55,1,2
34101,1136700,29.36,1,2
34102,1136733,19.8,1,1
34103,1136766,37.13,1,2
34104,1136800,34.8,1,2
34105,1136833,35.15,1,2
34106,1136866,55.54,1,3
34107,1136900,53.63,1,3
34108,1136933,49.59,1,2
34109,1136966,66.37,1,3
34110,1137000,65.8,1,3
34111,1137033,53.58,1,3
34112,1137066,61.98,1,3
34113,1137100,59.17,1,3
34114,1137133,40.07,1,2
34115,1137166,37.9,1,2
34116,1137200,35.47,1,2
34117,1137233,32.31,1,2
34118,1137266,27.16,1,2
34119,1137300,25.54,1,2
34120,1137333,24.27,1,1
34121,1137366,20.54,1,1
34122,1137400,18.71,1,1
34123,1137433,28.76,1,2
34124,1137466,19.45,1,1
34125,1137500,18.11,1,1
34126,1137533,24.62,1,1
34127,1137566,18.5,1,1
34128,1137600,17.17,1,1
34129,1137633,24.52,1,1
34130,1137666,17.37,1,1
34131,1137700,16.52,1,1
34132,1137733,21.35,1,1
34133,1137766,17.55,1,1
34134,1137800,16.91,1,1
34135,1137833,22.81,1,1
34136,1137866,20.47,1,1
34137,1137900,19.91,1,1
34138,1137933,22.28,1,1
34139,1137966,23.12,1,1
34140,1138000,22.46,1,1
34141,1138033,21.3,1,1
34142,1138066,24.98,1,1
34143,1138100,24.02,1,1
34144,1138133,18.79,1,1
34145,1138166,25.44,1,2
34146,1138200,23.97,1,1
34147,1138233,17,1,1
34148,1138266,27.9,1,2
34149,1138300,27.11,1,2
34150,1138333,17.5,1,1
34151,1138366,27.87,1,2
34152,1138400,26.62,1,2
34153,1138433,19.84,1,1
34154,1138466,25.59,1,2
34155,1138500,24.68,1,1
34156,1138533,20.61,1,1
34157,1138566,25.76,1,2
34158,1138600,24.68,1,1
34159,1138633,22.73,1,1
34160,1138666,29.42,1,2
34161,1138700,27.92,1,2
34162,1138733,29.76,1,2
34163,1138766,37.57,1,2
34164,1138800,35.83,1,2
34165,1138833,36.59,1,2
34166,1138866,49.8,1,2
34167,1138900,48.13,1,2
34168,1138933,39.33,1,2
34169,1138966,33.89,1,2
34170,1139000,32.09,1,2
34171,1139033,37.51,1,2
34172,1139066,25.93,1,2
34173,1139100,24.97,1,1
34174,1139133,25.95,1,2
34175,1139166,18.85,1,1
34176,1139200,17.87,1,1
34177,1139233,100.13,1,4
34178,1139266,98.16,1,4
34179,1139300,98.2,1,4
34180,1139333,97.86,1,4
34181,1139366,97.54,1,4
34182,1139400,97.15,1,4
34183,1139433,97.24,1,4
34184,1139466,96.8,1,4
34185,1139500,89.2,1,4
34186,1139533,89.54,1,4
34187,1139566,50.07,1,3
34188,1139600,39.07,1,2
34189,1139633,43,1,2
34190,1139666,33.6,1,2
34191,1139700,30.18,1,2
34192,1139733,31.53,1,2
34193,1139766,28.23,1,2
34194,1139800,26.58,1,2
34195,1139833,23.6,1,1
34196,1139866,24.83,1,1
34197,1139900,22.58,1,1
34198,1139933,16.56,1,1
34199,1139966,22.89,1,1
34200,1140000,21.69,1,1
34201,1140033,13.83,1,1
34202,1140066,23.85,1,1
34203,1140100,22.48,1,1
34204,1140133,15.66,1,1
34205,1140166,26.66,1,2
34206,1140200,24.87,1,1
34207,1140233,18.68,1,1
34208,1140266,29.24,1,2
34209,1140300,27.46,1,2
34210,1140333,21.41,1,1
34211,1140366,29.61,1,2
34212,1140400,27.69,1,2
34213,1140433,24.53,1,1
34214,1140466,28.73,1,2
34215,1140500,27.18,1,2
34216,1140533,25.07,1,2
34217,1140566,27.1,1,2
34218,1140600,25.8,1,2
34219,1140633,25.92,1,2
34220,1140666,28.11,1,2
34221,1140700,26.45,1,2
34222,1140733,31.73,1,2
34223,1140766,30.87,1,2
34224,1140800,28.24,1,2
34225,1140833,40.71,1,2
34226,1140866,35.9,1,2
34227,1140900,34.65,1,2
34228,1140933,51.57,1,3
34229,1140966,40.62,1,2
34230,1141000,38.86,1,2
34231,1141033,46.37,1,2
34232,1141066,37.59,1,2
34233,1141100,36.18,1,2
34234,1141133,34.63,1,2
34235,1141166,29.16,1,2
34236,1141200,27.38,1,2
34237,1141233,31.48,1,2
34238,1141266,32.68,1,2
34239,1141300,30.42,1,2
34240,1141333,36.39,1,2
34241,1141366,34.99,1,2
34242,1141400,32.67,1,2
34243,1141433,37.51,1,2
34244,1141466,34.27,1,2
34245,1141500,32.87,1,2
34246,1141533,25.4,1,2
34247,1141566,25.15,1,2
34248,1141600,24.14,1,1
34249,1141633,16.7,1,1
34250,1141666,23.58,1,1
34251,1141700,22.12,1,1
34252,1141733,12.84,1,1
34253,1141766,20.49,1,1
34254,1141800,19.32,1,1
34255,1141833,12.07,1,1
34256,1141866,22.11,1,1
34257,1141900,20.98,1,1
34258,1141933,15.67,1,1
34259,1141966,21.51,1,1
34260,1142000,20.71,1,1
34261,1142033,15.25,1,1
34262,1142066,21.45,1,1
34263,1142100,20.85,1,1
34264,1142133,17.67,1,1
34265,1142166,23.04,1,1
34266,1142200,21.06,1,1
34267,1142233,22.38,1,1
34268,1142266,25.57,1,2
34269,1142300,24.59,1,1
34270,1142333,26.35,1,2
34271,1142366,24.69,1,1
34272,1142400,23.55,1,1
34273,1142433,26.34,1,2
34274,1142466,24.39,1,1
34275,1142500,22.54,1,1
34276,1142533,26.82,1,2
34277,1142566,19.82,1,1
34278,1142600,17.88,1,1
34279,1142633,26.45,1,2
34280,1142666,18.12,1,1
34281,1142700,17.05,1,1
34282,1142733,29.09,1,2
34283,1142766,18.79,1,1
34284,1142800,17.83,1,1
34285,1142833,28.49,1,2
34286,1142866,21.16,1,1
34287,1142900,20.02,1,1
34288,1142933,29.58,1,2
34289,1142966,21.3,1,1
34290,1143000,20.55,1,1
34291,1143033,25.55,1,2
34292,1143066,22.97,1,1
34293,1143100,21.58,1,1
34294,1143133,24.35,1,1
34295,1143166,22.41,1,1
34296,1143200,21.3,1,1
34297,1143233,94.4,1,4
34298,1143266,94,1,4
34299,1143300,93.65,1,4
34300,1143333,90.97,1,4
34301,1143366,93.81,1,4
34302,1143400,91.86,1,4
34303,1143433,87.45,1,4
34304,1143466,89.32,1,4
34305,1143500,87.41,1,4
34306,1143533,77.47,1,4
34307,1143566,53.45,1,3
34308,1143600,42.45,1,2
34309,1143633,32.43,1,2
34310,1143666,34.56,1,2
34311,1143700,30.18,1,2
34312,1143733,22.25,1,1
34313,1143766,29.47,1,2
34314,1143800,26.68,1,2
34315,1143833,21.27,1,1
34316,1143866,26.35,1,2
34317,1143900,24.7,1,1
34318,1143933,20.37,1,1
34319,1143966,22.13,1,1
34320,1144000,20.91,1,1
34321,1144033,19.6,1,1
34322,1144066,19.2,1,1
34323,1144100,18.18,1,1
34324,1144133,20.66,1,1
34325,1144166,15.98,1,1
34326,1144200,15.2,1,1
34327,1144233,20.12,1,1
34328,1144266,14.85,1,1
34329,1144300,13.67,1,1
34330,1144333,23.87,1,1
34331,1144366,15.38,1,1
34332,1144400,14.25,1,1
34333,1144433,24.72,1,1
34334,1144466,18.19,1,1
34335,1144500,17.39,1,1
34336,1144533,26.41,1,2
34337,1144566,22.74,1,1
34338,1144600,21.24,1,1
34339,1144633,24.51,1,1
34340,1144666,20.09,1,1
34341,1144700,18.84,1,1
34342,1144733,26.11,1,2
34343,1144766,24.42,1,1
34344,1144800,23.21,1,1
34345,1144833,22.73,1,1
34346,1144866,22.55,1,1
34347,1144900,22.09,1,1
34348,1144933,20.76,1,1
34349,1144966,22.45,1,1
34350,1145000,21.46,1,1
34351,1145033,17.38,1,1
34352,1145066,22.93,1,1
34353,1145100,22.25,1,1
34354,1145133,17.42,1,1
34355,1145166,23.96,1,1
34356,1145200,23.23,1,1
34357,1145233,14.62,1,1
34358,1145266,26.19,1,2
34359,1145300,25.38,1,2
34360,1145333,17.97,1,1
34361,1145366,30.07,1,2
34362,1145400,28.4,1,2
34363,1145433,18.12,1,1
34364,1145466,27.73,1,2
34365,1145500,25.53,1,2
34366,1145533,20.12,1,1
34367,1145566,24.82,1,1
34368,1145600,23.56,1,1
34369,1145633,20.32,1,1
34370,1145666,24.7,1,1
34371,1145700,23.27,1,1
34372,1145733,20.98,1,1
34373,1145766,26.88,1,2
34374,1145800,25.69,1,2
34375,1145833,20.33,1,1
34376,1145866,22,1,1
34377,1145900,21.16,1,1
34378,1145933,21.6,1,1
34379,1145966,20.55,1,1
34380,1146000,19.35,1,1
34381,1146033,22.37,1,1
34382,1146066,15.9,1,1
34383,1146100,15.13,1,1
34384,1146133,23.02,1,1
34385,1146166,16.03,1,1
34386,1146200,15.13,1,1
34387,1146233,24.72,1,1
34388,1146266,18.7,1,1
34389,1146300,17.57,1,1
34390,1146333,25.24,1,2
34391,1146366,18.16,1,1
34392,1146400,17.32,1,1
34393,1146433,25.54,1,2
34394,1146466,19.68,1,1
34395,1146500,18.77,1,1
34396,1146533,21.42,1,1
34397,1146566,21.59,1,1
34398,1146600,20.49,1,1
34399,1146633,17.82,1,1
34400,1146666,20.14,1,1
34401,1146700,19.96,1,1
34402,1146733,18.3,1,1
34403,1146766,29.16,1,2
34404,1146800,28.47,1,2
34405,1146833,19.97,1,1
34406,1146866,27.85,1,2
34407,1146900,27.08,1,2
34408,1146933,18.28,1,1
34409,1146966,26.26,1,2
34410,1147000,25.49,1,2
34411,1147033,18.09,1,1
34412,1147066,25.04,1,2
34413,1147100,24.08,1,1
34414,1147133,17.2,1,1
34415,1147166,22.82,1,1
34416,1147200,21.53,1,1
34417,1147233,94.43,1,4
34418,1147266,98.53,1,4
34419,1147300,99.12,1,4
34420,1147333,90.84,1,4
34421,1147366,93.42,1,4
34422,1147400,92.6,1,4
34423,1147433,90.88,1,4
34424,1147466,87.06,1,4
34425,1147500,80.25,1,4
34426,1147533,84.01,1,4
34427,1147566,29.98,1,2
34428,1147600,21.72,1,1
34429,1147633,25.77,1,2
34430,1147666,17.98,1,1
34431,1147700,16.48,1,1
34432,1147733,25.92,1,2
34433,1147766,18.07,1,1
34434,1147800,16.73,1,1
34435,1147833,25.04,1,2
34436,1147866,17.45,1,1
34437,1147900,16.65,1,1
34438,1147933,27.12,1,2
34439,1147966,22.25,1,1
34440,1148000,21.05,1,1
34441,1148033,29.04,1,2
34442,1148066,24.81,1,1
34443,1148100,23.73,1,1
34444,1148133,35.18,1,2
34445,1148166,34.01,1,2
34446,1148200,32.53,1,2
34447,1148233,46.9,1,2
34448,1148266,36.38,1,2
34449,1148300,34.68,1,2
34450,1148333,40.85,1,2
34451,1148366,32.2,1,2
34452,1148400,30.64,1,2
34453,1148433,33.38,1,2
34454,1148466,28.38,1,2
34455,1148500,26.74,1,2
34456,1148533,21.78,1,1
34457,1148566,24.77,1,1
34458,1148600,23.04,1,1
34459,1148633,18.34,1,1
34460,1148666,28.23,1,2
34461,1148700,26.35,1,2
34462,1148733,16.92,1,1
34463,1148766,33.29,1,2
34464,1148800,32.3,1,2
34465,1148833,23.1,1,1
34466,1148866,28.07,1,2
34467,1148900,26.94,1,2
34468,1148933,22.86,1,1
34469,1148966,27.34,1,2
34470,1149000,26,1,2
34471,1149033,19.79,1,1
34472,1149066,23.61,1,1
34473,1149100,22.01,1,1
34474,1149133,17.82,1,1
34475,1149166,20.15,1,1
34476,1149200,19.27,1,1
34477,1149233,19.22,1,1
34478,1149266,18.73,1,1
34479,1149300,17.33,1,1
34480,1149333,18.38,1,1
34481,1149366,15.79,1,1
34482,1149400,15.09,1,1
34483,1149433,19.25,1,1
34484,1149466,12.54,1,1
34485,1149500,11.69,1,1
34486,1149533,20.48,1,1
34487,1149566,13.03,1,1
34488,1149600,12.46,1,1
34489,1149633,21.47,1,1
34490,1149666,14.8,1,1
34491,1149700,14.56,1,1
34492,1149733,21.33,1,1
34493,1149766,17.35,1,1
34494,1149800,16.32,1,1
34495,1149833,22.43,1,1
34496,1149866,18.55,1,1
34497,1149900,18.11,1,1
34498,1149933,22.51,1,1
34499,1149966,21.56,1,1
34500,1150000,21.95,1,1
34501,1150033,22.6,1,1
34502,1150066,22.07,1,1
34503,1150100,20.72,1,1
34504,1150133,22.46,1,1
34505,1150166,24.25,1,1
34506,1150200,23.44,1,1
34507,1150233,21.7,1,1
34508,1150266,25.93,1,2
34509,1150300,24.42,1,1
34510,1150333,18.18,1,1
34511,1150366,24.57,1,1
34512,1150400,23.71,1,1
34513,1150433,16.27,1,1
34514,1150466,27.26,1,2
34515,1150500,26.03,1,2
34516,1150533,21.61,1,1
34517,1150566,35.53,1,2
34518,1150600,34.04,1,2
34519,1150633,34.23,1,2
34520,1150666,64.15,1,3
34521,1150700,62.88,1,3
34522,1150733,54.59,1,3
34523,1150766,63.32,1,3
34524,1150800,62.68,1,3
34525,1150833,51.29,1,3
34526,1150866,46.35,1,2
34527,1150900,45.3,1,2
34528,1150933,38.41,1,2
34529,1150966,32.19,1,2
34530,1151000,30.21,1,2
34531,1151033,26.37,1,2
34532,1151066,21.6,1,1
34533,1151100,20,1,1
34534,1151133,22.61,1,1
34535,1151166,17.81,1,1
34536,1151200,16.52,1,1
34537,1151233,100.42,1,4
34538,1151266,100.25,1,4
34539,1151300,100.23,1,4
34540,1151333,99.64,1,4
34541,1151366,100.06,1,4
34542,1151400,99.94,1,4
34543,1151433,99.93,1,4
34544,1151466,96.86,1,4
34545,1151500,91.81,1,4
34546,1151533,93.07,1,4
34547,1151566,47.03,1,2
34548,1151600,31.43,1,2
34549,1151633,36.44,1,2
34550,1151666,28.84,1,2
34551,1151700,27.9,1,2
34552,1151733,29.26,1,2
34553,1151766,28.03,1,2
34554,1151800,25.36,1,2
34555,1151833,24.82,1,1
34556,1151866,30.42,1,2
34557,1151900,28.06,1,2
34558,1151933,24.93,1,1
34559,1151966,28.69,1,2
34560,1152000,27.01,1,2
34561,1152033,22.58,1,1
34562,1152066,30.43,1,2
34563,1152100,28.71,1,2
34564,1152133,19.88,1,1
34565,1152166,28.82,1,2
34566,1152200,25.53,1,2
34567,1152233,17.67,1,1
34568,1152266,26.01,1,2
34569,1152300,24.75,1,1
34570,1152333,19.29,1,1
34571,1152366,25.01,1,2
34572,1152400,23.79,1,1
34573,1152433,20.21,1,1
34574,1152466,27.19,1,2
34575,1152500,25.58,1,2
34576,1152533,24.98,1,1
34577,1152566,29.07,1,2
34578,1152600,27.37,1,2
34579,1152633,30.66,1,2
34580,1152666,47.42,1,2
34581,1152700,45.67,1,2
34582,1152733,45.9,1,2
34583,1152766,51.06,1,3
34584,1152800,48.34,1,2
34585,1152833,57.34,1,3
34586,1152866,44.03,1,2
34587,1152900,42.46,1,2
34588,1152933,40.02,1,2
34589,1152966,29.7,1,2
34590,1153000,27.55,1,2
34591,1153033,31.96,1,2
34592,1153066,29.67,1,2
34593,1153100,28.23,1,2
34594,1153133,37.24,1,2
34595,1153166,34.76,1,2
34596,1153200,31.92,1,2
34597,1153233,42.97,1,2
34598,1153266,41.51,1,2
34599,1153300,39.48,1,2
34600,1153333,50.04,1,3
34601,1153366,36.55,1,2
34602,1153400,34.96,1,2
34603,1153433,41.74,1,2
34604,1153466,30.7,1,2
34605,1153500,29.06,1,2
34606,1153533,22.59,1,1
34607,1153566,22.02,1,1
34608,1153600,21.09,1,1
34609,1153633,16.54,1,1
34610,1153666,20.55,1,1
34611,1153700,19.32,1,1
34612,1153733,10.98,1,1
34613,1153766,18.31,1,1
34614,1153800,17.47,1,1
34615,1153833,11.81,1,1
34616,1153866,19.12,1,1
34617,1153900,18.63,1,1
34618,1153933,13.58,1,1
34619,1153966,21.01,1,1
34620,1154000,20.47,1,1
34621,1154033,17.01,1,1
34622,1154066,23.08,1,1
34623,1154100,22.38,1,1
34624,1154133,18.32,1,1
34625,1154166,22.46,1,1
34626,1154200,21.73,1,1
34627,1154233,21.22,1,1
34628,1154266,23.97,1,1
34629,1154300,22.79,1,1
34630,1154333,25.7,1,2
34631,1154366,28.32,1,2
34632,1154400,27.4,1,2
34633,1154433,30.5,1,2
34634,1154466,26.76,1,2
34635,1154500,25.22,1,2
34636,1154533,30.07,1,2
34637,1154566,25.47,1,2
34638,1154600,23.68,1,1
34639,1154633,29.26,1,2
34640,1154666,21.98,1,1
34641,1154700,19.14,1,1
34642,1154733,30.05,1,2
34643,1154766,19.64,1,1
34644,1154800,18.65,1,1
34645,1154833,33.37,1,2
34646,1154866,21.51,1,1
34647,1154900,20.46,1,1
34648,1154933,28.15,1,2
34649,1154966,25.42,1,2
34650,1155000,24.4,1,1
34651,1155033,27.61,1,2
34652,1155066,24.74,1,1
34653,1155100,22.84,1,1
34654,1155133,28.24,1,2
34655,1155166,27.04,1,2
34656,1155200,25.76,1,2
34657,1155233,98.5,1,4
34658,1155266,94.27,1,4
34659,1155300,93.56,1,4
34660,1155333,96.8,1,4
34661,1155366,93.42,1,4
34662,1155400,89.87,1,4
34663,1155433,87.32,1,4
34664,1155466,84.94,1,4
34665,1155500,82.3,1,4
34666,1155533,67.34,1,3
34667,1155566,44.46,1,2
34668,1155600,33.12,1,2
34669,1155633,22.06,1,1
34670,1155666,25.49,1,2
34671,1155700,22.54,1,1
34672,1155733,16.65,1,1
34673,1155766,23.08,1,1
34674,1155800,21.51,1,1
34675,1155833,18.46,1,1
34676,1155866,23.37,1,1
34677,1155900,21.93,1,1
34678,1155933,19.31,1,1
34679,1155966,19.44,1,1
34680,1156000,18.34,1,1
34681,1156033,18.61,1,1
34682,1156066,19.21,1,1
34683,1156100,18.05,1,1
34684,1156133,19.11,1,1
34685,1156166,17.37,1,1
34686,1156200,16.48,1,1
34687,1156233,21.32,1,1
34688,1156266,15.69,1,1
34689,1156300,14.78,1,1
34690,1156333,21.38,1,1
34691,1156366,14.77,1,1
34692,1156400,13.81,1,1
34693,1156433,23.6,1,1
34694,1156466,14.76,1,1
34695,1156500,13.81,1,1
34696,1156533,23.51,1,1
34697,1156566,17.18,1,1
34698,1156600,16.18,1,1
34699,1156633,24.14,1,1
34700,1156666,19.55,1,1
34701,1156700,18.59,1,1
34702,1156733,25.51,1,2
34703,1156766,22.22,1,1
34704,1156800,21.05,1,1
34705,1156833,24.45,1,1
34706,1156866,22.83,1,1
34707,1156900,21.79,1,1
34708,1156933,22.38,1,1
34709,1156966,22.8,1,1
34710,1157000,21.92,1,1
34711,1157033,19.8,1,1
34712,1157066,24.19,1,1
34713,1157100,23.16,1,1
34714,1157133,24.2,1,1
34715,1157166,30.39,1,2
34716,1157200,28.74,1,2
34717,1157233,24.43,1,1
34718,1157266,38.1,1,2
34719,1157300,36.54,1,2
34720,1157333,26.88,1,2
34721,1157366,32.21,1,2
34722,1157400,30.82,1,2
34723,1157433,20.76,1,1
34724,1157466,26.08,1,2
34725,1157500,24.9,1,1
34726,1157533,18.5,1,1
34727,1157566,21.33,1,1
34728,1157600,19.51,1,1
34729,1157633,17.06,1,1
34730,1157666,20.96,1,1
34731,1157700,19.51,1,1
34732,1157733,17.39,1,1
34733,1157766,19.05,1,1
34734,1157800,18.27,1,1
34735,1157833,16.47,1,1
34736,1157866,18.89,1,1
34737,1157900,18.28,1,1
34738,1157933,18.29,1,1
34739,1157966,17.95,1,1
34740,1158000,17.45,1,1
34741,1158033,21.43,1,1
34742,1158066,14.41,1,1
34743,1158100,13.87,1,1
34744,1158133,19.81,1,1
34745,1158166,12.26,1,1
34746,1158200,11.43,1,1
34747,1158233,19.23,1,1
34748,1158266,14.14,1,1
34749,1158300,13.5,1,1
34750,1158333,23.31,1,1
34751,1158366,16.88,1,1
34752,1158400,16.48,1,1
34753,1158433,22.54,1,1
34754,1158466,17.64,1,1
34755,1158500,16.91,1,1
34756,1158533,23.16,1,1
34757,1158566,18.54,1,1
34758,1158600,17.69,1,1
34759,1158633,20.99,1,1
34760,1158666,18.62,1,1
34761,1158700,17.75,1,1
34762,1158733,19.58,1,1
34763,1158766,19.69,1,1
34764,1158800,19.26,1,1
34765,1158833,16.43,1,1
34766,1158866,20.54,1,1
34767,1158900,19.87,1,1
34768,1158933,15.87,1,1
34769,1158966,22.3,1,1
34770,1159000,21.43,1,1
34771,1159033,14.54,1,1
34772,1159066,24.83,1,1
34773,1159100,23.81,1,1
34774,1159133,18.34,1,1
34775,1159166,30.36,1,2
34776,1159200,29.25,1,2
34777,1159233,98.48,1,4
34778,1159266,97.63,1,4
34779,1159300,97.61,1,4
34780,1159333,98.01,1,4
34781,1159366,98.2,1,4
34782,1159400,96.3,1,4
34783,1159433,95.43,1,4
34784,1159466,91.49,1,4
34785,1159500,83.37,1,4
34786,1159533,78.95,1,4
34787,1159566,37.84,1,2
34788,1159600,28.77,1,2
34789,1159633,26.62,1,2
34790,1159666,25.1,1,2
34791,1159700,22.89,1,1
34792,1159733,29.21,1,2
34793,1159766,23.12,1,1
34794,1159800,21.84,1,1
34795,1159833,23.45,1,1
34796,1159866,17.82,1,1
34797,1159900,16.81,1,1
34798,1159933,22.91,1,1
34799,1159966,16.66,1,1
34800,1160000,15.33,1,1
34801,1160033,23.05,1,1
34802,1160066,17.61,1,1
34803,1160100,16.35,1,1
34804,1160133,23.58,1,1
34805,1160166,19.1,1,1
34806,1160200,18.02,1,1
34807,1160233,25.26,1,2
34808,1160266,19.66,1,1
34809,1160300,18.69,1,1
34810,1160333,27.89,1,2
34811,1160366,18.95,1,1
34812,1160400,18.31,1,1
34813,1160433,24.58,1,1
34814,1160466,19.9,1,1
34815,1160500,18.75,1,1
34816,1160533,20.33,1,1
34817,1160566,23.75,1,1
34818,1160600,22.46,1,1
34819,1160633,19.66,1,1
34820,1160666,23.95,1,1
34821,1160700,22.57,1,1
34822,1160733,19.59,1,1
34823,1160766,28.12,1,2
34824,1160800,27.11,1,2
34825,1160833,17.12,1,1
34826,1160866,23.56,1,1
34827,1160900,22.46,1,1
34828,1160933,14.54,1,1
34829,1160966,21.62,1,1
34830,1161000,20.49,1,1
34831,1161033,12.11,1,1
34832,1161066,19.43,1,1
34833,1161100,18.33,1,1
34834,1161133,14.67,1,1
34835,1161166,19.44,1,1
34836,1161200,18.58,1,1
34837,1161233,16.14,1,1
34838,1161266,20.45,1,1
34839,1161300,19.54,1,1
34840,1161333,16.7,1,1
34841,1161366,19.65,1,1
34842,1161400,19.16,1,1
34843,1161433,17.96,1,1
34844,1161466,18.88,1,1
34845,1161500,17.81,1,1
34846,1161533,20.38,1,1
34847,1161566,17.86,1,1
34848,1161600,16.83,1,1
34849,1161633,20.35,1,1
34850,1161666,16.93,1,1
34851,1161700,16.31,1,1
34852,1161733,22.69,1,1
34853,1161766,15.36,1,1
34854,1161800,14.27,1,1
34855,1161833,24.33,1,1
34856,1161866,18.35,1,1
34857,1161900,17.58,1,1
34858,1161933,26.22,1,2
34859,1161966,20.84,1,1
34860,1162000,19.53,1,1
34861,1162033,27.85,1,2
34862,1162066,23.63,1,1
34863,1162100,22.3,1,1
34864,1162133,30.59,1,2
34865,1162166,30.72,1,2
34866,1162200,29.33,1,2
34867,1162233,37.12,1,2
34868,1162266,28.62,1,2
34869,1162300,27.69,1,2
34870,1162333,36.48,1,2
34871,1162366,27.88,1,2
34872,1162400,26.55,1,2
34873,1162433,25.94,1,2
34874,1162466,24.72,1,1
34875,1162500,22.75,1,1
34876,1162533,16.47,1,1
34877,1162566,28,1,2
34878,1162600,26.58,1,2
34879,1162633,22.9,1,1
34880,1162666,34.09,1,2
34881,1162700,32.57,1,2
34882,1162733,24.02,1,1
34883,1162766,49.06,1,2
34884,1162800,47.5,1,2
34885,1162833,36.93,1,2
34886,1162866,36.56,1,2
34887,1162900,35.02,1,2
34888,1162933,30.31,1,2
34889,1162966,29.26,1,2
34890,1163000,27.46,1,2
34891,1163033,19.35,1,1
34892,1163066,19.44,1,1
34893,1163100,17.9,1,1
34894,1163133,18.36,1,1
34895,1163166,19.83,1,1
34896,1163200,18.82,1,1
34897,1163233,99.88,1,4
34898,1163266,98.02,1,4
34899,1163300,96.26,1,4
34900,1163333,95.47,1,4
34901,1163366,95.53,1,4
34902,1163400,95,1,4
34903,1163433,95.28,1,4
34904,1163466,89.94,1,4
34905,1163500,84.25,1,4
34906,1163533,84.57,1,4
34907,1163566,19.57,1,1
34908,1163600,13.02,1,1
34909,1163633,20.7,1,1
34910,1163666,13.87,1,1
34911,1163700,12.86,1,1
34912,1163733,20.27,1,1
34913,1163766,19.17,1,1
34914,1163800,18.34,1,1
34915,1163833,24.08,1,1
34916,1163866,22.51,1,1
34917,1163900,21.42,1,1
34918,1163933,26.3,1,2
34919,1163966,24.16,1,1
34920,1164000,23.14,1,1
34921,1164033,30.23,1,2
34922,1164066,27.65,1,2
34923,1164100,25.92,1,2
34924,1164133,32.05,1,2
34925,1164166,38.18,1,2
34926,1164200,36.94,1,2
34927,1164233,36.4,1,2
34928,1164266,35.12,1,2
34929,1164300,33.24,1,2
34930,1164333,30.22,1,2
34931,1164366,34.95,1,2
34932,1164400,33.13,1,2
34933,1164433,28.27,1,2
34934,1164466,28.72,1,2
34935,1164500,26.83,1,2
34936,1164533,21.74,1,1
34937,1164566,29.02,1,2
34938,1164600,27.21,1,2
34939,1164633,26.1,1,2
34940,1164666,44.12,1,2
34941,1164700,42.55,1,2
34942,1164733,37,1,2
34943,1164766,62.94,1,3
34944,1164800,61.72,1,3
34945,1164833,59.52,1,3
34946,1164866,60.05,1,3
34947,1164900,58.14,1,3
34948,1164933,43.96,1,2
34949,1164966,42.39,1,2
34950,1165000,40.91,1,2
34951,1165033,29.16,1,2
34952,1165066,23.08,1,1
34953,1165100,21.2,1,1
34954,1165133,21.93,1,1
34955,1165166,16.44,1,1
34956,1165200,14.98,1,1
34957,1165233,20.32,1,1
34958,1165266,17.81,1,1
34959,1165300,15.82,1,1
34960,1165333,20.91,1,1
34961,1165366,17.15,1,1
34962,1165400,15.95,1,1
34963,1165433,18.69,1,1
34964,1165466,17.04,1,1
34965,1165500,16.43,1,1
34966,1165533,17.8,1,1
34967,1165566,15.1,1,1
34968,1165600,14.36,1,1
34969,1165633,16.53,1,1
34970,1165666,15.81,1,1
34971,1165700,14.88,1,1
34972,1165733,15.92,1,1
34973,1165766,17.64,1,1
34974,1165800,16.67,1,1
34975,1165833,16.11,1,1
34976,1165866,19.27,1,1
34977,1165900,18.29,1,1
34978,1165933,16.3,1,1
34979,1165966,20.12,1,1
34980,1166000,19.38,1,1
34981,1166033,15.36,1,1
34982,1166066,21.73,1,1
34983,1166100,20.52,1,1
34984,1166133,14.13,1,1
34985,1166166,23.24,1,1
34986,1166200,21.66,1,1
34987,1166233,15.64,1,1
34988,1166266,21.67,1,1
34989,1166300,20.24,1,1
34990,1166333,14.83,1,1
34991,1166366,20.95,1,1
34992,1166400,19.87,1,1
34993,1166433,18.55,1,1
34994,1166466,24.34,1,1
34995,1166500,23.27,1,1
34996,1166533,19.45,1,1
34997,1166566,24.47,1,1
34998,1166600,23.21,1,1
34999,1166633,26.16,1,2
35000,1166666,36.73,1,2
35001,1166700,34.45,1,2
35002,1166733,28.6,1,2
35003,1166766,41.57,1,2
35004,1166800,39.59,1,2
35005,1166833,39.07,1,2
35006,1166866,33.97,1,2
35007,1166900,32.66,1,2
35008,1166933,29.16,1,2
35009,1166966,24.12,1,1
35010,1167000,21.7,1,1
35011,1167033,23.02,1,1
35012,1167066,16.02,1,1
35013,1167100,15.14,1,1
35014,1167133,18.7,1,1
35015,1167166,15.81,1,1
35016,1167200,14.53,1,1
35017,1167233,99.14,1,4
35018,1167266,97.59,1,4
35019,1167300,97.59,1,4
35020,1167333,96.25,1,4
35021,1167366,97.47,1,4
35022,1167400,96.83,1,4
35023,1167433,95.55,1,4
35024,1167466,94.68,1,4
35025,1167500,87.51,1,4
35026,1167533,89.72,1,4
35027,1167566,39.3,1,2
35028,1167600,28.89,1,2
35029,1167633,25.63,1,2
35030,1167666,24.22,1,1
35031,1167700,21.47,1,1
35032,1167733,18.69,1,1
35033,1167766,21.7,1,1
35034,1167800,19.94,1,1
35035,1167833,14.88,1,1
35036,1167866,25.19,1,2
35037,1167900,23.44,1,1
35038,1167933,15.34,1,1
35039,1167966,22.57,1,1
35040,1168000,20.79,1,1
35041,1168033,15.11,1,1
35042,1168066,25.14,1,2
35043,1168100,22.99,1,1
35044,1168133,18.5,1,1
35045,1168166,28,1,2
35046,1168200,26.14,1,2
35047,1168233,24.8,1,1
35048,1168266,31.38,1,2
35049,1168300,29.57,1,2
35050,1168333,26.17,1,2
35051,1168366,30.07,1,2
35052,1168400,27.74,1,2
35053,1168433,28.34,1,2
35054,1168466,26.32,1,2
35055,1168500,22.13,1,1
35056,1168533,26.06,1,2
35057,1168566,20.18,1,1
35058,1168600,18.26,1,1
35059,1168633,31.06,1,2
35060,1168666,28.55,1,2
35061,1168700,26.45,1,2
35062,1168733,37.25,1,2
35063,1168766,27.02,1,2
35064,1168800,26.08,1,2
35065,1168833,42.3,1,2
35066,1168866,27.41,1,2
35067,1168900,26.36,1,2
35068,1168933,29.72,1,2
35069,1168966,22.74,1,1
35070,1169000,21.2,1,1
35071,1169033,22.59,1,1
35072,1169066,21.02,1,1
35073,1169100,19.33,1,1
35074,1169133,22.53,1,1
35075,1169166,20.4,1,1
35076,1169200,18.67,1,1
35077,1169233,28.13,1,2
35078,1169266,27.74,1,2
35079,1169300,26.5,1,2
35080,1169333,22.72,1,1
35081,1169366,21.64,1,1
35082,1169400,20.37,1,1
35083,1169433,19.44,1,1
35084,1169466,19.11,1,1
35085,1169500,18.54,1,1
35086,1169533,12.5,1,1
35087,1169566,17.01,1,1
35088,1169600,16.1,1,1
35089,1169633,10.18,1,1
35090,1169666,18.2,1,1
35091,1169700,17.39,1,1
35092,1169733,9.42,1,1
35093,1169766,15.82,1,1
35094,1169800,15.34,1,1
35095,1169833,11.1,1,1
35096,1169866,19.07,1,1
35097,1169900,18.57,1,1
35098,1169933,14.59,1,1
35099,1169966,18.74,1,1
35100,1170000,17.74,1,1
35101,1170033,17.04,1,1
35102,1170066,18.92,1,1
35103,1170100,18.18,1,1
35104,1170133,16.23,1,1
35105,1170166,17.3,1,1
35106,1170200,16.03,1,1
35107,1170233,17.98,1,1
35108,1170266,18.64,1,1
35109,1170300,17.47,1,1
35110,1170333,19.03,1,1
35111,1170366,18.47,1,1
35112,1170400,17.31,1,1
35113,1170433,29.25,1,2
35114,1170466,25.48,1,2
35115,1170500,24.37,1,1
35116,1170533,33.8,1,2
35117,1170566,25.55,1,2
35118,1170600,23.62,1,1
35119,1170633,34.9,1,2
35120,1170666,30.49,1,2
35121,1170700,27.08,1,2
35122,1170733,36.05,1,2
35123,1170766,26.29,1,2
35124,1170800,23,1,1
35125,1170833,31.96,1,2
35126,1170866,26.25,1,2
35127,1170900,24.78,1,1
35128,1170933,29.02,1,2
35129,1170966,25.72,1,2
35130,1171000,23.95,1,1
35131,1171033,23.76,1,1
35132,1171066,21.65,1,1
35133,1171100,20.17,1,1
35134,1171133,16.86,1,1
35135,1171166,19.82,1,1
35136,1171200,18.17,1,1
35137,1171233,89.23,1,4
35138,1171266,94.73,1,4
35139,1171300,90.18,1,4
35140,1171333,82.09,1,4
35141,1171366,89.66,1,4
35142,1171400,87.21,1,4
35143,1171433,75.03,1,4
35144,1171466,80.48,1,4
35145,1171500,78.75,1,4
35146,1171533,65.13,1,3
35147,1171566,35.92,1,2
35148,1171600,27.6,1,2
35149,1171633,22.45,1,1
35150,1171666,26.75,1,2
35151,1171700,24.55,1,1
35152,1171733,23.25,1,1
35153,1171766,28.14,1,2
35154,1171800,25.67,1,2
35155,1171833,21.64,1,1
35156,1171866,25.09,1,2
35157,1171900,23.55,1,1
35158,1171933,20.95,1,1
35159,1171966,18.88,1,1
35160,1172000,17.25,1,1
35161,1172033,17.72,1,1
35162,1172066,14.96,1,1
35163,1172100,13.91,1,1
35164,1172133,26.02,1,2
35165,1172166,16.46,1,1
35166,1172200,15.47,1,1
35167,1172233,22.37,1,1
35168,1172266,15.34,1,1
35169,1172300,14.87,1,1
35170,1172333,20.56,1,1
35171,1172366,15.64,1,1
35172,1172400,14.81,1,1
35173,1172433,19.44,1,1
35174,1172466,15.1,1,1
35175,1172500,14.29,1,1
35176,1172533,19.84,1,1
35177,1172566,15.26,1,1
35178,1172600,14.49,1,1
35179,1172633,17.67,1,1
35180,1172666,15.96,1,1
35181,1172700,14.99,1,1
35182,1172733,17.42,1,1
35183,1172766,16.83,1,1
35184,1172800,16.19,1,1
35185,1172833,17.07,1,1
35186,1172866,19.42,1,1
35187,1172900,18.85,1,1
35188,1172933,17.24,1,1
35189,1172966,18.46,1,1
35190,1173000,17.47,1,1
35191,1173033,14.58,1,1
35192,1173066,22.68,1,1
35193,1173100,21.03,1,1
35194,1173133,15.98,1,1
35195,1173166,21.77,1,1
35196,1173200,20.5,1,1
35197,1173233,13.58,1,1
35198,1173266,24.27,1,1
35199,1173300,22.6,1,1
35200,1173333,16.2,1,1
35201,1173366,23.36,1,1
35202,1173400,21.4,1,1
35203,1173433,16.34,1,1
35204,1173466,21.89,1,1
35205,1173500,20.75,1,1
35206,1173533,17.37,1,1
35207,1173566,21.17,1,1
35208,1173600,20.01,1,1
35209,1173633,16.88,1,1
35210,1173666,21.82,1,1
35211,1173700,20.88,1,1
35212,1173733,21.78,1,1
35213,1173766,27.06,1,2
35214,1173800,25.32,1,2
35215,1173833,26.99,1,2
35216,1173866,28.03,1,2
35217,1173900,26.53,1,2
35218,1173933,28.41,1,2
35219,1173966,25.27,1,2
35220,1174000,22.86,1,1
35221,1174033,25.74,1,2
35222,1174066,17.21,1,1
35223,1174100,15.45,1,1
35224,1174133,32.43,1,2
35225,1174166,25.8,1,2
35226,1174200,24.32,1,1
35227,1174233,39.4,1,2
35228,1174266,26.34,1,2
35229,1174300,25.6,1,2
35230,1174333,45.03,1,2
35231,1174366,28.25,1,2
35232,1174400,26.99,1,2
35233,1174433,31.11,1,2
35234,1174466,24.34,1,1
35235,1174500,23.04,1,1
35236,1174533,24.12,1,1
35237,1174566,20.65,1,1
35238,1174600,19.33,1,1
35239,1174633,17.22,1,1
35240,1174666,23.38,1,1
35241,1174700,22.76,1,1
35242,1174733,20.28,1,1
35243,1174766,25.94,1,2
35244,1174800,24.58,1,1
35245,1174833,15.02,1,1
35246,1174866,22.89,1,1
35247,1174900,21.95,1,1
35248,1174933,14.45,1,1
35249,1174966,18.77,1,1
35250,1175000,18.7,1,1
35251,1175033,12.63,1,1
35252,1175066,18.25,1,1
35253,1175100,17.17,1,1
35254,1175133,13.28,1,1
35255,1175166,18.73,1,1
35256,1175200,17.59,1,1
35257,1175233,89.22,1,4
35258,1175266,88.54,1,4
35259,1175300,87.9,1,4
35260,1175333,85.08,1,4
35261,1175366,87.19,1,4
35262,1175400,84.9,1,4
35263,1175433,82.81,1,4
35264,1175466,81.33,1,4
35265,1175500,78.35,1,4
35266,1175533,80.88,1,4
35267,1175566,27.71,1,2
35268,1175600,22.66,1,1
35269,1175633,22.35,1,1
35270,1175666,21.56,1,1
35271,1175700,19.52,1,1
35272,1175733,26.73,1,2
35273,1175766,20.1,1,1
35274,1175800,19.23,1,1
35275,1175833,25.78,1,2
35276,1175866,18.72,1,1
35277,1175900,17.47,1,1
35278,1175933,26.7,1,2
35279,1175966,19.29,1,1
35280,1176000,17.83,1,1
35281,1176033,26.66,1,2
35282,1176066,20.84,1,1
35283,1176100,19.59,1,1
35284,1176133,32.59,1,2
35285,1176166,31.91,1,2
35286,1176200,30.8,1,2
35287,1176233,49.46,1,2
35288,1176266,36.46,1,2
35289,1176300,35.25,1,2
35290,1176333,60.07,1,3
35291,1176366,35.89,1,2
35292,1176400,35.06,1,2
35293,1176433,41.72,1,2
35294,1176466,31.93,1,2
35295,1176500,29.89,1,2
35296,1176533,28.67,1,2
35297,1176566,23.57,1,1
35298,1176600,22.15,1,1
35299,1176633,16.19,1,1
35300,1176666,21.21,1,1
35301,1176700,19.88,1,1
35302,1176733,17.47,1,1
35303,1176766,28.99,1,2
35304,1176800,28.1,1,2
35305,1176833,17.78,1,1
35306,1176866,22.02,1,1
35307,1176900,20.97,1,1
35308,1176933,15.74,1,1
35309,1176966,21.1,1,1
35310,1177000,20.31,1,1
35311,1177033,14.87,1,1
35312,1177066,16.57,1,1
35313,1177100,15.45,1,1
35314,1177133,14.03,1,1
35315,1177166,15.77,1,1
35316,1177200,15.15,1,1
35317,1177233,14.5,1,1
35318,1177266,14.9,1,1
35319,1177300,13.87,1,1
35320,1177333,15.28,1,1
35321,1177366,12.94,1,1
35322,1177400,12.38,1,1
35323,1177433,15.57,1,1
35324,1177466,12.5,1,1
35325,1177500,11.68,1,1
35326,1177533,19.04,1,1
35327,1177566,12.21,1,1
35328,1177600,11.47,1,1
35329,1177633,19.62,1,1
35330,1177666,13.75,1,1
35331,1177700,12.84,1,1
35332,1177733,19.9,1,1
35333,1177766,15.8,1,1
35334,1177800,14.41,1,1
35335,1177833,20.3,1,1
35336,1177866,15.67,1,1
35337,1177900,14.73,1,1
35338,1177933,20.62,1,1
35339,1177966,16.92,1,1
35340,1178000,16.04,1,1
35341,1178033,27.36,1,2
35342,1178066,22.8,1,1
35343,1178100,21.64,1,1
35344,1178133,34.78,1,2
35345,1178166,46.03,1,2
35346,1178200,44.75,1,2
35347,1178233,58.3,1,3
35348,1178266,41.9,1,2
35349,1178300,41.09,1,2
35350,1178333,51.29,1,3
35351,1178366,39.36,1,2
35352,1178400,37.91,1,2
35353,1178433,28.01,1,2
35354,1178466,25.19,1,2
35355,1178500,23.74,1,1
35356,1178533,19.68,1,1
35357,1178566,24.3,1,1
35358,1178600,22.37,1,1
35359,1178633,17.4,1,1
35360,1178666,25.66,1,2
35361,1178700,23.33,1,1
35362,1178733,18.96,1,1
35363,1178766,28.31,1,2
35364,1178800,27,1,2
35365,1178833,18.97,1,1
35366,1178866,23.84,1,1
35367,1178900,22.16,1,1
35368,1178933,17.69,1,1
35369,1178966,20.98,1,1
35370,1179000,19.45,1,1
35371,1179033,15.75,1,1
35372,1179066,16.78,1,1
35373,1179100,15.98,1,1
35374,1179133,14.98,1,1
35375,1179166,14.42,1,1
35376,1179200,13.42,1,1
35377,1179233,96.36,1,4
35378,1179266,95.47,1,4
35379,1179300,95.63,1,4
35380,1179333,93.61,1,4
35381,1179366,91.56,1,4
35382,1179400,90.76,1,4
35383,1179433,92.22,1,4
35384,1179466,84.2,1,4
35385,1179500,79.94,1,4
35386,1179533,82.19,1,4
35387,1179566,18.68,1,1
35388,1179600,14.71,1,1
35389,1179633,28.49,1,2
35390,1179666,22.96,1,1
35391,1179700,21.4,1,1
35392,1179733,33.34,1,2
35393,1179766,26.03,1,2
35394,1179800,24.61,1,1
35395,1179833,31.11,1,2
35396,1179866,25.11,1,2
35397,1179900,23.36,1,1
35398,1179933,27.14,1,2
35399,1179966,24.01,1,1
35400,1180000,21.61,1,1
35401,1180033,22.86,1,1
35402,1180066,23.93,1,1
35403,1180100,22.8,1,1
35404,1180133,25.63,1,2
35405,1180166,36.08,1,2
35406,1180200,34.68,1,2
35407,1180233,34.74,1,2
35408,1180266,38.58,1,2
35409,1180300,37.03,1,2
35410,1180333,37.33,1,2
35411,1180366,48.09,1,2
35412,1180400,46.24,1,2
35413,1180433,34.89,1,2
35414,1180466,35.54,1,2
35415,1180500,33.02,1,2
35416,1180533,26.29,1,2
35417,1180566,30.76,1,2
35418,1180600,28.49,1,2
35419,1180633,24.09,1,1
35420,1180666,31.33,1,2
35421,1180700,29.42,1,2
35422,1180733,28.07,1,2
35423,1180766,38.71,1,2
35424,1180800,36.99,1,2
35425,1180833,35.49,1,2
35426,1180866,32.65,1,2
35427,1180900,31.09,1,2
35428,1180933,25.17,1,2
35429,1180966,24.01,1,1
35430,1181000,22.65,1,1
35431,1181033,17.94,1,1
35432,1181066,13.4,1,1
35433,1181100,12.58,1,1
35434,1181133,15.05,1,1
35435,1181166,8.64,1,1
35436,1181200,8.33,1,1
35437,1181233,15.63,1,1
35438,1181266,8.3,1,1
35439,1181300,7.92,1,1
35440,1181333,15.06,1,1
35441,1181366,9.57,1,1
35442,1181400,9.43,1,1
35443,1181433,17.23,1,1
35444,1181466,11.45,1,1
35445,1181500,10.73,1,1
35446,1181533,17.13,1,1
35447,1181566,13.54,1,1
35448,1181600,12.94,1,1
35449,1181633,18.69,1,1
35450,1181666,18.24,1,1
35451,1181700,17.45,1,1
35452,1181733,19.36,1,1
35453,1181766,19.49,1,1
35454,1181800,18.92,1,1
35455,1181833,19.79,1,1
35456,1181866,19.95,1,1
35457,1181900,18.8,1,1
35458,1181933,18.66,1,1
35459,1181966,17.96,1,1
35460,1182000,16.53,1,1
35461,1182033,14.85,1,1
35462,1182066,18.44,1,1
35463,1182100,17.68,1,1
35464,1182133,12.95,1,1
35465,1182166,22.91,1,1
35466,1182200,20.82,1,1
35467,1182233,17.35,1,1
35468,1182266,26.23,1,2
35469,1182300,25.48,1,2
35470,1182333,19.6,1,1
35471,1182366,30.71,1,2
35472,1182400,29.12,1,2
35473,1182433,20.7,1,1
35474,1182466,26.98,1,2
35475,1182500,25.13,1,2
35476,1182533,18.74,1,1
35477,1182566,23.05,1,1
35478,1182600,21.86,1,1
35479,1182633,19.66,1,1
35480,1182666,21.11,1,1
35481,1182700,19.51,1,1
35482,1182733,17.29,1,1
35483,1182766,21.16,1,1
35484,1182800,20.03,1,1
35485,1182833,25.02,1,2
35486,1182866,19.47,1,1
35487,1182900,18.61,1,1
35488,1182933,21.51,1,1
35489,1182966,20.19,1,1
35490,1183000,19.02,1,1
35491,1183033,19.1,1,1
35492,1183066,12.69,1,1
35493,1183100,12.11,1,1
35494,1183133,16.7,1,1
35495,1183166,10.11,1,1
35496,1183200,9.53,1,1
35497,1183233,97.33,1,4
35498,1183266,97.55,1,4
35499,1183300,97.43,1,4
35500,1183333,93.68,1,4
35501,1183366,88.54,1,4
35502,1183400,88.07,1,4
35503,1183433,92.22,1,4
35504,1183466,86.96,1,4
35505,1183500,83.02,1,4
35506,1183533,84.06,1,4
35507,1183566,32.91,1,2
35508,1183600,19.43,1,1
35509,1183633,22.82,1,1
35510,1183666,21.06,1,1
35511,1183700,19.73,1,1
35512,1183733,18.56,1,1
35513,1183766,19.79,1,1
35514,1183800,18.45,1,1
35515,1183833,17.59,1,1
35516,1183866,21.34,1,1
35517,1183900,19.9,1,1
35518,1183933,11.98,1,1
35519,1183966,20.71,1,1
35520,1184000,19.44,1,1
35521,1184033,14.15,1,1
35522,1184066,26.78,1,2
35523,1184100,25.55,1,2
35524,1184133,17.03,1,1
35525,1184166,26.78,1,2
35526,1184200,25.16,1,2
35527,1184233,19.76,1,1
35528,1184266,30.75,1,2
35529,1184300,28.74,1,2
35530,1184333,21.26,1,1
35531,1184366,28.81,1,2
35532,1184400,26.8,1,2
35533,1184433,22.95,1,1
35534,1184466,22.84,1,1
35535,1184500,21.13,1,1
35536,1184533,18.81,1,1
35537,1184566,18.57,1,1
35538,1184600,16.93,1,1
35539,1184633,19.04,1,1
35540,1184666,19.55,1,1
35541,1184700,18.56,1,1
35542,1184733,20.02,1,1
35543,1184766,20.64,1,1
35544,1184800,19.7,1,1
35545,1184833,34.84,1,2
35546,1184866,20.67,1,1
35547,1184900,19.39,1,1
35548,1184933,28.12,1,2
35549,1184966,17.56,1,1
35550,1185000,16.71,1,1
35551,1185033,21.26,1,1
35552,1185066,14.21,1,1
35553,1185100,13.36,1,1
35554,1185133,18.37,1,1
35555,1185166,12.91,1,1
35556,1185200,11.49,1,1
35557,1185233,16.77,1,1
35558,1185266,11.38,1,1
35559,1185300,10.54,1,1
35560,1185333,17.71,1,1
35561,1185366,13.7,1,1
35562,1185400,13.19,1,1
35563,1185433,18.54,1,1
35564,1185466,15.05,1,1
35565,1185500,14.3,1,1
35566,1185533,17.13,1,1
35567,1185566,16.62,1,1
35568,1185600,15.91,1,1
35569,1185633,14.88,1,1
35570,1185666,18.42,1,1
35571,1185700,17.36,1,1
35572,1185733,13.23,1,1
35573,1185766,18.56,1,1
35574,1185800,17.92,1,1
35575,1185833,12.74,1,1
35576,1185866,19.84,1,1
35577,1185900,18.48,1,1
35578,1185933,11.76,1,1
35579,1185966,19.13,1,1
35580,1186000,18.43,1,1
35581,1186033,11.62,1,1
35582,1186066,17.08,1,1
35583,1186100,16.28,1,1
35584,1186133,12.38,1,1
35585,1186166,17.42,1,1
35586,1186200,16.57,1,1
35587,1186233,13.74,1,1
35588,1186266,17.79,1,1
35589,1186300,16.69,1,1
35590,1186333,15.32,1,1
35591,1186366,16.04,1,1
35592,1186400,15.24,1,1
35593,1186433,17.73,1,1
35594,1186466,17.99,1,1
35595,1186500,17.44,1,1
35596,1186533,18.13,1,1
35597,1186566,13.33,1,1
35598,1186600,12.62,1,1
35599,1186633,17.34,1,1
35600,1186666,13.33,1,1
35601,1186700,12.53,1,1
35602,1186733,22.03,1,1
35603,1186766,12.14,1,1
35604,1186800,10.82,1,1
35605,1186833,20.38,1,1
35606,1186866,13.55,1,1
35607,1186900,12.6,1,1
35608,1186933,25.69,1,2
35609,1186966,16.64,1,1
35610,1187000,15.74,1,1
35611,1187033,22.74,1,1
35612,1187066,17.48,1,1
35613,1187100,16.52,1,1
35614,1187133,18.85,1,1
35615,1187166,15.3,1,1
35616,1187200,14.37,1,1
35617,1187233,90.66,1,4
35618,1187266,88.71,1,4
35619,1187300,85.78,1,4
35620,1187333,89.27,1,4
35621,1187366,86.86,1,4
35622,1187400,86.84,1,4
35623,1187433,81.47,1,4
35624,1187466,83.31,1,4
35625,1187500,78.34,1,4
35626,1187533,70.65,1,3
35627,1187566,34.07,1,2
35628,1187600,24.12,1,1
35629,1187633,17.51,1,1
35630,1187666,25.11,1,2
35631,1187700,23.46,1,1
35632,1187733,18,1,1
35633,1187766,22.48,1,1
35634,1187800,20.88,1,1
35635,1187833,15.66,1,1
35636,1187866,22.96,1,1
35637,1187900,21.69,1,1
35638,1187933,16.09,1,1
35639,1187966,21.8,1,1
35640,1188000,20.97,1,1
35641,1188033,15.06,1,1
35642,1188066,18.4,1,1
35643,1188100,17.46,1,1
35644,1188133,16.62,1,1
35645,1188166,17.26,1,1
35646,1188200,16.34,1,1
35647,1188233,16.13,1,1
35648,1188266,21.29,1,1
35649,1188300,20.17,1,1
35650,1188333,19.1,1,1
35651,1188366,15.44,1,1
35652,1188400,14.75,1,1
35653,1188433,19.83,1,1
35654,1188466,14.98,1,1
35655,1188500,13.93,1,1
35656,1188533,18.14,1,1
35657,1188566,12.01,1,1
35658,1188600,10.96,1,1
35659,1188633,17.03,1,1
35660,1188666,11.29,1,1
35661,1188700,10.53,1,1
35662,1188733,16.81,1,1
35663,1188766,10.63,1,1
35664,1188800,9.71,1,1
35665,1188833,18.09,1,1
35666,1188866,14.31,1,1
35667,1188900,13.75,1,1
35668,1188933,21.4,1,1
35669,1188966,16.7,1,1
35670,1189000,16.06,1,1
35671,1189033,19.16,1,1
35672,1189066,18.83,1,1
35673,1189100,18.1,1,1
35674,1189133,19.49,1,1
35675,1189166,19.03,1,1
35676,1189200,17.79,1,1
35677,1189233,18.44,1,1
35678,1189266,19.6,1,1
35679,1189300,18.74,1,1
35680,1189333,17.55,1,1
35681,1189366,20.89,1,1
35682,1189400,19.54,1,1
35683,1189433,16.05,1,1
35684,1189466,21.35,1,1
35685,1189500,20.64,1,1
35686,1189533,15.23,1,1
35687,1189566,23.08,1,1
35688,1189600,21.7,1,1
35689,1189633,17.75,1,1
35690,1189666,29.05,1,2
35691,1189700,27.41,1,2
35692,1189733,28.4,1,2
35693,1189766,39.08,1,2
35694,1189800,38.36,1,2
35695,1189833,29.47,1,2
35696,1189866,32.77,1,2
35697,1189900,31.07,1,2
35698,1189933,24.98,1,1
35699,1189966,27.14,1,2
35700,1190000,25.47,1,2
35701,1190033,20.81,1,1
35702,1190066,17.45,1,1
35703,1190100,15.83,1,1
35704,1190133,19.34,1,1
35705,1190166,17.33,1,1
35706,1190200,16.48,1,1
35707,1190233,18.99,1,1
35708,1190266,14.62,1,1
35709,1190300,14,1,1
35710,1190333,29.76,1,2
35711,1190366,14.61,1,1
35712,1190400,13.72,1,1
35713,1190433,17.31,1,1
35714,1190466,13.4,1,1
35715,1190500,12.66,1,1
35716,1190533,17.29,1,1
35717,1190566,12.47,1,1
35718,1190600,11.57,1,1
35719,1190633,15.42,1,1
35720,1190666,11.33,1,1
35721,1190700,10.84,1,1
35722,1190733,15.84,1,1
35723,1190766,13.81,1,1
35724,1190800,13.07,1,1
35725,1190833,14.77,1,1
35726,1190866,14.76,1,1
35727,1190900,14.08,1,1
35728,1190933,15.59,1,1
35729,1190966,16.28,1,1
35730,1191000,15.19,1,1
35731,1191033,14.4,1,1
35732,1191066,16.43,1,1
35733,1191100,15.8,1,1
35734,1191133,12.79,1,1
35735,1191166,18.63,1,1
35736,1191200,18.02,1,1
35737,1191233,89.36,1,4
35738,1191266,92.89,1,4
35739,1191300,92.68,1,4
35740,1191333,85.23,1,4
35741,1191366,91.86,1,4
35742,1191400,90.9,1,4
35743,1191433,82.09,1,4
35744,1191466,90.39,1,4
35745,1191500,87.85,1,4
35746,1191533,77.42,1,4
35747,1191566,31.48,1,2
35748,1191600,25.96,1,2
35749,1191633,21.49,1,1
35750,1191666,36.1,1,2
35751,1191700,32.41,1,2
35752,1191733,31.78,1,2
35753,1191766,42.4,1,2
35754,1191800,40.26,1,2
35755,1191833,31.19,1,2
35756,1191866,37.48,1,2
35757,1191900,35.41,1,2
35758,1191933,26.98,1,2
35759,1191966,31.05,1,2
35760,1192000,29.27,1,2
35761,1192033,25.91,1,2
35762,1192066,20.56,1,1
35763,1192100,18.98,1,1
35764,1192133,23.34,1,1
35765,1192166,20.4,1,1
35766,1192200,19.56,1,1
35767,1192233,34.09,1,2
35768,1192266,24.57,1,1
35769,1192300,23.19,1,1
35770,1192333,54.93,1,3
35771,1192366,51.82,1,3
35772,1192400,50.55,1,3
35773,1192433,47.65,1,2
35774,1192466,35.35,1,2
35775,1192500,34.35,1,2
35776,1192533,35.88,1,2
35777,1192566,27.23,1,2
35778,1192600,25.43,1,2
35779,1192633,23.25,1,1
35780,1192666,19.37,1,1
35781,1192700,17.71,1,1
35782,1192733,18.25,1,1
35783,1192766,17.74,1,1
35784,1192800,15.86,1,1
35785,1192833,14.03,1,1
35786,1192866,16.68,1,1
35787,1192900,15.35,1,1
35788,1192933,13.52,1,1
35789,1192966,15.99,1,1
35790,1193000,15.25,1,1
35791,1193033,9.74,1,1
35792,1193066,15.4,1,1
35793,1193100,14.94,1,1
35794,1193133,9.01,1,1
35795,1193166,16.56,1,1
35796,1193200,16.02,1,1
35797,1193233,9.88,1,1
35798,1193266,16.1,1,1
35799,1193300,15.24,1,1
35800,1193333,11.26,1,1
35801,1193366,18.18,1,1
35802,1193400,17.42,1,1
35803,1193433,13.84,1,1
35804,1193466,17.77,1,1
35805,1193500,17.26,1,1
35806,1193533,14.85,1,1
35807,1193566,17.27,1,1
35808,1193600,16.49,1,1
35809,1193633,15.91,1,1
35810,1193666,17.05,1,1
35811,1193700,15.51,1,1
35812,1193733,16.26,1,1
35813,1193766,20.94,1,1
35814,1193800,19.93,1,1
35815,1193833,19.48,1,1
35816,1193866,18.52,1,1
35817,1193900,17.35,1,1
35818,1193933,19.82,1,1
35819,1193966,14.36,1,1
35820,1194000,13.45,1,1
35821,1194033,19.66,1,1
35822,1194066,13.84,1,1
35823,1194100,13,1,1
35824,1194133,19.98,1,1
35825,1194166,16.79,1,1
35826,1194200,15.98,1,1
35827,1194233,33.47,1,2
35828,1194266,20.69,1,1
35829,1194300,19.77,1,1
35830,1194333,39.45,1,2
35831,1194366,33.1,1,2
35832,1194400,31.87,1,2
35833,1194433,38.26,1,2
35834,1194466,26.88,1,2
35835,1194500,25.93,1,2
35836,1194533,29.11,1,2
35837,1194566,21.95,1,1
35838,1194600,21.05,1,1
35839,1194633,19.62,1,1
35840,1194666,16.38,1,1
35841,1194700,15.18,1,1
35842,1194733,15.25,1,1
35843,1194766,18.75,1,1
35844,1194800,17.97,1,1
35845,1194833,12.69,1,1
35846,1194866,16.24,1,1
35847,1194900,15.27,1,1
35848,1194933,12.2,1,1
35849,1194966,20.69,1,1
35850,1195000,19.62,1,1
35851,1195033,10.73,1,1
35852,1195066,17.21,1,1
35853,1195100,16.37,1,1
35854,1195133,10.64,1,1
35855,1195166,16.5,1,1
35856,1195200,15.6,1,1
35857,1195233,96.64,1,4
35858,1195266,98.71,1,4
35859,1195300,98.78,1,4
35860,1195333,91.56,1,4
35861,1195366,91.92,1,4
35862,1195400,91.63,1,4
35863,1195433,90,1,4
35864,1195466,84.22,1,4
35865,1195500,81.36,1,4
35866,1195533,80.62,1,4
35867,1195566,30.24,1,2
35868,1195600,22.76,1,1
35869,1195633,25.25,1,2
35870,1195666,23.26,1,1
35871,1195700,21.1,1,1
35872,1195733,26.65,1,2
35873,1195766,22.11,1,1
35874,1195800,20.32,1,1
35875,1195833,26.56,1,2
35876,1195866,18.51,1,1
35877,1195900,16.89,1,1
35878,1195933,24.38,1,1
35879,1195966,17.39,1,1
35880,1196000,15.88,1,1
35881,1196033,25.66,1,2
35882,1196066,24.05,1,1
35883,1196100,22.64,1,1
35884,1196133,34.52,1,2
35885,1196166,35.63,1,2
35886,1196200,34.22,1,2
35887,1196233,62.68,1,3
35888,1196266,52.97,1,3
35889,1196300,52.39,1,3
35890,1196333,69.76,1,3
35891,1196366,64.65,1,3
35892,1196400,63.97,1,3
35893,1196433,56.61,1,3
35894,1196466,36.78,1,2
35895,1196500,34.77,1,2
35896,1196533,31.6,1,2
35897,1196566,26.59,1,2
35898,1196600,24.61,1,1
35899,1196633,19.05,1,1
35900,1196666,22.1,1,1
35901,1196700,20.29,1,1
35902,1196733,13.51,1,1
35903,1196766,21.68,1,1
35904,1196800,20.18,1,1
35905,1196833,13.03,1,1
35906,1196866,16.98,1,1
35907,1196900,15.98,1,1
35908,1196933,11.88,1,1
35909,1196966,17.54,1,1
35910,1197000,16.53,1,1
35911,1197033,11.45,1,1
35912,1197066,14.31,1,1
35913,1197100,13.64,1,1
35914,1197133,11.36,1,1
35915,1197166,12.95,1,1
35916,1197200,12.3,1,1
35917,1197233,12.49,1,1
35918,1197266,13.95,1,1
35919,1197300,13.3,1,1
35920,1197333,12.17,1,1
35921,1197366,13.55,1,1
35922,1197400,12.89,1,1
35923,1197433,13.25,1,1
35924,1197466,12.2,1,1
35925,1197500,11.48,1,1
35926,1197533,14.66,1,1
35927,1197566,13.7,1,1
35928,1197600,12.92,1,1
35929,1197633,16.97,1,1
35930,1197666,13.26,1,1
35931,1197700,12.64,1,1
35932,1197733,18.79,1,1
35933,1197766,12.98,1,1
35934,1197800,12.08,1,1
35935,1197833,20.47,1,1
35936,1197866,13.48,1,1
35937,1197900,12.58,1,1
35938,1197933,19.76,1,1
35939,1197966,13.25,1,1
35940,1198000,12.79,1,1
35941,1198033,18.29,1,1
35942,1198066,14.68,1,1
35943,1198100,14.06,1,1
35944,1198133,19.71,1,1
35945,1198166,17.85,1,1
35946,1198200,16.57,1,1
35947,1198233,31.02,1,2
35948,1198266,31.9,1,2
35949,1198300,30.51,1,2
35950,1198333,54.11,1,3
35951,1198366,53.05,1,3
35952,1198400,51.31,1,3
35953,1198433,64.94,1,3
35954,1198466,45.24,1,2
35955,1198500,43.43,1,2
35956,1198533,40.79,1,2
35957,1198566,28.3,1,2
35958,1198600,27.45,1,2
35959,1198633,21.91,1,1
35960,1198666,24.59,1,1
35961,1198700,23.41,1,1
35962,1198733,21.53,1,1
35963,1198766,28.26,1,2
35964,1198800,27.12,1,2
35965,1198833,32.92,1,2
35966,1198866,41.21,1,2
35967,1198900,39.11,1,2
35968,1198933,25.87,1,2
35969,1198966,32.13,1,2
35970,1199000,30.58,1,2
35971,1199033,21.23,1,1
35972,1199066,19.62,1,1
35973,1199100,18.4,1,1
35974,1199133,14.62,1,1
35975,1199166,14.88,1,1
35976,1199200,14.13,1,1
35977,1199233,97.58,1,4
35978,1199266,97.85,1,4
35979,1199300,97.64,1,4
35980,1199333,97.91,1,4
35981,1199366,97.6,1,4
35982,1199400,92.18,1,4
35983,1199433,94.07,1,4
35984,1199466,90.28,1,4
35985,1199500,86.99,1,4
35986,1199533,86.41,1,4
35987,1199566,18.86,1,1
35988,1199600,14.2,1,1
35989,1199633,24.03,1,1
35990,1199666,21.17,1,1
35991,1199700,19.48,1,1
35992,1199733,26.13,1,2
35993,1199766,24.91,1,1
35994,1199800,23.14,1,1
35995,1199833,36.23,1,2
35996,1199866,32.21,1,2
35997,1199900,30.05,1,2
35998,1199933,35.42,1,2
35999,1199966,30.37,1,2
36000,1200000,29.68,1,2
36001,1200033,31.48,1,2
36002,1200066,29.52,1,2
36003,1200100,25.36,1,2
36004,1200133,25.18,1,2
36005,1200166,20.94,1,1
36006,1200200,19.49,1,1
36007,1200233,24.74,1,1
36008,1200266,26.17,1,2
36009,1200300,24.9,1,1
36010,1200333,28.19,1,2
36011,1200366,31.72,1,2
36012,1200400,30.93,1,2
36013,1200433,26.61,1,2
36014,1200466,31.67,1,2
36015,1200500,30.71,1,2
36016,1200533,24.26,1,1
36017,1200566,25.2,1,2
36018,1200600,23.94,1,1
36019,1200633,17.71,1,1
36020,1200666,24.51,1,1
36021,1200700,22.64,1,1
36022,1200733,20.73,1,1
36023,1200766,27.13,1,2
36024,1200800,25.3,1,2
36025,1200833,28.42,1,2
36026,1200866,43.86,1,2
36027,1200900,42.33,1,2
36028,1200933,29.1,1,2
36029,1200966,36.91,1,2
36030,1201000,34.8,1,2
36031,1201033,28.57,1,2
36032,1201066,23.05,1,1
36033,1201100,21.91,1,1
36034,1201133,17.48,1,1
36035,1201166,15.01,1,1
36036,1201200,14.05,1,1
36037,1201233,13.93,1,1
36038,1201266,10.02,1,1
36039,1201300,9,1,1
36040,1201333,11.62,1,1
36041,1201366,7.44,1,1
36042,1201400,6.72,1,1
36043,1201433,11.9,1,1
36044,1201466,8.16,1,1
36045,1201500,7.66,1,1
36046,1201533,13.14,1,1
36047,1201566,9.97,1,1
36048,1201600,9.51,1,1
36049,1201633,13.44,1,1
36050,1201666,11.66,1,1
36051,1201700,11.25,1,1
36052,1201733,15.31,1,1
36053,1201766,13.89,1,1
36054,1201800,13.15,1,1
36055,1201833,14.38,1,1
36056,1201866,14.36,1,1
36057,1201900,13.74,1,1
36058,1201933,13.41,1,1
36059,1201966,15.13,1,1
36060,1202000,13.58,1,1
36061,1202033,11.93,1,1
36062,1202066,16.21,1,1
36063,1202100,15.46,1,1
36064,1202133,13.29,1,1
36065,1202166,19.1,1,1
36066,1202200,18.09,1,1
36067,1202233,14.4,1,1
36068,1202266,23.52,1,1
36069,1202300,22.37,1,1
36070,1202333,18.71,1,1
36071,1202366,24.8,1,1
36072,1202400,23.98,1,1
36073,1202433,18.15,1,1
36074,1202466,25.61,1,2
36075,1202500,23.87,1,1
36076,1202533,20.25,1,1
36077,1202566,21.16,1,1
36078,1202600,19.52,1,1
36079,1202633,17.51,1,1
36080,1202666,22.44,1,1
36081,1202700,21.05,1,1
36082,1202733,20.23,1,1
36083,1202766,25.13,1,2
36084,1202800,23.58,1,1
36085,1202833,30.3,1,2
36086,1202866,38.11,1,2
36087,1202900,36.61,1,2
36088,1202933,26.49,1,2
36089,1202966,24.55,1,1
36090,1203000,22.98,1,1
36091,1203033,18.78,1,1
36092,1203066,14.44,1,1
36093,1203100,13.15,1,1
36094,1203133,13.39,1,1
36095,1203166,9.32,1,1
36096,1203200,8.44,1,1
36097,1203233,95.03,1,4
36098,1203266,90.75,1,4
36099,1203300,89.46,1,4
36100,1203333,90.82,1,4
36101,1203366,84,1,4
36102,1203400,83.19,1,4
36103,1203433,87.07,1,4
36104,1203466,81.72,1,4
36105,1203500,78.12,1,4
36106,1203533,75.47,1,4
36107,1203566,26.57,1,2
36108,1203600,19.09,1,1
36109,1203633,22.35,1,1
36110,1203666,17.29,1,1
36111,1203700,15.89,1,1
36112,1203733,17.61,1,1
36113,1203766,17.77,1,1
36114,1203800,16.13,1,1
36115,1203833,16.63,1,1
36116,1203866,18.88,1,1
36117,1203900,17.78,1,1
36118,1203933,14.5,1,1
36119,1203966,17.15,1,1
36120,1204000,15.59,1,1
36121,1204033,11.1,1,1
36122,1204066,17.59,1,1
36123,1204100,16.2,1,1
36124,1204133,9.89,1,1
36125,1204166,16.21,1,1
36126,1204200,15.39,1,1
36127,1204233,12.09,1,1
36128,1204266,20.46,1,1
36129,1204300,19.53,1,1
36130,1204333,15.76,1,1
36131,1204366,22.87,1,1
36132,1204400,21.37,1,1
36133,1204433,18.43,1,1
36134,1204466,23.48,1,1
36135,1204500,21.72,1,1
36136,1204533,20.46,1,1
36137,1204566,19.64,1,1
36138,1204600,18.26,1,1
36139,1204633,18.02,1,1
36140,1204666,21.21,1,1
36141,1204700,19.77,1,1
36142,1204733,29.64,1,2
36143,1204766,28.11,1,2
36144,1204800,26.99,1,2
36145,1204833,36.94,1,2
36146,1204866,38.95,1,2
36147,1204900,37.61,1,2
36148,1204933,46.38,1,2
36149,1204966,35.19,1,2
36150,1205000,33.56,1,2
36151,1205033,41.18,1,2
36152,1205066,30.33,1,2
36153,1205100,29.12,1,2
36154,1205133,31.58,1,2
36155,1205166,22.55,1,1
36156,1205200,20.86,1,1
36157,1205233,20.6,1,1
36158,1205266,20.31,1,1
36159,1205300,18.76,1,1
36160,1205333,23.88,1,1
36161,1205366,22.05,1,1
36162,1205400,19.95,1,1
36163,1205433,22.25,1,1
36164,1205466,20.38,1,1
36165,1205500,19.33,1,1
36166,1205533,21.06,1,1
36167,1205566,15.64,1,1
36168,1205600,14.96,1,1
36169,1205633,16.33,1,1
36170,1205666,15.75,1,1
36171,1205700,15.08,1,1
36172,1205733,10.86,1,1
36173,1205766,15.25,1,1
36174,1205800,14.28,1,1
36175,1205833,9.31,1,1
36176,1205866,14.22,1,1
36177,1205900,13.33,1,1
36178,1205933,8.12,1,1
36179,1205966,16.37,1,1
36180,1206000,14.4,1,1
36181,1206033,8.67,1,1
36182,1206066,13.23,1,1
36183,1206100,12.57,1,1
36184,1206133,10.82,1,1
36185,1206166,17.52,1,1
36186,1206200,16.46,1,1
36187,1206233,14.64,1,1
36188,1206266,18.85,1,1
36189,1206300,17.99,1,1
36190,1206333,17.77,1,1
36191,1206366,19.3,1,1
36192,1206400,18.51,1,1
36193,1206433,18.15,1,1
36194,1206466,18.48,1,1
36195,1206500,15.52,1,1
36196,1206533,16.5,1,1
36197,1206566,15.14,1,1
36198,1206600,13.74,1,1
36199,1206633,17.52,1,1
36200,1206666,15.06,1,1
36201,1206700,13.65,1,1
36202,1206733,20.21,1,1
36203,1206766,14.3,1,1
36204,1206800,13.24,1,1
36205,1206833,20.86,1,1
36206,1206866,14.93,1,1
36207,1206900,13.94,1,1
36208,1206933,23.97,1,1
36209,1206966,17.06,1,1
36210,1207000,15.85,1,1
36211,1207033,23.05,1,1
36212,1207066,17.14,1,1
36213,1207100,16.45,1,1
36214,1207133,22.87,1,1
36215,1207166,16.94,1,1
36216,1207200,15.68,1,1
36217,1207233,94.49,1,4
36218,1207266,86.73,1,4
36219,1207300,88.4,1,4
36220,1207333,91.03,1,4
36221,1207366,86.38,1,4
36222,1207400,88,1,4
36223,1207433,86.83,1,4
36224,1207466,85.86,1,4
36225,1207500,83.72,1,4
36226,1207533,84.34,1,4
36227,1207566,42.95,1,2
36228,1207600,35,1,2
36229,1207633,35.21,1,2
36230,1207666,28.65,1,2
36231,1207700,25.33,1,2
36232,1207733,18.26,1,1
36233,1207766,20.89,1,1
36234,1207800,18.64,1,1
36235,1207833,15.01,1,1
36236,1207866,17.55,1,1
36237,1207900,16.02,1,1
36238,1207933,11.78,1,1
36239,1207966,17.52,1,1
36240,1208000,16.33,1,1
36241,1208033,13.56,1,1
36242,1208066,15.76,1,1
36243,1208100,14.4,1,1
36244,1208133,12.18,1,1
36245,1208166,14.03,1,1
36246,1208200,13.07,1,1
36247,1208233,12.6,1,1
36248,1208266,12.1,1,1
36249,1208300,11.32,1,1
36250,1208333,14.73,1,1
36251,1208366,12.89,1,1
36252,1208400,12.38,1,1
36253,1208433,15.65,1,1
36254,1208466,12.58,1,1
36255,1208500,11.48,1,1
36256,1208533,16.68,1,1
36257,1208566,11.2,1,1
36258,1208600,10.4,1,1
36259,1208633,17.55,1,1
36260,1208666,10.84,1,1
36261,1208700,10.26,1,1
36262,1208733,18.02,1,1
36263,1208766,14.66,1,1
36264,1208800,13.92,1,1
36265,1208833,21.01,1,1
36266,1208866,17.08,1,1
36267,1208900,16.1,1,1
36268,1208933,23.59,1,1
36269,1208966,18.62,1,1
36270,1209000,18.07,1,1
36271,1209033,19.56,1,1
36272,1209066,17.88,1,1
36273,1209100,17.22,1,1
36274,1209133,18.94,1,1
36275,1209166,16.94,1,1
36276,1209200,15.94,1,1
36277,1209233,15.22,1,1
36278,1209266,17.27,1,1
36279,1209300,15.97,1,1
36280,1209333,15.06,1,1
36281,1209366,22.26,1,1
36282,1209400,20.95,1,1
36283,1209433,14.37,1,1
36284,1209466,21.12,1,1
36285,1209500,20.46,1,1
36286,1209533,17.5,1,1
36287,1209566,24.09,1,1
36288,1209600,22.87,1,1
36289,1209633,15.84,1,1
36290,1209666,22.32,1,1
36291,1209700,20.85,1,1
36292,1209733,14.3,1,1
36293,1209766,19.32,1,1
36294,1209800,17.89,1,1
36295,1209833,14.11,1,1
36296,1209866,18.31,1,1
36297,1209900,16.95,1,1
36298,1209933,13.81,1,1
36299,1209966,22.9,1,1
36300,1210000,21.77,1,1
36301,1210033,16.61,1,1
36302,1210066,18.18,1,1
36303,1210100,16.73,1,1
36304,1210133,13.96,1,1
36305,1210166,14.05,1,1
36306,1210200,13.45,1,1
36307,1210233,13.34,1,1
36308,1210266,11.1,1,1
36309,1210300,9.87,1,1
36310,1210333,13.38,1,1
36311,1210366,9.79,1,1
36312,1210400,8.61,1,1
36313,1210433,13.01,1,1
36314,1210466,8.65,1,1
36315,1210500,8.3,1,1
36316,1210533,16.73,1,1
36317,1210566,14.76,1,1
36318,1210600,14.13,1,1
36319,1210633,17.23,1,1
36320,1210666,13.71,1,1
36321,1210700,13.19,1,1
36322,1210733,16.48,1,1
36323,1210766,14.94,1,1
36324,1210800,14.19,1,1
36325,1210833,15.15,1,1
36326,1210866,14.88,1,1
36327,1210900,13.84,1,1
36328,1210933,16.36,1,1
36329,1210966,17.38,1,1
36330,1211000,16.75,1,1
36331,1211033,13.34,1,1
36332,1211066,16.5,1,1
36333,1211100,15.58,1,1
36334,1211133,12.94,1,1
36335,1211166,17.41,1,1
36336,1211200,16.32,1,1
36337,1211233,95.23,1,4
36338,1211266,94.49,1,4
36339,1211300,93.52,1,4
36340,1211333,91.03,1,4
36341,1211366,94.79,1,4
36342,1211400,92.58,1,4
36343,1211433,85.43,1,4
36344,1211466,87.56,1,4
36345,1211500,85.4,1,4
36346,1211533,77.68,1,4
36347,1211566,42.07,1,2
36348,1211600,31.69,1,2
36349,1211633,23.33,1,1
36350,1211666,26.37,1,2
36351,1211700,22.73,1,1
36352,1211733,17.43,1,1
36353,1211766,19.29,1,1
36354,1211800,17.39,1,1
36355,1211833,15.62,1,1
36356,1211866,15.54,1,1
36357,1211900,14.4,1,1
36358,1211933,15.88,1,1
36359,1211966,15.56,1,1
36360,1212000,14.89,1,1
36361,1212033,15.98,1,1
36362,1212066,13.72,1,1
36363,1212100,13.12,1,1
36364,1212133,16.42,1,1
36365,1212166,11.83,1,1
36366,1212200,11.04,1,1
36367,1212233,18.36,1,1
36368,1212266,12.72,1,1
36369,1212300,11.75,1,1
36370,1212333,24.51,1,1
36371,1212366,22.34,1,1
36372,1212400,21.53,1,1
36373,1212433,32.04,1,2
36374,1212466,25.84,1,2
36375,1212500,24.38,1,1
36376,1212533,28.88,1,2
36377,1212566,20.62,1,1
36378,1212600,19.89,1,1
36379,1212633,27.22,1,2
36380,1212666,18.75,1,1
36381,1212700,17.81,1,1
36382,1212733,18.87,1,1
36383,1212766,16.91,1,1
36384,1212800,15.39,1,1
36385,1212833,16.19,1,1
36386,1212866,16.07,1,1
36387,1212900,15.32,1,1
36388,1212933,13.12,1,1
36389,1212966,19.93,1,1
36390,1213000,18.41,1,1
36391,1213033,11.92,1,1
36392,1213066,15.51,1,1
36393,1213100,14.85,1,1
36394,1213133,8.95,1,1
36395,1213166,16.14,1,1
36396,1213200,14.94,1,1
36397,1213233,9.39,1,1
36398,1213266,13.83,1,1
36399,1213300,13.13,1,1
36400,1213333,9.63,1,1
36401,1213366,14.79,1,1
36402,1213400,14.06,1,1
36403,1213433,12.43,1,1
36404,1213466,15.56,1,1
36405,1213500,14.84,1,1
36406,1213533,13.35,1,1
36407,1213566,14.6,1,1
36408,1213600,14.02,1,1
36409,1213633,12.92,1,1
36410,1213666,13.69,1,1
36411,1213700,13.27,1,1
36412,1213733,14.47,1,1
36413,1213766,14.09,1,1
36414,1213800,12.99,1,1
36415,1213833,20.01,1,1
36416,1213866,18.29,1,1
36417,1213900,17.16,1,1
36418,1213933,22.59,1,1
36419,1213966,17.58,1,1
36420,1214000,16.54,1,1
36421,1214033,22.94,1,1
36422,1214066,17.68,1,1
36423,1214100,16.4,1,1
36424,1214133,22.54,1,1
36425,1214166,15.79,1,1
36426,1214200,14.55,1,1
36427,1214233,21.12,1,1
36428,1214266,19.33,1,1
36429,1214300,18.14,1,1
36430,1214333,27.39,1,2
36431,1214366,25.23,1,2
36432,1214400,24.28,1,1
36433,1214433,39.34,1,2
36434,1214466,28.21,1,2
36435,1214500,26.8,1,2
36436,1214533,33.42,1,2
36437,1214566,26.56,1,2
36438,1214600,25.34,1,2
36439,1214633,25.55,1,2
36440,1214666,22.01,1,1
36441,1214700,20.55,1,1
36442,1214733,17.05,1,1
36443,1214766,19.46,1,1
36444,1214800,18.3,1,1
36445,1214833,18.64,1,1
36446,1214866,32.46,1,2
36447,1214900,31.1,1,2
36448,1214933,16.26,1,1
36449,1214966,31.61,1,2
36450,1215000,30.6,1,2
36451,1215033,21.44,1,1
36452,1215066,21.75,1,1
36453,1215100,20.78,1,1
36454,1215133,16.98,1,1
36455,1215166,24.74,1,1
36456,1215200,23.43,1,1
36457,1215233,96.2,1,4
36458,1215266,97.95,1,4
36459,1215300,97.79,1,4
36460,1215333,97.71,1,4
36461,1215366,94.37,1,4
36462,1215400,93.92,1,4
36463,1215433,92.58,1,4
36464,1215466,91.59,1,4
36465,1215500,89.07,1,4
36466,1215533,83.99,1,4
36467,1215566,24.91,1,1
36468,1215600,16.67,1,1
36469,1215633,21.01,1,1
36470,1215666,18.68,1,1
36471,1215700,17.55,1,1
36472,1215733,20.36,1,1
36473,1215766,15.59,1,1
36474,1215800,14.52,1,1
36475,1215833,21.83,1,1
36476,1215866,15.95,1,1
36477,1215900,14.75,1,1
36478,1215933,19.45,1,1
36479,1215966,13.12,1,1
36480,1216000,12,1,1
36481,1216033,18.77,1,1
36482,1216066,16.24,1,1
36483,1216100,15.43,1,1
36484,1216133,23.11,1,1
36485,1216166,17.24,1,1
36486,1216200,15.82,1,1
36487,1216233,24.38,1,1
36488,1216266,20.23,1,1
36489,1216300,18.68,1,1
36490,1216333,28.3,1,2
36491,1216366,26.77,1,2
36492,1216400,25.67,1,2
36493,1216433,39.2,1,2
36494,1216466,39.77,1,2
36495,1216500,38.31,1,2
36496,1216533,51.67,1,3
36497,1216566,47.31,1,2
36498,1216600,44.96,1,2
36499,1216633,39.17,1,2
36500,1216666,34.03,1,2
36501,1216700,32.22,1,2
36502,1216733,25.62,1,2
36503,1216766,31.88,1,2
36504,1216800,29.89,1,2
36505,1216833,29.65,1,2
36506,1216866,46.89,1,2
36507,1216900,44.16,1,2
36508,1216933,34.48,1,2
36509,1216966,47.62,1,2
36510,1217000,46.32,1,2
36511,1217033,36.71,1,2
36512,1217066,43.71,1,2
36513,1217100,42.54,1,2
36514,1217133,28.75,1,2
36515,1217166,28.97,1,2
36516,1217200,27.74,1,2
36517,1217233,21.56,1,1
36518,1217266,19.72,1,1
36519,1217300,18.71,1,1
36520,1217333,15.51,1,1
36521,1217366,12.97,1,1
36522,1217400,12.07,1,1
36523,1217433,13.56,1,1
36524,1217466,11.28,1,1
36525,1217500,10.37,1,1
36526,1217533,11.81,1,1
36527,1217566,7.99,1,1
36528,1217600,7.5,1,1
36529,1217633,12.49,1,1
36530,1217666,8.22,1,1
36531,1217700,7.85,1,1
36532,1217733,12.78,1,1
36533,1217766,8.83,1,1
36534,1217800,8.32,1,1
36535,1217833,13.82,1,1
36536,1217866,10.2,1,1
36537,1217900,9.59,1,1
36538,1217933,14.75,1,1
36539,1217966,11.47,1,1
36540,1218000,10.93,1,1
36541,1218033,15,1,1
36542,1218066,12.95,1,1
36543,1218100,12.21,1,1
36544,1218133,14.62,1,1
36545,1218166,13.3,1,1
36546,1218200,12.7,1,1
36547,1218233,15.48,1,1
36548,1218266,15.56,1,1
36549,1218300,14.68,1,1
36550,1218333,20.33,1,1
36551,1218366,21,1,1
36552,1218400,20.1,1,1
36553,1218433,22.72,1,1
36554,1218466,24.88,1,1
36555,1218500,24.06,1,1
36556,1218533,26.7,1,2
36557,1218566,22.71,1,1
36558,1218600,21.8,1,1
36559,1218633,21.66,1,1
36560,1218666,24.3,1,1
36561,1218700,23.11,1,1
36562,1218733,15.49,1,1
36563,1218766,23.21,1,1
36564,1218800,21.97,1,1
36565,1218833,17.74,1,1
36566,1218866,32.01,1,2
36567,1218900,30.94,1,2
36568,1218933,29.9,1,2
36569,1218966,42.47,1,2
36570,1219000,41.29,1,2
36571,1219033,39.11,1,2
36572,1219066,53.88,1,3
36573,1219100,52.44,1,3
36574,1219133,34.87,1,2
36575,1219166,37.43,1,2
36576,1219200,35.83,1,2
36577,1219233,97.16,1,4
36578,1219266,95.97,1,4
36579,1219300,95.81,1,4
36580,1219333,93.73,1,4
36581,1219366,94.86,1,4
36582,1219400,88.18,1,4
36583,1219433,89.03,1,4
36584,1219466,83.44,1,4
36585,1219500,79.93,1,4
36586,1219533,75.12,1,4
36587,1219566,21.55,1,1
36588,1219600,13.69,1,1
36589,1219633,19.39,1,1
36590,1219666,14.64,1,1
36591,1219700,13.03,1,1
36592,1219733,19.13,1,1
36593,1219766,16.52,1,1
36594,1219800,15.53,1,1
36595,1219833,19.52,1,1
36596,1219866,20.79,1,1
36597,1219900,19.45,1,1
36598,1219933,22.91,1,1
36599,1219966,21.98,1,1
36600,1220000,20.55,1,1
36601,1220033,21.65,1,1
36602,1220066,21,1,1
36603,1220100,18.82,1,1
36604,1220133,17.45,1,1
36605,1220166,21.68,1,1
36606,1220200,19.13,1,1
36607,1220233,17,1,1
36608,1220266,23.53,1,1
36609,1220300,22.52,1,1
36610,1220333,18.6,1,1
36611,1220366,21.99,1,1
36612,1220400,20.95,1,1
36613,1220433,16.3,1,1
36614,1220466,25.18,1,2
36615,1220500,23.93,1,1
36616,1220533,19.03,1,1
36617,1220566,23.85,1,1
36618,1220600,22.31,1,1
36619,1220633,19.35,1,1
36620,1220666,26.09,1,2
36621,1220700,24.42,1,1
36622,1220733,19.89,1,1
36623,1220766,25.89,1,2
36624,1220800,24.27,1,1
36625,1220833,22.29,1,1
36626,1220866,34.98,1,2
36627,1220900,32.94,1,2
36628,1220933,28.99,1,2
36629,1220966,38.42,1,2
36630,1221000,36.08,1,2
36631,1221033,32.48,1,2
36632,1221066,38.47,1,2
36633,1221100,36.71,1,2
36634,1221133,26.02,1,2
36635,1221166,22.37,1,1
36636,1221200,20.7,1,1
36637,1221233,16.8,1,1
36638,1221266,13.33,1,1
36639,1221300,12.05,1,1
36640,1221333,14.39,1,1
36641,1221366,9.68,1,1
36642,1221400,8.5,1,1
36643,1221433,12.09,1,1
36644,1221466,10.24,1,1
36645,1221500,9.47,1,1
36646,1221533,14.61,1,1
36647,1221566,9.46,1,1
36648,1221600,8.97,1,1
36649,1221633,14.13,1,1
36650,1221666,11.16,1,1
36651,1221700,10.6,1,1
36652,1221733,12.41,1,1
36653,1221766,11.47,1,1
36654,1221800,10.73,1,1
36655,1221833,12.01,1,1
36656,1221866,11.41,1,1
36657,1221900,10.7,1,1
36658,1221933,12.51,1,1
36659,1221966,16.28,1,1
36660,1222000,15.45,1,1
36661,1222033,15.71,1,1
36662,1222066,19.12,1,1
36663,1222100,18.49,1,1
36664,1222133,15.36,1,1
36665,1222166,20.09,1,1
36666,1222200,19.12,1,1
36667,1222233,15.89,1,1
36668,1222266,22.79,1,1
36669,1222300,20.25,1,1
36670,1222333,14.08,1,1
36671,1222366,22.85,1,1
36672,1222400,21.14,1,1
36673,1222433,17.92,1,1
36674,1222466,29.96,1,2
36675,1222500,28.59,1,2
36676,1222533,22.59,1,1
36677,1222566,23.8,1,1
36678,1222600,22.08,1,1
36679,1222633,19.7,1,1
36680,1222666,23.19,1,1
36681,1222700,21.62,1,1
36682,1222733,19.16,1,1
36683,1222766,19.84,1,1
36684,1222800,18.04,1,1
36685,1222833,17.72,1,1
36686,1222866,19.77,1,1
36687,1222900,18.51,1,1
36688,1222933,25.97,1,2
36689,1222966,21.59,1,1
36690,1223000,20.64,1,1
36691,1223033,27.79,1,2
36692,1223066,23.22,1,1
36693,1223100,22.35,1,1
36694,1223133,27.67,1,2
36695,1223166,15.59,1,1
36696,1223200,14.6,1,1
36697,1223233,93.47,1,4
36698,1223266,90.76,1,4
36699,1223300,86.39,1,4
36700,1223333,88.3,1,4
36701,1223366,89.26,1,4
36702,1223400,83.06,1,4
36703,1223433,81.41,1,4
36704,1223466,80.18,1,4
36705,1223500,76.22,1,4
36706,1223533,79.15,1,4
36707,1223566,37.12,1,2
36708,1223600,27,1,2
36709,1223633,32.15,1,2
36710,1223666,24.31,1,1
36711,1223700,21.72,1,1
36712,1223733,20.49,1,1
36713,1223766,18.73,1,1
36714,1223800,17.09,1,1
36715,1223833,12.9,1,1
36716,1223866,16.89,1,1
36717,1223900,15.86,1,1
36718,1223933,9.73,1,1
36719,1223966,17.82,1,1
36720,1224000,16.24,1,1
36721,1224033,10.74,1,1
36722,1224066,16.26,1,1
36723,1224100,15.17,1,1
36724,1224133,11.49,1,1
36725,1224166,15.63,1,1
36726,1224200,14.65,1,1
36727,1224233,11.32,1,1
36728,1224266,15.92,1,1
36729,1224300,14.5,1,1
36730,1224333,12.89,1,1
36731,1224366,14.54,1,1
36732,1224400,13.77,1,1
36733,1224433,12.6,1,1
36734,1224466,13.84,1,1
36735,1224500,12.69,1,1
36736,1224533,14.44,1,1
36737,1224566,14.16,1,1
36738,1224600,13.19,1,1
36739,1224633,14.42,1,1
36740,1224666,13.83,1,1
36741,1224700,13.05,1,1
36742,1224733,14.33,1,1
36743,1224766,12.39,1,1
36744,1224800,11.46,1,1
36745,1224833,16.72,1,1
36746,1224866,12.36,1,1
36747,1224900,11.58,1,1
36748,1224933,21.19,1,1
36749,1224966,18.92,1,1
36750,1225000,19.15,1,1
36751,1225033,25.2,1,2
36752,1225066,18.82,1,1
36753,1225100,17.84,1,1
36754,1225133,25.35,1,2
36755,1225166,17.72,1,1
36756,1225200,16.57,1,1
36757,1225233,22.99,1,1
36758,1225266,17.7,1,1
36759,1225300,16.48,1,1
36760,1225333,17.64,1,1
36761,1225366,15.62,1,1
36762,1225400,14.5,1,1
36763,1225433,14.76,1,1
36764,1225466,15.12,1,1
36765,1225500,14.07,1,1
36766,1225533,16.76,1,1
36767,1225566,16.03,1,1
36768,1225600,15.11,1,1
36769,1225633,12.96,1,1
36770,1225666,15.89,1,1
36771,1225700,15.28,1,1
36772,1225733,10.85,1,1
36773,1225766,15,1,1
36774,1225800,14.26,1,1
36775,1225833,9.11,1,1
36776,1225866,13.97,1,1
36777,1225900,12.67,1,1
36778,1225933,10.43,1,1
36779,1225966,19.13,1,1
36780,1226000,17.95,1,1
36781,1226033,15.94,1,1
36782,1226066,20.89,1,1
36783,1226100,20.15,1,1
36784,1226133,15.8,1,1
36785,1226166,22.48,1,1
36786,1226200,21.92,1,1
36787,1226233,15.65,1,1
36788,1226266,14.92,1,1
36789,1226300,13.72,1,1
36790,1226333,15.6,1,1
36791,1226366,14.89,1,1
36792,1226400,13.98,1,1
36793,1226433,21.8,1,1
36794,1226466,16.07,1,1
36795,1226500,15.2,1,1
36796,1226533,29.3,1,2
36797,1226566,18.89,1,1
36798,1226600,17.77,1,1
36799,1226633,22.7,1,1
36800,1226666,14.03,1,1
36801,1226700,13.44,1,1
36802,1226733,20.51,1,1
36803,1226766,13.63,1,1
36804,1226800,12.41,1,1
36805,1226833,14.92,1,1
36806,1226866,11.86,1,1
36807,1226900,10.88,1,1
36808,1226933,12.75,1,1
36809,1226966,11.34,1,1
36810,1227000,10.55,1,1
36811,1227033,11.32,1,1
36812,1227066,11.41,1,1
36813,1227100,10.75,1,1
36814,1227133,11.77,1,1
36815,1227166,12.65,1,1
36816,1227200,12.01,1,1
36817,1227233,99.06,1,4
36818,1227266,98.01,1,4
36819,1227300,96.97,1,4
36820,1227333,97.22,1,4
36821,1227366,97.31,1,4
36822,1227400,96.35,1,4
36823,1227433,86.62,1,4
36824,1227466,89.03,1,4
36825,1227500,86.52,1,4
36826,1227533,76.82,1,4
36827,1227566,30.43,1,2
36828,1227600,22.15,1,1
36829,1227633,16.92,1,1
36830,1227666,22.41,1,1
36831,1227700,19.85,1,1
36832,1227733,16.04,1,1
36833,1227766,21.09,1,1
36834,1227800,18.93,1,1
36835,1227833,16.38,1,1
36836,1227866,22.25,1,1
36837,1227900,20.39,1,1
36838,1227933,18.39,1,1
36839,1227966,30.6,1,2
36840,1228000,28.92,1,2
36841,1228033,26.99,1,2
36842,1228066,29.95,1,2
36843,1228100,28.44,1,2
36844,1228133,33.29,1,2
36845,1228166,31.26,1,2
36846,1228200,29.61,1,2
36847,1228233,24.11,1,1
36848,1228266,17.53,1,1
36849,1228300,15.82,1,1
36850,1228333,19.42,1,1
36851,1228366,18.24,1,1
36852,1228400,16.67,1,1
36853,1228433,31.65,1,2
36854,1228466,26.16,1,2
36855,1228500,25.06,1,2
36856,1228533,45.42,1,2
36857,1228566,40.32,1,2
36858,1228600,38.78,1,2
36859,1228633,50.5,1,3
36860,1228666,35.15,1,2
36861,1228700,33.93,1,2
36862,1228733,36.14,1,2
36863,1228766,26.23,1,2
36864,1228800,24.84,1,1
36865,1228833,24.8,1,1
36866,1228866,17.2,1,1
36867,1228900,15.93,1,1
36868,1228933,15.13,1,1
36869,1228966,16.73,1,1
36870,1229000,15.86,1,1
36871,1229033,12.55,1,1
36872,1229066,13.51,1,1
36873,1229100,12.7,1,1
36874,1229133,10.99,1,1
36875,1229166,15.73,1,1
36876,1229200,14.68,1,1
36877,1229233,9.76,1,1
36878,1229266,12.03,1,1
36879,1229300,11.28,1,1
36880,1229333,10.22,1,1
36881,1229366,13.08,1,1
36882,1229400,12.46,1,1
36883,1229433,9.66,1,1
36884,1229466,10.88,1,1
36885,1229500,10.53,1,1
36886,1229533,11.21,1,1
36887,1229566,12.94,1,1
36888,1229600,12.23,1,1
36889,1229633,12.07,1,1
36890,1229666,13.01,1,1
36891,1229700,12.36,1,1
36892,1229733,13.48,1,1
36893,1229766,12.58,1,1
36894,1229800,11.86,1,1
36895,1229833,17.48,1,1
36896,1229866,15.76,1,1
36897,1229900,14.98,1,1
36898,1229933,19.08,1,1
36899,1229966,15.59,1,1
36900,1230000,14.57,1,1
36901,1230033,23.79,1,1
36902,1230066,14.9,1,1
36903,1230100,14.01,1,1
36904,1230133,20.23,1,1
36905,1230166,14.4,1,1
36906,1230200,13.15,1,1
36907,1230233,18.46,1,1
36908,1230266,15.09,1,1
36909,1230300,14.17,1,1
36910,1230333,18.67,1,1
36911,1230366,19.45,1,1
36912,1230400,18.61,1,1
36913,1230433,33.68,1,2
36914,1230466,28.74,1,2
36915,1230500,27.71,1,2
36916,1230533,46.74,1,2
36917,1230566,38.33,1,2
36918,1230600,37.36,1,2
36919,1230633,47.77,1,2
36920,1230666,29.79,1,2
36921,1230700,28.49,1,2
36922,1230733,30.03,1,2
36923,1230766,21.89,1,1
36924,1230800,20.86,1,1
36925,1230833,23.43,1,1
36926,1230866,19.57,1,1
36927,1230900,18.39,1,1
36928,1230933,14.71,1,1
36929,1230966,18.56,1,1
36930,1231000,17.55,1,1
36931,1231033,11.78,1,1
36932,1231066,17.5,1,1
36933,1231100,15.95,1,1
36934,1231133,11.39,1,1
36935,1231166,19.83,1,1
36936,1231200,18.87,1,1
36937,1231233,91.34,1,4
36938,1231266,93.44,1,4
36939,1231300,92.86,1,4
36940,1231333,89.06,1,4
36941,1231366,87.3,1,4
36942,1231400,86.86,1,4
36943,1231433,83.76,1,4
36944,1231466,80.98,1,4
36945,1231500,78.15,1,4
36946,1231533,71.71,1,3
36947,1231566,22.34,1,1
36948,1231600,14.04,1,1
36949,1231633,16.38,1,1
36950,1231666,12.88,1,1
36951,1231700,11.65,1,1
36952,1231733,17.95,1,1
36953,1231766,12.73,1,1
36954,1231800,11.35,1,1
36955,1231833,18.44,1,1
36956,1231866,12.58,1,1
36957,1231900,12.09,1,1
36958,1231933,21.31,1,1
36959,1231966,15.67,1,1
36960,1232000,14.69,1,1
36961,1232033,24.24,1,1
36962,1232066,18.43,1,1
36963,1232100,17.36,1,1
36964,1232133,20.51,1,1
36965,1232166,19.85,1,1
36966,1232200,18.68,1,1
36967,1232233,21.43,1,1
36968,1232266,19.32,1,1
36969,1232300,18.11,1,1
36970,1232333,19.21,1,1
36971,1232366,20.44,1,1
36972,1232400,19.13,1,1
36973,1232433,25.86,1,2
36974,1232466,34.16,1,2
36975,1232500,33.26,1,2
36976,1232533,33.53,1,2
36977,1232566,43.24,1,2
36978,1232600,42.02,1,2
36979,1232633,46.78,1,2
36980,1232666,40.36,1,2
36981,1232700,38.56,1,2
36982,1232733,27.87,1,2
36983,1232766,31.34,1,2
36984,1232800,29.84,1,2
36985,1232833,22.08,1,1
36986,1232866,22.83,1,1
36987,1232900,21.06,1,1
36988,1232933,18.07,1,1
36989,1232966,21.13,1,1
36990,1233000,19.63,1,1
36991,1233033,22.14,1,1
36992,1233066,27.69,1,2
36993,1233100,26.12,1,2
36994,1233133,20.09,1,1
36995,1233166,21.02,1,1
36996,1233200,19.8,1,1
36997,1233233,15.99,1,1
36998,1233266,13.59,1,1
36999,1233300,12.77,1,1
37000,1233333,14.42,1,1
37001,1233366,11.28,1,1
37002,1233400,10.39,1,1
37003,1233433,13.11,1,1
37004,1233466,9.74,1,1
37005,1233500,9.03,1,1
37006,1233533,12.4,1,1
37007,1233566,8.54,1,1
37008,1233600,7.97,1,1
37009,1233633,12.74,1,1
37010,1233666,7.64,1,1
37011,1233700,7.15,1,1
37012,1233733,12.74,1,1
37013,1233766,8.92,1,1
37014,1233800,8.43,1,1
37015,1233833,13.13,1,1
37016,1233866,11.19,1,1
37017,1233900,10.63,1,1
37018,1233933,12.04,1,1
37019,1233966,11.28,1,1
37020,1234000,10.76,1,1
37021,1234033,14.14,1,1
37022,1234066,15.18,1,1
37023,1234100,14.56,1,1
37024,1234133,13.81,1,1
37025,1234166,16.59,1,1
37026,1234200,15.95,1,1
37027,1234233,14.3,1,1
37028,1234266,16.85,1,1
37029,1234300,15.67,1,1
37030,1234333,11.31,1,1
37031,1234366,16.08,1,1
37032,1234400,15.81,1,1
37033,1234433,10.31,1,1
37034,1234466,18.55,1,1
37035,1234500,16.84,1,1
37036,1234533,12.58,1,1
37037,1234566,19.59,1,1
37038,1234600,18.53,1,1
37039,1234633,15.75,1,1
37040,1234666,29.67,1,2
37041,1234700,28.17,1,2
37042,1234733,19.6,1,1
37043,1234766,21.5,1,1
37044,1234800,20.26,1,1
37045,1234833,20.36,1,1
37046,1234866,20.03,1,1
37047,1234900,18.65,1,1
37048,1234933,19.77,1,1
37049,1234966,18.14,1,1
37050,1235000,15.43,1,1
37051,1235033,20.1,1,1
37052,1235066,17.81,1,1
37053,1235100,16.65,1,1
37054,1235133,23.71,1,1
37055,1235166,19.25,1,1
37056,1235200,18.24,1,1
37057,1235233,86.6,1,4
37058,1235266,75.75,1,4
37059,1235300,74.31,1,3
37060,1235333,76.66,1,4
37061,1235366,69.73,1,3
37062,1235400,66.71,1,3
37063,1235433,66.17,1,3
37064,1235466,58.77,1,3
37065,1235500,54.35,1,3
37066,1235533,59.88,1,3
37067,1235566,28.09,1,2
37068,1235600,21.74,1,1
37069,1235633,31.47,1,2
37070,1235666,19.49,1,1
37071,1235700,17.89,1,1
37072,1235733,28.95,1,2
37073,1235766,19.56,1,1
37074,1235800,18.01,1,1
37075,1235833,16.08,1,1
37076,1235866,18.1,1,1
37077,1235900,16.77,1,1
37078,1235933,13.85,1,1
37079,1235966,18.85,1,1
37080,1236000,17.73,1,1
37081,1236033,13.29,1,1
37082,1236066,24.36,1,1
37083,1236100,23.15,1,1
37084,1236133,13.86,1,1
37085,1236166,19.53,1,1
37086,1236200,17.99,1,1
37087,1236233,11.21,1,1
37088,1236266,17.9,1,1
37089,1236300,16.09,1,1
37090,1236333,11.92,1,1
37091,1236366,14.53,1,1
37092,1236400,13.27,1,1
37093,1236433,10.49,1,1
37094,1236466,14.07,1,1
37095,1236500,13.33,1,1
37096,1236533,12.02,1,1
37097,1236566,13.93,1,1
37098,1236600,13.3,1,1
37099,1236633,14.13,1,1
37100,1236666,15.63,1,1
37101,1236700,14.72,1,1
37102,1236733,14.14,1,1
37103,1236766,14.94,1,1
37104,1236800,13.99,1,1
37105,1236833,14.89,1,1
37106,1236866,12.06,1,1
37107,1236900,11.72,1,1
37108,1236933,15.07,1,1
37109,1236966,11.46,1,1
37110,1237000,10.86,1,1
37111,1237033,16.69,1,1
37112,1237066,12.9,1,1
37113,1237100,12.15,1,1
37114,1237133,16.27,1,1
37115,1237166,12.52,1,1
37116,1237200,11.83,1,1
37117,1237233,16.31,1,1
37118,1237266,13.24,1,1
37119,1237300,12.14,1,1
37120,1237333,16.2,1,1
37121,1237366,13.89,1,1
37122,1237400,13.17,1,1
37123,1237433,17.54,1,1
37124,1237466,15.5,1,1
37125,1237500,14.7,1,1
37126,1237533,24.45,1,1
37127,1237566,19.62,1,1
37128,1237600,18.98,1,1
37129,1237633,26.02,1,2
37130,1237666,27.4,1,2
37131,1237700,26.49,1,2
37132,1237733,22.82,1,1
37133,1237766,20.96,1,1
37134,1237800,19.85,1,1
37135,1237833,17.74,1,1
37136,1237866,21.68,1,1
37137,1237900,20.8,1,1
37138,1237933,22.34,1,1
37139,1237966,34.03,1,2
37140,1238000,32.98,1,2
37141,1238033,27.54,1,2
37142,1238066,52.12,1,3
37143,1238100,51.02,1,3
37144,1238133,43.71,1,2
37145,1238166,58,1,3
37146,1238200,57,1,3
37147,1238233,39.31,1,2
37148,1238266,39.86,1,2
37149,1238300,38.43,1,2
37150,1238333,28.77,1,2
37151,1238366,22.03,1,1
37152,1238400,20.4,1,1
37153,1238433,17.53,1,1
37154,1238466,17.01,1,1
37155,1238500,15.12,1,1
37156,1238533,20.79,1,1
37157,1238566,13.81,1,1
37158,1238600,13.02,1,1
37159,1238633,17.45,1,1
37160,1238666,14.28,1,1
37161,1238700,12.98,1,1
37162,1238733,17.5,1,1
37163,1238766,11.31,1,1
37164,1238800,10.68,1,1
37165,1238833,15.63,1,1
37166,1238866,9.26,1,1
37167,1238900,8.84,1,1
37168,1238933,14.36,1,1
37169,1238966,11.15,1,1
37170,1239000,10.47,1,1
37171,1239033,15.95,1,1
37172,1239066,13.4,1,1
37173,1239100,12.67,1,1
37174,1239133,15.89,1,1
37175,1239166,15.52,1,1
37176,1239200,14.9,1,1
37177,1239233,92.51,1,4
37178,1239266,90.28,1,4
37179,1239300,89.44,1,4
37180,1239333,87.37,1,4
37181,1239366,85.71,1,4
37182,1239400,86.16,1,4
37183,1239433,81.8,1,4
37184,1239466,80.45,1,4
37185,1239500,73.25,1,3
37186,1239533,66.72,1,3
37187,1239566,25.41,1,2
37188,1239600,20.44,1,1
37189,1239633,16.4,1,1
37190,1239666,29.53,1,2
37191,1239700,27.15,1,2
37192,1239733,20.68,1,1
37193,1239766,22,1,1
37194,1239800,20.76,1,1
37195,1239833,18.31,1,1
37196,1239866,24.51,1,1
37197,1239900,23.25,1,1
37198,1239933,23.41,1,1
37199,1239966,41.1,1,2
37200,1240000,39.36,1,2
37201,1240033,31.52,1,2
37202,1240066,51.63,1,3
37203,1240100,49.7,1,2
37204,1240133,46.47,1,2
37205,1240166,71.57,1,3
37206,1240200,67.98,1,3
37207,1240233,50.04,1,3
37208,1240266,63,1,3
37209,1240300,61.52,1,3
37210,1240333,44.59,1,2
37211,1240366,36.41,1,2
37212,1240400,35.12,1,2
37213,1240433,26.19,1,2
37214,1240466,22.35,1,1
37215,1240500,19.88,1,1
37216,1240533,25.1,1,2
37217,1240566,18.66,1,1
37218,1240600,17,1,1
37219,1240633,21.3,1,1
37220,1240666,20.98,1,1
37221,1240700,19.79,1,1
37222,1240733,21.88,1,1
37223,1240766,17.84,1,1
37224,1240800,16.65,1,1
37225,1240833,17.19,1,1
37226,1240866,15.79,1,1
37227,1240900,15.1,1,1
37228,1240933,16.36,1,1
37229,1240966,14.17,1,1
37230,1241000,13.64,1,1
37231,1241033,12.7,1,1
37232,1241066,13.25,1,1
37233,1241100,12.46,1,1
37234,1241133,12.99,1,1
37235,1241166,14.5,1,1
37236,1241200,13.66,1,1
37237,1241233,10.62,1,1
37238,1241266,15.17,1,1
37239,1241300,14.62,1,1
37240,1241333,10.02,1,1
37241,1241366,17.4,1,1
37242,1241400,16.38,1,1
37243,1241433,11.32,1,1
37244,1241466,17.37,1,1
37245,1241500,16.13,1,1
37246,1241533,11.94,1,1
37247,1241566,18.72,1,1
37248,1241600,17.9,1,1
37249,1241633,11.67,1,1
37250,1241666,16.09,1,1
37251,1241700,15.19,1,1
37252,1241733,13,1,1
37253,1241766,15.97,1,1
37254,1241800,15.28,1,1
37255,1241833,14.25,1,1
37256,1241866,16.03,1,1
37257,1241900,15.23,1,1
37258,1241933,17.47,1,1
37259,1241966,24.24,1,1
37260,1242000,22.65,1,1
37261,1242033,24.48,1,1
37262,1242066,31.4,1,2
37263,1242100,30.32,1,2
37264,1242133,35.04,1,2
37265,1242166,35.11,1,2
37266,1242200,34.03,1,2
37267,1242233,26.67,1,2
37268,1242266,23.7,1,1
37269,1242300,22.3,1,1
37270,1242333,25.93,1,2
37271,1242366,18.93,1,1
37272,1242400,17.75,1,1
37273,1242433,19.69,1,1
37274,1242466,14.85,1,1
37275,1242500,13.72,1,1
37276,1242533,20.34,1,1
37277,1242566,17.74,1,1
37278,1242600,16.86,1,1
37279,1242633,18.71,1,1
37280,1242666,18.56,1,1
37281,1242700,17.74,1,1
37282,1242733,26.63,1,2
37283,1242766,17.15,1,1
37284,1242800,16.27,1,1
37285,1242833,18.88,1,1
37286,1242866,14.84,1,1
37287,1242900,13.95,1,1
37288,1242933,15.57,1,1
37289,1242966,13.71,1,1
37290,1243000,12.8,1,1
37291,1243033,10,1,1
37292,1243066,11.72,1,1
37293,1243100,11.18,1,1
37294,1243133,9.57,1,1
37295,1243166,14.38,1,1
37296,1243200,13.79,1,1
37297,1243233,86.32,1,4
37298,1243266,89.8,1,4
37299,1243300,88.65,1,4
37300,1243333,82.15,1,4
37301,1243366,91.27,1,4
37302,1243400,90.5,1,4
37303,1243433,83.28,1,4
37304,1243466,85.44,1,4
37305,1243500,79.03,1,4
37306,1243533,69.96,1,3
37307,1243566,37.57,1,2
37308,1243600,21.63,1,1
37309,1243633,19.18,1,1
37310,1243666,19.77,1,1
37311,1243700,17.12,1,1
37312,1243733,17.03,1,1
37313,1243766,17.1,1,1
37314,1243800,15.89,1,1
37315,1243833,15.5,1,1
37316,1243866,13.11,1,1
37317,1243900,12.21,1,1
37318,1243933,14.81,1,1
37319,1243966,15.03,1,1
37320,1244000,13.8,1,1
37321,1244033,25.92,1,2
37322,1244066,19.47,1,1
37323,1244100,18.59,1,1
37324,1244133,36.54,1,2
37325,1244166,31.06,1,2
37326,1244200,30.34,1,2
37327,1244233,43.48,1,2
37328,1244266,26.77,1,2
37329,1244300,25.26,1,2
37330,1244333,40.99,1,2
37331,1244366,26.91,1,2
37332,1244400,25.77,1,2
37333,1244433,24.08,1,1
37334,1244466,20.82,1,1
37335,1244500,18.89,1,1
37336,1244533,20.51,1,1
37337,1244566,22.07,1,1
37338,1244600,20.95,1,1
37339,1244633,22.35,1,1
37340,1244666,23.8,1,1
37341,1244700,22.43,1,1
37342,1244733,22.21,1,1
37343,1244766,20.52,1,1
37344,1244800,19.67,1,1
37345,1244833,14.54,1,1
37346,1244866,14.88,1,1
37347,1244900,14.06,1,1
37348,1244933,10.04,1,1
37349,1244966,14.16,1,1
37350,1245000,13.62,1,1
37351,1245033,7.91,1,1
37352,1245066,12.34,1,1
37353,1245100,11.37,1,1
37354,1245133,6.87,1,1
37355,1245166,13.54,1,1
37356,1245200,12.86,1,1
37357,1245233,8.64,1,1
37358,1245266,12.91,1,1
37359,1245300,12.48,1,1
37360,1245333,9.68,1,1
37361,1245366,14.73,1,1
37362,1245400,14.27,1,1
37363,1245433,11.62,1,1
37364,1245466,13.69,1,1
37365,1245500,13.05,1,1
37366,1245533,11.94,1,1
37367,1245566,12.8,1,1
37368,1245600,12.24,1,1
37369,1245633,12.99,1,1
37370,1245666,12.86,1,1
37371,1245700,11.74,1,1
37372,1245733,11.91,1,1
37373,1245766,12.32,1,1
37374,1245800,11.63,1,1
37375,1245833,13.27,1,1
37376,1245866,9.54,1,1
37377,1245900,9.13,1,1
37378,1245933,14.64,1,1
37379,1245966,9.55,1,1
37380,1246000,8.99,1,1
37381,1246033,14.59,1,1
37382,1246066,11.17,1,1
37383,1246100,10.61,1,1
37384,1246133,20.55,1,1
37385,1246166,16.35,1,1
37386,1246200,15.9,1,1
37387,1246233,24.6,1,1
37388,1246266,17.74,1,1
37389,1246300,16.74,1,1
37390,1246333,24.77,1,1
37391,1246366,18.94,1,1
37392,1246400,17.43,1,1
37393,1246433,19.48,1,1
37394,1246466,16.12,1,1
37395,1246500,14.73,1,1
37396,1246533,16.07,1,1
37397,1246566,17.77,1,1
37398,1246600,16.97,1,1
37399,1246633,18.33,1,1
37400,1246666,21.09,1,1
37401,1246700,20.22,1,1
37402,1246733,15.94,1,1
37403,1246766,25.08,1,2
37404,1246800,24.06,1,1
37405,1246833,16.96,1,1
37406,1246866,22.71,1,1
37407,1246900,21.52,1,1
37408,1246933,14.7,1,1
37409,1246966,21.32,1,1
37410,1247000,20.52,1,1
37411,1247033,14.77,1,1
37412,1247066,18.01,1,1
37413,1247100,17.16,1,1
37414,1247133,14.66,1,1
37415,1247166,21.99,1,1
37416,1247200,20.82,1,1
37417,1247233,84.16,1,4
37418,1247266,84.17,1,4
37419,1247300,83.42,1,4
37420,1247333,77.71,1,4
37421,1247366,77.42,1,4
37422,1247400,75.93,1,4
37423,1247433,74.96,1,3
37424,1247466,66.07,1,3
37425,1247500,60.39,1,3
37426,1247533,61.49,1,3
37427,1247566,17.31,1,1
37428,1247600,13.63,1,1
37429,1247633,28.11,1,2
37430,1247666,20.13,1,1
37431,1247700,18.87,1,1
37432,1247733,21.6,1,1
37433,1247766,16.16,1,1
37434,1247800,15.14,1,1
37435,1247833,21.56,1,1
37436,1247866,16.24,1,1
37437,1247900,15.24,1,1
37438,1247933,18.22,1,1
37439,1247966,13.81,1,1
37440,1248000,12.36,1,1
37441,1248033,18.89,1,1
37442,1248066,13.6,1,1
37443,1248100,12.69,1,1
37444,1248133,16.07,1,1
37445,1248166,15.31,1,1
37446,1248200,14.66,1,1
37447,1248233,18.09,1,1
37448,1248266,13.49,1,1
37449,1248300,12.84,1,1
37450,1248333,15.09,1,1
37451,1248366,13.09,1,1
37452,1248400,12.57,1,1
37453,1248433,11.42,1,1
37454,1248466,11.88,1,1
37455,1248500,11.18,1,1
37456,1248533,9.69,1,1
37457,1248566,13.1,1,1
37458,1248600,12.65,1,1
37459,1248633,10.49,1,1
37460,1248666,13.51,1,1
37461,1248700,12.84,1,1
37462,1248733,9.4,1,1
37463,1248766,16.75,1,1
37464,1248800,15.89,1,1
37465,1248833,10.67,1,1
37466,1248866,15.26,1,1
37467,1248900,14.13,1,1
37468,1248933,11.25,1,1
37469,1248966,16.19,1,1
37470,1249000,15.73,1,1
37471,1249033,12.11,1,1
37472,1249066,17.59,1,1
37473,1249100,16.75,1,1
37474,1249133,13.76,1,1
37475,1249166,22.62,1,1
37476,1249200,21.79,1,1
37477,1249233,18.49,1,1
37478,1249266,25.69,1,2
37479,1249300,24.62,1,1
37480,1249333,21.46,1,1
