{
  "Q1": {
    "precision": 1.0,
    "recall": 0.8235294117647058,
    "f1-score": 0.9032258064516129,
    "support": 17.0
  },
  "Q2": {
    "precision": 0.8235294117647058,
    "recall": 0.9333333333333333,
    "f1-score": 0.875,
    "support": 15.0
  },
  "Q3": {
    "precision": 0.75,
    "recall": 1.0,
    "f1-score": 0.8571428571428571,
    "support": 3.0
  },
  "Q4": {
    "precision": 1.0,
    "recall": 1.0,
    "f1-score": 1.0,
    "support": 1.0
  },
  "accuracy": 0.8888888888888888,
  "macro avg": {
    "precision": 0.8933823529411764,
    "recall": 0.9392156862745098,
    "f1-score": 0.9088421658986175,
    "support": 36.0
  },
  "weighted avg": {
    "precision": 0.9056372549019608,
    "recall": 0.8888888888888888,
    "f1-score": 0.8903129800307218,
    "support": 36.0
  }
}