{
  "Q1": {
    "precision": 0.875,
    "recall": 1.0,
    "f1-score": 0.9333333333333333,
    "support": 7.0
  },
  "Q2": {
    "precision": 1.0,
    "recall": 0.8888888888888888,
    "f1-score": 0.9411764705882353,
    "support": 9.0
  },
  "Q3": {
    "precision": 1.0,
    "recall": 1.0,
    "f1-score": 1.0,
    "support": 1.0
  },
  "Q4": {
    "precision": 1.0,
    "recall": 1.0,
    "f1-score": 1.0,
    "support": 1.0
  },
  "accuracy": 0.9444444444444444,
  "macro avg": {
    "precision": 0.96875,
    "recall": 0.9722222222222222,
    "f1-score": 0.9686274509803922,
    "support": 18.0
  },
  "weighted avg": {
    "precision": 0.9513888888888888,
    "recall": 0.9444444444444444,
    "f1-score": 0.9446623093681917,
    "support": 18.0
  }
}