frame_number,timestamp_ms,coverage_percent,binary_label,quadrant_label
0,-33,99.86,1,1
1,33,99.86,1,1
2,66,99.86,1,1
3,100,99.86,1,1
4,133,99.86,1,1
5,166,99.86,1,1
6,200,99.86,1,1
7,233,99.86,1,1
8,266,99.86,1,1
9,300,99.86,1,1
10,333,99.86,1,1
11,366,99.86,1,1
12,400,99.86,1,1
13,433,99.86,1,1
14,466,99.86,1,1
15,500,99.86,1,1
16,533,99.86,1,1
17,566,74.99,1,1
18,600,75.9,1,1
19,633,77.02,1,1
20,666,78.21,1,1
21,700,78.57,1,1
22,733,78.93,1,1
23,766,79.24,1,1
24,800,79.35,1,1
25,833,79.19,1,1
26,866,78.95,1,1
27,900,77.14,1,1
28,933,74.71,1,1
29,966,71.87,1,1
30,1000,67.79,1,1
31,1033,62.82,1,1
32,1066,58.32,1,1
33,1100,54.21,1,1
34,1133,49.93,1,1
35,1166,46.97,1,1
36,1200,44.9,1,1
37,1233,43.93,1,1
38,1266,43.28,1,1
39,1300,42.47,1,1
40,1333,41.01,1,1
41,1366,39.05,1,1
42,1400,36.79,1,1
43,1433,34.11,1,1
44,1466,31.81,1,1
45,1500,30.28,1,1
46,1533,29.23,1,1
47,1566,28.32,1,1
48,1600,27.27,1,1
49,1633,26.57,1,1
50,1666,25.8,1,1
51,1700,24.9,1,1
52,1733,24.19,1,1
53,1766,23.99,1,1
54,1800,24.25,1,1
55,1833,25.43,1,2
56,1866,26.86,1,2
57,1900,28.73,1,2
58,1933,30.7,1,2
59,1966,32.51,1,2
60,2000,33.89,1,2
61,2033,35.16,1,2
62,2066,35.97,1,2
63,2100,37.02,1,2
64,2133,37.77,1,2
65,2166,37.73,1,2
66,2200,37.15,1,2
67,2233,36.56,1,2
68,2266,35.24,1,2
69,2300,33.92,1,2
70,2333,32.96,1,2
71,2366,32.71,1,2
72,2400,32.46,1,2
73,2433,32.78,1,2
74,2466,33.46,1,2
75,2500,34.49,1,2
76,2533,36.55,1,2
77,2566,38.9,1,2
78,2600,42.7,1,2
79,2633,46.94,1,2
80,2666,51.14,1,3
81,2700,54.22,1,3
82,2733,57.03,1,3
83,2766,58.07,1,3
84,2800,57.61,1,3
85,2833,56.11,1,3
86,2866,54.31,1,3
87,2900,51.39,1,3
88,2933,47.83,1,2
89,2966,44.97,1,2
90,3000,42.51,1,2
91,3033,40.23,1,2
92,3066,39.07,1,2
93,3100,39.74,1,2
94,3133,43.03,1,2
95,3166,46.83,1,2
96,3200,50.49,1,3
97,3233,51.46,1,3
98,3266,51.4,1,3
99,3300,49.99,1,2
100,3333,58.59,1,3
101,3366,67.34,1,3
102,3400,78.77,1,4
103,3433,90.19,1,4
104,3466,100.32,1,4
105,3500,100.29,1,4
106,3533,100.3,1,4
107,3566,100.32,1,4
108,3600,100.33,1,4
109,3633,100.33,1,4
110,3666,94.98,1,4
111,3699,85.13,1,4
112,3733,75.18,1,4
113,3766,64,1,3
114,3800,51.55,1,3
115,3833,43.88,1,2
116,3866,40.03,1,2
117,3900,35.98,1,2
118,3933,32.43,1,2
119,3966,30.18,1,2
120,4000,28.68,1,2
121,4033,27.84,1,2
122,4066,26.66,1,2
123,4100,26.21,1,2
124,4133,25.74,1,2
125,4166,25.51,1,2
126,4200,25.2,1,2
127,4233,25.52,1,2
128,4266,25.81,1,2
129,4300,25.86,1,2
130,4333,25.49,1,2
131,4366,25.14,1,2
132,4400,24.78,1,1
133,4433,24.47,1,1
134,4466,24.47,1,1
135,4500,24.78,1,1
136,4533,25.14,1,2
137,4566,25.5,1,2
138,4600,26.94,1,2
139,4633,28.31,1,2
140,4666,29.38,1,2
141,4700,31.45,1,2
142,4733,34.25,1,2
143,4766,36.07,1,2
144,4800,37.8,1,2
145,4833,38.77,1,2
146,4866,38.31,1,2
147,4900,37.12,1,2
148,4933,36.84,1,2
149,4966,36.82,1,2
150,5000,37.87,1,2
151,5033,41.28,1,2
152,5066,44.69,1,2
153,5100,47.1,1,2
154,5133,50.12,1,3
155,5166,53.32,1,3
156,5200,54.55,1,3
157,5233,55.78,1,3
158,5266,56.19,1,3
159,5300,55.03,1,3
160,5333,52.19,1,3
161,5366,48.87,1,2
162,5400,45.11,1,2
163,5433,41.32,1,2
164,5466,37.9,1,2
165,5500,35.53,1,2
166,5533,33.26,1,2
167,5566,31.87,1,2
168,5600,31.87,1,2
169,5633,32.55,1,2
170,5666,33.34,1,2
171,5700,34.57,1,2
172,5733,35.32,1,2
173,5766,35.78,1,2
174,5800,35.74,1,2
175,5833,35.53,1,2
176,5866,35.15,1,2
177,5900,33.77,1,2
178,5933,31.87,1,2
179,5966,29.93,1,2
180,6000,28.13,1,2
181,6033,26.22,1,2
182,6066,25.02,1,2
183,6100,24.05,1,1
184,6133,23.13,1,1
185,6166,22.25,1,1
186,6200,21.83,1,1
187,6233,21.76,1,1
188,6266,21.72,1,1
189,6300,21.81,1,1
190,6333,21.9,1,1
191,6366,21.78,1,1
192,6400,22.03,1,1
193,6433,22.28,1,1
194,6466,22.49,1,1
195,6500,22.54,1,1
196,6533,22.58,1,1
197,6566,22.27,1,1
198,6600,22.89,1,1
199,6633,24.46,1,1
200,6666,26.46,1,2
201,6700,28.9,1,2
202,6733,31.34,1,2
203,6766,32.7,1,2
204,6800,33.26,1,2
205,6833,33.68,1,2
206,6866,33.67,1,2
207,6899,33.31,1,2
208,6933,32.55,1,2
209,6966,31.15,1,2
210,7000,29.63,1,2
211,7033,28.09,1,2
212,7066,26.9,1,2
213,7100,26.32,1,2
214,7133,26.36,1,2
215,7166,26.32,1,2
216,7200,26.3,1,2
217,7233,26.64,1,2
218,7266,27.26,1,2
219,7300,27.88,1,2
220,7333,27.88,1,2
221,7366,27.88,1,2
222,7399,27.88,1,2
223,7433,27.88,1,2
224,7466,27.88,1,2
225,7500,27.88,1,2
226,7533,27.88,1,2
227,7566,27.88,1,2
228,7600,27.88,1,2
229,7633,27.88,1,2
230,7666,27.88,1,2
231,7700,27.88,1,2
232,7733,27.88,1,2
233,7766,27.88,1,2
234,7800,27.88,1,2
235,7833,27.88,1,2
236,7866,27.88,1,2
237,7899,27.88,1,2
238,7933,27.88,1,2
239,7966,27.88,1,2
240,8000,27.88,1,2
241,8033,27.88,1,2
242,8066,32.3,1,2
243,8100,31.05,1,2
244,8133,30.55,1,2
245,8166,30.25,1,2
246,8200,31.6,1,2
247,8233,32.95,1,2
248,8266,34.14,1,2
249,8300,34.88,1,2
250,8333,35.11,1,2
251,8366,34.15,1,2
252,8400,34.02,1,2
253,8433,33.9,1,2
254,8466,34.04,1,2
255,8500,34.59,1,2
256,8533,34.18,1,2
257,8566,32.49,1,2
258,8600,30.55,1,2
259,8633,28.38,1,2
260,8666,25.99,1,2
261,8700,24.47,1,1
262,8733,23,1,1
263,8766,21.59,1,1
264,8800,20.59,1,1
265,8833,20.37,1,1
266,8866,20.24,1,1
267,8900,19.94,1,1
268,8933,19.77,1,1
269,8966,19.48,1,1
270,9000,18.48,1,1
271,9033,17.37,1,1
272,9066,16.84,1,1
273,9100,16.37,1,1
274,9133,16.18,1,1
275,9166,16.27,1,1
276,9200,16.46,1,1
277,9233,17.15,1,1
278,9266,17.86,1,1
279,9300,18.42,1,1
280,9333,19.11,1,1
281,9366,19.8,1,1
282,9400,19.76,1,1
283,9433,19.61,1,1
284,9466,19.5,1,1
285,9500,19.21,1,1
286,9533,19.27,1,1
287,9566,19.75,1,1
288,9600,20.33,1,1
289,9633,21.46,1,1
290,9666,22.6,1,1
291,9700,24.05,1,1
292,9733,25.85,1,2
293,9766,27.66,1,2
294,9800,28.3,1,2
295,9833,28.34,1,2
296,9866,27.56,1,2
297,9900,26.1,1,2
298,9933,24.45,1,1
299,9966,23.36,1,1
300,10000,24.05,1,1
301,10033,24.92,1,1
302,10066,25.91,1,2
303,10100,29.89,1,2
304,10133,33.88,1,2
305,10166,36.69,1,2
306,10200,39.3,1,2
307,10233,41.71,1,2
308,10266,41.32,1,2
309,10300,40.77,1,2
310,10333,40.23,1,2
311,10366,39.57,1,2
312,10400,38.13,1,2
313,10433,36.09,1,2
314,10466,34.21,1,2
315,10500,32.33,1,2
316,10533,30.75,1,2
317,10566,29.78,1,2
318,10600,29.37,1,2
319,10633,28.73,1,2
320,10666,28.31,1,2
321,10700,27.92,1,2
322,10733,29.44,1,2
323,10766,30.99,1,2
324,10800,31.89,1,2
325,10833,32.37,1,2
326,10866,32.83,1,2
327,10900,30.94,1,2
328,10933,28.83,1,2
329,10966,27.6,1,2
330,11000,26.12,1,2
331,11033,24.5,1,1
332,11066,23.52,1,1
333,11100,22.76,1,1
334,11133,21.89,1,1
335,11166,21.42,1,1
336,11200,20.97,1,1
337,11233,20.68,1,1
338,11266,20.24,1,1
339,11300,19.91,1,1
340,11333,19.91,1,1
341,11366,19.91,1,1
342,11400,19.91,1,1
343,11433,19.91,1,1
344,11466,19.91,1,1
345,11500,19.91,1,1
346,11533,19.91,1,1
347,11566,19.91,1,1
348,11600,19.91,1,1
349,11633,19.91,1,1
350,11666,19.91,1,1
351,11700,19.91,1,1
352,11733,19.91,1,1
353,11766,19.91,1,1
354,11800,19.91,1,1
355,11833,19.91,1,1
356,11866,19.91,1,1
357,11900,19.91,1,1
358,11933,19.91,1,1
359,11966,19.91,1,1
360,12000,19.91,1,1
361,12033,19.91,1,1
362,12066,19.91,1,1
363,12100,19.91,1,1
364,12133,19.91,1,1
365,12166,19.91,1,1
366,12200,19.91,1,1
367,12233,19.91,1,1
368,12266,19.91,1,1
369,12300,19.91,1,1
370,12333,19.91,1,1
371,12366,19.91,1,1
372,12400,19.91,1,1
373,12433,19.91,1,1
374,12466,19.91,1,1
375,12500,19.91,1,1
376,12533,19.91,1,1
377,12566,19.91,1,1
378,12600,19.91,1,1
379,12633,19.91,1,1
380,12666,19.91,1,1
381,12700,19.91,1,1
382,12733,19.91,1,1
383,12766,19.91,1,1
384,12800,19.91,1,1
385,12833,19.91,1,1
386,12866,19.91,1,1
387,12900,19.91,1,1
388,12933,19.91,1,1
389,12966,19.91,1,1
390,13000,24.55,1,1
391,13033,23.04,1,1
392,13066,22.13,1,1
393,13100,21.26,1,1
394,13133,20.35,1,1
395,13166,20.04,1,1
396,13200,19.7,1,1
397,13233,19.26,1,1
398,13266,18.91,1,1
399,13299,18.59,1,1
400,13333,18.34,1,1
401,13366,18.15,1,1
402,13400,18.14,1,1
403,13433,18.12,1,1
404,13466,18.1,1,1
405,13500,18.06,1,1
406,13533,18,1,1
407,13566,17.94,1,1
408,13600,18.55,1,1
409,13633,19.25,1,1
410,13666,20.07,1,1
411,13700,20.99,1,1
412,13733,21.9,1,1
413,13766,22.15,1,1
414,13799,22.36,1,1
415,13833,22.47,1,1
416,13866,22.62,1,1
417,13900,23.45,1,1
418,13933,24.29,1,1
419,13966,25.09,1,2
420,14000,26.3,1,2
421,14033,27.4,1,2
422,14066,27.8,1,2
423,14100,28.31,1,2
424,14133,28.81,1,2
425,14166,28.91,1,2
426,14200,29.14,1,2
427,14233,29.37,1,2
428,14266,29.38,1,2
429,14299,29.4,1,2
430,14333,29.96,1,2
431,14366,30.6,1,2
432,14400,31.73,1,2
433,14433,34.49,1,2
434,14466,37.43,1,2
435,14500,41.47,1,2
436,14533,45.29,1,2
437,14566,48.57,1,2
438,14600,50.35,1,3
439,14633,51.79,1,3
440,14666,51.6,1,3
441,14700,48.25,1,2
442,14733,44.63,1,2
443,14766,40.88,1,2
444,14799,35.95,1,2
445,14833,30.95,1,2
446,14866,29.03,1,2
447,14900,27.43,1,2
448,14933,25.92,1,2
449,14966,25.75,1,2
450,15000,25.34,1,2
451,15033,24.96,1,1
452,15066,24.57,1,1
453,15100,23.98,1,1
454,15133,23.15,1,1
455,15166,22.52,1,1
456,15200,21.92,1,1
457,15233,21.21,1,1
458,15266,20.65,1,1
459,15299,20.34,1,1
460,15333,20.34,1,1
461,15366,20.34,1,1
462,15400,20.34,1,1
463,15433,20.34,1,1
464,15466,20.34,1,1
465,15500,20.34,1,1
466,15533,20.34,1,1
467,15566,20.34,1,1
468,15600,20.34,1,1
469,15633,20.34,1,1
470,15666,20.34,1,1
471,15700,20.34,1,1
472,15733,20.34,1,1
473,15766,20.34,1,1
474,15799,20.34,1,1
475,15833,20.34,1,1
476,15866,20.34,1,1
477,15900,20.34,1,1
478,15933,20.34,1,1
479,15966,20.34,1,1
480,16000,20.34,1,1
481,16033,20.34,1,1
482,16066,20.34,1,1
483,16100,20.34,1,1
484,16133,20.34,1,1
485,16166,20.34,1,1
486,16200,20.34,1,1
487,16233,20.34,1,1
488,16266,20.34,1,1
489,16300,20.34,1,1
490,16333,20.34,1,1
491,16366,20.34,1,1
492,16400,20.34,1,1
493,16433,20.34,1,1
494,16466,20.34,1,1
495,16500,20.34,1,1
496,16533,20.34,1,1
497,16566,20.34,1,1
498,16600,20.34,1,1
499,16633,20.34,1,1
500,16666,20.34,1,1
501,16700,20.34,1,1
502,16733,20.34,1,1
503,16766,20.34,1,1
504,16800,20.34,1,1
505,16833,20.34,1,1
506,16866,20.34,1,1
507,16900,20.34,1,1
508,16933,20.34,1,1
509,16966,20.34,1,1
510,17000,20.34,1,1
511,17033,20.34,1,1
512,17066,20.34,1,1
513,17100,25.03,1,2
514,17133,23.55,1,1
515,17166,22.54,1,1
516,17200,21.9,1,1
517,17233,21.43,1,1
518,17266,21.26,1,1
519,17300,21.24,1,1
520,17333,21.22,1,1
521,17366,21.35,1,1
522,17400,21.51,1,1
523,17433,21.67,1,1
524,17466,21.77,1,1
525,17500,21.74,1,1
526,17533,21.63,1,1
527,17566,21.5,1,1
528,17600,21.63,1,1
529,17633,21.75,1,1
530,17666,22,1,1
531,17700,22.53,1,1
532,17733,23.07,1,1
533,17766,23.35,1,1
534,17800,23.64,1,1
535,17833,23.92,1,1
536,17866,23.93,1,1
537,17900,23.9,1,1
538,17933,23.87,1,1
539,17966,23.84,1,1
540,18000,24.22,1,1
541,18033,24.61,1,1
542,18066,25.08,1,2
543,18100,26.34,1,2
544,18133,27.93,1,2
545,18166,29.23,1,2
546,18200,31.66,1,2
547,18233,35.09,1,2
548,18266,37.97,1,2
549,18300,40.28,1,2
550,18333,41.98,1,2
551,18366,42.32,1,2
552,18400,41.35,1,2
553,18433,39.53,1,2
554,18466,37.88,1,2
555,18500,35.99,1,2
556,18533,34.13,1,2
557,18566,32.35,1,2
558,18600,31.19,1,2
559,18633,30.38,1,2
560,18666,30.57,1,2
561,18700,31.58,1,2
562,18733,32.76,1,2
563,18766,33.79,1,2
564,18800,34.53,1,2
565,18833,35.12,1,2
566,18866,35.09,1,2
567,18900,34.07,1,2
568,18933,32.49,1,2
569,18966,30.87,1,2
570,19000,28.88,1,2
571,19033,26.81,1,2
572,19066,25.64,1,2
573,19100,25.04,1,2
574,19133,24.39,1,1
575,19166,23.98,1,1
576,19200,23.41,1,1
577,19233,22.86,1,1
578,19266,22.34,1,1
579,19300,21.93,1,1
580,19333,21.93,1,1
581,19366,21.93,1,1
582,19400,21.93,1,1
583,19433,21.93,1,1
584,19466,21.93,1,1
585,19500,21.93,1,1
586,19533,21.93,1,1
587,19566,21.93,1,1
588,19600,21.93,1,1
589,19633,21.93,1,1
590,19666,21.93,1,1
591,19700,21.93,1,1
592,19733,21.93,1,1
593,19766,21.93,1,1
594,19800,21.93,1,1
595,19833,21.93,1,1
596,19866,27.22,1,2
597,19900,27.41,1,2
598,19933,28.35,1,2
599,19966,29.75,1,2
600,20000,32.05,1,2
601,20033,34.34,1,2
602,20066,36.2,1,2
603,20100,39.42,1,2
604,20133,42.35,1,2
605,20166,44.43,1,2
606,20200,46.43,1,2
607,20233,47.34,1,2
608,20266,46.22,1,2
609,20300,44.95,1,2
610,20333,43.04,1,2
611,20366,40.87,1,2
612,20400,39.14,1,2
613,20433,37.15,1,2
614,20466,35.46,1,2
615,20500,34.36,1,2
616,20533,34.93,1,2
617,20566,36.32,1,2
618,20600,37.79,1,2
619,20633,38.75,1,2
620,20666,39.7,1,2
621,20700,39.16,1,2
622,20733,37.55,1,2
623,20766,35.89,1,2
624,20800,34.38,1,2
625,20833,32.25,1,2
626,20866,30.17,1,2
627,20900,28.59,1,2
628,20933,27.25,1,2
629,20966,25.91,1,2
630,21000,25.21,1,2
631,21033,24.85,1,1
632,21066,24.89,1,1
633,21100,24.93,1,1
634,21133,25.67,1,2
635,21166,26.41,1,2
636,21200,26.52,1,2
637,21233,26.43,1,2
638,21266,26.3,1,2
639,21300,25.61,1,2
640,21333,24.76,1,1
641,21366,24.2,1,1
642,21400,23.84,1,1
643,21433,23.27,1,1
644,21466,22.79,1,1
645,21500,22.46,1,1
646,21533,22.38,1,1
647,21566,22.38,1,1
648,21600,23.17,1,1
649,21633,23.93,1,1
650,21666,24.68,1,1
651,21700,25.46,1,2
652,21733,26.14,1,2
653,21766,26.17,1,2
654,21800,26.21,1,2
655,21833,26.24,1,2
656,21866,26.14,1,2
657,21900,25.77,1,2
658,21933,25.36,1,2
659,21966,24.79,1,1
660,22000,24.14,1,1
661,22033,23.49,1,1
662,22066,23.06,1,1
663,22100,22.8,1,1
664,22133,22.68,1,1
665,22166,22.46,1,1
666,22200,22.24,1,1
667,22233,22.1,1,1
668,22266,22,1,1
669,22300,22.2,1,1
670,22333,22.62,1,1
671,22366,23.06,1,1
672,22400,24.32,1,1
673,22433,27.07,1,2
674,22466,29.63,1,2
675,22500,32.05,1,2
676,22533,34.14,1,2
677,22566,35.36,1,2
678,22600,34.9,1,2
679,22633,33.88,1,2
680,22666,32.7,1,2
681,22700,31.65,1,2
682,22733,30.57,1,2
683,22766,29.53,1,2
684,22800,28.95,1,2
685,22833,30.17,1,2
686,22866,31.58,1,2
687,22900,33.02,1,2
688,22933,35.09,1,2
689,22966,37.42,1,2
690,23000,38.48,1,2
691,23033,42.08,1,2
692,23066,45.69,1,2
693,23100,45.86,1,2
694,23133,45.7,1,2
695,23166,44.83,1,2
696,23200,40.37,1,2
697,23233,35.87,1,2
698,23266,34.11,1,2
699,23300,32.43,1,2
700,23333,32.43,1,2
701,23366,32.43,1,2
702,23400,32.43,1,2
703,23433,32.43,1,2
704,23466,32.43,1,2
705,23500,32.43,1,2
706,23533,32.43,1,2
707,23566,32.43,1,2
708,23600,32.43,1,2
709,23633,32.43,1,2
710,23666,32.43,1,2
711,23700,32.43,1,2
712,23733,32.43,1,2
713,23766,32.43,1,2
714,23800,39.53,1,2
715,23833,35.77,1,2
716,23866,32.75,1,2
717,23900,30.4,1,2
718,23933,28.93,1,2
719,23966,27.63,1,2
720,24000,26.59,1,2
721,24033,25.73,1,2
722,24066,24.92,1,1
723,24100,24.15,1,1
724,24133,23.4,1,1
725,24166,22.93,1,1
726,24200,22.44,1,1
727,24233,21.98,1,1
728,24266,21.58,1,1
729,24300,21.9,1,1
730,24333,22.52,1,1
731,24366,23.37,1,1
732,24400,24.35,1,1
733,24433,25.44,1,2
734,24466,25.89,1,2
735,24500,26.33,1,2
736,24533,26.73,1,2
737,24566,26.62,1,2
738,24600,26.39,1,2
739,24633,26.27,1,2
740,24666,26.19,1,2
741,24700,26.14,1,2
742,24733,30.16,1,2
743,24766,34.17,1,2
744,24800,37.99,1,2
745,24833,42.1,1,2
746,24866,46.17,1,2
747,24900,46.65,1,2
748,24933,47.52,1,2
749,24966,48.38,1,2
750,25000,46.68,1,2
751,25033,44.93,1,2
752,25066,43.03,1,2
753,25100,40.48,1,2
754,25133,37.86,1,2
755,25166,37.33,1,2
756,25200,36.84,1,2
757,25233,36.51,1,2
758,25266,36.43,1,2
759,25300,38.46,1,2
760,25333,40.48,1,2
761,25366,42.52,1,2
762,25400,44.2,1,2
763,25433,44.91,1,2
764,25466,43.59,1,2
765,25500,42.02,1,2
766,25533,39.21,1,2
767,25566,36.56,1,2
768,25600,34.57,1,2
769,25633,32.27,1,2
770,25666,30.23,1,2
771,25700,29.39,1,2
772,25733,28.74,1,2
773,25766,28.26,1,2
774,25800,27.98,1,2
775,25833,27.45,1,2
776,25866,26.79,1,2
777,25900,26,1,2
778,25933,25.3,1,2
779,25966,24.68,1,1
780,26000,24.25,1,1
781,26033,23.98,1,1
782,26066,23.82,1,1
783,26099,23.71,1,1
784,26133,23.63,1,1
785,26166,23.56,1,1
786,26200,23.49,1,1
787,26233,23.45,1,1
788,26266,23.36,1,1
789,26300,23.27,1,1
790,26333,23.21,1,1
791,26366,23.14,1,1
792,26400,23.06,1,1
793,26433,23.58,1,1
794,26466,24.11,1,1
795,26500,24.64,1,1
796,26533,25.89,1,2
797,26566,27.14,1,2
798,26599,27.85,1,2
799,26633,29.38,1,2
800,26666,30.91,1,2
801,26700,31.73,1,2
802,26733,32.45,1,2
803,26766,33.17,1,2
804,26800,33.06,1,2
805,26833,33.6,1,2
806,26866,34.14,1,2
807,26900,33.7,1,2
808,26933,33.21,1,2
809,26966,32.71,1,2
810,27000,32.24,1,2
811,27033,32.89,1,2
812,27066,34.77,1,2
813,27099,38.25,1,2
814,27133,42.07,1,2
815,27166,45.33,1,2
816,27200,48.81,1,2
817,27233,52.14,1,3
818,27266,53.78,1,3
819,27300,55.08,1,3
820,27333,62.73,1,3
821,27366,69.04,1,3
822,27400,74.63,1,3
823,27433,80.04,1,4
824,27466,85.21,1,4
825,27500,83.66,1,4
826,27533,81.81,1,4
827,27566,80.11,1,4
828,27599,78.66,1,4
829,27633,76.15,1,4
830,27666,69.94,1,3
831,27700,62.63,1,3
832,27733,55.01,1,3
833,27766,46.86,1,2
834,27800,39.89,1,2
835,27833,36.19,1,2
836,27866,33.54,1,2
837,27900,31.68,1,2
838,27933,30.14,1,2
839,27966,28.6,1,2
840,28000,27.75,1,2
841,28033,27.16,1,2
842,28066,26.66,1,2
843,28099,26.19,1,2
844,28133,25.85,1,2
845,28166,25.34,1,2
846,28200,24.92,1,1
847,28233,24.67,1,1
848,28266,24.67,1,1
849,28300,24.66,1,1
850,28333,25.77,1,2
851,28366,26.88,1,2
852,28400,27.81,1,2
853,28433,28.85,1,2
854,28466,29.92,1,2
855,28500,30.05,1,2
856,28533,30.73,1,2
857,28566,31.41,1,2
858,28599,31.96,1,2
859,28633,32.43,1,2
860,28666,32.9,1,2
861,28700,32.82,1,2
862,28733,33.56,1,2
863,28766,34.33,1,2
864,28800,35.14,1,2
865,28833,35.88,1,2
866,28866,37.03,1,2
867,28900,38.89,1,2
868,28933,41.77,1,2
869,28966,44.78,1,2
870,29000,49.14,1,2
871,29033,53.29,1,3
872,29066,56.05,1,3
873,29099,57.66,1,3
874,29133,57.39,1,3
875,29166,55.77,1,3
876,29200,52.21,1,3
877,29233,47.73,1,2
878,29266,43.36,1,2
879,29300,40.88,1,2
880,29333,38.62,1,2
881,29366,38.36,1,2
882,29400,39.39,1,2
883,29433,41.14,1,2
884,29466,42.77,1,2
885,29500,44.26,1,2
886,29533,45.85,1,2
887,29566,46.96,1,2
888,29599,46.02,1,2
889,29633,44.73,1,2
890,29666,43.27,1,2
891,29700,40.58,1,2
892,29733,37.84,1,2
893,29766,36.36,1,2
894,29800,35.15,1,2
895,29833,34.03,1,2
896,29866,33.59,1,2
897,29900,32.97,1,2
898,29933,32.33,1,2
899,29966,31.44,1,2
900,30000,30.64,1,2
901,30033,30.13,1,2
902,30066,29.84,1,2
903,30099,29.66,1,2
904,30133,29.82,1,2
905,30166,30.05,1,2
906,30200,30.16,1,2
907,30233,31,1,2
908,30266,31.83,1,2
909,30300,32.63,1,2
910,30333,33.52,1,2
911,30366,34.4,1,2
912,30400,34.56,1,2
913,30433,34.58,1,2
914,30466,34.61,1,2
915,30500,34.49,1,2
916,30533,34.43,1,2
917,30566,34.68,1,2
918,30599,35.61,1,2
919,30633,37.02,1,2
920,30666,39.91,1,2
921,30700,42.8,1,2
922,30733,46.64,1,2
923,30766,50.43,1,3
924,30800,53.75,1,3
925,30833,54.73,1,3
926,30866,54.62,1,3
927,30900,53.17,1,3
928,30933,50.81,1,3
929,30966,48.35,1,2
930,31000,46.75,1,2
931,31033,45.8,1,2
932,31066,44.46,1,2
933,31099,43.51,1,2
934,31133,42.8,1,2
935,31166,42.43,1,2
936,31200,42.65,1,2
937,31233,44.73,1,2
938,31266,46.81,1,2
939,31300,48.75,1,2
940,31333,59.81,1,3
941,31366,70.64,1,3
942,31400,80.1,1,4
943,31433,88.58,1,4
944,31466,96.97,1,4
945,31500,95.62,1,4
946,31533,93.61,1,4
947,31566,91.48,1,4
948,31599,89.87,1,4
949,31633,88.11,1,4
950,31666,80.32,1,4
951,31700,71.53,1,3
952,31733,61.44,1,3
953,31766,51.7,1,3
954,31800,41.82,1,2
955,31833,37.92,1,2
956,31866,35.59,1,2
957,31900,34.5,1,2
958,31933,33.44,1,2
959,31966,32.63,1,2
960,32000,31.95,1,2
961,32033,31.35,1,2
962,32066,30.95,1,2
963,32100,30.79,1,2
964,32133,30.97,1,2
965,32166,31.36,1,2
966,32200,31.78,1,2
967,32233,32.38,1,2
968,32266,32.93,1,2
969,32299,33.36,1,2
970,32333,33.95,1,2
971,32366,35.4,1,2
972,32400,36.68,1,2
973,32433,37.83,1,2
974,32466,39.8,1,2
975,32500,41.77,1,2
976,32533,43.42,1,2
977,32566,45.06,1,2
978,32600,46.71,1,2
979,32633,47.87,1,2
980,32666,48.93,1,2
981,32700,49.41,1,2
982,32733,48.67,1,2
983,32766,47.22,1,2
984,32800,45.24,1,2
985,32833,43.2,1,2
986,32866,41.34,1,2
987,32900,40.8,1,2
988,32933,41.12,1,2
989,32966,42.2,1,2
990,33000,43.33,1,2
991,33033,44.28,1,2
992,33066,45.35,1,2
993,33100,46.5,1,2
994,33133,46.78,1,2
995,33166,46.74,1,2
996,33200,46.55,1,2
997,33233,45.84,1,2
998,33266,44.87,1,2
999,33300,43.54,1,2
1000,33333,42.48,1,2
1001,33366,41.5,1,2
1002,33400,41.19,1,2
1003,33433,40.78,1,2
1004,33466,40.94,1,2
1005,33500,41.1,1,2
1006,33533,41.81,1,2
1007,33566,42.14,1,2
1008,33600,42.51,1,2
1009,33633,42.14,1,2
1010,33666,41.52,1,2
1011,33700,40.04,1,2
1012,33733,38.48,1,2
1013,33766,36.89,1,2
1014,33800,36.04,1,2
1015,33833,35.35,1,2
1016,33866,35.04,1,2
1017,33900,34.8,1,2
1018,33933,34.79,1,2
1019,33966,34.85,1,2
1020,34000,35.16,1,2
1021,34033,35.61,1,2
1022,34066,36.06,1,2
1023,34100,36,1,2
1024,34133,35.84,1,2
1025,34166,35.48,1,2
1026,34200,34.97,1,2
1027,34233,34.64,1,2
1028,34266,34.75,1,2
1029,34300,34.88,1,2
1030,34333,35.85,1,2
1031,34366,37.25,1,2
1032,34400,38.58,1,2
1033,34433,40.3,1,2
1034,34466,42.01,1,2
1035,34500,42.94,1,2
1036,34533,43.38,1,2
1037,34566,43.46,1,2
1038,34600,43.1,1,2
1039,34633,42.69,1,2
1040,34666,42.14,1,2
1041,34700,41.77,1,2
1042,34733,41.63,1,2
1043,34766,42.25,1,2
1044,34800,43.12,1,2
1045,34833,44.96,1,2
1046,34866,46.7,1,2
1047,34900,48.21,1,2
1048,34933,49.02,1,2
1049,34966,49.62,1,2
1050,35000,49.38,1,2
1051,35033,48.46,1,2
1052,35066,47.05,1,2
1053,35100,45.42,1,2
1054,35133,43.55,1,2
1055,35166,41.59,1,2
1056,35200,40.31,1,2
1057,35233,39.79,1,2
1058,35266,39.64,1,2
1059,35300,39.86,1,2
1060,35333,39.86,1,2
1061,35366,39.86,1,2
1062,35400,39.86,1,2
1063,35433,39.86,1,2
1064,35466,39.86,1,2
1065,35500,39.86,1,2
1066,35533,39.86,1,2
1067,35566,39.86,1,2
1068,35600,39.86,1,2
1069,35633,39.86,1,2
1070,35666,39.86,1,2
1071,35700,39.86,1,2
1072,35733,39.86,1,2
1073,35766,39.86,1,2
1074,35800,43.08,1,2
1075,35833,41.44,1,2
1076,35866,40.84,1,2
1077,35900,40.45,1,2
1078,35933,40.24,1,2
1079,35966,40.21,1,2
1080,36000,40.25,1,2
1081,36033,40.38,1,2
1082,36066,41.77,1,2
1083,36100,43.25,1,2
1084,36133,45.26,1,2
1085,36166,47.91,1,2
1086,36200,50.47,1,3
1087,36233,51.8,1,3
1088,36266,53.67,1,3
1089,36300,55,1,3
1090,36333,54.21,1,3
1091,36366,53.4,1,3
1092,36400,52.5,1,3
1093,36433,50.54,1,3
1094,36466,48.38,1,2
1095,36500,47.84,1,2
1096,36533,47.52,1,2
1097,36566,47.44,1,2
1098,36600,47.8,1,2
1099,36633,48.36,1,2
1100,36666,49.61,1,2
1101,36700,50.89,1,3
1102,36733,51.78,1,3
1103,36766,52.49,1,3
1104,36800,53.08,1,3
1105,36833,52.3,1,3
1106,36866,50.45,1,3
1107,36900,48.63,1,2
1108,36933,46.85,1,2
1109,36966,44.89,1,2
1110,37000,43.26,1,2
1111,37033,42.49,1,2
1112,37066,41.93,1,2
1113,37100,41.66,1,2
1114,37133,41.96,1,2
1115,37166,42.38,1,2
1116,37200,42.69,1,2
1117,37233,42.9,1,2
1118,37266,42.84,1,2
1119,37300,42.52,1,2
1120,37333,42.07,1,2
1121,37366,41.6,1,2
1122,37400,41.17,1,2
1123,37433,40.79,1,2
1124,37466,40.37,1,2
1125,37500,40.08,1,2
1126,37533,39.97,1,2
1127,37566,39.91,1,2
1128,37600,39.83,1,2
1129,37633,39.77,1,2
1130,37666,39.59,1,2
1131,37700,39.36,1,2
1132,37733,39.21,1,2
1133,37766,39.27,1,2
1134,37800,39.43,1,2
1135,37833,39.74,1,2
1136,37866,40.13,1,2
1137,37900,40.62,1,2
1138,37933,41.12,1,2
1139,37966,42.65,1,2
1140,38000,44.16,1,2
1141,38033,45.58,1,2
1142,38066,47.16,1,2
1143,38100,48.59,1,2
1144,38133,48.15,1,2
1145,38166,47.63,1,2
1146,38200,47.2,1,2
1147,38233,46.48,1,2
1148,38266,45.76,1,2
1149,38300,45.8,1,2
1150,38333,46.64,1,2
1151,38366,47.4,1,2
1152,38400,48.11,1,2
1153,38433,49.72,1,2
1154,38466,51.33,1,3
1155,38500,52.23,1,3
1156,38533,52.74,1,3
1157,38566,52.87,1,3
1158,38600,52.1,1,3
1159,38633,51.16,1,3
1160,38666,49.55,1,2
1161,38700,48.29,1,2
1162,38733,47.3,1,2
1163,38766,46.32,1,2
1164,38800,45.52,1,2
1165,38833,45.54,1,2
1166,38866,45.68,1,2
1167,38900,45.91,1,2
1168,38933,45.95,1,2
1169,38966,45.83,1,2
1170,39000,45.69,1,2
1171,39033,45.44,1,2
1172,39066,45.18,1,2
1173,39100,45.06,1,2
1174,39133,45.08,1,2
1175,39166,44.96,1,2
1176,39200,44.9,1,2
1177,39233,44.79,1,2
1178,39266,44.73,1,2
1179,39300,44.67,1,2
1180,39333,54.93,1,3
1181,39366,65.18,1,3
1182,39400,75.44,1,4
1183,39433,85.6,1,4
1184,39466,95.67,1,4
1185,39500,95.27,1,4
1186,39533,94.86,1,4
1187,39566,94.2,1,4
1188,39600,93.51,1,4
1189,39633,92.8,1,4
1190,39666,86.08,1,4
1191,39700,78.88,1,4
1192,39733,71.8,1,3
1193,39766,64.51,1,3
1194,39800,57.35,1,3
1195,39833,56.76,1,3
1196,39866,56.65,1,3
1197,39900,56.57,1,3
1198,39933,56.41,1,3
1199,39966,55.89,1,3
1200,40000,54.8,1,3
1201,40033,53.66,1,3
1202,40066,52.49,1,3
1203,40100,51.91,1,3
1204,40133,52.58,1,3
1205,40166,53.41,1,3
1206,40200,54.65,1,3
1207,40233,56.89,1,3
1208,40266,59.61,1,3
1209,40300,61.78,1,3
1210,40333,63.61,1,3
1211,40366,64.28,1,3
1212,40400,63.95,1,3
1213,40433,62.11,1,3
1214,40466,59.52,1,3
1215,40500,57.07,1,3
1216,40533,55.33,1,3
1217,40566,53.35,1,3
1218,40600,52.02,1,3
1219,40633,51.13,1,3
1220,40666,50.54,1,3
1221,40700,50.18,1,3
1222,40733,50.29,1,3
1223,40766,50.71,1,3
1224,40800,51.13,1,3
1225,40833,51.01,1,3
1226,40866,50.52,1,3
1227,40900,50.01,1,3
1228,40933,49.03,1,2
1229,40966,47.8,1,2
1230,41000,47.01,1,2
1231,41033,46.31,1,2
1232,41066,45.6,1,2
1233,41100,45.21,1,2
1234,41133,45.19,1,2
1235,41166,45.18,1,2
1236,41200,45.2,1,2
1237,41233,45.25,1,2
1238,41266,45.25,1,2
1239,41300,44.95,1,2
1240,41333,44.64,1,2
1241,41366,44.39,1,2
1242,41400,44.15,1,2
1243,41433,44.43,1,2
1244,41466,44.9,1,2
1245,41500,45.52,1,2
1246,41533,46.36,1,2
1247,41566,47.77,1,2
1248,41600,48.7,1,2
1249,41633,49.13,1,2
1250,41666,49.43,1,2
1251,41700,50.57,1,3
1252,41733,51.15,1,3
1253,41766,51.18,1,3
1254,41800,51.7,1,3
1255,41833,52.12,1,3
1256,41866,51.48,1,3
1257,41900,50.84,1,3
1258,41933,50.75,1,3
1259,41966,51.34,1,3
1260,42000,52.27,1,3
1261,42033,53.47,1,3
1262,42066,54.67,1,3
1263,42100,55.69,1,3
1264,42133,55.73,1,3
1265,42166,55.49,1,3
1266,42200,54.91,1,3
1267,42233,53.81,1,3
1268,42266,52.65,1,3
1269,42300,51.67,1,3
1270,42333,50.71,1,3
1271,42366,49.99,1,2
1272,42400,49.9,1,2
1273,42433,50.14,1,3
1274,42466,50.77,1,3
1275,42500,51.39,1,3
1276,42533,51.87,1,3
1277,42566,53.35,1,3
1278,42600,54.74,1,3
1279,42633,55.62,1,3
1280,42666,55.87,1,3
1281,42700,56.04,1,3
1282,42733,55.04,1,3
1283,42766,53.97,1,3
1284,42800,52.99,1,3
1285,42833,52.55,1,3
1286,42866,51.99,1,3
1287,42900,51.42,1,3
1288,42933,50.8,1,3
1289,42966,50.29,1,3
1290,43000,49.87,1,2
1291,43033,49.69,1,2
1292,43066,49.56,1,2
1293,43100,49.51,1,2
1294,43133,49.46,1,2
1295,43166,49.38,1,2
1296,43200,49.24,1,2
1297,43233,49.11,1,2
1298,43266,49.32,1,2
1299,43300,49.61,1,2
1300,43333,58.55,1,3
1301,43366,67.55,1,3
1302,43400,76.58,1,4
1303,43433,85.33,1,4
1304,43466,94.02,1,4
1305,43500,93.89,1,4
1306,43533,93.64,1,4
1307,43566,92.86,1,4
1308,43600,91.88,1,4
1309,43633,90.74,1,4
1310,43666,84.87,1,4
1311,43700,79.06,1,4
1312,43733,73.83,1,3
1313,43766,68.75,1,3
1314,43800,63.96,1,3
1315,43833,64.47,1,3
1316,43866,65.31,1,3
1317,43900,66.29,1,3
1318,43933,67.09,1,3
1319,43966,66.63,1,3
1320,44000,65.8,1,3
1321,44033,64.53,1,3
1322,44066,62.83,1,3
1323,44100,61.06,1,3
1324,44133,60.45,1,3
1325,44166,60.07,1,3
1326,44200,59.79,1,3
1327,44233,59.76,1,3
1328,44266,60.4,1,3
1329,44300,61.04,1,3
1330,44333,61.45,1,3
1331,44366,62.28,1,3
1332,44400,63.1,1,3
1333,44433,62.2,1,3
1334,44466,61.04,1,3
1335,44500,59.55,1,3
1336,44533,57.46,1,3
1337,44566,55.01,1,3
1338,44600,53.86,1,3
1339,44633,52.86,1,3
1340,44666,51.94,1,3
1341,44700,51.21,1,3
1342,44733,50.98,1,3
1343,44766,50.74,1,3
1344,44800,50.42,1,3
1345,44833,50.18,1,3
1346,44866,49.93,1,2
1347,44900,49.26,1,2
1348,44933,48.58,1,2
1349,44966,48.92,1,2
1350,45000,49.42,1,2
1351,45033,49.92,1,2
1352,45066,50.7,1,3
1353,45100,51.4,1,3
1354,45133,51.31,1,3
1355,45166,51.56,1,3
1356,45200,51.8,1,3
1357,45233,51.88,1,3
1358,45266,51.96,1,3
1359,45300,51.89,1,3
1360,45333,51.42,1,3
1361,45366,50.8,1,3
1362,45400,50.34,1,3
1363,45433,50.22,1,3
1364,45466,50.38,1,3
1365,45500,50.65,1,3
1366,45533,51.85,1,3
1367,45566,54.02,1,3
1368,45600,55.98,1,3
1369,45633,58.26,1,3
1370,45666,60.51,1,3
1371,45700,61.87,1,3
1372,45733,61.93,1,3
1373,45766,61.05,1,3
1374,45800,59.56,1,3
1375,45833,58.01,1,3
1376,45866,56.55,1,3
1377,45900,55.42,1,3
1378,45933,55.2,1,3
1379,45966,55,1,3
1380,46000,55.11,1,3
1381,46033,55.22,1,3
1382,46066,56.26,1,3
1383,46100,57.29,1,3
1384,46133,58.33,1,3
1385,46166,59.03,1,3
1386,46200,59.72,1,3
1387,46233,58.71,1,3
1388,46266,57.67,1,3
1389,46300,56.44,1,3
1390,46333,55.29,1,3
1391,46366,54.02,1,3
1392,46400,53.51,1,3
1393,46433,52.94,1,3
1394,46466,52.67,1,3
1395,46500,52.42,1,3
1396,46533,52.46,1,3
1397,46566,52.52,1,3
1398,46600,52.52,1,3
1399,46633,52.52,1,3
1400,46666,52.66,1,3
1401,46700,52.76,1,3
1402,46733,52.86,1,3
1403,46766,53.13,1,3
1404,46800,53.38,1,3
1405,46833,53.49,1,3
1406,46866,53.5,1,3
1407,46900,53.73,1,3
1408,46933,53.87,1,3
1409,46966,54.02,1,3
1410,47000,54.16,1,3
1411,47033,54.27,1,3
1412,47066,54.2,1,3
1413,47100,54.23,1,3
1414,47133,54.09,1,3
1415,47166,53.94,1,3
1416,47200,53.8,1,3
1417,47233,53.57,1,3
1418,47266,53.26,1,3
1419,47300,53.2,1,3
1420,47333,62.14,1,3
1421,47366,71.35,1,3
1422,47400,80.61,1,4
1423,47433,89.81,1,4
1424,47466,98.92,1,4
1425,47500,99.03,1,4
1426,47533,98.83,1,4
1427,47566,97.83,1,4
1428,47600,96.53,1,4
1429,47633,94.88,1,4
1430,47666,88.87,1,4
1431,47700,81.94,1,4
1432,47733,75.81,1,4
1433,47766,70.64,1,3
1434,47800,65.82,1,3
1435,47833,65.39,1,3
1436,47866,66.13,1,3
1437,47900,67.14,1,3
1438,47933,67.36,1,3
1439,47966,67.26,1,3
1440,48000,66.99,1,3
1441,48033,66.19,1,3
1442,48066,64.98,1,3
1443,48100,64.03,1,3
1444,48133,62.81,1,3
1445,48166,61.57,1,3
1446,48200,60.29,1,3
1447,48233,59.05,1,3
1448,48266,57.7,1,3
1449,48300,56.8,1,3
1450,48333,56.01,1,3
1451,48366,55.48,1,3
1452,48400,54.86,1,3
1453,48433,54.32,1,3
1454,48466,53.88,1,3
1455,48500,53.49,1,3
1456,48533,53.12,1,3
1457,48566,52.93,1,3
1458,48600,52.77,1,3
1459,48633,52.64,1,3
1460,48666,52.58,1,3
1461,48700,52.72,1,3
1462,48733,52.89,1,3
1463,48766,53.47,1,3
1464,48800,54.05,1,3
1465,48833,54.37,1,3
1466,48866,54.49,1,3
1467,48900,54.58,1,3
1468,48933,54.19,1,3
1469,48966,53.8,1,3
1470,49000,53.63,1,3
1471,49033,53.99,1,3
1472,49066,54.41,1,3
1473,49100,55.15,1,3
1474,49133,56.48,1,3
1475,49166,58.98,1,3
1476,49200,61.02,1,3
1477,49233,62.92,1,3
1478,49266,63.81,1,3
1479,49300,64.03,1,3
1480,49333,62.77,1,3
1481,49366,61.47,1,3
1482,49400,60.12,1,3
1483,49433,59.22,1,3
1484,49466,58.22,1,3
1485,49500,57.41,1,3
1486,49533,56.65,1,3
1487,49566,56,1,3
1488,49600,55.78,1,3
1489,49633,55.74,1,3
1490,49666,56.71,1,3
1491,49700,57.69,1,3
1492,49733,58.48,1,3
1493,49766,59.07,1,3
1494,49800,59.77,1,3
1495,49833,59.46,1,3
1496,49866,58.64,1,3
1497,49900,57.98,1,3
1498,49933,57.43,1,3
1499,49966,56.76,1,3
1500,50000,56.2,1,3
1501,50033,56.73,1,3
1502,50066,57.32,1,3
1503,50100,57.86,1,3
1504,50133,58.27,1,3
1505,50166,58.67,1,3
1506,50200,58.48,1,3
1507,50233,58.18,1,3
1508,50266,57.54,1,3
1509,50300,57.03,1,3
1510,50333,56.55,1,3
1511,50366,56.08,1,3
1512,50400,55.27,1,3
1513,50433,54.86,1,3
1514,50466,55.23,1,3
1515,50500,55.66,1,3
1516,50533,56.01,1,3
1517,50566,56.32,1,3
1518,50600,56.64,1,3
1519,50633,56.3,1,3
1520,50666,55.89,1,3
1521,50700,55.52,1,3
1522,50733,55.53,1,3
1523,50766,55.36,1,3
1524,50800,55.06,1,3
1525,50833,54.77,1,3
1526,50866,54.69,1,3
1527,50900,54.84,1,3
1528,50933,55.9,1,3
1529,50966,56.96,1,3
1530,51000,58,1,3
1531,51033,58.7,1,3
1532,51066,59.26,1,3
1533,51100,59.02,1,3
1534,51133,58.73,1,3
1535,51166,58.14,1,3
1536,51200,57.69,1,3
1537,51233,57.08,1,3
1538,51266,56.49,1,3
1539,51300,56.01,1,3
1540,51333,63.76,1,3
1541,51366,71.54,1,3
1542,51400,79.37,1,4
1543,51433,87.26,1,4
1544,51466,95.12,1,4
1545,51500,95.05,1,4
1546,51533,94.57,1,4
1547,51566,93.77,1,4
1548,51600,92.69,1,4
1549,51633,91.34,1,4
1550,51666,86.67,1,4
1551,51699,81.57,1,4
1552,51733,76.27,1,4
1553,51766,70.99,1,3
1554,51800,65.47,1,3
1555,51833,62.91,1,3
1556,51866,61.14,1,3
1557,51900,60.03,1,3
1558,51933,58.9,1,3
1559,51966,58.1,1,3
1560,52000,57.55,1,3
1561,52033,56.87,1,3
1562,52066,55.44,1,3
1563,52100,54.28,1,3
1564,52133,53.85,1,3
1565,52166,53.54,1,3
1566,52199,53.34,1,3
1567,52233,53.87,1,3
1568,52266,54.61,1,3
1569,52300,54.87,1,3
1570,52333,55.14,1,3
1571,52366,55.55,1,3
1572,52400,56.01,1,3
1573,52433,56.22,1,3
1574,52466,56.12,1,3
1575,52500,56.03,1,3
1576,52533,55.92,1,3
1577,52566,55.76,1,3
1578,52600,55.65,1,3
1579,52633,55.76,1,3
1580,52666,55.88,1,3
1581,52699,55.91,1,3
1582,52733,56.23,1,3
1583,52766,57.13,1,3
1584,52800,58.11,1,3
1585,52833,58.98,1,3
1586,52866,59.69,1,3
1587,52900,59.92,1,3
1588,52933,59.36,1,3
1589,52966,58.67,1,3
1590,53000,58.04,1,3
1591,53033,57.55,1,3
1592,53066,57.15,1,3
1593,53100,56.97,1,3
1594,53133,56.79,1,3
1595,53166,56.62,1,3
1596,53199,56.48,1,3
1597,53233,56.43,1,3
1598,53266,56.89,1,3
1599,53300,57.36,1,3
1600,53333,57.86,1,3
1601,53366,58.78,1,3
1602,53400,59.69,1,3
1603,53433,59.39,1,3
1604,53466,59.06,1,3
1605,53500,58.64,1,3
1606,53533,57.73,1,3
1607,53566,56.62,1,3
1608,53600,56.21,1,3
1609,53633,55.7,1,3
1610,53666,55.28,1,3
1611,53699,54.91,1,3
1612,53733,54.75,1,3
1613,53766,54.59,1,3
1614,53800,54.7,1,3
1615,53833,54.91,1,3
1616,53866,55.37,1,3
1617,53900,55.84,1,3
1618,53933,56.17,1,3
1619,53966,56.36,1,3
1620,54000,56.41,1,3
1621,54033,56.23,1,3
1622,54066,56.67,1,3
1623,54100,57.28,1,3
1624,54133,58.01,1,3
1625,54166,58.81,1,3
1626,54199,59.62,1,3
1627,54233,59.77,1,3
1628,54266,59.53,1,3
1629,54300,59.17,1,3
1630,54333,58.68,1,3
1631,54366,57.97,1,3
1632,54400,57.28,1,3
1633,54433,57.63,1,3
1634,54466,57.97,1,3
1635,54500,58.41,1,3
1636,54533,59.93,1,3
1637,54566,61.45,1,3
1638,54600,62.28,1,3
1639,54633,63.25,1,3
1640,54666,64.21,1,3
1641,54699,64.26,1,3
1642,54733,63.35,1,3
1643,54766,62.34,1,3
1644,54800,61.19,1,3
1645,54833,59.91,1,3
1646,54866,58.68,1,3
1647,54900,58.31,1,3
1648,54933,58.05,1,3
1649,54966,57.85,1,3
1650,55000,57.77,1,3
1651,55033,57.71,1,3
1652,55066,57.68,1,3
1653,55100,57.64,1,3
1654,55133,57.57,1,3
1655,55166,57.86,1,3
1656,55199,58.15,1,3
1657,55233,58.52,1,3
1658,55266,58.74,1,3
1659,55300,59.11,1,3
1660,55333,66.49,1,3
1661,55366,73.88,1,3
1662,55400,81.23,1,4
1663,55433,88.62,1,4
1664,55466,95.68,1,4
1665,55500,95.28,1,4
1666,55533,94.88,1,4
1667,55566,93.99,1,4
1668,55600,92.48,1,4
1669,55633,91.15,1,4
1670,55666,84.51,1,4
1671,55699,77.41,1,4
1672,55733,70.84,1,3
1673,55766,65.07,1,3
1674,55800,59.48,1,3
1675,55833,59.78,1,3
1676,55866,60.53,1,3
1677,55900,61.28,1,3
1678,55933,62.47,1,3
1679,55966,63.49,1,3
1680,56000,63.62,1,3
1681,56033,63.61,1,3
1682,56066,63.2,1,3
1683,56100,61.95,1,3
1684,56133,60.69,1,3
1685,56166,59.92,1,3
1686,56199,59.4,1,3
1687,56233,59.82,1,3
1688,56266,60.57,1,3
1689,56300,61.31,1,3
1690,56333,62.5,1,3
1691,56366,63.67,1,3
1692,56400,64.44,1,3
1693,56433,65.08,1,3
1694,56466,65.52,1,3
1695,56500,65.28,1,3
1696,56533,64.51,1,3
1697,56566,63.49,1,3
1698,56600,62.59,1,3
1699,56633,61.49,1,3
1700,56666,60.42,1,3
1701,56699,59.78,1,3
1702,56733,59.26,1,3
1703,56766,58.95,1,3
1704,56800,59.04,1,3
1705,56833,59.24,1,3
1706,56866,59.27,1,3
1707,56900,59.29,1,3
1708,56933,59.1,1,3
1709,56966,58.87,1,3
1710,57000,58.64,1,3
1711,57033,58.25,1,3
1712,57066,57.61,1,3
1713,57100,56.97,1,3
1714,57133,56.38,1,3
1715,57166,55.86,1,3
1716,57199,55.81,1,3
1717,57233,55.98,1,3
1718,57266,56.14,1,3
1719,57300,56.3,1,3
1720,57333,56.35,1,3
1721,57366,56.23,1,3
1722,57400,56.14,1,3
1723,57433,56.2,1,3
1724,57466,56.39,1,3
1725,57500,56.62,1,3
1726,57533,56.89,1,3
1727,57566,57.12,1,3
1728,57600,57.63,1,3
1729,57633,58.42,1,3
1730,57666,59.22,1,3
1731,57699,60.01,1,3
1732,57733,60.67,1,3
1733,57766,60.9,1,3
1734,57800,60.74,1,3
1735,57833,60.44,1,3
1736,57866,59.68,1,3
1737,57900,59.09,1,3
1738,57933,59.05,1,3
1739,57966,59.01,1,3
1740,58000,59.1,1,3
1741,58033,59.75,1,3
1742,58066,60.59,1,3
1743,58100,61.14,1,3
1744,58133,62.03,1,3
1745,58166,62.91,1,3
1746,58199,63.6,1,3
1747,58233,64.1,1,3
1748,58266,64.52,1,3
1749,58300,64.61,1,3
1750,58333,64.69,1,3
1751,58366,66.13,1,3
1752,58400,67.57,1,3
1753,58433,68.46,1,3
1754,58466,68.76,1,3
1755,58500,69.06,1,3
1756,58533,67.56,1,3
1757,58566,65.82,1,3
1758,58600,64.46,1,3
1759,58633,63.18,1,3
1760,58666,61.18,1,3
1761,58699,59.71,1,3
1762,58733,58.38,1,3
1763,58766,56.95,1,3
1764,58800,56.01,1,3
1765,58833,55.66,1,3
1766,58866,55.22,1,3
1767,58900,54.89,1,3
1768,58933,54.66,1,3
1769,58966,54.42,1,3
1770,59000,54.31,1,3
1771,59033,54.07,1,3
1772,59066,53.81,1,3
1773,59100,53.56,1,3
1774,59133,52.83,1,3
1775,59166,52.11,1,3
1776,59199,51.62,1,3
1777,59233,51.77,1,3
1778,59266,51.92,1,3
1779,59300,52.53,1,3
1780,59333,62.48,1,3
1781,59366,72.43,1,3
1782,59400,81.77,1,4
1783,59433,91.1,1,4
1784,59466,100.42,1,4
1785,59500,100.42,1,4
1786,59533,100.37,1,4
1787,59566,100.31,1,4
1788,59600,100.25,1,4
1789,59633,100.09,1,4
1790,59666,94.26,1,4
1791,59699,87.42,1,4
1792,59733,79.9,1,4
1793,59766,72.39,1,3
1794,59800,64.99,1,3
1795,59833,62.87,1,3
1796,59866,61.8,1,3
1797,59900,61.43,1,3
1798,59933,62.04,1,3
1799,59966,62.66,1,3
1800,60000,63.58,1,3
1801,60033,64.49,1,3
1802,60066,65.17,1,3
1803,60100,64.66,1,3
1804,60133,64.15,1,3
1805,60166,63.82,1,3
1806,60199,63.5,1,3
1807,60233,62.97,1,3
1808,60266,62.32,1,3
1809,60300,61.67,1,3
1810,60333,60.51,1,3
1811,60366,59.18,1,3
1812,60400,58.28,1,3
1813,60433,57.69,1,3
1814,60466,57.43,1,3
1815,60500,57.57,1,3
1816,60533,57.9,1,3
1817,60566,58.39,1,3
1818,60600,58.87,1,3
1819,60633,58.96,1,3
1820,60666,58.94,1,3
1821,60699,58.94,1,3
1822,60733,58.79,1,3
1823,60766,58.63,1,3
1824,60800,58.72,1,3
1825,60833,58.81,1,3
1826,60866,58.88,1,3
1827,60900,58.96,1,3
1828,60933,59.2,1,3
1829,60966,59.28,1,3
1830,61000,59.46,1,3
1831,61033,59.6,1,3
1832,61066,59.65,1,3
1833,61100,59.52,1,3
1834,61133,59.63,1,3
1835,61166,59.74,1,3
1836,61199,59.88,1,3
1837,61233,60.88,1,3
1838,61266,62.07,1,3
1839,61300,63.05,1,3
1840,61333,64.02,1,3
1841,61366,64.07,1,3
1842,61400,63.34,1,3
1843,61433,62.64,1,3
1844,61466,61.92,1,3
1845,61500,61.21,1,3
1846,61533,61.25,1,3
1847,61566,61.14,1,3
1848,61600,60.82,1,3
1849,61633,60.57,1,3
1850,61666,60.49,1,3
1851,61699,61.02,1,3
1852,61733,61.37,1,3
1853,61766,61.72,1,3
1854,61800,61.98,1,3
1855,61833,62.07,1,3
1856,61866,61.67,1,3
1857,61900,61.59,1,3
1858,61933,61.07,1,3
1859,61966,60.49,1,3
1860,62000,59.92,1,3
1861,62033,59.41,1,3
1862,62066,58.66,1,3
1863,62100,58.36,1,3
1864,62133,58.13,1,3
1865,62166,58.61,1,3
1866,62199,59.08,1,3
1867,62233,59.78,1,3
1868,62266,60.44,1,3
1869,62300,61.1,1,3
1870,62333,61.05,1,3
1871,62366,61.22,1,3
1872,62400,61.38,1,3
1873,62433,61.32,1,3
1874,62466,61.08,1,3
1875,62500,60.84,1,3
1876,62533,60.39,1,3
1877,62566,59.74,1,3
1878,62600,59.31,1,3
1879,62633,58.89,1,3
1880,62666,58.41,1,3
1881,62699,57.93,1,3
1882,62733,57.94,1,3
1883,62766,57.99,1,3
1884,62800,58.21,1,3
1885,62833,58.07,1,3
1886,62866,57.71,1,3
1887,62900,57.06,1,3
1888,62933,57.31,1,3
1889,62966,57.56,1,3
1890,63000,58.24,1,3
1891,63033,59.47,1,3
1892,63066,60.7,1,3
1893,63100,61.03,1,3
1894,63133,61.28,1,3
1895,63166,61.38,1,3
1896,63199,61.15,1,3
1897,63233,60.73,1,3
1898,63266,60.12,1,3
1899,63300,59.6,1,3
1900,63333,66.83,1,3
1901,63366,74.13,1,3
1902,63400,81.61,1,4
1903,63433,89.29,1,4
1904,63466,97.13,1,4
1905,63500,97.35,1,4
1906,63533,97.51,1,4
1907,63566,97.88,1,4
1908,63600,98.24,1,4
1909,63633,96.64,1,4
1910,63666,91.4,1,4
1911,63699,85.03,1,4
1912,63733,77.76,1,4
1913,63766,70.22,1,3
1914,63800,64.48,1,3
1915,63833,62.33,1,3
1916,63866,61.06,1,3
1917,63900,60.48,1,3
1918,63933,60.17,1,3
1919,63966,59.92,1,3
1920,64000,59.72,1,3
1921,64033,59.78,1,3
1922,64066,59.82,1,3
1923,64099,59.86,1,3
1924,64133,59.84,1,3
1925,64166,59.84,1,3
1926,64200,59.83,1,3
1927,64233,59.84,1,3
1928,64266,59.75,1,3
1929,64300,59.8,1,3
1930,64333,59.84,1,3
1931,64366,60.02,1,3
1932,64400,60.36,1,3
1933,64433,60.64,1,3
1934,64466,60.74,1,3
1935,64500,60.83,1,3
1936,64533,60.39,1,3
1937,64566,58.9,1,3
1938,64599,57.58,1,3
1939,64633,57.25,1,3
1940,64666,56.92,1,3
1941,64700,56.99,1,3
1942,64733,57.76,1,3
1943,64766,57.87,1,3
1944,64800,57.03,1,3
1945,64833,57.72,1,3
1946,64866,58.41,1,3
1947,64900,59.28,1,3
1948,64933,60.7,1,3
1949,64966,60.82,1,3
1950,65000,59.43,1,3
1951,65033,57.89,1,3
1952,65066,56.29,1,3
1953,65099,54.79,1,3
1954,65133,55.14,1,3
1955,65166,55.49,1,3
1956,65200,55.8,1,3
1957,65233,56.17,1,3
1958,65266,56.66,1,3
1959,65300,56.74,1,3
1960,65333,56.74,1,3
1961,65366,56.91,1,3
1962,65400,56.95,1,3
1963,65433,56.86,1,3
1964,65466,56.89,1,3
1965,65500,57,1,3
1966,65533,57.06,1,3
1967,65566,57.01,1,3
1968,65600,56.97,1,3
1969,65633,56.67,1,3
1970,65666,56.49,1,3
1971,65700,56.36,1,3
1972,65733,56.39,1,3
1973,65766,56.39,1,3
1974,65800,56.38,1,3
1975,65833,56.26,1,3
1976,65866,56.03,1,3
1977,65900,55.9,1,3
1978,65933,55.8,1,3
1979,65966,56.17,1,3
1980,66000,56.54,1,3
1981,66033,57.01,1,3
1982,66066,57.45,1,3
1983,66100,58.01,1,3
1984,66133,58.04,1,3
1985,66166,58.07,1,3
1986,66200,57.97,1,3
1987,66233,57.9,1,3
1988,66266,57.83,1,3
1989,66300,58.08,1,3
1990,66333,58.1,1,3
1991,66366,58.25,1,3
1992,66400,58.4,1,3
1993,66433,58.35,1,3
1994,66466,58.03,1,3
1995,66500,57.95,1,3
1996,66533,58.53,1,3
1997,66566,59.11,1,3
1998,66600,59.76,1,3
1999,66633,60.18,1,3
2000,66666,61.34,1,3
2001,66700,61.85,1,3
2002,66733,62.35,1,3
2003,66766,62.47,1,3
2004,66800,62.83,1,3
2005,66833,62.33,1,3
2006,66866,61.4,1,3
2007,66900,60.46,1,3
2008,66933,59.82,1,3
2009,66966,59.18,1,3
2010,67000,58.37,1,3
2011,67033,58,1,3
2012,67066,57.54,1,3
2013,67100,57.17,1,3
2014,67133,56.8,1,3
2015,67166,56.95,1,3
2016,67200,57.11,1,3
2017,67233,57.34,1,3
2018,67266,57.62,1,3
2019,67300,58.03,1,3
2020,67333,65.46,1,3
2021,67366,72.93,1,3
2022,67400,80.41,1,4
2023,67433,87.58,1,4
2024,67466,94.33,1,4
2025,67500,93.83,1,4
2026,67533,92.47,1,4
2027,67566,90.74,1,4
2028,67600,89.25,1,4
2029,67633,85.47,1,4
2030,67666,79.25,1,4
2031,67700,73.13,1,3
2032,67733,67.38,1,3
2033,67766,62.42,1,3
2034,67800,60.06,1,3
2035,67833,60.13,1,3
2036,67866,61.01,1,3
2037,67900,62.04,1,3
2038,67933,62.12,1,3
2039,67966,62.13,1,3
2040,68000,62.13,1,3
2041,68033,62.19,1,3
2042,68066,62.1,1,3
2043,68100,61.87,1,3
2044,68133,61.69,1,3
2045,68166,60.83,1,3
2046,68200,59.83,1,3
2047,68233,58.64,1,3
2048,68266,57.66,1,3
2049,68300,56.71,1,3
2050,68333,56.61,1,3
2051,68366,56.51,1,3
2052,68400,56.6,1,3
2053,68433,57.77,1,3
2054,68466,58.94,1,3
2055,68500,59.94,1,3
2056,68533,60.65,1,3
2057,68566,60.48,1,3
2058,68600,59.32,1,3
2059,68633,58.23,1,3
2060,68666,57.14,1,3
2061,68700,56.34,1,3
2062,68733,56.15,1,3
2063,68766,55.95,1,3
2064,68800,55.68,1,3
2065,68833,55.8,1,3
2066,68866,55.93,1,3
2067,68900,56.16,1,3
2068,68933,56.4,1,3
2069,68966,57.25,1,3
2070,69000,57.7,1,3
2071,69033,58.09,1,3
2072,69066,58.59,1,3
2073,69100,59.09,1,3
2074,69133,58.83,1,3
2075,69166,58.43,1,3
2076,69200,58.09,1,3
2077,69233,57.81,1,3
2078,69266,57.7,1,3
2079,69300,57.72,1,3
2080,69333,57.89,1,3
2081,69366,58.05,1,3
2082,69400,58.21,1,3
2083,69433,58.2,1,3
2084,69466,58.42,1,3
2085,69500,58.64,1,3
2086,69533,58.87,1,3
2087,69566,59.85,1,3
2088,69600,60.83,1,3
2089,69633,61.58,1,3
2090,69666,62.48,1,3
2091,69700,63.43,1,3
2092,69733,63.79,1,3
2093,69766,64.16,1,3
2094,69800,64.5,1,3
2095,69833,64.6,1,3
2096,69866,64.62,1,3
2097,69900,64.48,1,3
2098,69933,64.12,1,3
2099,69966,63.54,1,3
2100,70000,62.97,1,3
2101,70033,62.23,1,3
2102,70066,61.43,1,3
2103,70100,60.86,1,3
2104,70133,61.13,1,3
2105,70166,61.48,1,3
2106,70200,62.04,1,3
2107,70233,62.54,1,3
2108,70266,62.79,1,3
2109,70300,62.43,1,3
2110,70333,61.95,1,3
2111,70366,60.74,1,3
2112,70400,59.64,1,3
2113,70433,58.99,1,3
2114,70466,58.34,1,3
2115,70500,57.81,1,3
2116,70533,57.98,1,3
2117,70566,58.16,1,3
2118,70600,58.13,1,3
2119,70633,58.26,1,3
2120,70666,58.4,1,3
2121,70700,58.59,1,3
2122,70733,58.77,1,3
2123,70766,59.09,1,3
2124,70800,59.24,1,3
2125,70833,59.21,1,3
2126,70866,59.16,1,3
2127,70900,59.1,1,3
2128,70933,58.96,1,3
2129,70966,59.04,1,3
2130,71000,59.3,1,3
2131,71033,59.32,1,3
2132,71066,59.21,1,3
2133,71100,59.05,1,3
2134,71133,58.67,1,3
2135,71166,58.18,1,3
2136,71200,57.93,1,3
2137,71233,57.82,1,3
2138,71266,57.96,1,3
2139,71300,58.13,1,3
2140,71333,66.05,1,3
2141,71366,74.5,1,3
2142,71400,82.95,1,4
2143,71433,91.12,1,4
2144,71466,99.23,1,4
2145,71500,99.7,1,4
2146,71533,99.14,1,4
2147,71566,98.38,1,4
2148,71600,97.66,1,4
2149,71633,96.39,1,4
2150,71666,91.57,1,4
2151,71700,86.46,1,4
2152,71733,80.97,1,4
2153,71766,75.11,1,4
2154,71800,69.83,1,3
2155,71833,68.31,1,3
2156,71866,68.04,1,3
2157,71900,68.61,1,3
2158,71933,69.29,1,3
2159,71966,69.49,1,3
2160,72000,69.47,1,3
2161,72033,68.47,1,3
2162,72066,66.93,1,3
2163,72100,65.66,1,3
2164,72133,64.55,1,3
2165,72166,63.04,1,3
2166,72200,62.04,1,3
2167,72233,61.45,1,3
2168,72266,60.87,1,3
2169,72300,60.59,1,3
2170,72333,60.49,1,3
2171,72366,60.11,1,3
2172,72400,59.61,1,3
2173,72433,59.61,1,3
2174,72466,59.62,1,3
2175,72500,59.7,1,3
2176,72533,59.96,1,3
2177,72566,60.13,1,3
2178,72600,59.81,1,3
2179,72633,59.49,1,3
2180,72666,59.75,1,3
2181,72700,60.1,1,3
2182,72733,60.53,1,3
2183,72766,61.14,1,3
2184,72800,61.74,1,3
2185,72833,61.93,1,3
2186,72866,62.07,1,3
2187,72900,62.22,1,3
2188,72933,62.13,1,3
2189,72966,61.93,1,3
2190,73000,61.74,1,3
2191,73033,61.58,1,3
2192,73066,61.58,1,3
2193,73100,61.62,1,3
2194,73133,61.77,1,3
2195,73166,62.71,1,3
2196,73200,63.65,1,3
2197,73233,64.44,1,3
2198,73266,65.35,1,3
2199,73300,66.41,1,3
2200,73333,66.67,1,3
2201,73366,66.94,1,3
2202,73400,67.07,1,3
2203,73433,66.84,1,3
2204,73466,65.99,1,3
2205,73500,65.1,1,3
2206,73533,64.2,1,3
2207,73566,63.44,1,3
2208,73600,62.92,1,3
2209,73633,62.56,1,3
2210,73666,61.57,1,3
2211,73700,60.58,1,3
2212,73733,59.99,1,3
2213,73766,59.38,1,3
2214,73800,59.11,1,3
2215,73833,59.33,1,3
2216,73866,59.55,1,3
2217,73900,59.38,1,3
2218,73933,58.75,1,3
2219,73966,57.79,1,3
2220,74000,57,1,3
2221,74033,56.23,1,3
2222,74066,55.47,1,3
2223,74100,55.17,1,3
2224,74133,55.72,1,3
2225,74166,56.28,1,3
2226,74200,56.81,1,3
2227,74233,57.62,1,3
2228,74266,58.78,1,3
2229,74300,59.42,1,3
2230,74333,60.06,1,3
2231,74366,61.08,1,3
2232,74400,61.81,1,3
2233,74433,62.19,1,3
2234,74466,62.29,1,3
2235,74500,62.39,1,3
2236,74533,62.12,1,3
2237,74566,62.11,1,3
2238,74600,62.1,1,3
2239,74633,62.18,1,3
2240,74666,62.15,1,3
2241,74700,62.12,1,3
2242,74733,61.82,1,3
2243,74766,61.44,1,3
2244,74800,61.24,1,3
2245,74833,61.16,1,3
2246,74866,61.95,1,3
2247,74900,62.73,1,3
2248,74933,63.6,1,3
2249,74966,64.99,1,3
2250,75000,66.51,1,3
2251,75033,68.71,1,3
2252,75066,70.94,1,3
2253,75100,73.16,1,3
2254,75133,74.6,1,3
2255,75166,75.34,1,4
2256,75200,74.22,1,3
2257,75233,72.89,1,3
2258,75266,71.04,1,3
2259,75300,69.46,1,3
2260,75333,73.62,1,3
2261,75366,78.09,1,4
2262,75400,82.74,1,4
2263,75433,87.83,1,4
2264,75466,92.91,1,4
2265,75500,92.82,1,4
2266,75533,92.64,1,4
2267,75566,91,1,4
2268,75600,89.45,1,4
2269,75633,87.27,1,4
2270,75666,81.3,1,4
2271,75700,75.43,1,4
2272,75733,70.39,1,3
2273,75766,64.49,1,3
2274,75800,59.22,1,3
2275,75833,58.35,1,3
2276,75866,57.47,1,3
2277,75900,57.22,1,3
2278,75933,57.67,1,3
2279,75966,58.11,1,3
2280,76000,57.93,1,3
2281,76033,57.84,1,3
2282,76066,58,1,3
2283,76100,58.69,1,3
2284,76133,59.46,1,3
2285,76166,60.22,1,3
2286,76200,60.62,1,3
2287,76233,60.78,1,3
2288,76266,61.34,1,3
2289,76300,61.84,1,3
2290,76333,62.2,1,3
2291,76366,62.7,1,3
2292,76400,63.19,1,3
2293,76433,62.92,1,3
2294,76466,62.73,1,3
2295,76500,62.68,1,3
2296,76533,62.63,1,3
2297,76566,62.47,1,3
2298,76600,62.3,1,3
2299,76633,62.05,1,3
2300,76666,62.62,1,3
2301,76700,63.41,1,3
2302,76733,64.59,1,3
2303,76766,66.81,1,3
2304,76800,69.03,1,3
2305,76833,70.43,1,3
2306,76866,71.73,1,3
2307,76900,72.74,1,3
2308,76933,71.9,1,3
2309,76966,71.01,1,3
2310,77000,69.91,1,3
2311,77033,68.53,1,3
2312,77066,66.65,1,3
2313,77100,65.59,1,3
2314,77133,64.36,1,3
2315,77166,63.34,1,3
2316,77200,62.63,1,3
2317,77233,62.39,1,3
2318,77266,62.15,1,3
2319,77300,62.11,1,3
2320,77333,61.29,1,3
2321,77366,59.97,1,3
2322,77400,58.68,1,3
2323,77433,57.01,1,3
2324,77466,55.34,1,3
2325,77500,54.45,1,3
2326,77533,54.3,1,3
2327,77566,54.14,1,3
2328,77600,54.36,1,3
2329,77633,54.78,1,3
2330,77666,55.19,1,3
2331,77700,55.39,1,3
2332,77733,56.45,1,3
2333,77766,57.52,1,3
2334,77800,58.14,1,3
2335,77833,58.76,1,3
2336,77866,59.73,1,3
2337,77900,59.84,1,3
2338,77933,59.94,1,3
2339,77966,60.55,1,3
2340,78000,61.17,1,3
2341,78033,61.43,1,3
2342,78066,62.17,1,3
2343,78100,62.92,1,3
2344,78133,63.41,1,3
2345,78166,64.33,1,3
2346,78200,65.26,1,3
2347,78233,65.37,1,3
2348,78266,65.32,1,3
2349,78300,65.27,1,3
2350,78333,64.78,1,3
2351,78366,64.32,1,3
2352,78400,64.17,1,3
2353,78433,64.2,1,3
2354,78466,64.91,1,3
2355,78500,65.62,1,3
2356,78533,66.31,1,3
2357,78566,67.17,1,3
2358,78600,68.04,1,3
2359,78633,68.16,1,3
2360,78666,68.18,1,3
2361,78700,68.2,1,3
2362,78733,68.05,1,3
2363,78766,67.89,1,3
2364,78800,67.62,1,3
2365,78833,66.6,1,3
2366,78866,64.9,1,3
2367,78900,63.2,1,3
2368,78933,61.37,1,3
2369,78966,59.59,1,3
2370,79000,58.66,1,3
2371,79033,58.82,1,3
2372,79066,58.97,1,3
2373,79100,59.26,1,3
2374,79133,59.23,1,3
2375,79166,58.07,1,3
2376,79200,56.49,1,3
2377,79233,55.11,1,3
2378,79266,53.74,1,3
2379,79300,52.79,1,3
2380,79333,60.62,1,3
2381,79366,68.45,1,3
2382,79400,76.08,1,4
2383,79433,83.97,1,4
2384,79466,91.86,1,4
2385,79500,92.01,1,4
2386,79533,91.93,1,4
2387,79566,91.21,1,4
2388,79600,89.99,1,4
2389,79633,87.84,1,4
2390,79666,82.98,1,4
2391,79700,78.34,1,4
2392,79733,74.34,1,3
2393,79766,70.58,1,3
2394,79800,67.6,1,3
2395,79833,67.45,1,3
2396,79866,67.53,1,3
2397,79900,67.63,1,3
2398,79933,67.73,1,3
2399,79966,68,1,3
2400,80000,68.27,1,3
2401,80033,68.12,1,3
2402,80066,67.91,1,3
2403,80100,67.69,1,3
2404,80133,67.44,1,3
2405,80166,67.07,1,3
2406,80200,66.88,1,3
2407,80233,66.75,1,3
2408,80266,67.46,1,3
2409,80300,68.16,1,3
2410,80333,68.99,1,3
2411,80366,70.3,1,3
2412,80400,71.61,1,3
2413,80433,71.77,1,3
2414,80466,71.86,1,3
2415,80500,71.95,1,3
2416,80533,70.69,1,3
2417,80566,69.06,1,3
2418,80600,67.36,1,3
2419,80633,65.52,1,3
2420,80666,63.66,1,3
2421,80700,62.65,1,3
2422,80733,61.72,1,3
2423,80766,60.89,1,3
2424,80800,60.28,1,3
2425,80833,59.08,1,3
2426,80866,57.89,1,3
2427,80900,57,1,3
2428,80933,56.2,1,3
2429,80966,55.12,1,3
2430,81000,54.66,1,3
2431,81033,54.11,1,3
2432,81066,53.57,1,3
2433,81100,53.22,1,3
2434,81133,52.76,1,3
2435,81166,52.23,1,3
2436,81200,51.78,1,3
2437,81233,51.79,1,3
2438,81266,51.8,1,3
2439,81300,52.2,1,3
2440,81333,53.9,1,3
2441,81366,55.59,1,3
2442,81400,56.61,1,3
2443,81433,57.62,1,3
2444,81466,58.97,1,3
2445,81500,59.09,1,3
2446,81533,59.2,1,3
2447,81566,60.13,1,3
2448,81600,61.07,1,3
2449,81633,61.4,1,3
2450,81666,61.53,1,3
2451,81700,61.66,1,3
2452,81733,61.19,1,3
2453,81766,61.31,1,3
2454,81800,61.69,1,3
2455,81833,62.26,1,3
2456,81866,62.8,1,3
2457,81900,63.33,1,3
2458,81933,63.28,1,3
2459,81966,63.69,1,3
2460,82000,64.1,1,3
2461,82033,64.56,1,3
2462,82066,65.6,1,3
2463,82100,66.64,1,3
2464,82133,67.23,1,3
2465,82166,67.88,1,3
2466,82200,68.53,1,3
2467,82233,68.31,1,3
2468,82266,67.65,1,3
2469,82300,66.73,1,3
2470,82333,65.29,1,3
2471,82366,63.84,1,3
2472,82400,62.52,1,3
2473,82433,61.66,1,3
2474,82466,60.95,1,3
2475,82500,60.79,1,3
2476,82533,60.4,1,3
2477,82566,60.14,1,3
2478,82600,59.89,1,3
2479,82633,59.46,1,3
2480,82666,57.96,1,3
2481,82700,56.73,1,3
2482,82733,55.22,1,3
2483,82766,53.5,1,3
2484,82800,52.05,1,3
2485,82833,51.36,1,3
2486,82866,50.67,1,3
2487,82900,50.24,1,3
2488,82933,50.91,1,3
2489,82966,51.57,1,3
2490,83000,52.45,1,3
2491,83033,54.03,1,3
2492,83066,55.61,1,3
2493,83100,56.53,1,3
2494,83133,57.65,1,3
2495,83166,58.78,1,3
2496,83200,58.88,1,3
2497,83233,58.99,1,3
2498,83266,59.16,1,3
2499,83300,59.23,1,3
2500,83333,66.51,1,3
2501,83366,74.7,1,3
2502,83400,82.88,1,4
2503,83433,90.79,1,4
2504,83466,98.58,1,4
2505,83500,99.15,1,4
2506,83533,98.21,1,4
2507,83566,97.27,1,4
2508,83600,96.32,1,4
2509,83633,91.76,1,4
2510,83666,86.98,1,4
2511,83700,81.04,1,4
2512,83733,75.1,1,4
2513,83766,70.74,1,3
2514,83800,70.01,1,3
2515,83833,69.48,1,3
2516,83866,70.91,1,3
2517,83900,72.34,1,3
2518,83933,72.18,1,3
2519,83966,71.65,1,3
2520,84000,71.13,1,3
2521,84033,70,1,3
2522,84066,68.53,1,3
2523,84100,66.8,1,3
2524,84133,65.44,1,3
2525,84166,64.21,1,3
2526,84200,63.91,1,3
2527,84233,63.78,1,3
2528,84266,63.04,1,3
2529,84300,62.29,1,3
2530,84333,61.74,1,3
2531,84366,61.01,1,3
2532,84400,60.45,1,3
2533,84433,60.29,1,3
2534,84466,59.21,1,3
2535,84500,57.82,1,3
2536,84533,56.11,1,3
2537,84566,54.04,1,3
2538,84600,52.44,1,3
2539,84633,51.66,1,3
2540,84666,50.88,1,3
2541,84700,50.42,1,3
2542,84733,50.06,1,3
2543,84766,49.7,1,2
2544,84800,49.45,1,2
2545,84833,50.22,1,3
2546,84866,50.99,1,3
2547,84900,52.01,1,3
2548,84933,53.21,1,3
2549,84966,54.4,1,3
2550,85000,54.56,1,3
2551,85033,54.72,1,3
2552,85066,55.62,1,3
2553,85100,56.36,1,3
2554,85133,57.09,1,3
2555,85166,57.72,1,3
2556,85200,58.34,1,3
2557,85233,58.22,1,3
2558,85266,58.04,1,3
2559,85300,57.85,1,3
2560,85333,57.61,1,3
2561,85366,57.06,1,3
2562,85400,56.5,1,3
2563,85433,56.01,1,3
2564,85466,55.82,1,3
2565,85500,55.81,1,3
2566,85533,56.12,1,3
2567,85566,56.86,1,3
2568,85600,57.6,1,3
2569,85633,58.03,1,3
2570,85666,58.8,1,3
2571,85700,59.57,1,3
2572,85733,59.82,1,3
2573,85766,59.81,1,3
2574,85800,59.8,1,3
2575,85833,58.88,1,3
2576,85866,57.72,1,3
2577,85900,56.66,1,3
2578,85933,55.85,1,3
2579,85966,54.97,1,3
2580,86000,54.66,1,3
2581,86033,56.19,1,3
2582,86066,57.7,1,3
2583,86100,59.33,1,3
2584,86133,60.62,1,3
2585,86166,61.12,1,3
2586,86200,60.01,1,3
2587,86233,58.52,1,3
2588,86266,56.17,1,3
2589,86300,54.22,1,3
2590,86333,52.76,1,3
2591,86366,50.71,1,3
2592,86400,49.05,1,2
2593,86433,49.06,1,2
2594,86466,49.07,1,2
2595,86500,49.39,1,2
2596,86533,50.86,1,3
2597,86566,52.34,1,3
2598,86600,52.91,1,3
2599,86633,54.71,1,3
2600,86666,56.51,1,3
2601,86700,57.75,1,3
2602,86733,58.89,1,3
2603,86766,60.02,1,3
2604,86800,59.75,1,3
2605,86833,59.48,1,3
2606,86866,59.45,1,3
2607,86900,59.52,1,3
2608,86933,59.59,1,3
2609,86966,59.86,1,3
2610,87000,60.13,1,3
2611,87033,60.15,1,3
2612,87066,60.5,1,3
2613,87100,60.84,1,3
2614,87133,61.06,1,3
2615,87166,61.05,1,3
2616,87200,61.05,1,3
2617,87233,60.73,1,3
2618,87266,60.48,1,3
2619,87300,60.37,1,3
2620,87333,67.26,1,3
2621,87366,74.84,1,3
2622,87400,82.43,1,4
2623,87433,89.78,1,4
2624,87466,96.95,1,4
2625,87500,97.36,1,4
2626,87533,96.66,1,4
2627,87566,95.3,1,4
2628,87600,94.1,1,4
2629,87633,92.25,1,4
2630,87666,86.43,1,4
2631,87700,80.23,1,4
2632,87733,74.7,1,3
2633,87766,69.28,1,3
2634,87800,64.91,1,3
2635,87833,64.59,1,3
2636,87866,65.06,1,3
2637,87900,65.53,1,3
2638,87933,65.64,1,3
2639,87966,64.75,1,3
2640,88000,63.77,1,3
2641,88033,62.28,1,3
2642,88066,59.92,1,3
2643,88100,57.81,1,3
2644,88133,55.85,1,3
2645,88166,53.89,1,3
2646,88200,52.45,1,3
2647,88233,52.18,1,3
2648,88266,51.92,1,3
2649,88300,52.23,1,3
2650,88333,53.68,1,3
2651,88366,55.13,1,3
2652,88400,56.26,1,3
2653,88433,57.45,1,3
2654,88466,58.65,1,3
2655,88500,58.7,1,3
2656,88533,59.02,1,3
2657,88566,59.55,1,3
2658,88600,60.02,1,3
2659,88633,60.5,1,3
2660,88666,60.98,1,3
2661,88700,61.21,1,3
2662,88733,61.21,1,3
2663,88766,61.57,1,3
2664,88800,61.94,1,3
2665,88833,61.97,1,3
2666,88866,61.87,1,3
2667,88900,61.77,1,3
2668,88933,61.31,1,3
2669,88966,61.03,1,3
2670,89000,61.07,1,3
2671,89033,61.25,1,3
2672,89066,61.32,1,3
2673,89100,61.39,1,3
2674,89133,61.27,1,3
2675,89166,61.27,1,3
2676,89200,61.27,1,3
2677,89233,61.19,1,3
2678,89266,61.04,1,3
2679,89300,60.88,1,3
2680,89333,60.62,1,3
2681,89366,60.25,1,3
2682,89400,60.08,1,3
2683,89433,59.98,1,3
2684,89466,60.56,1,3
2685,89500,61.15,1,3
2686,89533,61.61,1,3
2687,89566,61.58,1,3
2688,89600,61.55,1,3
2689,89633,61.14,1,3
2690,89666,60.72,1,3
2691,89700,60.52,1,3
2692,89733,60.58,1,3
2693,89766,59.79,1,3
2694,89800,58.7,1,3
2695,89833,57.43,1,3
2696,89866,55.72,1,3
2697,89900,54.25,1,3
2698,89933,53.38,1,3
2699,89966,52.52,1,3
2700,90000,51.85,1,3
2701,90033,52.37,1,3
2702,90066,52.88,1,3
2703,90100,53.64,1,3
2704,90133,55.64,1,3
2705,90166,57.63,1,3
2706,90200,58.87,1,3
2707,90233,60.39,1,3
2708,90266,61.92,1,3
2709,90300,61.94,1,3
2710,90333,61.92,1,3
2711,90366,61.86,1,3
2712,90400,61.22,1,3
2713,90433,60.59,1,3
2714,90466,60.62,1,3
2715,90500,60.7,1,3
2716,90533,60.82,1,3
2717,90566,61.39,1,3
2718,90600,61.96,1,3
2719,90633,62.13,1,3
2720,90666,62.07,1,3
2721,90700,62.01,1,3
2722,90733,61.75,1,3
2723,90766,61.23,1,3
2724,90800,60.72,1,3
2725,90833,60.44,1,3
2726,90866,60.29,1,3
2727,90900,60.17,1,3
2728,90933,60.31,1,3
2729,90966,60.94,1,3
2730,91000,61.56,1,3
2731,91033,62.04,1,3
2732,91066,62.71,1,3
2733,91100,63.37,1,3
2734,91133,63.25,1,3
2735,91166,62.98,1,3
2736,91200,62.7,1,3
2737,91233,62.17,1,3
2738,91266,61.45,1,3
2739,91300,61.21,1,3
2740,91333,67.68,1,3
2741,91366,74.15,1,3
2742,91400,80.6,1,4
2743,91433,86.98,1,4
2744,91466,92.08,1,4
2745,91500,90.63,1,4
2746,91533,88.79,1,4
2747,91566,85.81,1,4
2748,91600,83.08,1,4
2749,91633,80.95,1,4
2750,91666,76.08,1,4
2751,91700,71.59,1,3
2752,91733,68.44,1,3
2753,91766,65.29,1,3
2754,91800,62.63,1,3
2755,91833,63.02,1,3
2756,91866,63.41,1,3
2757,91900,63.71,1,3
2758,91933,64.23,1,3
2759,91966,64.76,1,3
2760,92000,64.17,1,3
2761,92033,63.4,1,3
2762,92066,62.63,1,3
2763,92100,61.24,1,3
2764,92133,59.85,1,3
2765,92166,59.73,1,3
2766,92200,59.78,1,3
2767,92233,59.84,1,3
2768,92266,60.36,1,3
2769,92300,60.88,1,3
2770,92333,60.95,1,3
2771,92366,61.06,1,3
2772,92400,61.17,1,3
2773,92433,61.2,1,3
2774,92466,61.15,1,3
2775,92500,61.09,1,3
2776,92533,60.91,1,3
2777,92566,60.58,1,3
2778,92600,60.26,1,3
2779,92633,60.02,1,3
2780,92666,60.05,1,3
2781,92700,60.17,1,3
2782,92733,60.43,1,3
2783,92766,60.65,1,3
2784,92800,60.86,1,3
2785,92833,60.81,1,3
2786,92866,60.7,1,3
2787,92900,60.59,1,3
2788,92933,60.53,1,3
2789,92966,60.44,1,3
2790,93000,60.47,1,3
2791,93033,60.68,1,3
2792,93066,61.22,1,3
2793,93100,61.92,1,3
2794,93133,62.49,1,3
2795,93166,62.54,1,3
2796,93200,62.47,1,3
2797,93233,62.03,1,3
2798,93266,61.44,1,3
2799,93300,61,1,3
2800,93333,60.61,1,3
2801,93366,59.1,1,3
2802,93400,57.64,1,3
2803,93433,55.93,1,3
2804,93466,53.94,1,3
2805,93500,52.31,1,3
2806,93533,52.57,1,3
2807,93566,52.83,1,3
2808,93600,53.34,1,3
2809,93633,54.85,1,3
2810,93666,56.36,1,3
2811,93700,57.09,1,3
2812,93733,58.29,1,3
2813,93766,59.5,1,3
2814,93800,59.78,1,3
2815,93833,60.06,1,3
2816,93866,60.53,1,3
2817,93900,60.52,1,3
2818,93933,60.51,1,3
2819,93966,60.88,1,3
2820,94000,61.25,1,3
2821,94033,61.44,1,3
2822,94066,61.75,1,3
2823,94100,62.06,1,3
2824,94133,62.09,1,3
2825,94166,62.05,1,3
2826,94200,62.01,1,3
2827,94233,61.85,1,3
2828,94266,61.81,1,3
2829,94300,61.84,1,3
2830,94333,61.78,1,3
2831,94366,61.65,1,3
2832,94400,61.53,1,3
2833,94433,61.29,1,3
2834,94466,61.43,1,3
2835,94500,61.74,1,3
2836,94533,61.74,1,3
2837,94566,61.62,1,3
2838,94600,61.5,1,3
2839,94633,60.63,1,3
2840,94666,59.65,1,3
2841,94700,59.06,1,3
2842,94733,58.55,1,3
2843,94766,58.01,1,3
2844,94800,57.87,1,3
2845,94833,57.6,1,3
2846,94866,57.27,1,3
2847,94900,56.97,1,3
2848,94933,56.5,1,3
2849,94966,55.58,1,3
2850,95000,54.91,1,3
2851,95033,54.07,1,3
2852,95066,52.13,1,3
2853,95100,50.4,1,3
2854,95133,49.01,1,2
2855,95166,47.63,1,2
2856,95200,46.47,1,2
2857,95233,46.94,1,2
2858,95266,47.42,1,2
2859,95300,47.95,1,2
2860,95333,56.44,1,3
2861,95366,64.93,1,3
2862,95400,72.89,1,3
2863,95433,80.8,1,4
2864,95466,88.72,1,4
2865,95500,88.68,1,4
2866,95533,88.19,1,4
2867,95566,87.6,1,4
2868,95600,86.42,1,4
2869,95633,83.86,1,4
2870,95666,80.26,1,4
2871,95700,77.11,1,4
2872,95733,73.65,1,3
2873,95766,70.46,1,3
2874,95800,68.65,1,3
2875,95833,67.47,1,3
2876,95866,66.16,1,3
2877,95900,65.24,1,3
2878,95933,64.69,1,3
2879,95966,64.13,1,3
2880,96000,63.98,1,3
2881,96033,63.84,1,3
2882,96066,63.6,1,3
2883,96100,63.36,1,3
2884,96133,63.13,1,3
2885,96166,62.88,1,3
2886,96200,62.75,1,3
2887,96233,62.73,1,3
2888,96266,62.85,1,3
2889,96300,62.96,1,3
2890,96333,62.54,1,3
2891,96366,61.89,1,3
2892,96400,61.24,1,3
2893,96433,60.2,1,3
2894,96466,58.92,1,3
2895,96500,58.43,1,3
2896,96533,57.89,1,3
2897,96566,57.07,1,3
2898,96600,56.51,1,3
2899,96633,57.05,1,3
2900,96666,57.35,1,3
2901,96700,57.93,1,3
2902,96733,58.5,1,3
2903,96766,58.15,1,3
2904,96800,56.93,1,3
2905,96833,55.48,1,3
2906,96866,53.18,1,3
2907,96900,51.17,1,3
2908,96933,50.63,1,3
2909,96966,50.1,1,3
2910,97000,49.81,1,2
2911,97033,52.44,1,3
2912,97066,55.06,1,3
2913,97100,57.14,1,3
2914,97133,59.33,1,3
2915,97166,61.51,1,3
2916,97200,61.3,1,3
2917,97233,61.08,1,3
2918,97266,61.34,1,3
2919,97300,61.5,1,3
2920,97333,61.58,1,3
2921,97366,61.84,1,3
2922,97400,62.1,1,3
2923,97433,61.87,1,3
2924,97466,62.11,1,3
2925,97500,62.43,1,3
2926,97533,62.82,1,3
2927,97566,63.09,1,3
2928,97600,63.35,1,3
2929,97633,63.16,1,3
2930,97666,63.31,1,3
2931,97700,63.52,1,3
2932,97733,63.54,1,3
2933,97766,63.5,1,3
2934,97800,63.45,1,3
2935,97833,62.78,1,3
2936,97866,61.88,1,3
2937,97900,61.31,1,3
2938,97933,60.81,1,3
2939,97966,60.26,1,3
2940,98000,60,1,3
2941,98033,59.64,1,3
2942,98066,59.12,1,3
2943,98100,58.66,1,3
2944,98133,58.18,1,3
2945,98166,56.91,1,3
2946,98200,55.95,1,3
2947,98233,54.92,1,3
2948,98266,53.38,1,3
2949,98300,51.9,1,3
2950,98333,52.07,1,3
2951,98366,52.25,1,3
2952,98400,52.66,1,3
2953,98433,53.3,1,3
2954,98466,53.53,1,3
2955,98500,52.89,1,3
2956,98533,51.99,1,3
2957,98566,51.03,1,3
2958,98600,50.29,1,3
2959,98633,50.4,1,3
2960,98666,50.52,1,3
2961,98700,50.9,1,3
2962,98733,52.44,1,3
2963,98766,53.99,1,3
2964,98800,55.09,1,3
2965,98833,57.03,1,3
2966,98866,59.3,1,3
2967,98900,60.62,1,3
2968,98933,62.5,1,3
2969,98966,64.72,1,3
2970,99000,66.1,1,3
2971,99033,66.31,1,3
2972,99066,66.21,1,3
2973,99100,65.55,1,3
2974,99133,64.54,1,3
2975,99166,63.56,1,3
2976,99200,63.43,1,3
2977,99233,63.46,1,3
2978,99266,63.6,1,3
2979,99300,63.85,1,3
2980,99333,70.03,1,3
2981,99366,76.28,1,4
2982,99400,82.53,1,4
2983,99433,87.92,1,4
2984,99466,92.98,1,4
2985,99500,92.09,1,4
2986,99533,90.95,1,4
2987,99566,89.55,1,4
2988,99600,88.89,1,4
2989,99633,85.1,1,4
2990,99666,81.06,1,4
2991,99700,76.25,1,4
2992,99733,71.22,1,3
2993,99766,65.94,1,3
2994,99800,64.03,1,3
2995,99833,62.16,1,3
2996,99866,61.05,1,3
2997,99900,60.6,1,3
2998,99933,60.23,1,3
2999,99966,58.75,1,3
3000,100000,57.47,1,3
3001,100033,57.78,1,3
3002,100066,57.91,1,3
3003,100100,58.21,1,3
3004,100133,59.42,1,3
3005,100166,60.64,1,3
3006,100200,60.45,1,3
3007,100233,59.69,1,3
3008,100266,58.7,1,3
3009,100300,57.91,1,3
3010,100333,56.68,1,3
3011,100366,54.74,1,3
3012,100400,53.36,1,3
3013,100433,52.96,1,3
3014,100466,52.56,1,3
3015,100500,52.59,1,3
3016,100533,54.97,1,3
3017,100566,57.35,1,3
3018,100600,58.99,1,3
3019,100633,61.55,1,3
3020,100666,64.11,1,3
3021,100700,65,1,3
3022,100733,65.59,1,3
3023,100766,66.09,1,3
3024,100800,65.65,1,3
3025,100833,65.22,1,3
3026,100866,64.9,1,3
3027,100900,64.88,1,3
3028,100933,64.92,1,3
3029,100966,64.93,1,3
3030,101000,64.93,1,3
3031,101033,64.86,1,3
3032,101066,65.52,1,3
3033,101100,66.21,1,3
3034,101133,66.13,1,3
3035,101166,65.9,1,3
3036,101200,65.67,1,3
3037,101233,64.71,1,3
3038,101266,63.52,1,3
3039,101300,63.13,1,3
3040,101333,62.61,1,3
3041,101366,61.95,1,3
3042,101400,61.3,1,3
3043,101433,60.86,1,3
3044,101466,60.19,1,3
3045,101500,59.83,1,3
3046,101533,59.27,1,3
3047,101566,58.67,1,3
3048,101600,58.1,1,3
3049,101633,57.51,1,3
3050,101666,56.45,1,3
3051,101700,55.72,1,3
3052,101733,54.76,1,3
3053,101766,53.05,1,3
3054,101800,51.59,1,3
3055,101833,50.13,1,3
3056,101866,48.46,1,2
3057,101900,47.05,1,2
3058,101933,46.79,1,2
3059,101966,46.53,1,2
3060,102000,46.73,1,2
3061,102033,47.32,1,2
3062,102066,47.9,1,2
3063,102100,48.08,1,2
3064,102133,49.16,1,2
3065,102166,50.24,1,3
3066,102200,51.14,1,3
3067,102233,52.93,1,3
3068,102266,54.72,1,3
3069,102300,55.62,1,3
3070,102333,57.54,1,3
3071,102366,59.98,1,3
3072,102400,61.52,1,3
3073,102433,63.05,1,3
3074,102466,64.67,1,3
3075,102500,65.26,1,3
3076,102533,65.34,1,3
3077,102566,65.4,1,3
3078,102600,65.47,1,3
3079,102633,65.46,1,3
3080,102666,65.4,1,3
3081,102700,65.34,1,3
3082,102733,65.29,1,3
3083,102766,65.4,1,3
3084,102800,65.51,1,3
3085,102833,65.67,1,3
3086,102866,66.02,1,3
3087,102899,66.37,1,3
3088,102933,66.56,1,3
3089,102966,66.72,1,3
3090,103000,66.89,1,3
3091,103033,66.58,1,3
3092,103066,66.15,1,3
3093,103100,65.72,1,3
3094,103133,64.76,1,3
3095,103166,63.66,1,3
3096,103200,62.85,1,3
3097,103233,61.47,1,3
3098,103266,59.88,1,3
3099,103300,59.06,1,3
3100,103333,64.3,1,3
3101,103366,69.54,1,3
3102,103399,75.46,1,4
3103,103433,81.33,1,4
3104,103466,85.8,1,4
3105,103500,84.33,1,4
3106,103533,82.35,1,4
3107,103566,79.35,1,4
3108,103600,76.62,1,4
3109,103633,74.49,1,3
3110,103666,69.51,1,3
3111,103700,65.06,1,3
3112,103733,60.89,1,3
3113,103766,56.43,1,3
3114,103800,52.55,1,3
3115,103833,52.79,1,3
3116,103866,53.03,1,3
3117,103899,53.99,1,3
3118,103933,55.87,1,3
3119,103966,57.76,1,3
3120,104000,58.39,1,3
3121,104033,60.06,1,3
3122,104066,62.04,1,3
3123,104100,63.61,1,3
3124,104133,65.38,1,3
3125,104166,67.55,1,3
3126,104200,68.67,1,3
3127,104233,69.49,1,3
3128,104266,70.06,1,3
3129,104300,70.42,1,3
3130,104333,69.88,1,3
3131,104366,69.19,1,3
3132,104399,68.5,1,3
3133,104433,67.84,1,3
3134,104466,67.46,1,3
3135,104500,67.59,1,3
3136,104533,67.86,1,3
3137,104566,68.55,1,3
3138,104600,69.23,1,3
3139,104633,69.64,1,3
3140,104666,70.87,1,3
3141,104700,72.09,1,3
3142,104733,71.71,1,3
3143,104766,70.91,1,3
3144,104800,70.12,1,3
3145,104833,68.46,1,3
3146,104866,66.7,1,3
3147,104899,66.14,1,3
3148,104933,64.99,1,3
3149,104966,63.65,1,3
3150,105000,62.39,1,3
3151,105033,61.19,1,3
3152,105066,59.84,1,3
3153,105100,59.5,1,3
3154,105133,59.19,1,3
3155,105166,57.52,1,3
3156,105200,55.9,1,3
3157,105233,54.18,1,3
3158,105266,52.01,1,3
3159,105300,49.99,1,2
3160,105333,49.21,1,2
3161,105366,48.44,1,2
3162,105399,47.9,1,2
3163,105433,47.58,1,2
3164,105466,46.87,1,2
3165,105500,46.23,1,2
3166,105533,46.15,1,2
3167,105566,46.08,1,2
3168,105600,46.24,1,2
3169,105633,46.92,1,2
3170,105666,47.61,1,2
3171,105700,47.73,1,2
3172,105733,49.52,1,2
3173,105766,51.32,1,3
3174,105800,52.98,1,3
3175,105833,55.82,1,3
3176,105866,58.97,1,3
3177,105899,60.53,1,3
3178,105933,62.09,1,3
3179,105966,64.3,1,3
3180,106000,65.34,1,3
3181,106033,65.7,1,3
3182,106066,65.87,1,3
3183,106100,66.03,1,3
3184,106133,65.55,1,3
3185,106166,65.17,1,3
3186,106200,65.16,1,3
3187,106233,65.26,1,3
3188,106266,65.77,1,3
3189,106300,66.29,1,3
3190,106333,66.7,1,3
3191,106366,67.86,1,3
3192,106399,69.02,1,3
3193,106433,69.3,1,3
3194,106466,69.35,1,3
3195,106500,69.39,1,3
3196,106533,68.7,1,3
3197,106566,68.27,1,3
3198,106600,68.31,1,3
3199,106633,67.58,1,3
3200,106666,66.71,1,3
3201,106700,65.84,1,3
3202,106733,64.03,1,3
3203,106766,61.97,1,3
3204,106800,61.17,1,3
3205,106833,60.26,1,3
3206,106866,58.06,1,3
3207,106899,56.53,1,3
3208,106933,55.33,1,3
3209,106966,53.89,1,3
3210,107000,52.69,1,3
3211,107033,52.38,1,3
3212,107066,51.56,1,3
3213,107100,50.65,1,3
3214,107133,49.45,1,2
3215,107166,47.4,1,2
3216,107200,45.76,1,2
3217,107233,45.21,1,2
3218,107266,44.67,1,2
3219,107300,44.41,1,2
3220,107333,52.59,1,3
3221,107366,60.78,1,3
3222,107399,68.37,1,3
3223,107433,76.56,1,4
3224,107466,84.75,1,4
3225,107500,85.34,1,4
3226,107533,86.52,1,4
3227,107566,87.7,1,4
3228,107600,88.16,1,4
3229,107633,88.62,1,4
3230,107666,87.33,1,4
3231,107700,84.84,1,4
3232,107733,81.5,1,4
3233,107766,78.07,1,4
3234,107800,74.65,1,3
3235,107833,72.96,1,3
3236,107866,71.59,1,3
3237,107899,71.08,1,3
3238,107933,70.78,1,3
3239,107966,70.53,1,3
3240,108000,70.29,1,3
3241,108033,70.33,1,3
3242,108066,70.7,1,3
3243,108100,71.07,1,3
3244,108133,71.39,1,3
3245,108166,72.26,1,3
3246,108200,73.13,1,3
3247,108233,73.24,1,3
3248,108266,73.04,1,3
3249,108300,72.83,1,3
3250,108333,72.08,1,3
3251,108366,71.77,1,3
3252,108399,71.89,1,3
3253,108433,72.06,1,3
3254,108466,71.61,1,3
3255,108500,71.16,1,3
3256,108533,69.38,1,3
3257,108566,67.5,1,3
3258,108600,65.57,1,3
3259,108633,64.05,1,3
3260,108666,61.84,1,3
3261,108700,60.52,1,3
3262,108733,58.7,1,3
3263,108766,56.1,1,3
3264,108800,53.7,1,3
3265,108833,51.78,1,3
3266,108866,49.64,1,2
3267,108899,48.1,1,2
3268,108933,47.28,1,2
3269,108966,46.22,1,2
3270,109000,45.39,1,2
3271,109033,45.54,1,2
3272,109066,45.68,1,2
3273,109100,46.21,1,2
3274,109133,47.73,1,2
3275,109166,49.25,1,2
3276,109200,50.01,1,3
3277,109233,51.7,1,3
3278,109266,53.39,1,3
3279,109300,54.32,1,3
3280,109333,56.78,1,3
3281,109366,59.25,1,3
3282,109399,60.67,1,3
3283,109433,62.09,1,3
3284,109466,64.14,1,3
3285,109500,64.66,1,3
3286,109533,65.19,1,3
3287,109566,65.81,1,3
3288,109600,66.44,1,3
3289,109633,66.45,1,3
3290,109666,66.22,1,3
3291,109700,66,1,3
3292,109733,65.77,1,3
3293,109766,65.85,1,3
3294,109800,65.94,1,3
3295,109833,66.26,1,3
3296,109866,66.8,1,3
3297,109899,67.35,1,3
3298,109933,67.58,1,3
3299,109966,68.43,1,3
3300,110000,69.28,1,3
3301,110033,69.64,1,3
3302,110066,69.85,1,3
3303,110100,70.05,1,3
3304,110133,68.99,1,3
3305,110166,67.59,1,3
3306,110200,66.45,1,3
3307,110233,64.79,1,3
3308,110266,62.88,1,3
3309,110300,61.82,1,3
3310,110333,60.9,1,3
3311,110366,59.11,1,3
3312,110399,58,1,3
3313,110433,56.87,1,3
3314,110466,55.55,1,3
3315,110500,54.42,1,3
3316,110533,53.77,1,3
3317,110566,51.59,1,3
3318,110600,49.67,1,2
3319,110633,47.42,1,2
3320,110666,45.18,1,2
3321,110700,43.33,1,2
3322,110733,43.06,1,2
3323,110766,42.79,1,2
3324,110800,42.84,1,2
3325,110833,44.47,1,2
3326,110866,46.1,1,2
3327,110899,47.68,1,2
3328,110933,49.6,1,2
3329,110966,51.52,1,3
3330,111000,51.86,1,3
3331,111033,53.9,1,3
3332,111066,55.93,1,3
3333,111100,57.62,1,3
3334,111133,60.27,1,3
3335,111166,63.09,1,3
3336,111200,64.22,1,3
3337,111233,65.26,1,3
3338,111266,66.18,1,3
3339,111300,66.26,1,3
3340,111333,71.32,1,3
3341,111366,76.38,1,4
3342,111399,81.49,1,4
3343,111433,86.72,1,4
3344,111466,91.8,1,4
3345,111500,91.73,1,4
3346,111533,91.66,1,4
3347,111566,91.2,1,4
3348,111600,90.75,1,4
3349,111633,88.77,1,4
3350,111666,86.32,1,4
3351,111700,83.86,1,4
3352,111733,80.71,1,4
3353,111766,77.21,1,4
3354,111800,75.26,1,4
3355,111833,73.19,1,3
3356,111866,70.89,1,3
3357,111899,69.72,1,3
3358,111933,68.17,1,3
3359,111966,66.37,1,3
3360,112000,65.16,1,3
3361,112033,64.18,1,3
3362,112066,62.86,1,3
3363,112100,62.27,1,3
3364,112133,61.92,1,3
3365,112166,60.51,1,3
3366,112200,59.1,1,3
3367,112233,57.6,1,3
3368,112266,54.94,1,3
3369,112300,52.29,1,3
3370,112333,50.32,1,3
3371,112366,47.41,1,2
3372,112399,44.93,1,2
3373,112433,43.5,1,2
3374,112466,42.07,1,2
3375,112500,41.03,1,2
3376,112533,41.09,1,2
3377,112566,41.15,1,2
3378,112600,41.32,1,2
3379,112633,42.65,1,2
3380,112666,43.98,1,2
3381,112700,45.13,1,2
3382,112733,48.12,1,2
3383,112766,51.1,1,3
3384,112800,52.94,1,3
3385,112833,55.78,1,3
3386,112866,58.61,1,3
3387,112899,59.62,1,3
3388,112933,60.99,1,3
3389,112966,62.8,1,3
3390,113000,63.6,1,3
3391,113033,64.41,1,3
3392,113066,65.19,1,3
3393,113100,65.61,1,3
3394,113133,65.59,1,3
3395,113166,65.88,1,3
3396,113200,66.17,1,3
3397,113233,66.49,1,3
3398,113266,67.1,1,3
3399,113300,67.71,1,3
3400,113333,68.01,1,3
3401,113366,68.74,1,3
3402,113399,69.48,1,3
3403,113433,69.92,1,3
3404,113466,70.22,1,3
3405,113500,70.51,1,3
3406,113533,69.91,1,3
3407,113566,69.23,1,3
3408,113600,68.55,1,3
3409,113633,67.47,1,3
3410,113666,66.2,1,3
3411,113700,65.39,1,3
3412,113733,64.21,1,3
3413,113766,62.75,1,3
3414,113800,61.82,1,3
3415,113833,60.97,1,3
3416,113866,60.03,1,3
3417,113899,59.53,1,3
3418,113933,59.01,1,3
3419,113966,58.05,1,3
3420,114000,57.22,1,3
3421,114033,55.99,1,3
3422,114066,54.34,1,3
3423,114100,52.99,1,3
3424,114133,51.65,1,3
3425,114166,49.94,1,2
3426,114200,48.72,1,2
3427,114233,47.62,1,2
3428,114266,45.99,1,2
3429,114300,44.8,1,2
3430,114333,44.66,1,2
3431,114366,44.52,1,2
3432,114399,44.68,1,2
3433,114433,46.28,1,2
3434,114466,47.88,1,2
3435,114500,48.79,1,2
3436,114533,51.01,1,3
3437,114566,53.23,1,3
3438,114600,54.54,1,3
3439,114633,57.33,1,3
3440,114666,60.13,1,3
3441,114700,61.62,1,3
3442,114733,63.12,1,3
3443,114766,64.62,1,3
3444,114800,64.6,1,3
3445,114833,64.58,1,3
3446,114866,64.73,1,3
3447,114899,64.88,1,3
3448,114933,65.02,1,3
3449,114966,65.34,1,3
3450,115000,65.65,1,3
3451,115033,65.79,1,3
3452,115066,66.54,1,3
3453,115100,67.28,1,3
3454,115133,67.85,1,3
3455,115166,68.31,1,3
3456,115200,68.76,1,3
3457,115233,68.59,1,3
3458,115266,68.26,1,3
3459,115300,68.13,1,3
3460,115333,72.69,1,3
3461,115366,77.26,1,4
3462,115399,81.63,1,4
3463,115433,86.09,1,4
3464,115466,90.1,1,4
3465,115500,89.52,1,4
3466,115533,87.69,1,4
3467,115566,85.77,1,4
3468,115600,83.81,1,4
3469,115633,81.06,1,4
3470,115666,76.81,1,4
3471,115700,73.1,1,3
3472,115733,69.66,1,3
3473,115766,65.36,1,3
3474,115800,62.14,1,3
3475,115833,60.07,1,3
3476,115866,57.45,1,3
3477,115899,54.87,1,3
3478,115933,52.73,1,3
3479,115966,50.59,1,3
3480,116000,48.8,1,2
3481,116033,47.61,1,2
3482,116066,46.41,1,2
3483,116100,45.75,1,2
3484,116133,45.9,1,2
3485,116166,46.06,1,2
3486,116200,46.88,1,2
3487,116233,49.22,1,2
3488,116266,51.57,1,3
3489,116300,53.1,1,3
3490,116333,56.79,1,3
3491,116366,60.48,1,3
3492,116399,62.55,1,3
3493,116433,64.62,1,3
3494,116466,66.98,1,3
3495,116500,67.18,1,3
3496,116533,67.28,1,3
3497,116566,67.21,1,3
3498,116600,67.14,1,3
3499,116633,66.79,1,3
3500,116666,66.79,1,3
3501,116700,66.89,1,3
3502,116733,68.34,1,3
3503,116766,70.13,1,3
3504,116800,71.93,1,3
3505,116833,73.36,1,3
3506,116866,74.85,1,3
3507,116899,75.26,1,4
3508,116933,74.52,1,3
3509,116966,73.5,1,3
3510,117000,72.48,1,3
3511,117033,70.69,1,3
3512,117066,68.78,1,3
3513,117100,67.66,1,3
3514,117133,66.48,1,3
3515,117166,65.13,1,3
3516,117200,64.49,1,3
3517,117233,63.98,1,3
3518,117266,63.31,1,3
3519,117300,62.99,1,3
3520,117333,61.98,1,3
3521,117366,60.77,1,3
3522,117399,59.56,1,3
3523,117433,58.19,1,3
3524,117466,56.64,1,3
3525,117500,56.13,1,3
3526,117533,55.31,1,3
3527,117566,52.84,1,3
3528,117600,50.67,1,3
3529,117633,49.77,1,2
3530,117666,48.67,1,2
3531,117700,48.08,1,2
3532,117733,48.7,1,2
3533,117766,48.39,1,2
3534,117800,47.01,1,2
3535,117833,45.97,1,2
3536,117866,44.94,1,2
3537,117899,44.35,1,2
3538,117933,45.26,1,2
3539,117966,46.17,1,2
3540,118000,46.73,1,2
3541,118033,49.23,1,2
3542,118066,51.73,1,3
3543,118100,53.66,1,3
3544,118133,56.17,1,3
3545,118166,58.68,1,3
3546,118200,59.27,1,3
3547,118233,60.47,1,3
3548,118266,61.78,1,3
3549,118300,62.5,1,3
3550,118333,63.23,1,3
3551,118366,64.26,1,3
3552,118399,64.68,1,3
3553,118433,64.98,1,3
3554,118466,65.42,1,3
3555,118500,65.86,1,3
3556,118533,66,1,3
3557,118566,67.21,1,3
3558,118600,68.42,1,3
3559,118633,69.49,1,3
3560,118666,70.62,1,3
3561,118700,71.75,1,3
3562,118733,70.47,1,3
3563,118766,69.12,1,3
3564,118800,67.77,1,3
3565,118833,66.32,1,3
3566,118866,64.72,1,3
3567,118899,64.47,1,3
3568,118933,64.28,1,3
3569,118966,64.12,1,3
3570,119000,63.99,1,3
3571,119033,63.67,1,3
3572,119066,63.16,1,3
3573,119100,62.65,1,3
3574,119133,62.06,1,3
3575,119166,61.35,1,3
3576,119200,61.11,1,3
3577,119233,60.93,1,3
3578,119266,59.78,1,3
3579,119300,58.69,1,3
3580,119333,63.13,1,3
3581,119366,67.45,1,3
3582,119399,71.89,1,3
3583,119433,76.73,1,4
3584,119466,81.2,1,4
3585,119500,80.26,1,4
3586,119533,78.87,1,4
3587,119566,75.92,1,4
3588,119600,73.55,1,3
3589,119633,70.83,1,3
3590,119666,65.71,1,3
3591,119700,61.04,1,3
3592,119733,59.24,1,3
3593,119766,57.44,1,3
3594,119800,56.36,1,3
3595,119833,59.63,1,3
3596,119866,62.9,1,3
3597,119899,64.86,1,3
3598,119933,66.66,1,3
3599,119966,68.46,1,3
3600,120000,68.11,1,3
3601,120033,67.61,1,3
3602,120066,66.86,1,3
3603,120100,66.26,1,3
3604,120133,65.66,1,3
3605,120166,66.05,1,3
3606,120200,66.58,1,3
3607,120233,67.38,1,3
3608,120266,68.75,1,3
3609,120300,70.13,1,3
3610,120333,70.71,1,3
3611,120366,71.83,1,3
3612,120399,72.95,1,3
3613,120433,72.33,1,3
3614,120466,71.49,1,3
3615,120500,70.65,1,3
3616,120533,69.28,1,3
3617,120566,67.74,1,3
3618,120600,67.36,1,3
3619,120633,67.02,1,3
3620,120666,66.39,1,3
3621,120700,65.76,1,3
3622,120733,64.99,1,3
3623,120766,63.91,1,3
3624,120800,63.01,1,3
3625,120833,62.4,1,3
3626,120866,61.39,1,3
3627,120899,60.68,1,3
3628,120933,60.23,1,3
3629,120966,59.5,1,3
3630,121000,59.04,1,3
3631,121033,58.89,1,3
3632,121066,58.74,1,3
3633,121100,58.64,1,3
3634,121133,58.52,1,3
3635,121166,57.49,1,3
3636,121200,56.56,1,3
3637,121233,55.28,1,3
3638,121266,53.06,1,3
3639,121300,51.15,1,3
3640,121333,49.58,1,2
3641,121366,47.79,1,2
3642,121399,46.35,1,2
3643,121433,47.63,1,2
3644,121466,48.9,1,2
3645,121500,50.45,1,3
3646,121533,53.2,1,3
3647,121566,55.94,1,3
3648,121600,56.92,1,3
3649,121633,58.76,1,3
3650,121666,60.6,1,3
3651,121700,61.47,1,3
3652,121733,62.18,1,3
3653,121766,62.89,1,3
3654,121800,62.52,1,3
3655,121833,62.16,1,3
3656,121866,61.95,1,3
3657,121899,61.89,1,3
3658,121933,61.84,1,3
3659,121966,63.03,1,3
3660,122000,64.23,1,3
3661,122033,65.28,1,3
3662,122066,67.01,1,3
3663,122100,68.75,1,3
3664,122133,68.87,1,3
3665,122166,68.84,1,3
3666,122200,68.81,1,3
3667,122233,68.01,1,3
3668,122266,67.11,1,3
3669,122300,66.79,1,3
3670,122333,66.32,1,3
3671,122366,65.72,1,3
3672,122399,65.2,1,3
3673,122433,64.78,1,3
3674,122466,64.19,1,3
3675,122500,63.91,1,3
3676,122533,63.69,1,3
3677,122566,63.33,1,3
3678,122600,62.97,1,3
3679,122633,62.51,1,3
3680,122666,61.69,1,3
3681,122700,60.96,1,3
3682,122733,60.36,1,3
3683,122766,60.09,1,3
3684,122800,60.37,1,3
3685,122833,60.71,1,3
3686,122866,59.99,1,3
3687,122899,59.26,1,3
3688,122933,58.19,1,3
3689,122966,56.83,1,3
3690,123000,55.76,1,3
3691,123033,55.04,1,3
3692,123066,53.56,1,3
3693,123100,52.09,1,3
3694,123133,50.67,1,3
3695,123166,49.26,1,2
3696,123200,48.54,1,2
3697,123233,49.13,1,2
3698,123266,49.73,1,2
3699,123300,50.27,1,3
3700,123333,58.61,1,3
3701,123366,66.95,1,3
3702,123399,74.75,1,3
3703,123433,82.34,1,4
3704,123466,87.86,1,4
3705,123500,85.44,1,4
3706,123533,82.91,1,4
3707,123566,80.38,1,4
3708,123600,77.78,1,4
3709,123633,76.81,1,4
3710,123666,75.88,1,4
3711,123700,74.58,1,3
3712,123733,73.28,1,3
3713,123766,72.41,1,3
3714,123800,71.95,1,3
3715,123833,71.5,1,3
3716,123866,71.29,1,3
3717,123899,71.08,1,3
3718,123933,70.08,1,3
3719,123966,68.95,1,3
3720,124000,67.91,1,3
3721,124033,66.73,1,3
3722,124066,65.35,1,3
3723,124100,64.63,1,3
3724,124133,64.05,1,3
3725,124166,63.46,1,3
3726,124200,63.25,1,3
3727,124233,63.2,1,3
3728,124266,63.04,1,3
3729,124300,62.88,1,3
3730,124333,62.47,1,3
3731,124366,61.95,1,3
3732,124399,61.47,1,3
3733,124433,61.09,1,3
3734,124466,61.11,1,3
3735,124500,61.39,1,3
3736,124533,61.39,1,3
3737,124566,61.06,1,3
3738,124600,60.72,1,3
3739,124633,59.71,1,3
3740,124666,58.31,1,3
3741,124700,57.3,1,3
3742,124733,56.09,1,3
3743,124766,54.67,1,3
3744,124800,53.53,1,3
3745,124833,52.5,1,3
3746,124866,50.9,1,3
3747,124899,49.85,1,2
3748,124933,48.85,1,2
3749,124966,47.84,1,2
3750,125000,47.13,1,2
3751,125033,50.56,1,3
3752,125066,53.99,1,3
3753,125100,57.58,1,3
3754,125133,60.9,1,3
3755,125166,63.59,1,3
3756,125200,62.7,1,3
3757,125233,61.95,1,3
3758,125266,61.2,1,3
3759,125300,60.71,1,3
3760,125333,60.69,1,3
3761,125366,60.68,1,3
3762,125399,60.44,1,3
3763,125433,60.2,1,3
3764,125466,60.91,1,3
3765,125500,61.77,1,3
3766,125533,62.64,1,3
3767,125566,63.94,1,3
3768,125600,65.24,1,3
3769,125633,65.53,1,3
3770,125666,65.75,1,3
3771,125700,65.97,1,3
3772,125733,65.66,1,3
3773,125766,65.25,1,3
3774,125800,64.92,1,3
3775,125833,64.5,1,3
3776,125866,63.99,1,3
3777,125899,63.64,1,3
3778,125933,63.39,1,3
3779,125966,63.15,1,3
3780,126000,63.06,1,3
3781,126033,63.04,1,3
3782,126066,62.93,1,3
3783,126100,62.81,1,3
3784,126133,62.69,1,3
3785,126166,62.89,1,3
3786,126200,63.13,1,3
3787,126233,63.46,1,3
3788,126266,63.82,1,3
3789,126300,64.17,1,3
3790,126333,64.2,1,3
3791,126366,63.94,1,3
3792,126399,64.02,1,3
3793,126433,63.74,1,3
3794,126466,62.63,1,3
3795,126500,61.52,1,3
3796,126533,60.28,1,3
3797,126566,58.47,1,3
3798,126600,56.99,1,3
3799,126633,55.96,1,3
3800,126666,54.35,1,3
3801,126700,53.15,1,3
3802,126733,52.73,1,3
3803,126766,52.3,1,3
3804,126800,52.26,1,3
3805,126833,52.86,1,3
3806,126866,53.45,1,3
3807,126899,53.52,1,3
3808,126933,53.93,1,3
3809,126966,54.34,1,3
3810,127000,54.68,1,3
3811,127033,55.65,1,3
3812,127066,56.62,1,3
3813,127100,57.25,1,3
3814,127133,58.1,1,3
3815,127166,59.18,1,3
3816,127200,59.63,1,3
3817,127233,60.08,1,3
3818,127266,61.54,1,3
3819,127300,62.98,1,3
3820,127333,68.54,1,3
3821,127366,74.81,1,3
3822,127399,81.07,1,4
3823,127433,84.85,1,4
3824,127466,88.13,1,4
3825,127500,87.07,1,4
3826,127533,85.09,1,4
3827,127566,82.75,1,4
3828,127600,81.9,1,4
3829,127633,79.12,1,4
3830,127666,75.85,1,4
3831,127700,72.8,1,3
3832,127733,69.99,1,3
3833,127766,67,1,3
3834,127800,66.24,1,3
3835,127833,65.96,1,3
3836,127866,66.06,1,3
3837,127899,66.26,1,3
3838,127933,66.64,1,3
3839,127966,67.3,1,3
3840,128000,67.97,1,3
3841,128033,68.25,1,3
3842,128066,68.57,1,3
3843,128100,68.89,1,3
3844,128133,68.84,1,3
3845,128166,68.35,1,3
3846,128199,68.22,1,3
3847,128233,67.59,1,3
3848,128266,64.9,1,3
3849,128300,62.29,1,3
3850,128333,60.51,1,3
3851,128366,58.37,1,3
3852,128400,56.7,1,3
3853,128433,56.65,1,3
3854,128466,56.59,1,3
3855,128500,56.15,1,3
3856,128533,55.57,1,3
3857,128566,55,1,3
3858,128600,54.87,1,3
3859,128633,54.4,1,3
3860,128666,53.92,1,3
3861,128699,53.58,1,3
3862,128733,53.29,1,3
3863,128766,53,1,3
3864,128800,53.05,1,3
3865,128833,54.94,1,3
3866,128866,56.83,1,3
3867,128900,58.66,1,3
3868,128933,61.02,1,3
3869,128966,63.39,1,3
3870,129000,63.91,1,3
3871,129033,64.44,1,3
3872,129066,65.26,1,3
3873,129100,65.55,1,3
3874,129133,65.65,1,3
3875,129166,65.64,1,3
3876,129199,65.62,1,3
3877,129233,65.32,1,3
3878,129266,65,1,3
3879,129300,64.88,1,3
3880,129333,64.87,1,3
3881,129366,64.84,1,3
3882,129400,64.8,1,3
3883,129433,64.73,1,3
3884,129466,64.56,1,3
3885,129500,64.4,1,3
3886,129533,64.26,1,3
3887,129566,64.41,1,3
3888,129600,64.6,1,3
3889,129633,64.89,1,3
3890,129666,65.55,1,3
3891,129699,66.22,1,3
3892,129733,66.6,1,3
3893,129766,67.64,1,3
3894,129800,68.67,1,3
3895,129833,68.09,1,3
3896,129866,67.33,1,3
3897,129900,66.74,1,3
3898,129933,65.08,1,3
3899,129966,63.36,1,3
3900,130000,62.88,1,3
3901,130033,62.49,1,3
3902,130066,61.91,1,3
3903,130100,61.75,1,3
3904,130133,61.3,1,3
3905,130166,60.01,1,3
3906,130199,58.82,1,3
3907,130233,57.45,1,3
3908,130266,55.93,1,3
3909,130300,54.77,1,3
3910,130333,54.08,1,3
3911,130366,53.05,1,3
3912,130400,52.2,1,3
3913,130433,51.54,1,3
3914,130466,50.89,1,3
3915,130500,50.6,1,3
3916,130533,51.28,1,3
3917,130566,51.97,1,3
3918,130600,52.6,1,3
3919,130633,54.8,1,3
3920,130666,57,1,3
3921,130699,58.5,1,3
3922,130733,60.01,1,3
3923,130766,61.79,1,3
3924,130800,62,1,3
3925,130833,62.21,1,3
3926,130866,62.7,1,3
3927,130900,63.18,1,3
3928,130933,63.39,1,3
3929,130966,63.89,1,3
3930,131000,64.38,1,3
3931,131033,64.68,1,3
3932,131066,64.92,1,3
3933,131100,65.17,1,3
3934,131133,65.12,1,3
3935,131166,65.25,1,3
3936,131200,65.38,1,3
3937,131233,65.56,1,3
3938,131266,65.69,1,3
3939,131300,65.88,1,3
3940,131333,69.84,1,3
3941,131366,74.46,1,3
3942,131400,79.08,1,4
3943,131433,83.75,1,4
3944,131466,88.16,1,4
3945,131500,88.63,1,4
3946,131533,87.59,1,4
3947,131566,86.23,1,4
3948,131600,84.87,1,4
3949,131633,82.66,1,4
3950,131666,79.28,1,4
3951,131700,76.16,1,4
3952,131733,73.16,1,3
3953,131766,70.02,1,3
3954,131800,67.93,1,3
3955,131833,66.42,1,3
3956,131866,65.33,1,3
3957,131900,64.45,1,3
3958,131933,63.19,1,3
3959,131966,61.93,1,3
3960,132000,61.26,1,3
3961,132033,60.35,1,3
3962,132066,59.32,1,3
3963,132100,58.79,1,3
3964,132133,57.89,1,3
3965,132166,56.07,1,3
3966,132200,54.65,1,3
3967,132233,53.39,1,3
3968,132266,52.12,1,3
3969,132300,51.22,1,3
3970,132333,53.44,1,3
3971,132366,55.65,1,3
3972,132400,57.84,1,3
3973,132433,60.84,1,3
3974,132466,63.85,1,3
3975,132500,64.23,1,3
3976,132533,64.62,1,3
3977,132566,64.94,1,3
3978,132600,64.45,1,3
3979,132633,63.95,1,3
3980,132666,63.89,1,3
3981,132700,63.83,1,3
3982,132733,63.83,1,3
3983,132766,63.81,1,3
3984,132800,63.79,1,3
3985,132833,63.76,1,3
3986,132866,63.7,1,3
3987,132900,63.64,1,3
3988,132933,63.6,1,3
3989,132966,63.97,1,3
3990,133000,64.34,1,3
3991,133033,64.74,1,3
3992,133066,65.02,1,3
3993,133100,65.29,1,3
3994,133133,65.17,1,3
3995,133166,65.61,1,3
3996,133200,66.05,1,3
3997,133233,66.62,1,3
3998,133266,67.58,1,3
3999,133300,68.54,1,3
4000,133333,68.93,1,3
4001,133366,70.31,1,3
4002,133400,71.69,1,3
4003,133433,71.92,1,3
4004,133466,71.25,1,3
4005,133500,70.59,1,3
4006,133533,68.8,1,3
4007,133566,67.02,1,3
4008,133600,66,1,3
4009,133633,65.43,1,3
4010,133666,64.54,1,3
4011,133700,63.79,1,3
4012,133733,62.34,1,3
4013,133766,60.23,1,3
4014,133800,58.56,1,3
4015,133833,56.81,1,3
4016,133866,54.17,1,3
4017,133900,52.23,1,3
4018,133933,51.04,1,3
4019,133966,49.85,1,2
4020,134000,49.05,1,2
4021,134033,50.73,1,3
4022,134066,52.41,1,3
4023,134100,54,1,3
4024,134133,56.18,1,3
4025,134166,58.35,1,3
4026,134200,58.94,1,3
4027,134233,59.59,1,3
4028,134266,60.23,1,3
4029,134300,60.17,1,3
4030,134333,60.1,1,3
4031,134366,60.89,1,3
4032,134400,61.61,1,3
4033,134433,62.25,1,3
4034,134466,62.86,1,3
4035,134500,63.47,1,3
4036,134533,63.23,1,3
4037,134566,63.58,1,3
4038,134600,64.03,1,3
4039,134633,64.62,1,3
4040,134666,65.23,1,3
4041,134700,65.84,1,3
4042,134733,65.86,1,3
4043,134766,65.96,1,3
4044,134800,66.06,1,3
4045,134833,66.14,1,3
4046,134866,66.49,1,3
4047,134900,66.83,1,3
4048,134933,67.09,1,3
4049,134966,68.07,1,3
4050,135000,69.06,1,3
4051,135033,69.78,1,3
4052,135066,70.29,1,3
4053,135100,70.8,1,3
4054,135133,70.13,1,3
4055,135166,69.36,1,3
4056,135200,68.59,1,3
4057,135233,67.91,1,3
4058,135266,67.07,1,3
4059,135300,66.86,1,3
4060,135333,70.69,1,3
4061,135366,74.53,1,3
4062,135400,78.48,1,4
4063,135433,82.32,1,4
4064,135466,83.82,1,4
4065,135500,81.37,1,4
4066,135533,78.41,1,4
4067,135566,73.59,1,3
4068,135600,69.05,1,3
4069,135633,66.24,1,3
4070,135666,62.29,1,3
4071,135700,58.86,1,3
4072,135733,56.54,1,3
4073,135766,54.22,1,3
4074,135800,52.34,1,3
4075,135833,52.54,1,3
4076,135866,52.74,1,3
4077,135900,53.7,1,3
4078,135933,55.5,1,3
4079,135966,57.31,1,3
4080,136000,58.13,1,3
4081,136033,58.96,1,3
4082,136066,59.79,1,3
4083,136100,59.6,1,3
4084,136133,59.41,1,3
4085,136166,59.87,1,3
4086,136200,60.32,1,3
4087,136233,60.78,1,3
4088,136266,61.84,1,3
4089,136300,62.91,1,3
4090,136333,63.35,1,3
4091,136366,64.1,1,3
4092,136400,64.85,1,3
4093,136433,65.16,1,3
4094,136466,66.03,1,3
4095,136500,66.91,1,3
4096,136533,67.48,1,3
4097,136566,68.22,1,3
4098,136600,68.96,1,3
4099,136633,69.13,1,3
4100,136666,69.53,1,3
4101,136700,69.93,1,3
4102,136733,70.16,1,3
4103,136766,70.63,1,3
4104,136800,71.11,1,3
4105,136833,70.92,1,3
4106,136866,70.6,1,3
4107,136900,70.28,1,3
4108,136933,69.67,1,3
4109,136966,68.87,1,3
4110,137000,68.5,1,3
4111,137033,68.26,1,3
4112,137066,68.5,1,3
4113,137100,68.8,1,3
4114,137133,69.28,1,3
4115,137166,68.18,1,3
4116,137200,67.08,1,3
4117,137233,65.19,1,3
4118,137266,62.26,1,3
4119,137300,59.34,1,3
4120,137333,57.66,1,3
4121,137366,53.93,1,3
4122,137400,50.5,1,3
4123,137433,49.71,1,2
4124,137466,48.93,1,2
4125,137500,48.48,1,2
4126,137533,49.56,1,2
4127,137566,50.64,1,3
4128,137600,50.12,1,3
4129,137633,49.67,1,2
4130,137666,49.21,1,2
4131,137700,49.29,1,2
4132,137733,50.34,1,3
4133,137766,51.39,1,3
4134,137800,52.37,1,3
4135,137833,54.71,1,3
4136,137866,57.05,1,3
4137,137900,58.28,1,3
4138,137933,59.51,1,3
4139,137966,61.35,1,3
4140,138000,61.81,1,3
4141,138033,62.28,1,3
4142,138066,63.75,1,3
4143,138100,65.21,1,3
4144,138133,66.08,1,3
4145,138166,67.1,1,3
4146,138200,68.12,1,3
4147,138233,68.29,1,3
4148,138266,68.8,1,3
4149,138300,69.31,1,3
4150,138333,69.66,1,3
4151,138366,70.28,1,3
4152,138400,70.91,1,3
4153,138433,71.18,1,3
4154,138466,72.01,1,3
4155,138500,72.84,1,3
4156,138533,72.92,1,3
4157,138566,72.9,1,3
4158,138600,72.87,1,3
4159,138633,71.92,1,3
4160,138666,70.86,1,3
4161,138700,70.27,1,3
4162,138733,69.79,1,3
4163,138766,69.49,1,3
4164,138800,69.55,1,3
4165,138833,69.18,1,3
4166,138866,68.49,1,3
4167,138900,68.11,1,3
4168,138933,67.24,1,3
4169,138966,65.47,1,3
4170,139000,64.27,1,3
4171,139033,62.89,1,3
4172,139066,59.7,1,3
4173,139100,56.83,1,3
4174,139133,54.28,1,3
4175,139166,51.26,1,3
4176,139200,48.71,1,2
4177,139233,47.63,1,2
4178,139266,46.55,1,2
4179,139300,46.04,1,2
4180,139333,51.93,1,3
4181,139366,57.82,1,3
4182,139400,63.74,1,3
4183,139433,71.18,1,3
4184,139466,78.63,1,4
4185,139500,80.14,1,4
4186,139533,81.09,1,4
4187,139566,81.98,1,4
4188,139600,81.36,1,4
4189,139633,80.16,1,4
4190,139666,77.63,1,4
4191,139700,75.62,1,4
4192,139733,73.67,1,3
4193,139766,71.77,1,3
4194,139800,70.46,1,3
4195,139833,70.48,1,3
4196,139866,70.56,1,3
4197,139900,70.65,1,3
4198,139933,70.67,1,3
4199,139966,71.1,1,3
4200,140000,71.52,1,3
4201,140033,71.92,1,3
4202,140066,73.24,1,3
4203,140100,74.55,1,3
4204,140133,75.46,1,4
4205,140166,76.55,1,4
4206,140200,77.65,1,4
4207,140233,77.39,1,4
4208,140266,76.86,1,4
4209,140300,76.32,1,4
4210,140333,74.88,1,3
4211,140366,73.23,1,3
4212,140400,72.03,1,3
4213,140433,71.1,1,3
4214,140466,70.12,1,3
4215,140500,69.87,1,3
4216,140533,69.81,1,3
4217,140566,70.05,1,3
4218,140600,70.29,1,3
4219,140633,70.36,1,3
4220,140666,70.09,1,3
4221,140700,69.82,1,3
4222,140733,68.71,1,3
4223,140766,67.35,1,3
4224,140800,66.02,1,3
4225,140833,64.79,1,3
4226,140866,61.62,1,3
4227,140900,58.99,1,3
4228,140933,56.5,1,3
4229,140966,52.56,1,3
4230,141000,48.85,1,2
4231,141033,47.21,1,2
4232,141066,45.58,1,2
4233,141100,44.07,1,2
4234,141133,45.23,1,2
4235,141166,46.38,1,2
4236,141200,47.42,1,2
4237,141233,49.21,1,2
4238,141266,50.99,1,3
4239,141300,51.75,1,3
4240,141333,53.02,1,3
4241,141366,54.29,1,3
4242,141400,54.81,1,3
4243,141433,57.01,1,3
4244,141466,59.22,1,3
4245,141500,60.91,1,3
4246,141533,62.72,1,3
4247,141566,64.54,1,3
4248,141600,64.43,1,3
4249,141633,64.31,1,3
4250,141666,65.07,1,3
4251,141700,65.69,1,3
4252,141733,67.52,1,3
4253,141766,70.14,1,3
4254,141800,72.77,1,3
4255,141833,74.52,1,3
4256,141866,76.4,1,4
4257,141900,77.07,1,4
4258,141933,76.72,1,4
4259,141966,76.23,1,4
4260,142000,75.74,1,4
4261,142033,74.26,1,3
4262,142066,72.62,1,3
4263,142100,71.45,1,3
4264,142133,70.43,1,3
4265,142166,69.3,1,3
4266,142200,69.05,1,3
4267,142233,68.66,1,3
4268,142266,68.16,1,3
4269,142300,67.66,1,3
4270,142333,67.26,1,3
4271,142366,67.27,1,3
4272,142400,67.56,1,3
4273,142433,66.86,1,3
4274,142466,65.98,1,3
4275,142500,65.25,1,3
4276,142533,63.97,1,3
4277,142566,62.01,1,3
4278,142600,61.16,1,3
4279,142633,60.22,1,3
4280,142666,57.82,1,3
4281,142700,55.55,1,3
4282,142733,53.67,1,3
4283,142766,51.57,1,3
4284,142800,49.73,1,2
4285,142833,48.95,1,2
4286,142866,47.58,1,2
4287,142900,46.5,1,2
4288,142933,46.07,1,2
4289,142966,45.63,1,2
4290,143000,45.46,1,2
4291,143033,47.26,1,2
4292,143066,49.06,1,2
4293,143100,50.45,1,3
4294,143133,52.74,1,3
4295,143166,55.04,1,3
4296,143200,55.94,1,3
4297,143233,57.74,1,3
4298,143266,59.54,1,3
4299,143300,60.44,1,3
4300,143333,66.07,1,3
4301,143366,71.71,1,3
4302,143400,76.35,1,4
4303,143433,80.99,1,4
4304,143466,86.25,1,4
4305,143500,86.77,1,4
4306,143533,87.29,1,4
4307,143566,87.79,1,4
4308,143600,88.29,1,4
4309,143633,86.87,1,4
4310,143666,84.7,1,4
4311,143700,82.53,1,4
4312,143733,79.93,1,4
4313,143766,77.18,1,4
4314,143800,75.72,1,4
4315,143833,74.49,1,3
4316,143866,73.02,1,3
4317,143900,72.08,1,3
4318,143933,71.3,1,3
4319,143966,70.27,1,3
4320,144000,69.77,1,3
4321,144033,69.52,1,3
4322,144066,69.56,1,3
4323,144100,69.6,1,3
4324,144133,68.99,1,3
4325,144166,68.23,1,3
4326,144200,67.47,1,3
4327,144233,66.39,1,3
4328,144266,65.17,1,3
4329,144300,64.86,1,3
4330,144333,63.85,1,3
4331,144366,61.86,1,3
4332,144400,59.9,1,3
4333,144433,57.75,1,3
4334,144466,54.82,1,3
4335,144500,52.74,1,3
4336,144533,51.07,1,3
4337,144566,49.01,1,2
4338,144600,47.28,1,2
4339,144633,46.43,1,2
4340,144666,45.58,1,2
4341,144700,45.29,1,2
4342,144733,46.46,1,2
4343,144766,47.63,1,2
4344,144800,48.69,1,2
4345,144833,50.37,1,3
4346,144866,52.05,1,3
4347,144900,52.67,1,3
4348,144933,54.73,1,3
4349,144966,56.79,1,3
4350,145000,58.24,1,3
4351,145033,60.39,1,3
4352,145066,62.54,1,3
4353,145100,63.02,1,3
4354,145133,63.5,1,3
4355,145166,65.46,1,3
4356,145200,66.72,1,3
4357,145233,67.97,1,3
4358,145266,69.7,1,3
4359,145300,71.42,1,3
4360,145333,71.67,1,3
4361,145366,72.38,1,3
4362,145400,73.08,1,3
4363,145433,72.71,1,3
4364,145466,72.2,1,3
4365,145500,71.68,1,3
4366,145533,70.64,1,3
4367,145566,69.47,1,3
4368,145600,69.11,1,3
4369,145633,68.91,1,3
4370,145666,68.45,1,3
4371,145700,68.07,1,3
4372,145733,67.82,1,3
4373,145766,67.94,1,3
4374,145800,68.06,1,3
4375,145833,67.48,1,3
4376,145866,66.76,1,3
4377,145900,66.03,1,3
4378,145933,64.45,1,3
4379,145966,62.58,1,3
4380,146000,61.66,1,3
4381,146033,60.4,1,3
4382,146066,58.94,1,3
4383,146100,58.18,1,3
4384,146133,57.04,1,3
4385,146166,55.89,1,3
4386,146200,55.21,1,3
4387,146233,53.66,1,3
4388,146266,51.38,1,3
4389,146300,49.78,1,2
4390,146333,47.9,1,2
4391,146366,45.77,1,2
4392,146400,44.72,1,2
4393,146433,44.89,1,2
4394,146466,45.07,1,2
4395,146500,45.53,1,2
4396,146533,47.15,1,2
4397,146566,48.76,1,2
4398,146600,49.67,1,2
4399,146633,51.56,1,3
4400,146666,53.46,1,3
4401,146700,54.45,1,3
4402,146733,56.56,1,3
4403,146766,58.66,1,3
4404,146800,59.56,1,3
4405,146833,60.45,1,3
4406,146866,62.11,1,3
4407,146900,62.94,1,3
4408,146933,64.41,1,3
4409,146966,66.29,1,3
4410,147000,68.16,1,3
4411,147033,69.29,1,3
4412,147066,70.93,1,3
4413,147100,71.95,1,3
4414,147133,72.43,1,3
4415,147166,72.8,1,3
4416,147200,73.17,1,3
4417,147233,72.11,1,3
4418,147266,70.93,1,3
4419,147300,70.21,1,3
4420,147333,74.54,1,3
4421,147366,78.99,1,4
4422,147400,84.03,1,4
4423,147433,89.12,1,4
4424,147466,93.71,1,4
4425,147500,93.36,1,4
4426,147533,92.86,1,4
4427,147566,91.6,1,4
4428,147600,90.42,1,4
4429,147633,86.18,1,4
4430,147666,81.44,1,4
4431,147700,76.74,1,4
4432,147733,72.37,1,3
4433,147766,67.54,1,3
4434,147800,66.15,1,3
4435,147833,64.46,1,3
4436,147866,62.75,1,3
4437,147900,61.48,1,3
4438,147933,60.26,1,3
4439,147966,58.73,1,3
4440,148000,57.99,1,3
4441,148033,56.96,1,3
4442,148066,55.66,1,3
4443,148100,54.79,1,3
4444,148133,54.28,1,3
4445,148166,53.77,1,3
4446,148200,53.59,1,3
4447,148233,53.44,1,3
4448,148266,53.28,1,3
4449,148300,53.07,1,3
4450,148333,53.54,1,3
4451,148366,54,1,3
4452,148400,54.68,1,3
4453,148433,55.81,1,3
4454,148466,56.94,1,3
4455,148500,57.39,1,3
4456,148533,58.87,1,3
4457,148566,60.35,1,3
4458,148600,61.37,1,3
4459,148633,63.15,1,3
4460,148666,64.94,1,3
4461,148700,65.65,1,3
4462,148733,66.36,1,3
4463,148766,68.72,1,3
4464,148800,70.32,1,3
4465,148833,70.94,1,3
4466,148866,71.49,1,3
4467,148900,72.03,1,3
4468,148933,70.42,1,3
4469,148966,68.67,1,3
4470,149000,67.9,1,3
4471,149033,67.25,1,3
4472,149066,66.54,1,3
4473,149100,66.35,1,3
4474,149133,66.3,1,3
4475,149166,66.16,1,3
4476,149200,66.01,1,3
4477,149233,65.91,1,3
4478,149266,65.85,1,3
4479,149300,65.78,1,3
4480,149333,65.54,1,3
4481,149366,65.18,1,3
4482,149400,64.82,1,3
4483,149433,64.43,1,3
4484,149466,64.01,1,3
4485,149500,63.85,1,3
4486,149533,63.5,1,3
4487,149566,62.99,1,3
4488,149600,62.65,1,3
4489,149633,62.17,1,3
4490,149666,60.36,1,3
4491,149700,58.86,1,3
4492,149733,57.27,1,3
4493,149766,55.31,1,3
4494,149800,53.5,1,3
4495,149833,52.8,1,3
4496,149866,52.1,1,3
4497,149900,51.66,1,3
4498,149933,51.46,1,3
4499,149966,51.26,1,3
4500,150000,51.29,1,3
4501,150033,52.09,1,3
4502,150066,52.9,1,3
4503,150100,53.67,1,3
4504,150133,54.93,1,3
4505,150166,56.18,1,3
4506,150200,56.66,1,3
4507,150233,57.57,1,3
4508,150266,58.48,1,3
4509,150300,58.91,1,3
4510,150333,60.44,1,3
4511,150366,61.98,1,3
4512,150400,63.08,1,3
4513,150433,64.2,1,3
4514,150466,65.95,1,3
4515,150500,66.59,1,3
4516,150533,67.23,1,3
4517,150566,67.86,1,3
4518,150600,68.47,1,3
4519,150633,68.31,1,3
4520,150666,68.05,1,3
4521,150700,67.79,1,3
4522,150733,67.49,1,3
4523,150766,67.04,1,3
4524,150800,66.74,1,3
4525,150833,66.53,1,3
4526,150866,66.5,1,3
4527,150900,66.52,1,3
4528,150933,66.7,1,3
4529,150966,66.93,1,3
4530,151000,67.16,1,3
4531,151033,67.21,1,3
4532,151066,67.27,1,3
4533,151100,67.33,1,3
4534,151133,67.34,1,3
4535,151166,67.41,1,3
4536,151200,67.48,1,3
4537,151233,67.17,1,3
4538,151266,66.62,1,3
4539,151300,66.3,1,3
4540,151333,70.03,1,3
4541,151366,73.75,1,3
4542,151400,77.85,1,4
4543,151433,81.67,1,4
4544,151466,84.7,1,4
4545,151500,83.62,1,4
4546,151533,81.17,1,4
4547,151566,78.19,1,4
4548,151600,75.74,1,4
4549,151633,73.34,1,3
4550,151666,68.48,1,3
4551,151700,65,1,3
4552,151733,62.64,1,3
4553,151766,60.28,1,3
4554,151800,58.42,1,3
4555,151833,58.41,1,3
4556,151866,58.2,1,3
4557,151900,57.39,1,3
4558,151933,56.97,1,3
4559,151966,56.54,1,3
4560,152000,56.72,1,3
4561,152033,57.46,1,3
4562,152066,58.19,1,3
4563,152100,58.55,1,3
4564,152133,60.77,1,3
4565,152166,63,1,3
4566,152200,64.43,1,3
4567,152233,65.86,1,3
4568,152266,67.09,1,3
4569,152300,66.45,1,3
4570,152333,65.8,1,3
4571,152366,65.78,1,3
4572,152400,65.76,1,3
4573,152433,65.84,1,3
4574,152466,65.86,1,3
4575,152500,65.89,1,3
4576,152533,65.72,1,3
4577,152566,65.26,1,3
4578,152600,64.9,1,3
4579,152633,64.59,1,3
4580,152666,64.51,1,3
4581,152700,64.45,1,3
4582,152733,64.68,1,3
4583,152766,64.92,1,3
4584,152800,65.15,1,3
4585,152833,65.16,1,3
4586,152866,65.74,1,3
4587,152900,66.31,1,3
4588,152933,66.88,1,3
4589,152966,67.07,1,3
4590,153000,67.26,1,3
4591,153033,66.85,1,3
4592,153066,66.29,1,3
4593,153100,65.89,1,3
4594,153133,65.71,1,3
4595,153166,64.14,1,3
4596,153200,62.6,1,3
4597,153233,60.68,1,3
4598,153266,57.84,1,3
4599,153300,55.16,1,3
4600,153333,53.93,1,3
4601,153366,52.71,1,3
4602,153400,52.01,1,3
4603,153433,52.62,1,3
4604,153466,53.23,1,3
4605,153500,53.78,1,3
4606,153533,53.76,1,3
4607,153566,52.84,1,3
4608,153600,51.38,1,3
4609,153633,50.01,1,3
4610,153666,48.64,1,2
4611,153700,47.82,1,2
4612,153733,49.52,1,2
4613,153766,51.23,1,3
4614,153800,52.84,1,3
4615,153833,55.7,1,3
4616,153866,59.07,1,3
4617,153900,60.83,1,3
4618,153933,62.59,1,3
4619,153966,64.46,1,3
4620,154000,65.07,1,3
4621,154033,65.18,1,3
4622,154066,65.08,1,3
4623,154100,64.97,1,3
4624,154133,64.76,1,3
4625,154166,64.95,1,3
4626,154200,65.15,1,3
4627,154233,65.56,1,3
4628,154266,66.04,1,3
4629,154300,66.52,1,3
4630,154333,66.59,1,3
4631,154366,66.48,1,3
4632,154400,66.38,1,3
4633,154433,66.2,1,3
4634,154466,66.14,1,3
4635,154500,66.07,1,3
4636,154533,66.19,1,3
4637,154566,67.01,1,3
4638,154600,67.84,1,3
4639,154633,68.12,1,3
4640,154666,68.32,1,3
4641,154700,68.51,1,3
4642,154733,68,1,3
4643,154766,67.63,1,3
4644,154800,67.68,1,3
4645,154833,67.8,1,3
4646,154866,67.07,1,3
4647,154900,66.35,1,3
4648,154933,65.14,1,3
4649,154966,62.85,1,3
4650,155000,60.59,1,3
4651,155033,58.96,1,3
4652,155066,57.32,1,3
4653,155100,56.02,1,3
4654,155133,56.23,1,3
4655,155166,56.44,1,3
4656,155200,56.88,1,3
4657,155233,56.91,1,3
4658,155266,56.1,1,3
4659,155300,54.86,1,3
4660,155333,58.08,1,3
4661,155366,61.3,1,3
4662,155400,64.92,1,3
4663,155433,69.5,1,3
4664,155466,74.07,1,3
4665,155500,74.19,1,3
4666,155533,74.81,1,3
4667,155566,75.43,1,4
4668,155600,75.85,1,4
4669,155633,75.2,1,4
4670,155666,74.2,1,3
4671,155700,72.69,1,3
4672,155733,71.19,1,3
4673,155766,69.75,1,3
4674,155800,69.38,1,3
4675,155833,69.33,1,3
4676,155866,69.05,1,3
4677,155900,68.77,1,3
4678,155933,68.51,1,3
4679,155966,68.12,1,3
4680,156000,67.77,1,3
4681,156033,67.63,1,3
4682,156066,67.43,1,3
4683,156100,67.22,1,3
4684,156133,67.08,1,3
4685,156166,66.85,1,3
4686,156200,66.62,1,3
4687,156233,66.46,1,3
4688,156266,67.23,1,3
4689,156300,68.07,1,3
4690,156333,68.73,1,3
4691,156366,69.13,1,3
4692,156400,69.53,1,3
4693,156433,69,1,3
4694,156466,68.84,1,3
4695,156500,68.93,1,3
4696,156533,69.26,1,3
4697,156566,66.89,1,3
4698,156600,64.52,1,3
4699,156633,61.29,1,3
4700,156666,57.87,1,3
4701,156700,54.49,1,3
4702,156733,53.49,1,3
4703,156766,52.28,1,3
4704,156800,51.56,1,3
4705,156833,51.28,1,3
4706,156866,51,1,3
4707,156900,51.03,1,3
4708,156933,51.2,1,3
4709,156966,51.37,1,3
4710,157000,51.29,1,3
4711,157033,52.27,1,3
4712,157066,53.25,1,3
4713,157100,54.31,1,3
4714,157133,55.75,1,3
4715,157166,57.19,1,3
4716,157200,57.56,1,3
4717,157233,58.79,1,3
4718,157266,60.01,1,3
4719,157300,60.63,1,3
4720,157333,61.26,1,3
4721,157366,62.22,1,3
4722,157400,62.33,1,3
4723,157433,62.44,1,3
4724,157466,63.31,1,3
4725,157500,64.18,1,3
4726,157533,64.73,1,3
4727,157566,65.32,1,3
4728,157600,65.91,1,3
4729,157633,65.95,1,3
4730,157666,66.1,1,3
4731,157700,66.25,1,3
4732,157733,66.35,1,3
4733,157766,66.54,1,3
4734,157800,66.73,1,3
4735,157833,66.81,1,3
4736,157866,66.82,1,3
4737,157900,66.84,1,3
4738,157933,66.77,1,3
4739,157966,67.15,1,3
4740,158000,67.53,1,3
4741,158033,67.98,1,3
4742,158066,68.61,1,3
4743,158100,69.25,1,3
4744,158133,69.43,1,3
4745,158166,69.52,1,3
4746,158200,69.61,1,3
4747,158233,68.64,1,3
4748,158266,67.55,1,3
4749,158300,66.59,1,3
4750,158333,65.56,1,3
4751,158366,63.74,1,3
4752,158400,62.78,1,3
4753,158433,61.58,1,3
4754,158466,59.9,1,3
4755,158500,58.38,1,3
4756,158533,57.32,1,3
4757,158566,56.2,1,3
4758,158600,55.44,1,3
4759,158633,54.69,1,3
4760,158666,53.93,1,3
4761,158700,53.52,1,3
4762,158733,53.36,1,3
4763,158766,53.2,1,3
4764,158800,53.39,1,3
4765,158833,54.01,1,3
4766,158866,54.63,1,3
4767,158900,55.06,1,3
4768,158933,56.77,1,3
4769,158966,58.49,1,3
4770,159000,59.65,1,3
4771,159033,60.81,1,3
4772,159066,62.42,1,3
4773,159100,62.74,1,3
4774,159133,63.06,1,3
4775,159166,63.84,1,3
4776,159200,64.61,1,3
4777,159233,64.94,1,3
4778,159266,65.24,1,3
4779,159300,65.66,1,3
4780,159333,70.81,1,3
4781,159366,76.76,1,4
4782,159400,82.72,1,4
4783,159433,88.37,1,4
4784,159466,93.74,1,4
4785,159500,94.03,1,4
4786,159533,93.06,1,4
4787,159566,91.67,1,4
4788,159600,90.62,1,4
4789,159633,87.35,1,4
4790,159666,83.64,1,4
4791,159700,80.4,1,4
4792,159733,77.57,1,4
4793,159766,75.39,1,4
4794,159800,75.6,1,4
4795,159833,76.25,1,4
4796,159866,77.11,1,4
4797,159900,77.96,1,4
4798,159933,76.84,1,4
4799,159966,74.99,1,3
4800,160000,73.13,1,3
4801,160033,70.78,1,3
4802,160066,67.01,1,3
4803,160100,64.56,1,3
4804,160133,61.97,1,3
4805,160166,58.63,1,3
4806,160200,55.58,1,3
4807,160233,55,1,3
4808,160266,54.42,1,3
4809,160300,54.72,1,3
4810,160333,55.36,1,3
4811,160366,54.72,1,3
4812,160400,53.04,1,3
4813,160433,52.63,1,3
4814,160466,52.23,1,3
4815,160500,52.22,1,3
4816,160533,53.92,1,3
4817,160566,55.63,1,3
4818,160600,56.06,1,3
4819,160633,57.07,1,3
4820,160666,58.07,1,3
4821,160700,58.79,1,3
4822,160733,60.25,1,3
4823,160766,61.81,1,3
4824,160800,62.79,1,3
4825,160833,63.77,1,3
4826,160866,64.76,1,3
4827,160900,65,1,3
4828,160933,65.17,1,3
4829,160966,65.54,1,3
4830,161000,65.91,1,3
4831,161033,66.13,1,3
4832,161066,66.31,1,3
4833,161100,66.47,1,3
4834,161133,66.43,1,3
4835,161166,67.06,1,3
4836,161200,67.7,1,3
4837,161233,68,1,3
4838,161266,68.18,1,3
4839,161300,68.36,1,3
4840,161333,67.87,1,3
4841,161366,67.55,1,3
4842,161400,67.6,1,3
4843,161433,67.78,1,3
4844,161466,68.34,1,3
4845,161500,68.91,1,3
4846,161533,69.29,1,3
4847,161566,70.59,1,3
4848,161600,71.88,1,3
4849,161633,71.5,1,3
4850,161666,70.62,1,3
4851,161700,69.74,1,3
4852,161733,67.65,1,3
4853,161766,63.91,1,3
4854,161800,61.46,1,3
4855,161833,59.16,1,3
4856,161866,55.52,1,3
4857,161900,52.18,1,3
4858,161933,51.51,1,3
4859,161966,50.84,1,3
4860,162000,50.52,1,3
4861,162033,51.18,1,3
4862,162066,51.06,1,3
4863,162100,49.91,1,2
4864,162133,49.13,1,2
4865,162166,48.34,1,2
4866,162200,47.91,1,2
4867,162233,48.93,1,2
4868,162266,49.96,1,2
4869,162300,50.63,1,3
4870,162333,52.17,1,3
4871,162366,53.71,1,3
4872,162400,54.58,1,3
4873,162433,55.98,1,3
4874,162466,58.15,1,3
4875,162500,59.46,1,3
4876,162533,60.76,1,3
4877,162566,62.33,1,3
4878,162600,63.38,1,3
4879,162633,63.66,1,3
4880,162666,64.6,1,3
4881,162700,65.55,1,3
4882,162733,66.23,1,3
4883,162766,66.95,1,3
4884,162800,67.67,1,3
4885,162833,67.71,1,3
4886,162866,67.85,1,3
4887,162900,67.98,1,3
4888,162933,68.07,1,3
4889,162966,68.11,1,3
4890,163000,68.15,1,3
4891,163033,68.1,1,3
4892,163066,68.08,1,3
4893,163100,68.06,1,3
4894,163133,68.1,1,3
4895,163166,68.71,1,3
4896,163200,69.32,1,3
4897,163233,69.9,1,3
4898,163266,72,1,3
4899,163300,74.2,1,3
4900,163333,77.43,1,4
4901,163366,80.67,1,4
4902,163400,83.66,1,4
4903,163433,84.5,1,4
4904,163466,83.95,1,4
4905,163500,81.78,1,4
4906,163533,79.09,1,4
4907,163566,75.06,1,4
4908,163600,71.65,1,3
4909,163633,68.71,1,3
4910,163666,65.27,1,3
4911,163700,62.35,1,3
4912,163733,59.5,1,3
4913,163766,56.18,1,3
4914,163800,53.69,1,3
4915,163833,52.01,1,3
4916,163866,50.32,1,3
4917,163900,50.16,1,3
4918,163933,50.07,1,3
4919,163966,49.96,1,2
4920,164000,49.54,1,2
4921,164033,50.34,1,3
4922,164066,51.13,1,3
4923,164100,52.32,1,3
4924,164133,54.49,1,3
4925,164166,56.66,1,3
4926,164200,57.33,1,3
4927,164233,58.01,1,3
4928,164266,59.47,1,3
4929,164300,59.97,1,3
4930,164333,60.47,1,3
4931,164366,62.2,1,3
4932,164400,63.94,1,3
4933,164433,64.89,1,3
4934,164466,66.4,1,3
4935,164500,67.9,1,3
4936,164533,68.45,1,3
4937,164566,69.32,1,3
4938,164600,70.19,1,3
4939,164633,70.01,1,3
4940,164666,69.72,1,3
4941,164700,69.44,1,3
4942,164733,68.83,1,3
4943,164766,68.72,1,3
4944,164800,69.11,1,3
4945,164833,69.62,1,3
4946,164866,70.7,1,3
4947,164900,71.79,1,3
4948,164933,72.37,1,3
4949,164966,73.75,1,3
4950,165000,75.14,1,4
4951,165033,74.91,1,3
4952,165066,74.39,1,3
4953,165100,73.91,1,3
4954,165133,72.59,1,3
4955,165166,70.22,1,3
4956,165200,68.88,1,3
4957,165233,67.64,1,3
4958,165266,65.09,1,3
4959,165300,62.57,1,3
4960,165333,60.96,1,3
4961,165366,58.62,1,3
4962,165400,56.47,1,3
4963,165433,55.03,1,3
4964,165466,52.39,1,3
4965,165500,49.88,1,2
4966,165533,47.83,1,2
4967,165566,45.78,1,2
4968,165600,44.29,1,2
4969,165633,44.45,1,2
4970,165666,44.6,1,2
4971,165700,45.02,1,2
4972,165733,46.94,1,2
4973,165766,48.87,1,2
4974,165800,50.37,1,3
4975,165833,53.13,1,3
4976,165866,55.89,1,3
4977,165900,57.23,1,3
4978,165933,58.78,1,3
4979,165966,60.33,1,3
4980,166000,60.39,1,3
4981,166033,60.46,1,3
4982,166066,61.49,1,3
4983,166100,62.32,1,3
4984,166133,63.15,1,3
4985,166166,64.81,1,3
4986,166200,66.46,1,3
4987,166233,67.08,1,3
4988,166266,68.62,1,3
4989,166300,70.16,1,3
4990,166333,70.48,1,3
4991,166366,70.69,1,3
4992,166400,70.9,1,3
4993,166433,70.18,1,3
4994,166466,69.4,1,3
4995,166500,69.22,1,3
4996,166533,69.16,1,3
4997,166566,69.62,1,3
4998,166600,70.07,1,3
4999,166633,70.59,1,3
5000,166666,71.97,1,3
5001,166700,73.35,1,3
5002,166733,73.89,1,3
5003,166766,74.17,1,3
5004,166800,74.45,1,3
5005,166833,73.45,1,3
5006,166866,72.07,1,3
5007,166900,71.01,1,3
5008,166933,70.09,1,3
5009,166966,68.02,1,3
5010,167000,66.37,1,3
5011,167033,64.46,1,3
5012,167066,60.83,1,3
5013,167100,57.33,1,3
5014,167133,54.43,1,3
5015,167166,50.65,1,3
5016,167200,47.52,1,2
5017,167233,46,1,2
5018,167266,44.48,1,2
5019,167300,43.5,1,2
5020,167333,49.17,1,2
5021,167366,54.84,1,3
5022,167400,60.61,1,3
5023,167433,66.83,1,3
5024,167466,73.05,1,3
5025,167500,73.51,1,3
5026,167533,74.61,1,3
5027,167566,75.71,1,4
5028,167600,75.86,1,4
5029,167633,75.36,1,4
5030,167666,73.89,1,3
5031,167700,71.05,1,3
5032,167733,68.21,1,3
5033,167766,66.76,1,3
5034,167800,65.96,1,3
5035,167833,66.14,1,3
5036,167866,67.93,1,3
5037,167900,69.72,1,3
5038,167933,70.62,1,3
5039,167966,72.97,1,3
5040,168000,75.31,1,4
5041,168033,75.72,1,4
5042,168066,75.93,1,4
5043,168100,76.14,1,4
5044,168133,74.79,1,3
5045,168166,73.25,1,3
5046,168200,72.74,1,3
5047,168233,72.43,1,3
5048,168266,72.32,1,3
5049,168300,72.34,1,3
5050,168333,72.55,1,3
5051,168366,73.63,1,3
5052,168400,74.7,1,3
5053,168433,75.45,1,4
5054,168466,75.64,1,4
5055,168500,75.82,1,4
5056,168533,74.45,1,3
5057,168566,72.57,1,3
5058,168600,70.81,1,3
5059,168633,69.16,1,3
5060,168666,66.72,1,3
5061,168700,64.96,1,3
5062,168733,63.44,1,3
5063,168766,60.44,1,3
5064,168800,57.91,1,3
5065,168833,55.72,1,3
5066,168866,53.1,1,3
5067,168900,50.75,1,3
5068,168933,49.31,1,2
5069,168966,46.62,1,2
5070,169000,44.38,1,2
5071,169033,43.89,1,2
5072,169066,43.39,1,2
5073,169100,43.46,1,2
5074,169133,45.58,1,2
5075,169166,47.7,1,2
5076,169200,48.51,1,2
5077,169233,49.84,1,2
5078,169266,51.17,1,3
5079,169300,51.69,1,3
5080,169333,52.99,1,3
5081,169366,54.29,1,3
5082,169400,55.08,1,3
5083,169433,56.21,1,3
5084,169466,58.24,1,3
5085,169500,59.5,1,3
5086,169533,60.75,1,3
5087,169566,63.62,1,3
5088,169600,66.15,1,3
5089,169633,67.77,1,3
5090,169666,70.52,1,3
5091,169700,73.28,1,3
5092,169733,73.41,1,3
5093,169766,73.33,1,3
5094,169800,73.24,1,3
5095,169833,72.01,1,3
5096,169866,70.72,1,3
5097,169900,70.43,1,3
5098,169933,70.37,1,3
5099,169966,70.43,1,3
5100,170000,70.51,1,3
5101,170033,70.63,1,3
5102,170066,70.92,1,3
5103,170100,71.2,1,3
5104,170133,71.36,1,3
5105,170166,71.79,1,3
5106,170200,72.22,1,3
5107,170233,71.51,1,3
5108,170266,70.54,1,3
5109,170300,69.57,1,3
5110,170333,68.06,1,3
5111,170366,65.43,1,3
5112,170400,63.79,1,3
5113,170433,62.17,1,3
5114,170466,59.44,1,3
5115,170500,56.97,1,3
5116,170533,55.01,1,3
5117,170566,53.05,1,3
5118,170600,51.32,1,3
5119,170633,50.39,1,3
5120,170666,48.48,1,2
5121,170700,47.17,1,2
5122,170733,46.55,1,2
5123,170766,45.93,1,2
5124,170800,45.64,1,2
5125,170833,46.58,1,2
5126,170866,47.53,1,2
5127,170900,47.79,1,2
5128,170933,50.48,1,3
5129,170966,53.17,1,3
5130,171000,55.55,1,3
5131,171033,57.92,1,3
5132,171066,60.29,1,3
5133,171100,60.36,1,3
5134,171133,60.63,1,3
5135,171166,60.96,1,3
5136,171200,61.3,1,3
5137,171233,61.72,1,3
5138,171266,63.2,1,3
5139,171300,64.54,1,3
5140,171333,70.98,1,3
5141,171366,77.42,1,4
5142,171400,83.57,1,4
5143,171433,87.98,1,4
5144,171466,92.22,1,4
5145,171500,91.37,1,4
5146,171533,89.84,1,4
5147,171566,88.2,1,4
5148,171600,87.11,1,4
5149,171633,84.81,1,4
5150,171666,81.86,1,4
5151,171700,79.58,1,4
5152,171733,77.49,1,4
5153,171766,75.12,1,4
5154,171800,74.05,1,3
5155,171833,73.54,1,3
5156,171866,72.91,1,3
5157,171900,72.41,1,3
5158,171933,71.26,1,3
5159,171966,69.75,1,3
5160,172000,68.33,1,3
5161,172033,66.37,1,3
5162,172066,64.07,1,3
5163,172100,63.04,1,3
5164,172133,62.04,1,3
5165,172166,59.87,1,3
5166,172200,58.36,1,3
5167,172233,57.17,1,3
5168,172266,55.65,1,3
5169,172300,54.46,1,3
5170,172333,54.18,1,3
5171,172366,52.75,1,3
5172,172400,51.33,1,3
5173,172433,49.62,1,2
5174,172466,47.42,1,2
5175,172500,45.49,1,2
5176,172533,45.64,1,2
5177,172566,45.78,1,2
5178,172600,46.23,1,2
5179,172633,48.09,1,2
5180,172666,49.95,1,2
5181,172700,50.88,1,3
5182,172733,52.33,1,3
5183,172766,53.79,1,3
5184,172800,54.31,1,3
5185,172833,55.82,1,3
5186,172866,57.34,1,3
5187,172900,58.33,1,3
5188,172933,59.56,1,3
5189,172966,61.57,1,3
5190,173000,62.59,1,3
5191,173033,63.61,1,3
5192,173066,65.94,1,3
5193,173100,68.01,1,3
5194,173133,69.13,1,3
5195,173166,70.12,1,3
5196,173200,71.12,1,3
5197,173233,70.73,1,3
5198,173266,70.15,1,3
5199,173300,69.76,1,3
5200,173333,69.49,1,3
5201,173366,69.27,1,3
5202,173400,69.13,1,3
5203,173433,69.19,1,3
5204,173466,69.25,1,3
5205,173500,69.32,1,3
5206,173533,68.95,1,3
5207,173566,68.4,1,3
5208,173600,67.86,1,3
5209,173633,66.46,1,3
5210,173666,64.75,1,3
5211,173700,63.43,1,3
5212,173733,61.2,1,3
5213,173766,58.95,1,3
5214,173800,57.4,1,3
5215,173833,55.98,1,3
5216,173866,53.4,1,3
5217,173900,51.89,1,3
5218,173933,49.84,1,2
5219,173966,46.68,1,2
5220,174000,43.69,1,2
5221,174033,41.43,1,2
5222,174066,38.41,1,2
5223,174100,35.97,1,2
5224,174133,36.14,1,2
5225,174166,36.31,1,2
5226,174200,36.91,1,2
5227,174233,39.6,1,2
5228,174266,42.29,1,2
5229,174300,43.62,1,2
5230,174333,45.61,1,2
5231,174366,47.61,1,2
5232,174400,48.26,1,2
5233,174433,49.98,1,2
5234,174466,51.7,1,3
5235,174500,52.76,1,3
5236,174533,54.26,1,3
5237,174566,55.87,1,3
5238,174600,56.43,1,3
5239,174633,56.98,1,3
5240,174666,59.94,1,3
5241,174700,62.46,1,3
5242,174733,64.42,1,3
5243,174766,66.19,1,3
5244,174800,67.95,1,3
5245,174833,67.31,1,3
5246,174866,66.74,1,3
5247,174900,66.61,1,3
5248,174933,66.67,1,3
5249,174966,67.02,1,3
5250,175000,67.38,1,3
5251,175033,67.67,1,3
5252,175066,71.08,1,3
5253,175100,74.49,1,3
5254,175133,77.61,1,4
5255,175166,80.76,1,4
5256,175200,83.9,1,4
5257,175233,83.69,1,4
5258,175266,83.3,1,4
5259,175300,83.08,1,4
5260,175333,85.33,1,4
5261,175366,87.57,1,4
5262,175400,89.76,1,4
5263,175433,92.11,1,4
5264,175466,93.2,1,4
5265,175500,91.89,1,4
5266,175533,90.49,1,4
5267,175566,87.66,1,4
5268,175600,84.06,1,4
5269,175633,81.25,1,4
5270,175666,73.76,1,3
5271,175700,66.35,1,3
5272,175733,60.05,1,3
5273,175766,54.03,1,3
5274,175800,48.31,1,2
5275,175833,47.29,1,2
5276,175866,46.27,1,2
5277,175900,45.87,1,2
5278,175933,46.17,1,2
5279,175966,46.48,1,2
5280,176000,46.7,1,2
5281,176033,47.66,1,2
5282,176066,48.63,1,2
5283,176100,49.38,1,2
5284,176133,51.03,1,3
5285,176166,52.68,1,3
5286,176200,53.2,1,3
5287,176233,53.72,1,3
5288,176266,55.48,1,3
5289,176300,56.34,1,3
5290,176333,57.21,1,3
5291,176366,59.27,1,3
5292,176400,61.34,1,3
5293,176433,62.16,1,3
5294,176466,62.98,1,3
5295,176500,63.8,1,3
5296,176533,63.79,1,3
5297,176566,64.47,1,3
5298,176600,65.15,1,3
5299,176633,65.83,1,3
5300,176666,66.8,1,3
5301,176700,67.78,1,3
5302,176733,68.08,1,3
5303,176766,69.48,1,3
5304,176800,70.88,1,3
5305,176833,71.75,1,3
5306,176866,72.49,1,3
5307,176900,73.23,1,3
5308,176933,72.56,1,3
5309,176966,71.7,1,3
5310,177000,71.05,1,3
5311,177033,70.51,1,3
5312,177066,69.72,1,3
5313,177100,69.25,1,3
5314,177133,68.41,1,3
5315,177166,67.54,1,3
5316,177200,66.74,1,3
5317,177233,66.18,1,3
5318,177266,65.61,1,3
5319,177300,65.61,1,3
5320,177333,65.18,1,3
5321,177366,64.48,1,3
5322,177400,63.78,1,3
5323,177433,62.84,1,3
5324,177466,61.91,1,3
5325,177500,61.43,1,3
5326,177533,62.05,1,3
5327,177566,62.67,1,3
5328,177600,63.53,1,3
5329,177633,64.27,1,3
5330,177666,64.85,1,3
5331,177700,64.58,1,3
5332,177733,64.81,1,3
5333,177766,65.05,1,3
5334,177800,65.4,1,3
5335,177833,66.64,1,3
5336,177866,67.88,1,3
5337,177900,68.61,1,3
5338,177933,71.71,1,3
5339,177966,74.81,1,3
5340,178000,76.87,1,4
5341,178033,78.94,1,4
5342,178066,81.75,1,4
5343,178100,82.18,1,4
5344,178133,82.61,1,4
5345,178166,83.58,1,4
5346,178200,84.54,1,4
5347,178233,84,1,4
5348,178266,83.12,1,4
5349,178300,82.24,1,4
5350,178333,81.14,1,4
5351,178366,79.84,1,4
5352,178400,79.31,1,4
5353,178433,79.12,1,4
5354,178466,79.07,1,4
5355,178500,79.03,1,4
5356,178533,79.17,1,4
5357,178566,79.29,1,4
5358,178600,79.41,1,4
5359,178633,79.16,1,4
5360,178666,78.33,1,4
5361,178700,77.49,1,4
5362,178733,76.2,1,4
5363,178766,74.48,1,3
5364,178800,72.98,1,3
5365,178833,72.07,1,3
5366,178866,70.96,1,3
5367,178900,70.57,1,3
5368,178933,70.6,1,3
5369,178966,70.64,1,3
5370,179000,70.83,1,3
5371,179033,70.71,1,3
5372,179066,69.94,1,3
5373,179100,69.18,1,3
5374,179133,68.03,1,3
5375,179166,65.78,1,3
5376,179200,64.03,1,3
5377,179233,62.36,1,3
5378,179266,60.42,1,3
5379,179300,58.87,1,3
5380,179333,61.78,1,3
5381,179366,64.7,1,3
5382,179400,67.95,1,3
5383,179433,71.71,1,3
5384,179466,75.46,1,4
5385,179500,75.69,1,4
5386,179533,75.8,1,4
5387,179566,75.91,1,4
5388,179600,75.01,1,4
5389,179633,73.73,1,3
5390,179666,71.93,1,3
5391,179700,70.76,1,3
5392,179733,69.7,1,3
5393,179766,71.15,1,3
5394,179800,72.98,1,3
5395,179833,75.32,1,4
5396,179866,77.46,1,4
5397,179900,79.48,1,4
5398,179933,79.78,1,4
5399,179966,80.67,1,4
5400,180000,81.55,1,4
5401,180033,81.2,1,4
5402,180066,79.84,1,4
5403,180100,78.47,1,4
5404,180133,75.88,1,4
5405,180166,72.7,1,3
5406,180200,70.45,1,3
5407,180233,69.21,1,3
5408,180266,68.84,1,3
5409,180300,69.12,1,3
5410,180333,69.98,1,3
5411,180366,71.66,1,3
5412,180400,73.34,1,3
5413,180433,74.15,1,3
5414,180466,75.27,1,4
5415,180500,76.38,1,4
5416,180533,76.67,1,4
5417,180566,76.72,1,4
5418,180600,77.16,1,4
5419,180633,77.33,1,4
5420,180666,77.5,1,4
5421,180700,78.1,1,4
5422,180733,78.52,1,4
5423,180766,76.61,1,4
5424,180800,74.68,1,3
5425,180833,72.23,1,3
5426,180866,68.1,1,3
5427,180900,64.42,1,3
5428,180933,62.09,1,3
5429,180966,58.53,1,3
5430,181000,55.49,1,3
5431,181033,53.04,1,3
5432,181066,50.47,1,3
5433,181100,48.45,1,2
5434,181133,48,1,2
5435,181166,47.56,1,2
5436,181200,47.77,1,2
5437,181233,50.64,1,3
5438,181266,53.5,1,3
5439,181300,56.02,1,3
5440,181333,59.12,1,3
5441,181366,62.21,1,3
5442,181400,62.49,1,3
5443,181433,62.76,1,3
5444,181466,63.43,1,3
5445,181500,63.52,1,3
5446,181533,63.61,1,3
5447,181566,64.01,1,3
5448,181600,64.41,1,3
5449,181633,64.43,1,3
5450,181666,66.22,1,3
5451,181700,68.01,1,3
5452,181733,69.78,1,3
5453,181766,72.21,1,3
5454,181800,74.65,1,3
5455,181833,75.49,1,4
5456,181866,76.19,1,4
5457,181900,76.9,1,4
5458,181933,76.95,1,4
5459,181966,77.58,1,4
5460,182000,78.02,1,4
5461,182033,78,1,4
5462,182066,76.85,1,4
5463,182100,75.7,1,4
5464,182133,73.98,1,3
5465,182166,71.71,1,3
5466,182200,70.03,1,3
5467,182233,68.98,1,3
5468,182266,67.5,1,3
5469,182300,66.44,1,3
5470,182333,65.87,1,3
5471,182366,65.29,1,3
5472,182400,65.21,1,3
5473,182433,66.57,1,3
5474,182466,67.5,1,3
5475,182500,68.51,1,3
5476,182533,69.19,1,3
5477,182566,69.05,1,3
5478,182600,67.91,1,3
5479,182633,66.5,1,3
5480,182666,64.6,1,3
5481,182700,63.04,1,3
5482,182733,62.29,1,3
5483,182766,61.53,1,3
5484,182800,61.05,1,3
5485,182833,61.59,1,3
5486,182866,62.12,1,3
5487,182900,62.66,1,3
5488,182933,62.6,1,3
5489,182966,62.55,1,3
5490,183000,61.96,1,3
5491,183033,62.32,1,3
5492,183066,62.68,1,3
5493,183100,63.64,1,3
5494,183133,64.96,1,3
5495,183166,66.28,1,3
5496,183200,66.37,1,3
5497,183233,66.45,1,3
5498,183266,67.26,1,3
5499,183300,67.91,1,3
5500,183333,74.3,1,3
5501,183366,80.98,1,4
5502,183400,87.64,1,4
5503,183433,92.69,1,4
5504,183466,97.48,1,4
5505,183500,96.52,1,4
5506,183533,95.51,1,4
5507,183566,94.22,1,4
5508,183600,93.81,1,4
5509,183633,92.69,1,4
5510,183666,90.77,1,4
5511,183700,88.91,1,4
5512,183733,86.91,1,4
5513,183766,84.3,1,4
5514,183800,82.45,1,4
5515,183833,80.77,1,4
5516,183866,78.35,1,4
5517,183900,76.36,1,4
5518,183933,74.98,1,3
5519,183966,73.63,1,3
5520,184000,72.92,1,3
5521,184033,72.08,1,3
5522,184066,70.75,1,3
5523,184100,69.91,1,3
5524,184133,68.55,1,3
5525,184166,65.52,1,3
5526,184200,63.35,1,3
5527,184233,62.61,1,3
5528,184266,61.36,1,3
5529,184300,60.62,1,3
5530,184333,61.97,1,3
5531,184366,63.32,1,3
5532,184400,63.74,1,3
5533,184433,63.84,1,3
5534,184466,62.43,1,3
5535,184500,60.61,1,3
5536,184533,60.21,1,3
5537,184566,59.82,1,3
5538,184600,59.76,1,3
5539,184633,61.2,1,3
5540,184666,62.63,1,3
5541,184700,62.63,1,3
5542,184733,62.94,1,3
5543,184766,63.24,1,3
5544,184800,62.69,1,3
5545,184833,62.13,1,3
5546,184866,62.68,1,3
5547,184900,62.96,1,3
5548,184933,63.23,1,3
5549,184966,64.92,1,3
5550,185000,66.61,1,3
5551,185033,67.2,1,3
5552,185066,68.06,1,3
5553,185100,68.91,1,3
5554,185133,69.2,1,3
5555,185166,73.95,1,3
5556,185200,78.7,1,4
5557,185233,81.59,1,4
5558,185266,84.15,1,4
5559,185300,86.71,1,4
5560,185333,84.82,1,4
5561,185366,82.9,1,4
5562,185400,82.54,1,4
5563,185433,82.51,1,4
5564,185466,82.89,1,4
5565,185500,83.28,1,4
5566,185533,83.01,1,4
5567,185566,82.04,1,4
5568,185600,81.07,1,4
5569,185633,79.32,1,4
5570,185666,77.08,1,4
5571,185700,75.52,1,4
5572,185733,74.67,1,3
5573,185766,73.63,1,3
5574,185800,72.95,1,3
5575,185833,72.25,1,3
5576,185866,71.33,1,3
5577,185900,70.63,1,3
5578,185933,69.89,1,3
5579,185966,67.02,1,3
5580,186000,64.67,1,3
5581,186033,61.99,1,3
5582,186066,57.55,1,3
5583,186100,53.34,1,3
5584,186133,51.45,1,3
5585,186166,49.55,1,2
5586,186200,48.21,1,2
5587,186233,49.33,1,2
5588,186266,50.46,1,3
5589,186300,51.39,1,3
5590,186333,53,1,3
5591,186366,54.6,1,3
5592,186400,55.28,1,3
5593,186433,58.12,1,3
5594,186466,60.95,1,3
5595,186500,63.12,1,3
5596,186533,66.33,1,3
5597,186566,69.55,1,3
5598,186600,70.29,1,3
5599,186633,71.03,1,3
5600,186666,72.26,1,3
5601,186700,72.42,1,3
5602,186733,72.59,1,3
5603,186766,73,1,3
5604,186800,73.41,1,3
5605,186833,73.34,1,3
5606,186866,72.63,1,3
5607,186900,71.91,1,3
5608,186933,71.26,1,3
5609,186966,71.57,1,3
5610,187000,71.88,1,3
5611,187033,72.83,1,3
5612,187066,75.73,1,4
5613,187100,78.64,1,4
5614,187133,80.59,1,4
5615,187166,82.89,1,4
5616,187200,85.18,1,4
5617,187233,85.53,1,4
5618,187266,85.99,1,4
5619,187300,86.54,1,4
5620,187333,88.82,1,4
5621,187366,91.29,1,4
5622,187400,93.76,1,4
5623,187433,96.02,1,4
5624,187466,98.17,1,4
5625,187500,98.23,1,4
5626,187533,97.18,1,4
5627,187566,95.75,1,4
5628,187600,94.41,1,4
5629,187633,92.63,1,4
5630,187666,87.23,1,4
5631,187700,82.75,1,4
5632,187733,77.97,1,4
5633,187766,71.24,1,3
5634,187800,64.97,1,3
5635,187833,61.78,1,3
5636,187866,57.46,1,3
5637,187900,53.83,1,3
5638,187933,51.78,1,3
5639,187966,49.73,1,2
5640,188000,48.23,1,2
5641,188033,47.42,1,2
5642,188066,46.37,1,2
5643,188100,45.69,1,2
5644,188133,46.2,1,2
5645,188166,46.7,1,2
5646,188200,47.64,1,2
5647,188233,50.79,1,3
5648,188266,53.93,1,3
5649,188300,55.78,1,3
5650,188333,57.62,1,3
5651,188366,60.19,1,3
5652,188400,60.79,1,3
5653,188433,61.4,1,3
5654,188466,64.46,1,3
5655,188500,67.53,1,3
5656,188533,69.88,1,3
5657,188566,73.3,1,3
5658,188600,76.71,1,4
5659,188633,76.71,1,4
5660,188666,76.58,1,4
5661,188700,76.44,1,4
5662,188733,75.24,1,4
5663,188766,74.13,1,3
5664,188800,74.11,1,3
5665,188833,74.21,1,3
5666,188866,74.15,1,3
5667,188900,74.09,1,3
5668,188933,73.92,1,3
5669,188966,73.87,1,3
5670,189000,73.82,1,3
5671,189033,73.93,1,3
5672,189066,74.13,1,3
5673,189100,74.33,1,3
5674,189133,74.41,1,3
5675,189166,74.74,1,3
5676,189200,75.06,1,4
5677,189233,73.77,1,3
5678,189266,72.25,1,3
5679,189300,70.74,1,3
5680,189333,68.98,1,3
5681,189366,66.87,1,3
5682,189400,66.31,1,3
5683,189433,65.72,1,3
5684,189466,65.01,1,3
5685,189500,64.31,1,3
5686,189533,62.89,1,3
5687,189566,60.49,1,3
5688,189600,58.35,1,3
5689,189633,56.11,1,3
5690,189666,53.88,1,3
5691,189700,52.7,1,3
5692,189733,52.51,1,3
5693,189766,52.33,1,3
5694,189800,52.34,1,3
5695,189833,53.73,1,3
5696,189866,55.12,1,3
5697,189900,56.5,1,3
5698,189933,58.15,1,3
5699,189966,59.81,1,3
5700,190000,60.08,1,3
5701,190033,61.22,1,3
5702,190066,62.56,1,3
5703,190100,63.87,1,3
5704,190133,65.94,1,3
5705,190166,68.01,1,3
5706,190200,69.07,1,3
5707,190233,69.93,1,3
5708,190266,72.71,1,3
5709,190300,74.74,1,3
5710,190333,75.31,1,4
5711,190366,75.95,1,4
5712,190400,76.59,1,4
5713,190433,74.99,1,3
5714,190466,73.23,1,3
5715,190500,72.92,1,3
5716,190533,72.69,1,3
5717,190566,72.36,1,3
5718,190600,72.09,1,3
5719,190633,71.98,1,3
5720,190666,72.46,1,3
5721,190700,72.96,1,3
5722,190733,73.55,1,3
5723,190766,73.9,1,3
5724,190800,74.25,1,3
5725,190833,73.97,1,3
5726,190866,73.26,1,3
5727,190900,72.55,1,3
5728,190933,70.81,1,3
5729,190966,68.76,1,3
5730,191000,66.73,1,3
5731,191033,65.11,1,3
5732,191066,63.14,1,3
5733,191100,62.46,1,3
5734,191133,61.73,1,3
5735,191166,60.76,1,3
5736,191200,59.81,1,3
5737,191233,58.86,1,3
5738,191266,56.35,1,3
5739,191300,54.2,1,3
5740,191333,61.01,1,3
5741,191366,67.95,1,3
5742,191400,75.23,1,4
5743,191433,84.07,1,4
5744,191466,92.43,1,4
5745,191500,92.09,1,4
5746,191533,91.43,1,4
5747,191566,90.19,1,4
5748,191600,88.96,1,4
5749,191633,88.08,1,4
5750,191666,85.89,1,4
5751,191700,83.88,1,4
5752,191733,82.45,1,4
5753,191766,80.56,1,4
5754,191800,78.8,1,4
5755,191833,78.91,1,4
5756,191866,79.02,1,4
5757,191900,78.72,1,4
5758,191933,78.86,1,4
5759,191966,79.19,1,4
5760,192000,78.95,1,4
5761,192033,78.45,1,4
5762,192066,78.06,1,4
5763,192100,77.68,1,4
5764,192133,76.36,1,4
5765,192166,74.87,1,3
5766,192200,73.64,1,3
5767,192233,72.57,1,3
5768,192266,71.36,1,3
5769,192300,70.91,1,3
5770,192333,70.63,1,3
5771,192366,70.86,1,3
5772,192400,71.22,1,3
5773,192433,71.57,1,3
5774,192466,71.76,1,3
5775,192500,71.94,1,3
5776,192533,70.79,1,3
5777,192566,69.11,1,3
5778,192600,67.58,1,3
5779,192633,65.85,1,3
5780,192666,63.79,1,3
5781,192700,62.58,1,3
5782,192733,61.89,1,3
5783,192766,60.6,1,3
5784,192800,59.67,1,3
5785,192833,58.84,1,3
5786,192866,57.32,1,3
5787,192900,55.81,1,3
5788,192933,54.39,1,3
5789,192966,51.71,1,3
5790,193000,49.27,1,2
5791,193033,49.04,1,2
5792,193066,48.81,1,2
5793,193100,49.08,1,2
5794,193133,50.41,1,3
5795,193166,51.73,1,3
5796,193200,51.52,1,3
5797,193233,53.21,1,3
5798,193266,54.9,1,3
5799,193300,56.81,1,3
5800,193333,58.64,1,3
5801,193366,60.48,1,3
5802,193400,60.41,1,3
5803,193433,61.26,1,3
5804,193466,62.29,1,3
5805,193500,63.62,1,3
5806,193533,65.03,1,3
5807,193566,67.96,1,3
5808,193600,69.97,1,3
5809,193633,71.8,1,3
5810,193666,74.76,1,3
5811,193700,77.65,1,4
5812,193733,76.69,1,4
5813,193766,75.5,1,4
5814,193800,74.32,1,3
5815,193833,71.37,1,3
5816,193866,68.28,1,3
5817,193900,67.52,1,3
5818,193933,66.98,1,3
5819,193966,66.32,1,3
5820,194000,66.05,1,3
5821,194033,65.93,1,3
5822,194066,65.71,1,3
5823,194100,65.51,1,3
5824,194133,65.19,1,3
5825,194166,64.8,1,3
5826,194200,64.41,1,3
5827,194233,63.65,1,3
5828,194266,62.67,1,3
5829,194300,61.92,1,3
5830,194333,60.85,1,3
5831,194366,59.7,1,3
5832,194400,59.08,1,3
5833,194433,58.51,1,3
5834,194466,56.73,1,3
5835,194500,55.33,1,3
5836,194533,53.93,1,3
5837,194566,51.95,1,3
5838,194600,50.14,1,3
5839,194633,49.28,1,2
5840,194666,47.97,1,2
5841,194700,46.75,1,2
5842,194733,46.72,1,2
5843,194766,46.69,1,2
5844,194800,46.92,1,2
5845,194833,49.15,1,2
5846,194866,51.38,1,3
5847,194900,52.93,1,3
5848,194933,54.87,1,3
5849,194966,56.81,1,3
5850,195000,57.21,1,3
5851,195033,57.87,1,3
5852,195066,58.54,1,3
5853,195100,58.81,1,3
5854,195133,59.55,1,3
5855,195166,60.37,1,3
5856,195200,60.93,1,3
5857,195233,61.49,1,3
5858,195266,63.43,1,3
5859,195300,64.98,1,3
5860,195333,71.55,1,3
5861,195366,78.23,1,4
5862,195400,84.8,1,4
5863,195433,89.63,1,4
5864,195466,94.07,1,4
5865,195500,93.4,1,4
5866,195533,92.26,1,4
5867,195566,90.79,1,4
5868,195600,89.67,1,4
5869,195633,86.17,1,4
5870,195666,81.82,1,4
5871,195700,77.82,1,4
5872,195733,74.05,1,3
5873,195766,69.81,1,3
5874,195800,68.27,1,3
5875,195833,67.58,1,3
5876,195866,66.62,1,3
5877,195900,65.89,1,3
5878,195933,64.55,1,3
5879,195966,63.17,1,3
5880,196000,61.66,1,3
5881,196033,59.93,1,3
5882,196066,58.17,1,3
5883,196100,57.51,1,3
5884,196133,56.71,1,3
5885,196166,55.25,1,3
5886,196200,54.28,1,3
5887,196233,52.84,1,3
5888,196266,50.53,1,3
5889,196300,48.4,1,2
5890,196333,47.32,1,2
5891,196366,46.25,1,2
5892,196400,45.66,1,2
5893,196433,46.91,1,2
5894,196466,48.17,1,2
5895,196500,49.15,1,2
5896,196533,50.86,1,3
5897,196566,52.56,1,3
5898,196600,53.27,1,3
5899,196633,55.64,1,3
5900,196666,58.01,1,3
5901,196700,59.67,1,3
5902,196733,61.28,1,3
5903,196766,62.88,1,3
5904,196800,62.65,1,3
5905,196833,62.43,1,3
5906,196866,62.15,1,3
5907,196900,61.93,1,3
5908,196933,61.71,1,3
5909,196966,62.66,1,3
5910,197000,63.6,1,3
5911,197033,64.6,1,3
5912,197066,66.18,1,3
5913,197100,67.77,1,3
5914,197133,67.37,1,3
5915,197166,66.83,1,3
5916,197200,66.3,1,3
5917,197233,64.98,1,3
5918,197266,63.53,1,3
5919,197300,63.07,1,3
5920,197333,62.74,1,3
5921,197366,62.48,1,3
5922,197400,62.41,1,3
5923,197433,62.48,1,3
5924,197466,62.51,1,3
5925,197500,62.55,1,3
5926,197533,62.07,1,3
5927,197566,61.46,1,3
5928,197600,60.86,1,3
5929,197633,59.69,1,3
5930,197666,58.42,1,3
5931,197700,57.7,1,3
5932,197733,57.01,1,3
5933,197766,56.07,1,3
5934,197800,55.72,1,3
5935,197833,55.33,1,3
5936,197866,53.73,1,3
5937,197900,52.23,1,3
5938,197933,50.69,1,3
5939,197966,48.41,1,2
5940,198000,46.27,1,2
5941,198033,44.95,1,2
5942,198066,43.4,1,2
5943,198100,42.15,1,2
5944,198133,42.15,1,2
5945,198166,42.15,1,2
5946,198200,42.43,1,2
5947,198233,45.12,1,2
5948,198266,47.81,1,2
5949,198300,49.99,1,2
5950,198333,52.43,1,3
5951,198366,54.87,1,3
5952,198400,55.13,1,3
5953,198433,56.24,1,3
5954,198466,57.34,1,3
5955,198500,58.19,1,3
5956,198533,59.13,1,3
5957,198566,60.2,1,3
5958,198600,60.41,1,3
5959,198633,60.63,1,3
5960,198666,61.64,1,3
5961,198700,62.56,1,3
5962,198733,63.36,1,3
5963,198766,64.24,1,3
5964,198800,65.11,1,3
5965,198833,64.44,1,3
5966,198866,63.6,1,3
5967,198900,62.76,1,3
5968,198933,61.85,1,3
5969,198966,61,1,3
5970,199000,60.89,1,3
5971,199033,60.95,1,3
5972,199066,61.24,1,3
5973,199100,61.53,1,3
5974,199133,61.65,1,3
5975,199166,61.51,1,3
5976,199200,61.37,1,3
5977,199233,60.61,1,3
5978,199266,59.59,1,3
5979,199300,58.94,1,3
5980,199333,65.83,1,3
5981,199366,72.72,1,3
5982,199400,79.68,1,4
5983,199433,86.61,1,4
5984,199466,92.94,1,4
5985,199500,92.32,1,4
5986,199533,91.28,1,4
5987,199566,89.32,1,4
5988,199600,87.65,1,4
5989,199633,85.75,1,4
5990,199666,78.83,1,4
5991,199700,72.33,1,3
5992,199733,66.23,1,3
5993,199766,59.46,1,3
5994,199800,53.26,1,3
5995,199833,52.78,1,3
5996,199866,52.31,1,3
5997,199900,52.7,1,3
5998,199933,54.72,1,3
5999,199966,56.73,1,3
6000,200000,57.7,1,3
6001,200033,60.29,1,3
6002,200066,62.88,1,3
6003,200100,64.5,1,3
6004,200133,65.83,1,3
6005,200166,67.17,1,3
6006,200200,66.48,1,3
6007,200233,65.79,1,3
6008,200266,65.07,1,3
6009,200300,64.48,1,3
6010,200333,63.89,1,3
6011,200366,64.18,1,3
6012,200400,64.47,1,3
6013,200433,64.13,1,3
6014,200466,63.82,1,3
6015,200500,63.51,1,3
6016,200533,62.36,1,3
6017,200566,61.04,1,3
6018,200600,60.38,1,3
6019,200633,59.81,1,3
6020,200666,59.18,1,3
6021,200700,58.92,1,3
6022,200733,58.83,1,3
6023,200766,58.71,1,3
6024,200800,58.62,1,3
6025,200833,58.58,1,3
6026,200866,58.6,1,3
6027,200900,58.63,1,3
6028,200933,58.69,1,3
6029,200966,58.52,1,3
6030,201000,58.36,1,3
6031,201033,58.13,1,3
6032,201066,57.82,1,3
6033,201100,57.5,1,3
6034,201133,57.41,1,3
6035,201166,57.4,1,3
6036,201200,57.64,1,3
6037,201233,57.71,1,3
6038,201266,56.68,1,3
6039,201300,55.64,1,3
6040,201333,53.98,1,3
6041,201366,51.62,1,3
6042,201400,49.51,1,2
6043,201433,48.25,1,2
6044,201466,46.98,1,2
6045,201500,46.27,1,2
6046,201533,46.24,1,2
6047,201566,46.2,1,2
6048,201600,46.43,1,2
6049,201633,48.01,1,2
6050,201666,49.6,1,2
6051,201700,50.97,1,3
6052,201733,52.21,1,3
6053,201766,53.22,1,3
6054,201800,52.88,1,3
6055,201833,53.57,1,3
6056,201866,54.26,1,3
6057,201900,55.06,1,3
6058,201933,56.18,1,3
6059,201966,57.31,1,3
6060,202000,57.41,1,3
6061,202033,57.5,1,3
6062,202066,57.94,1,3
6063,202100,58.31,1,3
6064,202133,58.59,1,3
6065,202166,58.73,1,3
6066,202200,58.87,1,3
6067,202233,58.66,1,3
6068,202266,58.4,1,3
6069,202300,58.21,1,3
6070,202333,58.16,1,3
6071,202366,58.36,1,3
6072,202400,58.57,1,3
6073,202433,58.68,1,3
6074,202466,58.79,1,3
6075,202500,58.9,1,3
6076,202533,58.77,1,3
6077,202566,58.66,1,3
6078,202600,58.69,1,3
6079,202633,58.43,1,3
6080,202666,58.03,1,3
6081,202700,57.63,1,3
6082,202733,57.21,1,3
6083,202766,57.29,1,3
6084,202800,57.66,1,3
6085,202833,58.14,1,3
6086,202866,58.13,1,3
6087,202900,58.12,1,3
6088,202933,57.4,1,3
6089,202966,55.53,1,3
6090,203000,53.69,1,3
6091,203033,51.99,1,3
6092,203066,50.29,1,3
6093,203100,48.79,1,2
6094,203133,47.52,1,2
6095,203166,46.23,1,2
6096,203200,45.29,1,2
6097,203233,44.06,1,2
6098,203266,42.71,1,2
6099,203300,42.29,1,2
6100,203333,49.83,1,2
6101,203366,57.36,1,3
6102,203400,65.18,1,3
6103,203433,72.82,1,3
6104,203466,80.06,1,4
6105,203500,79.35,1,4
6106,203533,78.66,1,4
6107,203566,77.96,1,4
6108,203600,77.48,1,4
6109,203633,76.98,1,4
6110,203666,74.95,1,3
6111,203700,71.61,1,3
6112,203733,68.28,1,3
6113,203766,65.14,1,3
6114,203800,62.44,1,3
6115,203833,61.14,1,3
6116,203866,61,1,3
6117,203900,60.85,1,3
6118,203933,60.59,1,3
6119,203966,60.39,1,3
6120,204000,60.3,1,3
6121,204033,60.35,1,3
6122,204066,60.96,1,3
6123,204100,61.58,1,3
6124,204133,61.65,1,3
6125,204166,61.58,1,3
6126,204200,61.51,1,3
6127,204233,60.83,1,3
6128,204266,60.05,1,3
6129,204300,59.76,1,3
6130,204333,59.61,1,3
6131,204366,59.38,1,3
6132,204400,59.18,1,3
6133,204433,59.1,1,3
6134,204466,60.39,1,3
6135,204500,61.68,1,3
6136,204533,62.04,1,3
6137,204566,62.14,1,3
6138,204600,62.23,1,3
6139,204633,60.58,1,3
6140,204666,57.65,1,3
6141,204700,55.74,1,3
6142,204733,53.82,1,3
6143,204766,50.44,1,3
6144,204800,47.43,1,2
6145,204833,45.49,1,2
6146,204866,43.4,1,2
6147,204900,41.59,1,2
6148,204933,41.58,1,2
6149,204966,41.57,1,2
6150,205000,41.77,1,2
6151,205033,42.26,1,2
6152,205066,42.74,1,2
6153,205100,42.89,1,2
6154,205133,43.34,1,2
6155,205166,43.79,1,2
6156,205200,44.1,1,2
6157,205233,45.42,1,2
6158,205266,46.74,1,2
6159,205299,47.76,1,2
6160,205333,49.87,1,2
6161,205366,51.97,1,3
6162,205400,53.01,1,3
6163,205433,54.05,1,3
6164,205466,55.89,1,3
6165,205500,56.64,1,3
6166,205533,57.2,1,3
6167,205566,57.81,1,3
6168,205600,58.43,1,3
6169,205633,58.25,1,3
6170,205666,58.53,1,3
6171,205700,59,1,3
6172,205733,59.47,1,3
6173,205766,60.49,1,3
6174,205799,61.5,1,3
6175,205833,61.69,1,3
6176,205866,61.8,1,3
6177,205900,61.91,1,3
6178,205933,61.14,1,3
6179,205966,60.27,1,3
6180,206000,59.76,1,3
6181,206033,59.22,1,3
6182,206066,58.55,1,3
6183,206100,58.22,1,3
6184,206133,57.98,1,3
6185,206166,58.97,1,3
6186,206200,60.08,1,3
6187,206233,59.71,1,3
6188,206266,59.28,1,3
6189,206299,58.85,1,3
6190,206333,56.87,1,3
6191,206366,54.18,1,3
6192,206400,53.07,1,3
6193,206433,51.77,1,3
6194,206466,49.34,1,2
6195,206500,47.24,1,2
6196,206533,46.15,1,2
6197,206566,45.07,1,2
6198,206600,44.24,1,2
6199,206633,44.26,1,2
6200,206666,43.67,1,2
6201,206700,42.77,1,2
6202,206733,41.85,1,2
6203,206766,40.93,1,2
6204,206799,40.29,1,2
6205,206833,40.56,1,2
6206,206866,40.83,1,2
6207,206900,41.12,1,2
6208,206933,43.06,1,2
6209,206966,45,1,2
6210,207000,46.64,1,2
6211,207033,49.37,1,2
6212,207066,52.09,1,3
6213,207100,52.98,1,3
6214,207133,53.87,1,3
6215,207166,55.06,1,3
6216,207200,55.17,1,3
6217,207233,55.28,1,3
6218,207266,55.88,1,3
6219,207299,56.65,1,3
6220,207333,64.35,1,3
6221,207366,72.32,1,3
6222,207400,80.3,1,4
6223,207433,87.97,1,4
6224,207466,95.79,1,4
6225,207500,96.41,1,4
6226,207533,95.46,1,4
6227,207566,94.37,1,4
6228,207600,93.27,1,4
6229,207633,88.58,1,4
6230,207666,83.78,1,4
6231,207700,79.37,1,4
6232,207733,75.09,1,4
6233,207766,70.3,1,3
6234,207799,68.77,1,3
6235,207833,67.35,1,3
6236,207866,68.03,1,3
6237,207900,68.7,1,3
6238,207933,68.92,1,3
6239,207966,68.88,1,3
6240,208000,68.84,1,3
6241,208033,67.04,1,3
6242,208066,63.35,1,3
6243,208100,60.64,1,3
6244,208133,57.76,1,3
6245,208166,54.28,1,3
6246,208200,51.37,1,3
6247,208233,49.92,1,2
6248,208266,48.19,1,2
6249,208299,46.9,1,2
6250,208333,46.71,1,2
6251,208366,46.52,1,2
6252,208400,46.75,1,2
6253,208433,47.16,1,2
6254,208466,47.57,1,2
6255,208500,47.48,1,2
6256,208533,47.07,1,2
6257,208566,46.46,1,2
6258,208600,45.95,1,2
6259,208633,46.41,1,2
6260,208666,46.88,1,2
6261,208700,47.65,1,2
6262,208733,49.21,1,2
6263,208766,50.78,1,3
6264,208799,51.37,1,3
6265,208833,52.22,1,3
6266,208866,53.07,1,3
6267,208900,53.12,1,3
6268,208933,53.18,1,3
6269,208966,53.92,1,3
6270,209000,54.4,1,3
6271,209033,54.87,1,3
6272,209066,56.42,1,3
6273,209100,57.98,1,3
6274,209133,58.85,1,3
6275,209166,60.91,1,3
6276,209200,62.96,1,3
6277,209233,62.62,1,3
6278,209266,62.19,1,3
6279,209299,61.77,1,3
6280,209333,60.17,1,3
6281,209366,58.58,1,3
6282,209400,58.52,1,3
6283,209433,58.39,1,3
6284,209466,58.16,1,3
6285,209500,57.94,1,3
6286,209533,57.7,1,3
6287,209566,58.71,1,3
6288,209600,59.87,1,3
6289,209633,60.07,1,3
6290,209666,60.07,1,3
6291,209700,60.07,1,3
6292,209733,58.32,1,3
6293,209766,56.34,1,3
6294,209799,55.64,1,3
6295,209833,54.91,1,3
6296,209866,52.61,1,3
6297,209900,50.82,1,3
6298,209933,48.94,1,2
6299,209966,45.62,1,2
6300,210000,42.54,1,2
6301,210033,41.12,1,2
6302,210066,39.71,1,2
6303,210100,38.62,1,2
6304,210133,38.36,1,2
6305,210166,38.02,1,2
6306,210200,37.56,1,2
6307,210233,37.61,1,2
6308,210266,37.66,1,2
6309,210299,38.07,1,2
6310,210333,40.47,1,2
6311,210366,42.86,1,2
6312,210400,44.75,1,2
6313,210433,47.96,1,2
6314,210466,51.17,1,3
6315,210500,52.48,1,3
6316,210533,54.1,1,3
6317,210566,55.71,1,3
6318,210600,55.8,1,3
6319,210633,55.89,1,3
6320,210666,56.57,1,3
6321,210700,56.94,1,3
6322,210733,57.32,1,3
6323,210766,58.75,1,3
6324,210799,60.17,1,3
6325,210833,61.02,1,3
6326,210866,63.53,1,3
6327,210900,66.05,1,3
6328,210933,66.11,1,3
6329,210966,66.01,1,3
6330,211000,65.92,1,3
6331,211033,63.68,1,3
6332,211066,61.24,1,3
6333,211100,60.43,1,3
6334,211133,59.67,1,3
6335,211166,58.85,1,3
6336,211200,58.5,1,3
6337,211233,58.35,1,3
6338,211266,58.95,1,3
6339,211299,59.72,1,3
6340,211333,66.42,1,3
6341,211366,73.12,1,3
6342,211400,79.67,1,4
6343,211433,84.87,1,4
6344,211466,89.89,1,4
6345,211500,89.03,1,4
6346,211533,87.91,1,4
6347,211566,85.51,1,4
6348,211600,83.71,1,4
6349,211633,81.55,1,4
6350,211666,73.55,1,3
6351,211700,65.81,1,3
6352,211733,58.59,1,3
6353,211766,51.21,1,3
6354,211799,44.29,1,2
6355,211833,42.97,1,2
6356,211866,41.41,1,2
6357,211900,40.77,1,2
6358,211933,42.34,1,2
6359,211966,43.92,1,2
6360,212000,45.74,1,2
6361,212033,48.83,1,2
6362,212066,51.93,1,3
6363,212100,52.96,1,3
6364,212133,54.93,1,3
6365,212166,56.9,1,3
6366,212200,57.6,1,3
6367,212233,58.3,1,3
6368,212266,59.29,1,3
6369,212299,59.34,1,3
6370,212333,59.4,1,3
6371,212366,59.81,1,3
6372,212400,60.22,1,3
6373,212433,60.34,1,3
6374,212466,61.17,1,3
6375,212500,62.01,1,3
6376,212533,62.73,1,3
6377,212566,63.83,1,3
6378,212600,64.94,1,3
6379,212633,64.17,1,3
6380,212666,63,1,3
6381,212700,61.83,1,3
6382,212733,60.19,1,3
6383,212766,58.4,1,3
6384,212799,57.78,1,3
6385,212833,57.54,1,3
6386,212866,57.2,1,3
6387,212900,56.94,1,3
6388,212933,56.84,1,3
6389,212966,56.66,1,3
6390,213000,56.49,1,3
6391,213033,56.35,1,3
6392,213066,56.03,1,3
6393,213100,55.71,1,3
6394,213133,55.03,1,3
6395,213166,54.31,1,3
6396,213200,53.7,1,3
6397,213233,53.15,1,3
6398,213266,51.62,1,3
6399,213299,50.51,1,3
6400,213333,49.25,1,2
6401,213366,47.23,1,2
6402,213400,45.33,1,2
6403,213433,43.9,1,2
6404,213466,41.78,1,2
6405,213500,39.84,1,2
6406,213533,38.92,1,2
6407,213566,38,1,2
6408,213600,37.58,1,2
6409,213633,40.27,1,2
6410,213666,42.96,1,2
6411,213700,45.35,1,2
6412,213733,49.34,1,2
6413,213766,53.34,1,3
6414,213799,54.94,1,3
6415,213833,56.4,1,3
6416,213866,57.86,1,3
6417,213900,57.72,1,3
6418,213933,57.88,1,3
6419,213966,58.05,1,3
6420,214000,58.24,1,3
6421,214033,58.43,1,3
6422,214066,58.63,1,3
6423,214100,58.52,1,3
6424,214133,58.41,1,3
6425,214166,58.94,1,3
6426,214200,59.47,1,3
6427,214233,60,1,3
6428,214266,60.35,1,3
6429,214299,60.7,1,3
6430,214333,60.33,1,3
6431,214366,59.93,1,3
6432,214400,59.52,1,3
6433,214433,59.03,1,3
6434,214466,58.43,1,3
6435,214500,58,1,3
6436,214533,57.62,1,3
6437,214566,57.2,1,3
6438,214600,57.06,1,3
6439,214633,56.92,1,3
6440,214666,56.63,1,3
6441,214700,56.34,1,3
6442,214733,56.07,1,3
6443,214766,55.94,1,3
6444,214799,55.92,1,3
6445,214833,55.59,1,3
6446,214866,55.05,1,3
6447,214900,54.72,1,3
6448,214933,54.05,1,3
6449,214966,52.6,1,3
6450,215000,51.62,1,3
6451,215033,50.45,1,3
6452,215066,48.81,1,2
6453,215100,47.38,1,2
6454,215133,45.68,1,2
6455,215166,43.97,1,2
6456,215200,42.66,1,2
6457,215233,42.04,1,2
6458,215266,41.43,1,2
6459,215299,41.88,1,2
6460,215333,41.88,1,2
6461,215366,41.88,1,2
6462,215400,41.88,1,2
6463,215433,41.88,1,2
6464,215466,41.88,1,2
6465,215500,41.88,1,2
6466,215533,41.88,1,2
6467,215566,41.88,1,2
6468,215600,41.88,1,2
6469,215633,41.88,1,2
6470,215666,41.88,1,2
6471,215700,41.88,1,2
6472,215733,41.88,1,2
6473,215766,41.88,1,2
6474,215799,41.88,1,2
6475,215833,41.88,1,2
6476,215866,41.88,1,2
6477,215900,41.88,1,2
6478,215933,41.88,1,2
6479,215966,41.88,1,2
6480,216000,41.88,1,2
6481,216033,41.88,1,2
6482,216066,41.88,1,2
6483,216100,41.88,1,2
6484,216133,41.88,1,2
6485,216166,41.88,1,2
6486,216200,41.88,1,2
6487,216233,41.88,1,2
6488,216266,41.88,1,2
6489,216299,41.88,1,2
6490,216333,41.88,1,2
6491,216366,41.88,1,2
6492,216400,41.88,1,2
6493,216433,41.88,1,2
6494,216466,41.88,1,2
6495,216500,41.88,1,2
6496,216533,41.88,1,2
6497,216566,41.88,1,2
6498,216600,41.88,1,2
6499,216633,41.88,1,2
6500,216666,41.88,1,2
6501,216700,41.88,1,2
6502,216733,41.88,1,2
6503,216766,41.88,1,2
6504,216799,41.88,1,2
6505,216833,41.88,1,2
6506,216866,51.56,1,3
6507,216900,49.56,1,2
6508,216933,50.08,1,3
6509,216966,50.6,1,3
6510,217000,51.44,1,3
6511,217033,52.89,1,3
6512,217066,54.35,1,3
6513,217100,54.97,1,3
6514,217133,55.83,1,3
6515,217166,56.7,1,3
6516,217200,56.94,1,3
6517,217233,57.23,1,3
6518,217266,57.53,1,3
6519,217299,57.48,1,3
6520,217333,57.36,1,3
6521,217366,57.08,1,3
6522,217400,56.75,1,3
6523,217433,56.42,1,3
6524,217466,56.41,1,3
6525,217500,56.48,1,3
6526,217533,56.7,1,3
6527,217566,56.71,1,3
6528,217600,56.73,1,3
6529,217633,56.3,1,3
6530,217666,55.81,1,3
6531,217700,55.32,1,3
6532,217733,55.02,1,3
6533,217766,55.38,1,3
6534,217799,55.96,1,3
6535,217833,56.35,1,3
6536,217866,56.65,1,3
6537,217900,56.95,1,3
6538,217933,56.61,1,3
6539,217966,56.83,1,3
6540,218000,57.32,1,3
6541,218033,56.93,1,3
6542,218066,56.44,1,3
6543,218100,55.95,1,3
6544,218133,54.89,1,3
6545,218166,53.94,1,3
6546,218200,54.25,1,3
6547,218233,54.36,1,3
6548,218266,53.85,1,3
6549,218299,53.35,1,3
6550,218333,52.99,1,3
6551,218366,52.33,1,3
6552,218400,51.97,1,3
6553,218433,51.73,1,3
6554,218466,50.58,1,3
6555,218500,49.18,1,2
6556,218533,47.48,1,2
6557,218566,45.71,1,2
6558,218600,44.43,1,2
6559,218633,44.87,1,2
6560,218666,45.3,1,2
6561,218700,46.03,1,2
6562,218733,48.77,1,2
6563,218766,51.52,1,3
6564,218799,53.46,1,3
6565,218833,55.1,1,3
6566,218866,56.69,1,3
6567,218900,56.33,1,3
6568,218933,56.19,1,3
6569,218966,56.04,1,3
6570,219000,56.17,1,3
6571,219033,56.35,1,3
6572,219066,56.47,1,3
6573,219100,56.38,1,3
6574,219133,56.29,1,3
6575,219166,56.45,1,3
6576,219200,56.62,1,3
6577,219233,56.58,1,3
6578,219266,56.45,1,3
6579,219299,56.4,1,3
6580,219333,62.25,1,3
6581,219366,69.11,1,3
6582,219400,76.25,1,4
6583,219433,83.18,1,4
6584,219466,89.88,1,4
6585,219500,90.45,1,4
6586,219533,89.81,1,4
6587,219566,88.72,1,4
6588,219600,87.93,1,4
6589,219633,84.32,1,4
6590,219666,80.21,1,4
6591,219700,75.69,1,4
6592,219733,70.74,1,3
6593,219766,65.45,1,3
6594,219799,63.29,1,3
6595,219833,61.6,1,3
6596,219866,60.52,1,3
6597,219900,60.31,1,3
6598,219933,60,1,3
6599,219966,58.71,1,3
6600,220000,57.45,1,3
6601,220033,56.05,1,3
6602,220066,54.65,1,3
6603,220100,53.69,1,3
6604,220133,53.02,1,3
6605,220166,51.55,1,3
6606,220200,50.21,1,3
6607,220233,48.74,1,2
6608,220266,47.27,1,2
6609,220299,46.33,1,2
6610,220333,46.9,1,2
6611,220366,47.47,1,2
6612,220400,48.17,1,2
6613,220433,51.01,1,3
6614,220466,53.85,1,3
6615,220500,55.99,1,3
6616,220533,57.68,1,3
6617,220566,59.36,1,3
6618,220600,58.73,1,3
6619,220633,58.1,1,3
6620,220666,57.38,1,3
6621,220700,57.11,1,3
6622,220733,56.84,1,3
6623,220766,57.09,1,3
6624,220799,57.34,1,3
6625,220833,57.28,1,3
6626,220866,57.15,1,3
6627,220900,57.01,1,3
6628,220933,56.53,1,3
6629,220966,55.93,1,3
6630,221000,55.73,1,3
6631,221033,55.62,1,3
6632,221066,55.89,1,3
6633,221100,56.16,1,3
6634,221133,56.54,1,3
6635,221166,57.61,1,3
6636,221200,58.67,1,3
6637,221233,59.35,1,3
6638,221266,60.25,1,3
6639,221299,61.15,1,3
6640,221333,61.38,1,3
6641,221366,61.42,1,3
6642,221400,61.46,1,3
6643,221433,60.62,1,3
6644,221466,59.07,1,3
6645,221500,57.52,1,3
6646,221533,55.86,1,3
6647,221566,53.83,1,3
6648,221600,52.47,1,3
6649,221633,51.67,1,3
6650,221666,50.87,1,3
6651,221700,50.37,1,3
6652,221733,49.96,1,2
6653,221766,49.55,1,2
6654,221799,49.29,1,2
6655,221833,48.53,1,2
6656,221866,46.66,1,2
6657,221900,45.04,1,2
6658,221933,43.61,1,2
6659,221966,42.18,1,2
6660,222000,41.24,1,2
6661,222033,43.16,1,2
6662,222066,45.08,1,2
6663,222100,46.82,1,2
6664,222133,49.42,1,2
6665,222166,52.03,1,3
6666,222200,52.57,1,3
6667,222233,53.11,1,3
6668,222266,53.92,1,3
6669,222299,53.85,1,3
6670,222333,53.79,1,3
6671,222366,54.37,1,3
6672,222400,54.96,1,3
6673,222433,55.27,1,3
6674,222466,55.64,1,3
6675,222500,56.01,1,3
6676,222533,56.06,1,3
6677,222566,56.21,1,3
6678,222600,56.37,1,3
6679,222633,56.44,1,3
6680,222666,56.42,1,3
6681,222700,56.39,1,3
6682,222733,56.27,1,3
6683,222766,56.25,1,3
6684,222799,56.26,1,3
6685,222833,56.37,1,3
6686,222866,56.88,1,3
6687,222900,57.39,1,3
6688,222933,57.8,1,3
6689,222966,58.16,1,3
6690,223000,58.51,1,3
6691,223033,57.94,1,3
6692,223066,57.11,1,3
6693,223100,56.54,1,3
6694,223133,55.77,1,3
6695,223166,53.84,1,3
6696,223200,52.42,1,3
6697,223233,51.04,1,3
6698,223266,49.02,1,2
6699,223299,47.26,1,2
6700,223333,53.48,1,3
6701,223366,59.7,1,3
6702,223400,66.14,1,3
6703,223433,72.83,1,3
6704,223466,79.51,1,4
6705,223500,79.35,1,4
6706,223533,78.8,1,4
6707,223566,77.12,1,4
6708,223600,75.58,1,4
6709,223633,73.68,1,3
6710,223666,70.28,1,3
6711,223700,67.29,1,3
6712,223733,65.01,1,3
6713,223766,62.72,1,3
6714,223799,60.82,1,3
6715,223833,60.45,1,3
6716,223866,60.08,1,3
6717,223900,59.84,1,3
6718,223933,59.6,1,3
6719,223966,59.1,1,3
6720,224000,58.55,1,3
6721,224033,57.98,1,3
6722,224066,57.47,1,3
6723,224100,56.96,1,3
6724,224133,56.71,1,3
6725,224166,56.55,1,3
6726,224200,56.4,1,3
6727,224233,56.48,1,3
6728,224266,56.77,1,3
6729,224299,57.06,1,3
6730,224333,57.26,1,3
6731,224366,57.44,1,3
6732,224400,57.61,1,3
6733,224433,57.49,1,3
6734,224466,57.27,1,3
6735,224500,57.05,1,3
6736,224533,56.86,1,3
6737,224566,57.54,1,3
6738,224600,58.31,1,3
6739,224633,58.97,1,3
6740,224666,59.47,1,3
6741,224700,60.1,1,3
6742,224733,59.73,1,3
6743,224766,58.16,1,3
6744,224799,56.8,1,3
6745,224833,55.22,1,3
6746,224866,52.13,1,3
6747,224900,49.16,1,2
6748,224933,46.96,1,2
6749,224966,44.58,1,2
6750,225000,42.56,1,2
6751,225033,42.9,1,2
6752,225066,43.24,1,2
6753,225100,44.01,1,2
6754,225133,44.86,1,2
6755,225166,45.72,1,2
6756,225200,45.62,1,2
6757,225233,45.6,1,2
6758,225266,45.58,1,2
6759,225299,45.66,1,2
6760,225333,46.22,1,2
6761,225366,46.78,1,2
6762,225400,47.26,1,2
6763,225433,48.86,1,2
6764,225466,50.45,1,3
6765,225500,51.42,1,3
6766,225533,52.38,1,3
6767,225566,53.5,1,3
6768,225600,53.5,1,3
6769,225633,53.5,1,3
6770,225666,54.32,1,3
6771,225700,55.13,1,3
6772,225733,55.78,1,3
6773,225766,56.32,1,3
6774,225799,56.86,1,3
6775,225833,56.75,1,3
6776,225866,56.72,1,3
6777,225900,56.68,1,3
6778,225933,56.71,1,3
6779,225966,56.68,1,3
6780,226000,56.64,1,3
6781,226033,56.53,1,3
6782,226066,56.22,1,3
6783,226100,55.96,1,3
6784,226133,55.77,1,3
6785,226166,56.18,1,3
6786,226200,56.58,1,3
6787,226233,57.18,1,3
6788,226266,58.12,1,3
6789,226299,59.06,1,3
6790,226333,59.31,1,3
6791,226366,59.11,1,3
6792,226400,58.92,1,3
6793,226433,58.19,1,3
6794,226466,55.13,1,3
6795,226500,52.15,1,3
6796,226533,49.06,1,2
6797,226566,45.57,1,2
6798,226600,42.27,1,2
6799,226633,41.08,1,2
6800,226666,39.89,1,2
6801,226700,39.27,1,2
6802,226733,39.87,1,2
6803,226766,40.46,1,2
6804,226799,41.28,1,2
6805,226833,41.74,1,2
6806,226866,42.05,1,2
6807,226900,41.53,1,2
6808,226933,41.57,1,2
6809,226966,41.62,1,2
6810,227000,42.03,1,2
6811,227033,43.29,1,2
6812,227066,44.55,1,2
6813,227100,45.25,1,2
6814,227133,47.52,1,2
6815,227166,49.78,1,2
6816,227200,51.28,1,3
6817,227233,52.78,1,3
6818,227266,54.83,1,3
6819,227299,55.36,1,3
6820,227333,62.95,1,3
6821,227366,70.6,1,3
6822,227400,78.07,1,4
6823,227433,84.99,1,4
6824,227466,91.85,1,4
6825,227500,91.66,1,4
6826,227533,90.72,1,4
6827,227566,89.67,1,4
6828,227600,88.61,1,4
6829,227633,83.31,1,4
6830,227666,77.54,1,4
6831,227700,72.53,1,3
6832,227733,67.57,1,3
6833,227766,62.37,1,3
6834,227799,61.42,1,3
6835,227833,60.93,1,3
6836,227866,61.78,1,3
6837,227900,62.88,1,3
6838,227933,64.22,1,3
6839,227966,66.21,1,3
6840,228000,68.19,1,3
6841,228033,67.38,1,3
6842,228066,65.81,1,3
6843,228100,64.24,1,3
6844,228133,61.68,1,3
6845,228166,56.64,1,3
6846,228200,53.05,1,3
6847,228233,49.8,1,2
6848,228266,45.59,1,2
6849,228299,41.72,1,2
6850,228333,41.29,1,2
6851,228366,40.85,1,2
6852,228400,40.83,1,2
6853,228433,42.13,1,2
6854,228466,43.43,1,2
6855,228500,43.79,1,2
6856,228533,44.36,1,2
6857,228566,44.94,1,2
6858,228600,45.16,1,2
6859,228633,46.57,1,2
6860,228666,47.97,1,2
6861,228700,49.15,1,2
6862,228733,51.17,1,3
6863,228766,53.2,1,3
6864,228799,53.92,1,3
6865,228833,54.65,1,3
6866,228866,55.89,1,3
6867,228900,56.3,1,3
6868,228933,56.71,1,3
6869,228966,57.37,1,3
6870,229000,58.03,1,3
6871,229033,58.18,1,3
6872,229066,58.61,1,3
6873,229100,59.05,1,3
6874,229133,59.34,1,3
6875,229166,60.42,1,3
6876,229200,61.49,1,3
6877,229233,62.1,1,3
6878,229266,62.65,1,3
6879,229299,63.21,1,3
6880,229333,62.9,1,3
6881,229366,62.52,1,3
6882,229400,62.31,1,3
6883,229433,61.59,1,3
6884,229466,60.76,1,3
6885,229500,60.02,1,3
6886,229533,59.34,1,3
6887,229566,60.31,1,3
6888,229600,61.84,1,3
6889,229633,62.43,1,3
6890,229666,62.85,1,3
6891,229700,63.44,1,3
6892,229733,62.2,1,3
6893,229766,59.59,1,3
6894,229799,58.04,1,3
6895,229833,56.37,1,3
6896,229866,52.68,1,3
6897,229900,49.17,1,2
6898,229933,46.67,1,2
6899,229966,43.52,1,2
6900,230000,40.67,1,2
6901,230033,39.55,1,2
6902,230066,38.44,1,2
6903,230100,37.68,1,2
6904,230133,38.12,1,2
6905,230166,38.55,1,2
6906,230200,39.09,1,2
6907,230233,40.6,1,2
6908,230266,42.11,1,2
6909,230299,43.08,1,2
6910,230333,44.97,1,2
6911,230366,46.86,1,2
6912,230400,47.78,1,2
6913,230433,49.42,1,2
6914,230466,51.55,1,3
6915,230500,52.77,1,3
6916,230533,53.99,1,3
6917,230566,55.93,1,3
6918,230600,57.15,1,3
6919,230633,57.87,1,3
6920,230666,58.77,1,3
6921,230700,59.66,1,3
6922,230733,59.66,1,3
6923,230766,59.54,1,3
6924,230799,59.43,1,3
6925,230833,59.15,1,3
6926,230866,59.57,1,3
6927,230900,60.16,1,3
6928,230933,60.26,1,3
6929,230966,60.19,1,3
6930,231000,60.13,1,3
6931,231033,59.35,1,3
6932,231066,58.91,1,3
6933,231100,59.08,1,3
6934,231133,59.41,1,3
6935,231166,59.69,1,3
6936,231200,59.97,1,3
6937,231233,59.92,1,3
6938,231266,61.01,1,3
6939,231299,62.24,1,3
6940,231333,68.34,1,3
6941,231366,74.44,1,3
6942,231400,80.29,1,4
6943,231433,84.97,1,4
6944,231466,87.97,1,4
6945,231500,86.16,1,4
6946,231533,83.75,1,4
6947,231566,80.53,1,4
6948,231600,77.34,1,4
6949,231633,75.05,1,4
6950,231666,69.35,1,3
6951,231700,64.24,1,3
6952,231733,58.73,1,3
6953,231766,52.7,1,3
6954,231799,47.31,1,2
6955,231833,45.62,1,2
6956,231866,43.93,1,2
6957,231900,43.7,1,2
6958,231933,44.68,1,2
6959,231966,45.67,1,2
6960,232000,46.36,1,2
6961,232033,47.78,1,2
6962,232066,49.2,1,2
6963,232100,49.92,1,2
6964,232133,51.71,1,3
6965,232166,53.5,1,3
6966,232200,54.34,1,3
6967,232233,55.19,1,3
6968,232266,56.36,1,3
6969,232299,56.46,1,3
6970,232333,56.57,1,3
6971,232366,57.11,1,3
6972,232400,57.66,1,3
6973,232433,57.87,1,3
6974,232466,58.9,1,3
6975,232500,59.92,1,3
6976,232533,60.73,1,3
6977,232566,62.84,1,3
6978,232600,64.95,1,3
6979,232633,64.98,1,3
6980,232666,64.84,1,3
6981,232700,64.7,1,3
6982,232733,63.26,1,3
6983,232766,61.51,1,3
6984,232799,61.04,1,3
6985,232833,60.61,1,3
6986,232866,59.98,1,3
6987,232900,59.35,1,3
6988,232933,59.02,1,3
6989,232966,59.27,1,3
6990,233000,59.64,1,3
6991,233033,59.21,1,3
6992,233066,58.61,1,3
6993,233100,58,1,3
6994,233133,56.57,1,3
6995,233166,52.88,1,3
6996,233200,50.2,1,3
6997,233233,47.44,1,2
6998,233266,43.55,1,2
6999,233299,39.9,1,2
7000,233333,39.97,1,2
7001,233366,40.03,1,2
7002,233400,40.33,1,2
7003,233433,41.7,1,2
7004,233466,43.06,1,2
7005,233500,42.98,1,2
7006,233533,43.06,1,2
7007,233566,43.15,1,2
7008,233600,43.33,1,2
7009,233633,44.51,1,2
7010,233666,45.7,1,2
7011,233700,46.72,1,2
7012,233733,48.35,1,2
7013,233766,49.97,1,2
7014,233799,50.59,1,3
7015,233833,51.71,1,3
7016,233866,52.99,1,3
7017,233900,53.64,1,3
7018,233933,54.3,1,3
7019,233966,55.21,1,3
7020,234000,55.6,1,3
7021,234033,55.85,1,3
7022,234066,56.69,1,3
7023,234100,57.53,1,3
7024,234133,58.12,1,3
7025,234166,59.96,1,3
7026,234200,61.81,1,3
7027,234233,63.05,1,3
7028,234266,64.81,1,3
7029,234299,66.56,1,3
7030,234333,65.42,1,3
7031,234366,64.21,1,3
7032,234400,63.01,1,3
7033,234433,61,1,3
7034,234466,58.93,1,3
7035,234500,58.5,1,3
7036,234533,58.14,1,3
7037,234566,58.6,1,3
7038,234600,59.37,1,3
7039,234633,60.14,1,3
7040,234666,60.36,1,3
7041,234700,60.59,1,3
7042,234733,59.85,1,3
7043,234766,57.13,1,3
7044,234799,54.48,1,3
7045,234833,52.03,1,3
7046,234866,48.79,1,2
7047,234900,45.69,1,2
7048,234933,44.31,1,2
7049,234966,41.97,1,2
7050,235000,39.97,1,2
7051,235033,39.23,1,2
7052,235066,38.5,1,2
7053,235100,38.01,1,2
7054,235133,38.47,1,2
7055,235166,38.94,1,2
7056,235200,38.93,1,2
7057,235233,39.84,1,2
7058,235266,40.74,1,2
7059,235299,41.66,1,2
7060,235333,41.66,1,2
7061,235366,41.66,1,2
7062,235400,41.66,1,2
7063,235433,41.66,1,2
7064,235466,41.66,1,2
7065,235500,41.66,1,2
7066,235533,41.66,1,2
7067,235566,41.66,1,2
7068,235600,41.66,1,2
7069,235633,41.66,1,2
7070,235666,41.66,1,2
7071,235700,41.66,1,2
7072,235733,41.66,1,2
7073,235766,41.66,1,2
7074,235799,41.66,1,2
7075,235833,41.66,1,2
7076,235866,41.66,1,2
7077,235900,41.66,1,2
7078,235933,41.66,1,2
7079,235966,41.66,1,2
7080,236000,41.66,1,2
7081,236033,41.66,1,2
7082,236066,41.66,1,2
7083,236100,41.66,1,2
7084,236133,41.66,1,2
7085,236166,41.66,1,2
7086,236200,41.66,1,2
7087,236233,41.66,1,2
7088,236266,41.66,1,2
7089,236299,41.66,1,2
7090,236333,41.66,1,2
7091,236366,41.66,1,2
7092,236400,41.66,1,2
7093,236433,41.66,1,2
7094,236466,41.66,1,2
7095,236500,41.66,1,2
7096,236533,51.58,1,3
7097,236566,47.67,1,2
7098,236600,43.76,1,2
7099,236633,41.95,1,2
7100,236666,39.94,1,2
7101,236700,38.18,1,2
7102,236733,37.55,1,2
7103,236766,36.92,1,2
7104,236799,36.63,1,2
7105,236833,36.82,1,2
7106,236866,37.01,1,2
7107,236900,37.27,1,2
7108,236933,38.85,1,2
7109,236966,40.42,1,2
7110,237000,41.73,1,2
7111,237033,45.29,1,2
7112,237066,48.84,1,2
7113,237100,51.09,1,3
7114,237133,53.84,1,3
7115,237166,56.95,1,3
7116,237200,57.82,1,3
7117,237233,58.69,1,3
7118,237266,59.89,1,3
7119,237299,60.58,1,3
7120,237333,60.55,1,3
7121,237366,60.24,1,3
7122,237400,59.92,1,3
7123,237433,59.28,1,3
7124,237466,60.8,1,3
7125,237500,62.67,1,3
7126,237533,64.84,1,3
7127,237566,68.23,1,3
7128,237600,71.62,1,3
7129,237633,71.83,1,3
7130,237666,72.03,1,3
7131,237700,72.23,1,3
7132,237733,69.19,1,3
7133,237766,65.77,1,3
7134,237799,63.38,1,3
7135,237833,60.99,1,3
7136,237866,59.04,1,3
7137,237900,59.09,1,3
7138,237933,59.45,1,3
7139,237966,59.6,1,3
7140,238000,59.74,1,3
7141,238033,58.73,1,3
7142,238066,56.73,1,3
7143,238100,54.82,1,3
7144,238133,52.84,1,3
7145,238166,49.51,1,2
7146,238200,46.89,1,2
7147,238233,44.94,1,2
7148,238266,42.6,1,2
7149,238299,40.53,1,2
7150,238333,39.9,1,2
7151,238366,39.27,1,2
7152,238400,38.97,1,2
7153,238433,38.83,1,2
7154,238466,38.37,1,2
7155,238500,37.83,1,2
7156,238533,38.4,1,2
7157,238566,38.98,1,2
7158,238600,39.78,1,2
7159,238633,42.74,1,2
7160,238666,45.71,1,2
7161,238700,47.55,1,2
7162,238733,50.96,1,3
7163,238766,55.08,1,3
7164,238799,57.35,1,3
7165,238833,59.62,1,3
7166,238866,61.96,1,3
7167,238900,62.74,1,3
7168,238933,62.56,1,3
7169,238966,62.17,1,3
7170,239000,61.78,1,3
7171,239033,61.31,1,3
7172,239066,61.28,1,3
7173,239100,61.51,1,3
7174,239133,61.94,1,3
7175,239166,64.01,1,3
7176,239200,66.08,1,3
7177,239233,67.16,1,3
7178,239266,68.12,1,3
7179,239299,69.2,1,3
7180,239333,73.11,1,3
7181,239366,78.16,1,4
7182,239400,83.77,1,4
7183,239433,88.66,1,4
7184,239466,93.32,1,4
7185,239500,93.51,1,4
7186,239533,91.89,1,4
7187,239566,89.89,1,4
7188,239600,88.72,1,4
7189,239633,86.4,1,4
7190,239666,81.18,1,4
7191,239700,75.38,1,4
7192,239733,69.76,1,3
7193,239766,62.15,1,3
7194,239799,55.8,1,3
7195,239833,51.79,1,3
7196,239866,48.48,1,2
7197,239900,45.37,1,2
7198,239933,43.84,1,2
7199,239966,41.61,1,2
7200,240000,39.96,1,2
7201,240033,38.56,1,2
7202,240066,37.12,1,2
7203,240100,36.09,1,2
7204,240133,36.81,1,2
7205,240166,37.54,1,2
7206,240200,38.55,1,2
7207,240233,40.92,1,2
7208,240266,43.28,1,2
7209,240299,44.59,1,2
7210,240333,47.9,1,2
7211,240366,51.2,1,3
7212,240400,53.2,1,3
7213,240433,56.47,1,3
7214,240466,60.23,1,3
7215,240500,61.99,1,3
7216,240533,63.75,1,3
7217,240566,66.24,1,3
7218,240600,67.47,1,3
7219,240633,67.92,1,3
7220,240666,67.77,1,3
7221,240700,67.62,1,3
7222,240733,66.74,1,3
7223,240766,65.96,1,3
7224,240799,65.46,1,3
7225,240833,65.56,1,3
7226,240866,66.26,1,3
7227,240900,66.97,1,3
7228,240933,67.15,1,3
7229,240966,67.28,1,3
7230,241000,67.41,1,3
7231,241033,65.66,1,3
7232,241066,63.78,1,3
7233,241100,62.32,1,3
7234,241133,59.74,1,3
7235,241166,56.94,1,3
7236,241200,55.41,1,3
7237,241233,53.4,1,3
7238,241266,51.11,1,3
7239,241299,50.28,1,3
7240,241333,49.38,1,2
7241,241366,48.26,1,2
7242,241400,47.75,1,2
7243,241433,47.31,1,2
7244,241466,45.34,1,2
7245,241500,43.66,1,2
7246,241533,41.89,1,2
7247,241566,39.63,1,2
7248,241600,37.59,1,2
7249,241633,36.36,1,2
7250,241666,36.44,1,2
7251,241700,36.83,1,2
7252,241733,38.5,1,2
7253,241766,40.17,1,2
7254,241799,42.26,1,2
7255,241833,43.72,1,2
7256,241866,45.17,1,2
7257,241900,45.83,1,2
7258,241933,47.76,1,2
7259,241966,49.69,1,2
7260,242000,50.96,1,3
7261,242033,53.36,1,3
7262,242066,55.76,1,3
7263,242100,56.78,1,3
7264,242133,57.8,1,3
7265,242166,60.76,1,3
7266,242200,62.58,1,3
7267,242233,64.15,1,3
7268,242266,65.7,1,3
7269,242299,67.25,1,3
7270,242333,66.66,1,3
7271,242366,66.01,1,3
7272,242400,65.62,1,3
7273,242433,65.36,1,3
7274,242466,64.89,1,3
7275,242500,64.62,1,3
7276,242533,64.41,1,3
7277,242566,64.46,1,3
7278,242600,64.51,1,3
7279,242633,64.55,1,3
7280,242666,64.42,1,3
7281,242700,64.3,1,3
7282,242733,63.11,1,3
7283,242766,61.79,1,3
7284,242799,60.68,1,3
7285,242833,59.22,1,3
7286,242866,57.62,1,3
7287,242900,56.83,1,3
7288,242933,55.42,1,3
7289,242966,53.53,1,3
7290,243000,52.17,1,3
7291,243033,50.73,1,3
7292,243066,48.31,1,2
7293,243100,46.63,1,2
7294,243133,45.21,1,2
7295,243166,43.79,1,2
7296,243200,42.59,1,2
7297,243233,42.19,1,2
7298,243266,41.18,1,2
7299,243299,40.4,1,2
7300,243333,47.75,1,2
7301,243366,55.11,1,3
7302,243400,62.63,1,3
7303,243433,71.49,1,3
7304,243466,80.36,1,4
7305,243500,81.08,1,4
7306,243533,81.53,1,4
7307,243566,81.97,1,4
7308,243600,81.7,1,4
7309,243633,81.17,1,4
7310,243666,78.01,1,4
7311,243700,75.12,1,4
7312,243733,73.62,1,3
7313,243766,72.12,1,3
7314,243799,70.36,1,3
7315,243833,71.24,1,3
7316,243866,73.14,1,3
7317,243900,73.65,1,3
7318,243933,73.46,1,3
7319,243966,73.34,1,3
7320,244000,73.23,1,3
7321,244033,71.12,1,3
7322,244066,68.8,1,3
7323,244100,67.18,1,3
7324,244133,66,1,3
7325,244166,65.6,1,3
7326,244200,66.18,1,3
7327,244233,66.43,1,3
7328,244266,66.32,1,3
7329,244299,66.2,1,3
7330,244333,65.07,1,3
7331,244366,63.6,1,3
7332,244400,62.67,1,3
7333,244433,61.02,1,3
7334,244466,59.02,1,3
7335,244500,57.25,1,3
7336,244533,55.82,1,3
7337,244566,54.32,1,3
7338,244600,53.9,1,3
7339,244633,52.98,1,3
7340,244666,51.84,1,3
7341,244700,50.92,1,3
7342,244733,49.85,1,2
7343,244766,47.97,1,2
7344,244799,46.94,1,2
7345,244833,45.62,1,2
7346,244866,43.18,1,2
7347,244900,40.95,1,2
7348,244933,39.61,1,2
7349,244966,38.26,1,2
7350,245000,37.43,1,2
7351,245033,38.15,1,2
7352,245066,38.87,1,2
7353,245100,39.51,1,2
7354,245133,40.57,1,2
7355,245166,41.63,1,2
7356,245200,42.04,1,2
7357,245233,43.92,1,2
7358,245266,45.79,1,2
7359,245299,47.25,1,2
7360,245333,50.11,1,3
7361,245366,53.08,1,3
7362,245400,54.82,1,3
7363,245433,56.55,1,3
7364,245466,60.6,1,3
7365,245500,63.24,1,3
7366,245533,65.77,1,3
7367,245566,67.85,1,3
7368,245600,69.93,1,3
7369,245633,67.94,1,3
7370,245666,65.76,1,3
7371,245700,63.59,1,3
7372,245733,61.62,1,3
7373,245766,59.53,1,3
7374,245799,59.18,1,3
7375,245833,59.02,1,3
7376,245866,59.42,1,3
7377,245900,59.86,1,3
7378,245933,59.36,1,3
7379,245966,58.85,1,3
7380,246000,58.34,1,3
7381,246033,57.27,1,3
7382,246066,56.21,1,3
7383,246100,56.22,1,3
7384,246133,55.7,1,3
7385,246166,54.86,1,3
7386,246200,54.01,1,3
7387,246233,53.15,1,3
7388,246266,52.73,1,3
7389,246299,53.06,1,3
7390,246333,53.49,1,3
7391,246366,52.2,1,3
7392,246400,50.9,1,3
7393,246433,48.78,1,2
7394,246466,45.61,1,2
7395,246500,42.67,1,2
7396,246533,41.26,1,2
7397,246566,39.85,1,2
7398,246600,38.84,1,2
7399,246633,38.34,1,2
7400,246666,37.84,1,2
7401,246700,37.54,1,2
7402,246733,38.21,1,2
7403,246766,38.89,1,2
7404,246799,39.87,1,2
7405,246833,41.04,1,2
7406,246866,42.21,1,2
7407,246900,42.41,1,2
7408,246933,43.89,1,2
7409,246966,45.38,1,2
7410,247000,46.68,1,2
7411,247033,48.35,1,2
7412,247066,51.35,1,3
7413,247100,53.29,1,3
7414,247133,55.6,1,3
7415,247166,58.97,1,3
7416,247200,61.98,1,3
7417,247233,63.61,1,3
7418,247266,64.82,1,3
7419,247299,65.82,1,3
7420,247333,70.77,1,3
7421,247366,75.71,1,4
7422,247400,80.49,1,4
7423,247433,85.45,1,4
7424,247466,90.16,1,4
7425,247500,89.88,1,4
7426,247533,88.89,1,4
7427,247566,87.87,1,4
7428,247600,86.86,1,4
7429,247633,81.63,1,4
7430,247666,75.76,1,4
7431,247700,70.59,1,3
7432,247733,65.45,1,3
7433,247766,59.79,1,3
7434,247799,58.38,1,3
7435,247833,57.63,1,3
7436,247866,56.88,1,3
7437,247900,56.34,1,3
7438,247933,56.35,1,3
7439,247966,56.42,1,3
7440,248000,56.5,1,3
7441,248033,56.11,1,3
7442,248066,54.76,1,3
7443,248100,53.42,1,3
7444,248133,51.67,1,3
7445,248166,48.95,1,2
7446,248200,46.69,1,2
7447,248233,45.47,1,2
7448,248266,44.26,1,2
7449,248299,43.37,1,2
7450,248333,43.82,1,2
7451,248366,44.27,1,2
7452,248400,44.62,1,2
7453,248433,45.31,1,2
7454,248466,46,1,2
7455,248500,46.33,1,2
7456,248533,47.58,1,2
7457,248566,48.83,1,2
7458,248600,49.75,1,2
7459,248633,51.34,1,3
7460,248666,52.92,1,3
7461,248700,53.6,1,3
7462,248733,55.22,1,3
7463,248766,56.84,1,3
7464,248799,57.55,1,3
7465,248833,58.27,1,3
7466,248866,60.76,1,3
7467,248900,62.31,1,3
7468,248933,62.68,1,3
7469,248966,63.15,1,3
7470,249000,63.62,1,3
7471,249033,62.13,1,3
7472,249066,60.57,1,3
7473,249100,60.18,1,3
7474,249133,59.69,1,3
7475,249166,59.16,1,3
7476,249200,58.81,1,3
7477,249233,58.42,1,3
7478,249266,57.97,1,3
7479,249299,57.76,1,3
7480,249333,57.59,1,3
7481,249366,57.78,1,3
7482,249400,58.08,1,3
7483,249433,58.3,1,3
7484,249466,58.16,1,3
7485,249500,58.02,1,3
7486,249533,57.52,1,3
7487,249566,57.61,1,3
7488,249600,57.82,1,3
7489,249633,58.4,1,3
7490,249666,58.52,1,3
7491,249700,59.16,1,3
7492,249733,58.69,1,3
7493,249766,56.8,1,3
7494,249799,54.9,1,3
7495,249833,53.1,1,3
7496,249866,49.36,1,2
7497,249900,46.13,1,2
7498,249933,45.18,1,2
7499,249966,44.24,1,2
7500,250000,43.66,1,2
7501,250033,44.27,1,2
7502,250066,44.86,1,2
7503,250100,44.61,1,2
7504,250133,44.77,1,2
7505,250166,44.94,1,2
7506,250200,45.36,1,2
7507,250233,45.79,1,2
7508,250266,46.23,1,2
7509,250299,46.24,1,2
7510,250333,47.19,1,2
7511,250366,48.15,1,2
7512,250400,49.09,1,2
7513,250433,51.1,1,3
7514,250466,53.11,1,3
7515,250500,53.9,1,3
7516,250533,54.69,1,3
7517,250566,56.95,1,3
7518,250600,58.14,1,3
7519,250633,58.99,1,3
7520,250666,59.86,1,3
7521,250700,60.74,1,3
7522,250733,60.15,1,3
7523,250766,59.39,1,3
7524,250799,58.97,1,3
7525,250833,58.73,1,3
7526,250866,58.48,1,3
7527,250900,58.24,1,3
7528,250933,57.82,1,3
7529,250966,57.28,1,3
7530,251000,56.82,1,3
7531,251033,56.36,1,3
7532,251066,56.09,1,3
7533,251100,56.16,1,3
7534,251133,56.34,1,3
7535,251166,57.05,1,3
7536,251200,57.75,1,3
7537,251233,58.27,1,3
7538,251266,59.62,1,3
7539,251299,61.18,1,3
7540,251333,67.52,1,3
7541,251366,73.87,1,3
7542,251400,80.07,1,4
7543,251433,84.5,1,4
7544,251466,88.51,1,4
7545,251500,87.21,1,4
7546,251533,85.66,1,4
7547,251566,81.53,1,4
7548,251600,78.34,1,4
7549,251633,74.81,1,3
7550,251666,68.28,1,3
7551,251700,62.02,1,3
7552,251733,57.54,1,3
7553,251766,52.23,1,3
7554,251799,47.47,1,2
7555,251833,45.84,1,2
7556,251866,44.21,1,2
7557,251900,43.51,1,2
7558,251933,43.84,1,2
7559,251966,44.17,1,2
7560,252000,44.36,1,2
7561,252033,45.02,1,2
7562,252066,45.68,1,2
7563,252100,46.15,1,2
7564,252133,47.57,1,2
7565,252166,48.98,1,2
7566,252200,49.52,1,2
7567,252233,50.06,1,3
7568,252266,51.97,1,3
7569,252299,52.93,1,3
7570,252333,53.84,1,3
7571,252366,55,1,3
7572,252400,56.17,1,3
7573,252433,55.97,1,3
7574,252466,56.5,1,3
7575,252500,57.1,1,3
7576,252533,57.84,1,3
7577,252566,58.83,1,3
7578,252600,59.83,1,3
7579,252633,59.42,1,3
7580,252666,58.91,1,3
7581,252700,58.41,1,3
7582,252733,57.65,1,3
7583,252766,57.11,1,3
7584,252799,57.25,1,3
7585,252833,57.48,1,3
7586,252866,58.51,1,3
7587,252900,59.53,1,3
7588,252933,60.33,1,3
7589,252966,61.34,1,3
7590,253000,62.36,1,3
7591,253033,61.43,1,3
7592,253066,60.04,1,3
7593,253100,58.66,1,3
7594,253133,56.81,1,3
7595,253166,54.03,1,3
7596,253200,52.4,1,3
7597,253233,51.02,1,3
7598,253266,47.8,1,2
7599,253299,44.83,1,2
7600,253333,43.36,1,2
7601,253366,41.9,1,2
7602,253400,40.65,1,2
7603,253433,40.94,1,2
7604,253466,40.72,1,2
7605,253500,39.92,1,2
7606,253533,39.37,1,2
7607,253566,38.82,1,2
7608,253600,38.55,1,2
7609,253633,39.85,1,2
7610,253666,41.14,1,2
7611,253700,42.19,1,2
7612,253733,43.58,1,2
7613,253766,44.96,1,2
7614,253799,45.29,1,2
7615,253833,47.01,1,2
7616,253866,48.73,1,2
7617,253900,50.02,1,3
7618,253933,51.31,1,3
7619,253966,52.85,1,3
7620,254000,52.99,1,3
7621,254033,53.14,1,3
7622,254066,54.45,1,3
7623,254100,55.77,1,3
7624,254133,56.84,1,3
7625,254166,58.5,1,3
7626,254200,60.17,1,3
7627,254233,60.55,1,3
7628,254266,60.73,1,3
7629,254299,60.91,1,3
7630,254333,60.5,1,3
7631,254366,59.72,1,3
7632,254400,59.14,1,3
7633,254433,58.76,1,3
7634,254466,58.79,1,3
7635,254500,58.83,1,3
7636,254533,59.24,1,3
7637,254566,60.15,1,3
7638,254600,61.07,1,3
7639,254633,61.56,1,3
7640,254666,62.36,1,3
7641,254700,63.15,1,3
7642,254733,61.57,1,3
7643,254766,59.22,1,3
7644,254799,56.86,1,3
7645,254833,53.92,1,3
7646,254866,49.81,1,2
7647,254900,47.57,1,2
7648,254933,45.8,1,2
7649,254966,43.49,1,2
7650,255000,41.48,1,2
7651,255033,40.56,1,2
7652,255066,39.65,1,2
7653,255100,39.04,1,2
7654,255133,38.55,1,2
7655,255166,37.56,1,2
7656,255200,36.65,1,2
7657,255233,36.26,1,2
7658,255266,35.88,1,2
7659,255299,35.91,1,2
7660,255333,35.91,1,2
7661,255366,35.91,1,2
7662,255400,35.91,1,2
7663,255433,35.91,1,2
7664,255466,35.91,1,2
7665,255500,35.91,1,2
7666,255533,35.91,1,2
7667,255566,35.91,1,2
7668,255600,35.91,1,2
7669,255633,35.91,1,2
7670,255666,35.91,1,2
7671,255700,35.91,1,2
7672,255733,35.91,1,2
7673,255766,35.91,1,2
7674,255799,35.91,1,2
7675,255833,35.91,1,2
7676,255866,35.91,1,2
7677,255900,35.91,1,2
7678,255933,35.91,1,2
7679,255966,35.91,1,2
7680,256000,35.91,1,2
7681,256033,35.91,1,2
7682,256066,35.91,1,2
7683,256100,35.91,1,2
7684,256133,35.91,1,2
7685,256166,35.91,1,2
7686,256200,35.91,1,2
7687,256233,35.91,1,2
7688,256266,35.91,1,2
7689,256300,35.91,1,2
7690,256333,35.91,1,2
7691,256366,35.91,1,2
7692,256399,35.91,1,2
7693,256433,35.91,1,2
7694,256466,35.91,1,2
7695,256500,35.91,1,2
7696,256533,35.91,1,2
7697,256566,35.91,1,2
7698,256600,35.91,1,2
7699,256633,35.91,1,2
7700,256666,35.91,1,2
7701,256700,42.92,1,2
7702,256733,41.52,1,2
7703,256766,40.12,1,2
7704,256800,39.36,1,2
7705,256833,38.74,1,2
7706,256866,38.13,1,2
7707,256899,38.12,1,2
7708,256933,39.39,1,2
7709,256966,40.67,1,2
7710,257000,41.96,1,2
7711,257033,45.56,1,2
7712,257066,49.16,1,2
7713,257100,51.48,1,3
7714,257133,54.16,1,3
7715,257166,56.84,1,3
7716,257200,56.96,1,3
7717,257233,57.07,1,3
7718,257266,57.56,1,3
7719,257300,57.69,1,3
7720,257333,57.82,1,3
7721,257366,59.15,1,3
7722,257399,60.48,1,3
7723,257433,61.44,1,3
7724,257466,63.93,1,3
7725,257500,66.43,1,3
7726,257533,67.37,1,3
7727,257566,68.09,1,3
7728,257600,68.81,1,3
7729,257633,67.15,1,3
7730,257666,65.07,1,3
7731,257700,63.58,1,3
7732,257733,61.7,1,3
7733,257766,59.62,1,3
7734,257800,58.4,1,3
7735,257833,57.6,1,3
7736,257866,57.42,1,3
7737,257899,57.86,1,3
7738,257933,58.37,1,3
7739,257966,58.67,1,3
7740,258000,58.98,1,3
7741,258033,58.19,1,3
7742,258066,57.22,1,3
7743,258100,56.55,1,3
7744,258133,55.84,1,3
7745,258166,54.03,1,3
7746,258200,52.7,1,3
7747,258233,51.25,1,3
7748,258266,48.19,1,2
7749,258300,45.37,1,2
7750,258333,44.52,1,2
7751,258366,43.67,1,2
7752,258399,43.1,1,2
7753,258433,43.78,1,2
7754,258466,44,1,2
7755,258500,43.35,1,2
7756,258533,43.18,1,2
7757,258566,43.02,1,2
7758,258600,43.05,1,2
7759,258633,45.77,1,2
7760,258666,48.48,1,2
7761,258700,50.71,1,3
7762,258733,55.02,1,3
7763,258766,59.48,1,3
7764,258800,61.56,1,3
7765,258833,62.83,1,3
7766,258866,64.06,1,3
7767,258899,63.08,1,3
7768,258933,61.84,1,3
7769,258966,60.59,1,3
7770,259000,60.17,1,3
7771,259033,59.77,1,3
7772,259066,60.84,1,3
7773,259100,62.03,1,3
7774,259133,63.36,1,3
7775,259166,65.46,1,3
7776,259200,67.56,1,3
7777,259233,66.83,1,3
7778,259266,65.99,1,3
7779,259300,65.26,1,3
7780,259333,69.22,1,3
7781,259366,73.7,1,3
7782,259399,79.68,1,4
7783,259433,85.16,1,4
7784,259466,90.12,1,4
7785,259500,89.62,1,4
7786,259533,88.6,1,4
7787,259566,86.93,1,4
7788,259600,85.87,1,4
7789,259633,82.93,1,4
7790,259666,77.58,1,4
7791,259700,71.92,1,3
7792,259733,66.36,1,3
7793,259766,59.3,1,3
7794,259800,54.54,1,3
7795,259833,51.83,1,3
7796,259866,49.2,1,2
7797,259899,47.12,1,2
7798,259933,46.26,1,2
7799,259966,45.3,1,2
7800,260000,44.7,1,2
7801,260033,43.88,1,2
7802,260066,42.71,1,2
7803,260100,41.8,1,2
7804,260133,40.9,1,2
7805,260166,39.99,1,2
7806,260200,39.54,1,2
7807,260233,42.47,1,2
7808,260266,45.4,1,2
7809,260300,48.43,1,2
7810,260333,53.28,1,3
7811,260366,58.13,1,3
7812,260399,59.95,1,3
7813,260433,62.33,1,3
7814,260466,64.91,1,3
7815,260500,65.67,1,3
7816,260533,65.1,1,3
7817,260566,64.46,1,3
7818,260600,63.17,1,3
7819,260633,61.68,1,3
7820,260666,60.4,1,3
7821,260700,60.45,1,3
7822,260733,60.57,1,3
7823,260766,60.81,1,3
7824,260800,61.06,1,3
7825,260833,61.09,1,3
7826,260866,61.34,1,3
7827,260899,61.6,1,3
7828,260933,61.25,1,3
7829,260966,60.72,1,3
7830,261000,60.18,1,3
7831,261033,59.42,1,3
7832,261066,58.7,1,3
7833,261100,58.54,1,3
7834,261133,58.58,1,3
7835,261166,58.59,1,3
7836,261200,58.6,1,3
7837,261233,57.87,1,3
7838,261266,56.8,1,3
7839,261300,55.78,1,3
7840,261333,54.74,1,3
7841,261366,53.51,1,3
7842,261399,52.99,1,3
7843,261433,52.67,1,3
7844,261466,50.56,1,3
7845,261500,48.5,1,2
7846,261533,46.9,1,2
7847,261566,45.3,1,2
7848,261600,43.85,1,2
7849,261633,43.76,1,2
7850,261666,42.91,1,2
7851,261700,41.77,1,2
7852,261733,41.06,1,2
7853,261766,40.35,1,2
7854,261800,40,1,2
7855,261833,41.37,1,2
7856,261866,42.73,1,2
7857,261899,43.67,1,2
7858,261933,47.45,1,2
7859,261966,51.23,1,3
7860,262000,54.07,1,3
7861,262033,58.29,1,3
7862,262066,62.5,1,3
7863,262100,63.88,1,3
7864,262133,65.07,1,3
7865,262166,65.98,1,3
7866,262200,65.35,1,3
7867,262233,63.77,1,3
7868,262266,62.06,1,3
7869,262300,60.54,1,3
7870,262333,59.29,1,3
7871,262366,58.51,1,3
7872,262400,58.68,1,3
7873,262433,58.97,1,3
7874,262466,59.34,1,3
7875,262500,59.7,1,3
7876,262533,59.54,1,3
7877,262566,59.3,1,3
7878,262600,59.06,1,3
7879,262633,58.69,1,3
7880,262666,58.19,1,3
7881,262700,57.93,1,3
7882,262733,57.74,1,3
7883,262766,57.44,1,3
7884,262800,57.19,1,3
7885,262833,57.08,1,3
7886,262866,56.87,1,3
7887,262900,56.66,1,3
7888,262933,56.56,1,3
7889,262966,56.58,1,3
7890,263000,56.59,1,3
7891,263033,56.27,1,3
7892,263066,55.43,1,3
7893,263100,54.6,1,3
7894,263133,53.46,1,3
7895,263166,51.13,1,3
7896,263200,49.25,1,2
7897,263233,48.09,1,2
7898,263266,46.94,1,2
7899,263300,45.98,1,2
7900,263333,51.14,1,3
7901,263366,56.3,1,3
7902,263400,61.23,1,3
7903,263433,67.1,1,3
7904,263466,72.97,1,3
7905,263500,73.91,1,3
7906,263533,74.6,1,3
7907,263566,75.29,1,4
7908,263600,75.04,1,4
7909,263633,74.19,1,3
7910,263666,72.48,1,3
7911,263700,71.01,1,3
7912,263733,69.57,1,3
7913,263766,68.13,1,3
7914,263800,66.79,1,3
7915,263833,66.33,1,3
7916,263866,65.76,1,3
7917,263900,65.16,1,3
7918,263933,63.78,1,3
7919,263966,62.63,1,3
7920,264000,61.48,1,3
7921,264033,60.44,1,3
7922,264066,59.49,1,3
7923,264100,59.31,1,3
7924,264133,59.4,1,3
7925,264166,59.42,1,3
7926,264200,59.44,1,3
7927,264233,59.37,1,3
7928,264266,59.47,1,3
7929,264300,59.57,1,3
7930,264333,59.73,1,3
7931,264366,59.87,1,3
7932,264400,60.01,1,3
7933,264433,59.97,1,3
7934,264466,60.33,1,3
7935,264500,60.69,1,3
7936,264533,61.08,1,3
7937,264566,62.04,1,3
7938,264600,63,1,3
7939,264633,62.39,1,3
7940,264666,61.56,1,3
7941,264700,60.94,1,3
7942,264733,59.54,1,3
7943,264766,57.91,1,3
7944,264800,57.47,1,3
7945,264833,56.99,1,3
7946,264866,55.77,1,3
7947,264900,54.79,1,3
7948,264933,54.99,1,3
7949,264966,55.2,1,3
7950,265000,55.67,1,3
7951,265033,56.36,1,3
7952,265066,54.12,1,3
7953,265100,50.91,1,3
7954,265133,48.08,1,2
7955,265166,45.26,1,2
7956,265200,42.71,1,2
7957,265233,44.56,1,2
7958,265266,46.41,1,2
7959,265300,47.87,1,2
7960,265333,50.4,1,3
7961,265366,52.93,1,3
7962,265400,54,1,3
7963,265433,55.12,1,3
7964,265466,56.23,1,3
7965,265500,56.06,1,3
7966,265533,55.89,1,3
7967,265566,56.09,1,3
7968,265600,56.25,1,3
7969,265633,56.41,1,3
7970,265666,57.09,1,3
7971,265700,57.77,1,3
7972,265733,58.08,1,3
7973,265766,58.53,1,3
7974,265800,58.97,1,3
7975,265833,59.12,1,3
7976,265866,59.32,1,3
7977,265900,59.53,1,3
7978,265933,59.59,1,3
7979,265966,59.64,1,3
7980,266000,59.68,1,3
7981,266033,59.67,1,3
7982,266066,60.24,1,3
7983,266100,60.81,1,3
7984,266133,61.39,1,3
7985,266166,62.14,1,3
7986,266200,62.89,1,3
7987,266233,63.06,1,3
7988,266266,63.41,1,3
7989,266300,63.77,1,3
7990,266333,62.93,1,3
7991,266366,61.91,1,3
7992,266400,60.74,1,3
7993,266433,59.32,1,3
7994,266466,57.74,1,3
7995,266500,57.2,1,3
7996,266533,56.21,1,3
7997,266566,54.53,1,3
7998,266600,52.9,1,3
7999,266633,50.79,1,3
8000,266666,49.08,1,2
8001,266700,48,1,2
8002,266733,47.76,1,2
8003,266766,46.3,1,2
8004,266800,45.48,1,2
8005,266833,44.73,1,2
8006,266866,43.98,1,2
8007,266900,43.23,1,2
8008,266933,44.84,1,2
8009,266966,46.44,1,2
8010,267000,47.57,1,2
8011,267033,49.07,1,2
8012,267066,50.58,1,3
8013,267100,50.95,1,3
8014,267133,51.77,1,3
8015,267166,52.59,1,3
8016,267200,52.74,1,3
8017,267233,52.89,1,3
8018,267266,54.23,1,3
8019,267300,55.22,1,3
8020,267333,62.79,1,3
8021,267366,70.65,1,3
8022,267400,78.42,1,4
8023,267433,85.01,1,4
8024,267466,91.37,1,4
8025,267500,91.15,1,4
8026,267533,90.51,1,4
8027,267566,89.81,1,4
8028,267600,89.11,1,4
8029,267633,84.73,1,4
8030,267666,79.98,1,4
8031,267700,75.67,1,4
8032,267733,71.49,1,3
8033,267766,68.74,1,3
8034,267800,69.8,1,3
8035,267833,71.18,1,3
8036,267866,72.42,1,3
8037,267900,73.66,1,3
8038,267933,73.42,1,3
8039,267966,72.89,1,3
8040,268000,72.41,1,3
8041,268033,70.46,1,3
8042,268066,68.1,1,3
8043,268100,66.21,1,3
8044,268133,64.21,1,3
8045,268166,61.36,1,3
8046,268200,60.12,1,3
8047,268233,58.81,1,3
8048,268266,56.91,1,3
8049,268300,55.41,1,3
8050,268333,54.35,1,3
8051,268366,51.52,1,3
8052,268400,49.16,1,2
8053,268433,46.65,1,2
8054,268466,43.75,1,2
8055,268500,41.25,1,2
8056,268533,40.87,1,2
8057,268566,40.48,1,2
8058,268600,40.43,1,2
8059,268633,41.89,1,2
8060,268666,43.35,1,2
8061,268700,44.47,1,2
8062,268733,46.56,1,2
8063,268766,48.65,1,2
8064,268800,49.63,1,2
8065,268833,51.15,1,3
8066,268866,52.94,1,3
8067,268900,53.75,1,3
8068,268933,54.57,1,3
8069,268966,55.81,1,3
8070,269000,56.51,1,3
8071,269033,56.93,1,3
8072,269066,58.04,1,3
8073,269100,59.14,1,3
8074,269133,59.82,1,3
8075,269166,60.27,1,3
8076,269200,60.71,1,3
8077,269233,60.48,1,3
8078,269266,60.77,1,3
8079,269300,61.06,1,3
8080,269333,61.59,1,3
8081,269366,62.51,1,3
8082,269400,63.43,1,3
8083,269433,63.83,1,3
8084,269466,64.92,1,3
8085,269500,66.01,1,3
8086,269533,66.16,1,3
8087,269566,66.22,1,3
8088,269600,66.29,1,3
8089,269633,65.03,1,3
8090,269666,63.39,1,3
8091,269700,62.3,1,3
8092,269733,60.76,1,3
8093,269766,58.16,1,3
8094,269800,56.19,1,3
8095,269833,54.27,1,3
8096,269866,51.99,1,3
8097,269900,50.25,1,3
8098,269933,49.18,1,2
8099,269966,46.43,1,2
8100,270000,43.99,1,2
8101,270033,41.73,1,2
8102,270066,39.1,1,2
8103,270100,36.86,1,2
8104,270133,37.57,1,2
8105,270166,38.28,1,2
8106,270200,39.17,1,2
8107,270233,40.66,1,2
8108,270266,42.15,1,2
8109,270300,42.38,1,2
8110,270333,43.57,1,2
8111,270366,44.76,1,2
8112,270400,45.73,1,2
8113,270433,47.59,1,2
8114,270466,49.45,1,2
8115,270500,50.34,1,3
8116,270533,51.25,1,3
8117,270566,53.2,1,3
8118,270600,54.27,1,3
8119,270633,55.33,1,3
8120,270666,57.35,1,3
8121,270700,59.35,1,3
8122,270733,60.3,1,3
8123,270766,61.5,1,3
8124,270800,62.71,1,3
8125,270833,62.9,1,3
8126,270866,63.01,1,3
8127,270900,63.12,1,3
8128,270933,62.98,1,3
8129,270966,63.46,1,3
8130,271000,63.99,1,3
8131,271033,64.6,1,3
8132,271066,65.75,1,3
8133,271100,66.9,1,3
8134,271133,67.43,1,3
8135,271166,68.16,1,3
8136,271200,68.89,1,3
8137,271233,68.67,1,3
8138,271266,68.04,1,3
8139,271300,67.82,1,3
8140,271333,71.94,1,3
8141,271366,76.07,1,4
8142,271400,80.53,1,4
8143,271433,84.87,1,4
8144,271466,88.47,1,4
8145,271500,87.54,1,4
8146,271533,86.55,1,4
8147,271566,83.61,1,4
8148,271600,81.2,1,4
8149,271633,77.64,1,4
8150,271666,70.05,1,3
8151,271700,62.5,1,3
8152,271733,55.64,1,3
8153,271766,48.54,1,2
8154,271800,42.91,1,2
8155,271833,43.04,1,2
8156,271866,43.18,1,2
8157,271900,44.67,1,2
8158,271933,46.58,1,2
8159,271966,48.5,1,2
8160,272000,48.67,1,2
8161,272033,49.55,1,2
8162,272066,50.43,1,3
8163,272100,51.14,1,3
8164,272133,52.06,1,3
8165,272166,52.98,1,3
8166,272200,53.23,1,3
8167,272233,53.49,1,3
8168,272266,56.01,1,3
8169,272300,58.31,1,3
8170,272333,60.61,1,3
8171,272366,63.33,1,3
8172,272400,66.06,1,3
8173,272433,66.48,1,3
8174,272466,66.82,1,3
8175,272500,67.16,1,3
8176,272533,66.76,1,3
8177,272566,66.21,1,3
8178,272600,65.69,1,3
8179,272633,65.26,1,3
8180,272666,65.07,1,3
8181,272700,65.14,1,3
8182,272733,65.38,1,3
8183,272766,66.47,1,3
8184,272800,67.56,1,3
8185,272833,67.28,1,3
8186,272866,66.82,1,3
8187,272900,66.37,1,3
8188,272933,65.06,1,3
8189,272966,63.48,1,3
8190,273000,63.04,1,3
8191,273033,61.88,1,3
8192,273066,60.52,1,3
8193,273100,59.36,1,3
8194,273133,58.07,1,3
8195,273166,55.43,1,3
8196,273200,53.68,1,3
8197,273233,52,1,3
8198,273266,48.71,1,2
8199,273300,45.82,1,2
8200,273333,43.88,1,2
8201,273366,41.65,1,2
8202,273400,39.57,1,2
8203,273433,39.3,1,2
8204,273466,39.04,1,2
8205,273500,39.18,1,2
8206,273533,40.39,1,2
8207,273566,41.61,1,2
8208,273600,42.41,1,2
8209,273633,43.94,1,2
8210,273666,45.46,1,2
8211,273700,46.19,1,2
8212,273733,48.62,1,2
8213,273766,51.05,1,3
8214,273800,52.76,1,3
8215,273833,54.92,1,3
8216,273866,57.12,1,3
8217,273900,57.61,1,3
8218,273933,58.1,1,3
8219,273966,59.96,1,3
8220,274000,61.35,1,3
8221,274033,62.72,1,3
8222,274066,64.35,1,3
8223,274100,65.97,1,3
8224,274133,65.63,1,3
8225,274166,65.08,1,3
8226,274200,64.53,1,3
8227,274233,63.73,1,3
8228,274266,62.9,1,3
8229,274300,62.66,1,3
8230,274333,62.63,1,3
8231,274366,62.59,1,3
8232,274400,62.55,1,3
8233,274433,62.37,1,3
8234,274466,61.88,1,3
8235,274500,61.4,1,3
8236,274533,60.62,1,3
8237,274566,59.68,1,3
8238,274600,58.91,1,3
8239,274633,58.45,1,3
8240,274666,57.89,1,3
8241,274700,57.63,1,3
8242,274733,57.15,1,3
8243,274766,55.7,1,3
8244,274800,54.25,1,3
8245,274833,52.68,1,3
8246,274866,49.8,1,2
8247,274900,47.31,1,2
8248,274933,45.52,1,2
8249,274966,43.38,1,2
8250,275000,41.45,1,2
8251,275033,41.1,1,2
8252,275066,40.75,1,2
8253,275100,40.66,1,2
8254,275133,43.16,1,2
8255,275166,45.65,1,2
8256,275200,47.87,1,2
8257,275233,51.36,1,3
8258,275266,54.85,1,3
8259,275300,56.13,1,3
8260,275333,62.6,1,3
8261,275366,69.07,1,3
8262,275400,74.19,1,3
8263,275433,79.31,1,4
8264,275466,85.79,1,4
8265,275500,87.07,1,4
8266,275533,87.93,1,4
8267,275566,88.29,1,4
8268,275600,88.63,1,4
8269,275633,87.13,1,4
8270,275666,84.54,1,4
8271,275700,81.94,1,4
8272,275733,78.91,1,4
8273,275766,75.53,1,4
8274,275800,72.63,1,3
8275,275833,70.33,1,3
8276,275866,68.26,1,3
8277,275900,67.21,1,3
8278,275933,66.53,1,3
8279,275966,65.92,1,3
8280,276000,65.79,1,3
8281,276033,65.27,1,3
8282,276066,64.47,1,3
8283,276100,63.68,1,3
8284,276133,62.82,1,3
8285,276166,62.32,1,3
8286,276200,62.4,1,3
8287,276233,62.75,1,3
8288,276266,62.93,1,3
8289,276300,63.11,1,3
8290,276333,62.94,1,3
8291,276366,62.52,1,3
8292,276400,62.1,1,3
8293,276433,61.74,1,3
8294,276466,59.79,1,3
8295,276500,57.84,1,3
8296,276533,55.77,1,3
8297,276566,53.66,1,3
8298,276600,51.65,1,3
8299,276633,50.73,1,3
8300,276666,49.75,1,2
8301,276700,49.16,1,2
8302,276733,48.85,1,2
8303,276766,48.55,1,2
8304,276800,48.75,1,2
8305,276833,51.55,1,3
8306,276866,54.36,1,3
8307,276900,56.91,1,3
8308,276933,58.94,1,3
8309,276966,60.91,1,3
8310,277000,60.32,1,3
8311,277033,59.61,1,3
8312,277066,58.9,1,3
8313,277100,58.71,1,3
8314,277133,59.26,1,3
8315,277166,59.81,1,3
8316,277200,60.24,1,3
8317,277233,60.67,1,3
8318,277266,61.43,1,3
8319,277300,61.53,1,3
8320,277333,61.55,1,3
8321,277366,61.61,1,3
8322,277400,61.66,1,3
8323,277433,61.39,1,3
8324,277466,61.4,1,3
8325,277500,61.48,1,3
8326,277533,61.72,1,3
8327,277566,61.87,1,3
8328,277600,62.03,1,3
8329,277633,61.89,1,3
8330,277666,62.13,1,3
8331,277700,62.42,1,3
8332,277733,62.48,1,3
8333,277766,62.28,1,3
8334,277800,62.08,1,3
8335,277833,61.51,1,3
8336,277866,61.3,1,3
8337,277900,61.42,1,3
8338,277933,61.13,1,3
8339,277966,60.71,1,3
8340,278000,60.34,1,3
8341,278033,59.6,1,3
8342,278066,59.5,1,3
8343,278100,60.39,1,3
8344,278133,61.08,1,3
8345,278166,58.63,1,3
8346,278200,56.19,1,3
8347,278233,52.84,1,3
8348,278266,48.79,1,2
8349,278300,45.09,1,2
8350,278333,44.46,1,2
8351,278366,43.82,1,2
8352,278400,43.46,1,2
8353,278433,44.29,1,2
8354,278466,45.11,1,2
8355,278500,45.94,1,2
8356,278533,48.56,1,2
8357,278566,51.18,1,3
8358,278600,52.96,1,3
8359,278633,54.61,1,3
8360,278666,56.25,1,3
8361,278700,56.12,1,3
8362,278733,56.13,1,3
8363,278766,56.14,1,3
8364,278800,56.07,1,3
8365,278833,56,1,3
8366,278866,56.47,1,3
8367,278900,56.78,1,3
8368,278933,57.1,1,3
8369,278966,58.19,1,3
8370,279000,59.27,1,3
8371,279033,59.82,1,3
8372,279066,60.44,1,3
8373,279100,61.05,1,3
8374,279133,61.12,1,3
8375,279166,61.28,1,3
8376,279200,61.44,1,3
8377,279233,61.53,1,3
8378,279266,61.78,1,3
8379,279300,62.2,1,3
8380,279333,68.12,1,3
8381,279366,74.04,1,3
8382,279400,79.96,1,4
8383,279433,85.52,1,4
8384,279466,90.79,1,4
8385,279500,90.47,1,4
8386,279533,90.02,1,4
8387,279566,89.24,1,4
8388,279600,88.66,1,4
8389,279633,86.83,1,4
8390,279666,84.73,1,4
8391,279700,81.98,1,4
8392,279733,79.34,1,4
8393,279766,76.33,1,4
8394,279800,74.7,1,3
8395,279833,72.86,1,3
8396,279866,69.22,1,3
8397,279900,65.81,1,3
8398,279933,62.05,1,3
8399,279966,56.86,1,3
8400,280000,52.15,1,3
8401,280033,50.82,1,3
8402,280066,49.49,1,2
8403,280100,48.88,1,2
8404,280133,50,1,2
8405,280166,51.13,1,3
8406,280200,51.44,1,3
8407,280233,52.75,1,3
8408,280266,54.06,1,3
8409,280300,55.05,1,3
8410,280333,56.16,1,3
8411,280366,57.27,1,3
8412,280400,56.98,1,3
8413,280433,56.69,1,3
8414,280466,56.7,1,3
8415,280500,56.59,1,3
8416,280533,56.5,1,3
8417,280566,56.32,1,3
8418,280600,55.02,1,3
8419,280633,53.42,1,3
8420,280666,51.47,1,3
8421,280700,48.62,1,2
8422,280733,46.27,1,2
8423,280766,44.69,1,2
8424,280800,42.34,1,2
8425,280833,40.35,1,2
8426,280866,39.94,1,2
8427,280900,39.54,1,2
8428,280933,39.47,1,2
8429,280966,41.48,1,2
8430,281000,43.49,1,2
8431,281033,44.79,1,2
8432,281066,47.05,1,2
8433,281100,49.32,1,2
8434,281133,50.28,1,3
8435,281166,52.22,1,3
8436,281200,54.15,1,3
8437,281233,55.11,1,3
8438,281266,56.98,1,3
8439,281300,60.56,1,3
8440,281333,63.18,1,3
8441,281366,65.79,1,3
8442,281400,69.31,1,3
8443,281433,71.93,1,3
8444,281466,72.37,1,3
8445,281500,72.56,1,3
8446,281533,72.75,1,3
8447,281566,71.06,1,3
8448,281600,69.31,1,3
8449,281633,68.01,1,3
8450,281666,66.98,1,3
8451,281700,66,1,3
8452,281733,66,1,3
8453,281766,66.06,1,3
8454,281800,66.32,1,3
8455,281833,66.58,1,3
8456,281866,66.77,1,3
8457,281900,66.88,1,3
8458,281933,66.98,1,3
8459,281966,65.28,1,3
8460,282000,63.25,1,3
8461,282033,61.22,1,3
8462,282066,59.28,1,3
8463,282100,57.27,1,3
8464,282133,56.86,1,3
8465,282166,56.64,1,3
8466,282200,56.06,1,3
8467,282233,55.48,1,3
8468,282266,54.35,1,3
8469,282300,52.06,1,3
8470,282333,49.9,1,2
8471,282366,47.73,1,2
8472,282400,44.72,1,2
8473,282433,42.33,1,2
8474,282466,41.98,1,2
8475,282500,41.63,1,2
8476,282533,41.65,1,2
8477,282566,44.53,1,2
8478,282600,47.41,1,2
8479,282633,49.42,1,2
8480,282666,51.33,1,3
8481,282700,53.25,1,3
8482,282733,53.16,1,3
8483,282766,54.44,1,3
8484,282800,55.73,1,3
8485,282833,57.11,1,3
8486,282866,59.24,1,3
8487,282900,62.21,1,3
8488,282933,63.81,1,3
8489,282966,65.4,1,3
8490,283000,67.81,1,3
8491,283033,69.47,1,3
8492,283066,70.24,1,3
8493,283100,70.57,1,3
8494,283133,70.91,1,3
8495,283166,70.06,1,3
8496,283200,69.14,1,3
8497,283233,68.25,1,3
8498,283266,67.81,1,3
8499,283300,72.56,1,3
8500,283333,77.67,1,4
8501,283366,82.88,1,4
8502,283400,88.13,1,4
8503,283433,93.39,1,4
8504,283466,92.84,1,4
8505,283500,91.86,1,4
8506,283533,90.88,1,4
8507,283566,88.87,1,4
8508,283600,84.69,1,4
8509,283633,81.14,1,4
8510,283666,75.87,1,4
8511,283700,70.1,1,3
8512,283733,65.3,1,3
8513,283766,62.3,1,3
8514,283800,58.78,1,3
8515,283833,57.38,1,3
8516,283866,56.05,1,3
8517,283900,54.29,1,3
8518,283933,52.9,1,3
8519,283966,51.68,1,3
8520,284000,49.57,1,2
8521,284033,47.9,1,2
8522,284066,46.34,1,2
8523,284100,44.79,1,2
8524,284133,43.6,1,2
8525,284166,43.87,1,2
8526,284200,44.14,1,2
8527,284233,44.71,1,2
8528,284266,46.8,1,2
8529,284300,48.88,1,2
8530,284333,50.4,1,3
8531,284366,52.47,1,3
8532,284400,54.53,1,3
8533,284433,55.08,1,3
8534,284466,57.27,1,3
8535,284500,59.46,1,3
8536,284533,60.85,1,3
8537,284566,62.24,1,3
8538,284600,65.53,1,3
8539,284633,67.17,1,3
8540,284666,68.82,1,3
8541,284700,71.43,1,3
8542,284733,74.04,1,3
8543,284766,73.43,1,3
8544,284800,72.6,1,3
8545,284833,71.77,1,3
8546,284866,69.84,1,3
8547,284900,67.84,1,3
8548,284933,67.15,1,3
8549,284966,66.69,1,3
8550,285000,66.7,1,3
8551,285033,67.12,1,3
8552,285066,67.39,1,3
8553,285100,67.42,1,3
8554,285133,67.45,1,3
8555,285166,66.88,1,3
8556,285200,65.93,1,3
8557,285233,65.18,1,3
8558,285266,63.73,1,3
8559,285300,62.2,1,3
8560,285333,60.78,1,3
8561,285366,59.11,1,3
8562,285400,56.97,1,3
8563,285433,55.77,1,3
8564,285466,54.28,1,3
8565,285500,52.41,1,3
8566,285533,51.17,1,3
8567,285566,50.12,1,3
8568,285600,48.85,1,2
8569,285633,47.96,1,2
8570,285666,46.8,1,2
8571,285700,45.65,1,2
8572,285733,44.79,1,2
8573,285766,43.76,1,2
8574,285800,42.35,1,2
8575,285833,41.58,1,2
8576,285866,42.43,1,2
8577,285900,43.29,1,2
8578,285933,44.53,1,2
8579,285966,47.8,1,2
8580,286000,51.06,1,3
8581,286033,52.7,1,3
8582,286066,55.01,1,3
8583,286100,57.33,1,3
8584,286133,58,1,3
8585,286166,58.76,1,3
8586,286200,61.26,1,3
8587,286233,63.09,1,3
8588,286266,64.92,1,3
8589,286300,66.67,1,3
8590,286333,68.33,1,3
8591,286366,68.25,1,3
8592,286400,68.22,1,3
8593,286433,68.19,1,3
8594,286466,68.09,1,3
8595,286500,67.89,1,3
8596,286533,67.69,1,3
8597,286566,67.04,1,3
8598,286600,66.05,1,3
8599,286633,65.2,1,3
8600,286666,64.45,1,3
8601,286700,64.72,1,3
8602,286733,65.38,1,3
8603,286766,65.31,1,3
8604,286800,64.99,1,3
8605,286833,64.67,1,3
8606,286866,63.31,1,3
8607,286900,61.86,1,3
8608,286933,61.49,1,3
8609,286966,60.65,1,3
8610,287000,59.62,1,3
8611,287033,58.76,1,3
8612,287066,58,1,3
8613,287100,57.24,1,3
8614,287133,57.38,1,3
8615,287166,57.27,1,3
8616,287200,55.23,1,3
8617,287233,53.18,1,3
8618,287266,53.97,1,3
8619,287300,60.99,1,3
8620,287333,68.45,1,3
8621,287366,77.65,1,4
8622,287400,83.4,1,4
8623,287433,86.33,1,4
8624,287466,82.4,1,4
8625,287500,78.47,1,4
8626,287533,74.57,1,3
8627,287566,74.69,1,3
8628,287600,74.82,1,3
8629,287633,75.37,1,4
8630,287666,74.2,1,3
8631,287700,73.02,1,3
8632,287733,71.26,1,3
8633,287766,69.76,1,3
8634,287800,68.26,1,3
8635,287833,68.68,1,3
8636,287866,69.45,1,3
8637,287900,70.21,1,3
8638,287933,70.64,1,3
8639,287966,71.06,1,3
8640,288000,71.91,1,3
8641,288033,72.44,1,3
8642,288066,72.07,1,3
8643,288100,71.56,1,3
8644,288133,71.05,1,3
8645,288166,69.6,1,3
8646,288200,67.96,1,3
8647,288233,67.21,1,3
8648,288266,66.18,1,3
8649,288300,65.02,1,3
8650,288333,64.2,1,3
8651,288366,63.46,1,3
8652,288400,62.58,1,3
8653,288433,62.21,1,3
8654,288466,61.96,1,3
8655,288500,62.02,1,3
8656,288533,62.18,1,3
8657,288566,62.48,1,3
8658,288600,62.54,1,3
8659,288633,62.61,1,3
8660,288666,62.31,1,3
8661,288700,61.8,1,3
8662,288733,61.3,1,3
8663,288766,60.43,1,3
8664,288800,59.16,1,3
8665,288833,57.96,1,3
8666,288866,56.57,1,3
8667,288900,53.77,1,3
8668,288933,51.56,1,3
8669,288966,49.3,1,2
8670,289000,46.7,1,2
8671,289033,44.49,1,2
8672,289066,44.72,1,2
8673,289100,44.95,1,2
8674,289133,45.62,1,2
8675,289166,47.89,1,2
8676,289200,50.16,1,3
8677,289233,51.4,1,3
8678,289266,52.85,1,3
8679,289300,54.3,1,3
8680,289333,54.5,1,3
8681,289366,55.67,1,3
8682,289400,56.83,1,3
8683,289433,57.8,1,3
8684,289466,60.47,1,3
8685,289500,63.13,1,3
8686,289533,64.57,1,3
8687,289566,66.01,1,3
8688,289600,67.47,1,3
8689,289633,67.23,1,3
8690,289666,67,1,3
8691,289700,66.95,1,3
8692,289733,66.9,1,3
8693,289766,66.45,1,3
8694,289800,65.82,1,3
8695,289833,65.19,1,3
8696,289866,64.63,1,3
8697,289900,64.11,1,3
8698,289933,63.97,1,3
8699,289966,64,1,3
8700,290000,63.89,1,3
8701,290033,63.78,1,3
8702,290066,63.61,1,3
8703,290100,63.32,1,3
8704,290133,63.04,1,3
8705,290166,62.9,1,3
8706,290200,62.77,1,3
8707,290233,62.66,1,3
8708,290266,62.66,1,3
8709,290300,62.92,1,3
8710,290333,63.18,1,3
8711,290366,63.28,1,3
8712,290400,63.08,1,3
8713,290433,62.99,1,3
8714,290466,62.55,1,3
8715,290500,60.65,1,3
8716,290533,58.91,1,3
8717,290566,57.27,1,3
8718,290600,54.2,1,3
8719,290633,51.23,1,3
8720,290666,50.98,1,3
8721,290700,50.73,1,3
8722,290733,50.67,1,3
8723,290766,52,1,3
8724,290800,53.32,1,3
8725,290833,53.38,1,3
8726,290866,52.98,1,3
8727,290900,52.06,1,3
8728,290933,51.08,1,3
8729,290966,51.38,1,3
8730,291000,51.68,1,3
8731,291033,52.44,1,3
8732,291066,55.27,1,3
8733,291100,58.09,1,3
8734,291133,59.49,1,3
8735,291166,60.88,1,3
8736,291200,62.61,1,3
8737,291233,62.78,1,3
8738,291266,62.95,1,3
8739,291300,69.22,1,3
8740,291333,75.5,1,4
8741,291366,81.05,1,4
8742,291400,86.5,1,4
8743,291433,91.94,1,4
8744,291466,91.04,1,4
8745,291500,89.87,1,4
8746,291533,89.11,1,4
8747,291566,87.85,1,4
8748,291600,83.4,1,4
8749,291633,79.36,1,4
8750,291666,75.58,1,4
8751,291700,73.35,1,3
8752,291733,71.72,1,3
8753,291766,72.72,1,3
8754,291800,73.45,1,3
8755,291833,74.18,1,3
8756,291866,73.35,1,3
8757,291900,73.13,1,3
8758,291933,73.47,1,3
8759,291966,74.01,1,3
8760,292000,73.9,1,3
8761,292033,73.79,1,3
8762,292066,72.46,1,3
8763,292100,70.92,1,3
8764,292133,69.63,1,3
8765,292166,68.62,1,3
8766,292200,65.26,1,3
8767,292233,62.51,1,3
8768,292266,59.37,1,3
8769,292300,55.84,1,3
8770,292333,52.69,1,3
8771,292366,52.01,1,3
8772,292400,51.34,1,3
8773,292433,51.26,1,3
8774,292466,51.53,1,3
8775,292500,51.79,1,3
8776,292533,51.92,1,3
8777,292566,52.05,1,3
8778,292600,52.17,1,3
8779,292633,52.17,1,3
8780,292666,52.62,1,3
8781,292700,53.08,1,3
8782,292733,53.54,1,3
8783,292766,55.36,1,3
8784,292800,57.18,1,3
8785,292833,58.33,1,3
8786,292866,59.47,1,3
8787,292900,60.83,1,3
8788,292933,60.83,1,3
8789,292966,60.83,1,3
8790,293000,61.24,1,3
8791,293033,61.65,1,3
8792,293066,61.84,1,3
8793,293100,61.95,1,3
8794,293133,62.07,1,3
8795,293166,62,1,3
8796,293200,62.51,1,3
8797,293233,63.01,1,3
8798,293266,63.4,1,3
8799,293300,63.7,1,3
8800,293333,64,1,3
8801,293366,63.73,1,3
8802,293400,63.77,1,3
8803,293433,64,1,3
8804,293466,64.3,1,3
8805,293500,64.49,1,3
8806,293533,64.68,1,3
8807,293566,64.55,1,3
8808,293600,65.38,1,3
8809,293633,66.22,1,3
8810,293666,66.58,1,3
8811,293700,66.27,1,3
8812,293733,66.01,1,3
8813,293766,64.75,1,3
8814,293800,61.87,1,3
8815,293833,59.6,1,3
8816,293866,57.66,1,3
8817,293900,54.44,1,3
8818,293933,51.26,1,3
8819,293966,49.98,1,2
8820,294000,48.7,1,2
8821,294033,47.74,1,2
8822,294066,47.57,1,2
8823,294100,47.38,1,2
8824,294133,46.9,1,2
8825,294166,46.73,1,2
8826,294200,46.55,1,2
8827,294233,46.84,1,2
8828,294266,47.7,1,2
8829,294300,48.56,1,2
8830,294333,49.13,1,2
8831,294366,50.84,1,3
8832,294400,52.55,1,3
8833,294433,53.7,1,3
8834,294466,55.56,1,3
8835,294500,57.43,1,3
8836,294533,57.89,1,3
8837,294566,58.35,1,3
8838,294600,59.83,1,3
8839,294633,60.6,1,3
8840,294666,61.36,1,3
8841,294700,62.4,1,3
8842,294733,63.44,1,3
8843,294766,63.46,1,3
8844,294800,63.59,1,3
8845,294833,63.72,1,3
8846,294866,63.83,1,3
8847,294900,63.93,1,3
8848,294933,64.02,1,3
8849,294966,64,1,3
8850,295000,64.29,1,3
8851,295033,64.58,1,3
8852,295066,64.9,1,3
8853,295100,65.85,1,3
8854,295133,66.8,1,3
8855,295166,67.45,1,3
8856,295200,68.49,1,3
8857,295233,69.54,1,3
8858,295266,69.95,1,3
8859,295300,75.02,1,4
8860,295333,80.09,1,4
8861,295366,82.92,1,4
8862,295400,84.96,1,4
8863,295433,87,1,4
8864,295466,83.96,1,4
8865,295500,80.42,1,4
8866,295533,78.71,1,4
8867,295566,77.2,1,4
8868,295600,74.55,1,3
8869,295633,72.31,1,3
8870,295666,67.8,1,3
8871,295700,62.38,1,3
8872,295733,57.57,1,3
8873,295766,53.38,1,3
8874,295800,49.19,1,2
8875,295833,47.79,1,2
8876,295866,47.96,1,2
8877,295900,48.14,1,2
8878,295933,48.81,1,2
8879,295966,50.7,1,3
8880,296000,52.59,1,3
8881,296033,53.81,1,3
8882,296066,55.94,1,3
8883,296100,58.07,1,3
8884,296133,58.6,1,3
8885,296166,59.12,1,3
8886,296200,60.01,1,3
8887,296233,59.98,1,3
8888,296266,59.95,1,3
8889,296300,60.84,1,3
8890,296333,61.73,1,3
8891,296366,62.26,1,3
8892,296400,64.07,1,3
8893,296433,65.89,1,3
8894,296466,66.77,1,3
8895,296500,67.41,1,3
8896,296533,68.05,1,3
8897,296566,67.34,1,3
8898,296600,66.5,1,3
8899,296633,66.08,1,3
8900,296666,65.89,1,3
8901,296700,66.08,1,3
8902,296733,66.34,1,3
8903,296766,66.72,1,3
8904,296800,68.9,1,3
8905,296833,71.08,1,3
8906,296866,71.75,1,3
8907,296900,72.17,1,3
8908,296933,72.58,1,3
8909,296966,70.18,1,3
8910,297000,67.38,1,3
8911,297033,66.1,1,3
8912,297066,64.68,1,3
8913,297100,61.32,1,3
8914,297133,58.98,1,3
8915,297166,56.65,1,3
8916,297200,52.91,1,3
8917,297233,49.57,1,2
8918,297266,47.8,1,2
8919,297300,45.39,1,2
8920,297333,43.35,1,2
8921,297366,42.26,1,2
8922,297400,41.16,1,2
8923,297433,40.44,1,2
8924,297466,40.52,1,2
8925,297500,40.61,1,2
8926,297533,40.77,1,2
8927,297566,41.9,1,2
8928,297600,43.03,1,2
8929,297633,43.99,1,2
8930,297666,46.98,1,2
8931,297700,49.96,1,2
8932,297733,51.77,1,3
8933,297766,53.57,1,3
8934,297800,55.92,1,3
8935,297833,56.25,1,3
8936,297866,56.57,1,3
8937,297900,58.13,1,3
8938,297933,59.69,1,3
8939,297966,60.7,1,3
8940,298000,62.58,1,3
8941,298033,64.47,1,3
8942,298066,65.35,1,3
8943,298100,67.03,1,3
8944,298133,68.72,1,3
8945,298166,68.84,1,3
8946,298200,68.76,1,3
8947,298233,68.68,1,3
8948,298266,67.79,1,3
8949,298300,67.35,1,3
8950,298333,67.59,1,3
8951,298366,68.03,1,3
8952,298400,68.39,1,3
8953,298433,68.74,1,3
8954,298466,68.66,1,3
8955,298500,69.32,1,3
8956,298533,69.98,1,3
8957,298566,70.08,1,3
8958,298600,69.84,1,3
8959,298633,69.6,1,3
8960,298666,68.21,1,3
8961,298700,65.96,1,3
8962,298733,64.34,1,3
8963,298766,62.65,1,3
8964,298800,60.23,1,3
8965,298833,58.23,1,3
8966,298866,56.69,1,3
8967,298900,53.71,1,3
8968,298933,51.14,1,3
8969,298966,48.88,1,2
8970,299000,46.63,1,2
8971,299033,44.76,1,2
8972,299066,44.14,1,2
8973,299100,43.52,1,2
8974,299133,43.31,1,2
8975,299166,44.44,1,2
8976,299200,45.58,1,2
8977,299233,46.92,1,2
8978,299266,51.62,1,3
8979,299300,61.12,1,3
8980,299333,69.27,1,3
8981,299366,76.38,1,4
8982,299400,83.34,1,4
8983,299433,87.09,1,4
8984,299466,86.54,1,4
8985,299500,85.99,1,4
8986,299533,86.31,1,4
8987,299566,86.77,1,4
8988,299600,85.1,1,4
8989,299633,82.95,1,4
8990,299666,80.79,1,4
8991,299700,78.64,1,4
8992,299733,76.49,1,4
8993,299766,76.17,1,4
8994,299800,75.58,1,4
8995,299833,74.98,1,3
8996,299866,74.44,1,3
8997,299900,73.71,1,3
8998,299933,73.12,1,3
8999,299966,72.79,1,3
9000,300000,72.47,1,3
9001,300033,72.25,1,3
9002,300066,73.07,1,3
9003,300100,74.32,1,3
9004,300133,75.6,1,4
9005,300166,75.75,1,4
9006,300200,75.65,1,4
9007,300233,74.71,1,3
9008,300266,71.89,1,3
9009,300300,68.59,1,3
9010,300333,66.91,1,3
9011,300366,64.97,1,3
9012,300400,61.41,1,3
9013,300433,59.27,1,3
9014,300466,57.09,1,3
9015,300500,53.95,1,3
9016,300533,51.31,1,3
9017,300566,49.97,1,2
9018,300600,47.27,1,2
9019,300633,45.11,1,2
9020,300666,44.68,1,2
9021,300700,44.25,1,2
9022,300733,44.16,1,2
9023,300766,45.88,1,2
9024,300800,47.61,1,2
9025,300833,48.08,1,2
9026,300866,49.58,1,2
9027,300900,51.09,1,3
9028,300933,52.13,1,3
9029,300966,54.58,1,3
9030,301000,57.02,1,3
9031,301033,57.95,1,3
9032,301066,58.87,1,3
9033,301100,60.54,1,3
9034,301133,60.8,1,3
9035,301166,61.06,1,3
9036,301200,63.41,1,3
9037,301233,65.77,1,3
9038,301266,67.39,1,3
9039,301300,69.73,1,3
9040,301333,72.08,1,3
9041,301366,72.04,1,3
9042,301400,71.86,1,3
9043,301433,71.68,1,3
9044,301466,70.67,1,3
9045,301500,69.56,1,3
9046,301533,69.22,1,3
9047,301566,69.03,1,3
9048,301600,68.95,1,3
9049,301633,68.97,1,3
9050,301666,68.94,1,3
9051,301700,68.69,1,3
9052,301733,68.44,1,3
9053,301766,68.07,1,3
9054,301800,67.62,1,3
9055,301833,67.33,1,3
9056,301866,67.26,1,3
9057,301900,67.03,1,3
9058,301933,66.79,1,3
9059,301966,65.78,1,3
9060,302000,64.65,1,3
9061,302033,63.53,1,3
9062,302066,62.28,1,3
9063,302100,58.9,1,3
9064,302133,56.38,1,3
9065,302166,53.56,1,3
9066,302200,50.02,1,3
9067,302233,46.75,1,2
9068,302266,45.64,1,2
9069,302300,44.52,1,2
9070,302333,43.82,1,2
9071,302366,45.08,1,2
9072,302400,46.33,1,2
9073,302433,47.57,1,2
9074,302466,49.67,1,2
9075,302500,51.77,1,3
9076,302533,52.63,1,3
9077,302566,53.85,1,3
9078,302600,55.08,1,3
9079,302633,55.45,1,3
9080,302666,56.57,1,3
9081,302700,57.69,1,3
9082,302733,58.3,1,3
9083,302766,58.9,1,3
9084,302800,61.36,1,3
9085,302833,63.06,1,3
9086,302866,64.76,1,3
9087,302900,67.65,1,3
9088,302933,70.54,1,3
9089,302966,71.17,1,3
9090,303000,71.65,1,3
9091,303033,72.13,1,3
9092,303066,71.44,1,3
9093,303100,70.51,1,3
9094,303133,69.99,1,3
9095,303166,69.62,1,3
9096,303200,69.52,1,3
9097,303233,69.55,1,3
9098,303266,69.82,1,3
9099,303300,75.43,1,4
9100,303333,81.03,1,4
9101,303366,86,1,4
9102,303400,90.86,1,4
9103,303433,95.73,1,4
9104,303466,93.95,1,4
9105,303500,91.39,1,4
9106,303533,89.34,1,4
9107,303566,87.24,1,4
9108,303600,84.99,1,4
9109,303633,81.7,1,4
9110,303666,78.65,1,4
9111,303700,74.76,1,3
9112,303733,71.02,1,3
9113,303766,66.84,1,3
9114,303800,63.88,1,3
9115,303833,61.46,1,3
9116,303866,59.27,1,3
9117,303900,57,1,3
9118,303933,55.33,1,3
9119,303966,56.4,1,3
9120,304000,57.47,1,3
9121,304033,59.01,1,3
9122,304066,60.77,1,3
9123,304100,62.52,1,3
9124,304133,62.67,1,3
9125,304166,63.05,1,3
9126,304200,63.44,1,3
9127,304233,63.67,1,3
9128,304266,63.81,1,3
9129,304300,63.95,1,3
9130,304333,63.49,1,3
9131,304366,63.04,1,3
9132,304400,63.4,1,3
9133,304433,64.3,1,3
9134,304466,65.19,1,3
9135,304500,66.44,1,3
9136,304533,67.67,1,3
9137,304566,68.08,1,3
9138,304600,68.75,1,3
9139,304633,69.41,1,3
9140,304666,69.76,1,3
9141,304700,69.99,1,3
9142,304733,70.23,1,3
9143,304766,69.79,1,3
9144,304800,69.34,1,3
9145,304833,69.21,1,3
9146,304866,69.2,1,3
9147,304900,69.11,1,3
9148,304933,69.01,1,3
9149,304966,68.92,1,3
9150,305000,68.71,1,3
9151,305033,68.49,1,3
9152,305066,68.1,1,3
9153,305100,67.44,1,3
9154,305133,66.79,1,3
9155,305166,66.27,1,3
9156,305200,65.73,1,3
9157,305233,65.71,1,3
9158,305266,65.7,1,3
9159,305300,64.74,1,3
9160,305333,63.78,1,3
9161,305366,62.39,1,3
9162,305400,60.55,1,3
9163,305433,58.98,1,3
9164,305466,58.1,1,3
9165,305500,55.83,1,3
9166,305533,54,1,3
9167,305566,53.91,1,3
9168,305600,53.82,1,3
9169,305633,53.98,1,3
9170,305666,57.15,1,3
9171,305700,60.33,1,3
9172,305733,61.95,1,3
9173,305766,63.37,1,3
9174,305800,64.74,1,3
9175,305833,64.49,1,3
9176,305866,64.15,1,3
9177,305900,63.8,1,3
9178,305933,63.35,1,3
9179,305966,62.93,1,3
9180,306000,62.94,1,3
9181,306033,63.05,1,3
9182,306066,63.16,1,3
9183,306100,63.95,1,3
9184,306133,64.75,1,3
9185,306166,65.12,1,3
9186,306200,65.68,1,3
9187,306233,66.24,1,3
9188,306266,66.43,1,3
9189,306300,66.53,1,3
9190,306333,66.62,1,3
9191,306366,66.51,1,3
9192,306400,67.32,1,3
9193,306433,68.12,1,3
9194,306466,69.03,1,3
9195,306500,69.84,1,3
9196,306533,70.66,1,3
9197,306566,69.89,1,3
9198,306600,68.97,1,3
9199,306633,68.05,1,3
9200,306666,67.23,1,3
9201,306700,66.31,1,3
9202,306733,66.07,1,3
9203,306766,65.96,1,3
9204,306800,66.41,1,3
9205,306833,67.31,1,3
9206,306866,67.86,1,3
9207,306900,67.3,1,3
9208,306933,66.73,1,3
9209,306966,65.16,1,3
9210,307000,61.04,1,3
9211,307033,57.36,1,3
9212,307066,54.38,1,3
9213,307100,51.4,1,3
9214,307133,48.88,1,2
9215,307166,49.61,1,2
9216,307200,50.35,1,3
9217,307233,51.5,1,3
9218,307266,57.31,1,3
9219,307300,65.9,1,3
9220,307333,73.5,1,3
9221,307366,80.94,1,4
9222,307400,86.74,1,4
9223,307433,87.87,1,4
9224,307466,86.05,1,4
9225,307500,83.98,1,4
9226,307533,81.69,1,4
9227,307566,81.03,1,4
9228,307600,79,1,4
9229,307633,77.16,1,4
9230,307666,75.21,1,4
9231,307700,73.36,1,3
9232,307733,71.5,1,3
9233,307766,71.03,1,3
9234,307800,70.34,1,3
9235,307833,69.85,1,3
9236,307866,69.64,1,3
9237,307900,69.57,1,3
9238,307933,69.5,1,3
9239,307966,69.48,1,3
9240,308000,69.26,1,3
9241,308033,69.05,1,3
9242,308066,68.69,1,3
9243,308100,69.09,1,3
9244,308133,69.67,1,3
9245,308166,69.93,1,3
9246,308200,70.06,1,3
9247,308233,70.18,1,3
9248,308266,69.35,1,3
9249,308300,68.34,1,3
9250,308333,68.01,1,3
9251,308366,68.68,1,3
9252,308400,69.7,1,3
9253,308433,71.15,1,3
9254,308466,72.65,1,3
9255,308500,73.97,1,3
9256,308533,74.43,1,3
9257,308566,74.16,1,3
9258,308600,70.44,1,3
9259,308633,66.84,1,3
9260,308666,62.74,1,3
9261,308700,58.09,1,3
9262,308733,53.81,1,3
9263,308766,53.37,1,3
9264,308800,52.92,1,3
9265,308833,52.97,1,3
9266,308866,54.98,1,3
9267,308900,56.99,1,3
9268,308933,58.39,1,3
9269,308966,60.01,1,3
9270,309000,61.63,1,3
9271,309033,61.85,1,3
9272,309066,62.84,1,3
9273,309100,63.83,1,3
9274,309133,63.98,1,3
9275,309166,64.13,1,3
9276,309200,64.48,1,3
9277,309233,64.08,1,3
9278,309266,63.67,1,3
9279,309300,64.23,1,3
9280,309333,64.78,1,3
9281,309366,65.13,1,3
9282,309400,65.81,1,3
9283,309433,66.49,1,3
9284,309466,66.82,1,3
9285,309500,67.06,1,3
9286,309533,67.31,1,3
9287,309566,67.22,1,3
9288,309600,67.93,1,3
9289,309633,68.65,1,3
9290,309666,69.45,1,3
9291,309700,70,1,3
9292,309733,70.55,1,3
9293,309766,70.3,1,3
9294,309800,70.01,1,3
9295,309833,69.73,1,3
9296,309866,68.98,1,3
9297,309900,67.63,1,3
9298,309933,66.78,1,3
9299,309966,65.6,1,3
9300,310000,64.43,1,3
9301,310033,63.97,1,3
9302,310066,63.8,1,3
9303,310100,62.38,1,3
9304,310133,61.32,1,3
9305,310166,60.04,1,3
9306,310200,58.1,1,3
9307,310233,56.47,1,3
9308,310266,55.13,1,3
9309,310300,52.94,1,3
9310,310333,50.99,1,3
9311,310366,50.11,1,3
9312,310400,49.23,1,2
9313,310433,48.8,1,2
9314,310466,50.94,1,3
9315,310500,53.08,1,3
9316,310533,54.81,1,3
9317,310566,57.61,1,3
9318,310600,60.45,1,3
9319,310633,61.56,1,3
9320,310666,62.67,1,3
9321,310700,63.59,1,3
9322,310733,63.42,1,3
9323,310766,63.23,1,3
9324,310800,63.61,1,3
9325,310833,63.99,1,3
9326,310866,64.57,1,3
9327,310900,65.35,1,3
9328,310933,66.13,1,3
9329,310966,66.33,1,3
9330,311000,66.58,1,3
9331,311033,66.83,1,3
9332,311066,66.88,1,3
9333,311100,67.29,1,3
9334,311133,67.7,1,3
9335,311166,68.06,1,3
9336,311200,68.89,1,3
9337,311233,69.73,1,3
9338,311266,70.21,1,3
9339,311300,74.94,1,3
9340,311333,79.67,1,4
9341,311366,83.21,1,4
9342,311400,86.53,1,4
9343,311433,89.85,1,4
9344,311466,88.03,1,4
9345,311500,85.85,1,4
9346,311533,84.37,1,4
9347,311566,82.99,1,4
9348,311600,81.19,1,4
9349,311633,80.28,1,4
9350,311666,78.26,1,4
9351,311700,75.62,1,4
9352,311733,73.11,1,3
9353,311766,70.11,1,3
9354,311800,65.46,1,3
9355,311833,62.29,1,3
9356,311866,59.23,1,3
9357,311900,55.6,1,3
9358,311933,52.9,1,3
9359,311966,52.19,1,3
9360,312000,51.47,1,3
9361,312033,51.26,1,3
9362,312066,52.87,1,3
9363,312100,54.47,1,3
9364,312133,55.71,1,3
9365,312166,57.94,1,3
9366,312200,60.16,1,3
9367,312233,60.9,1,3
9368,312266,61.63,1,3
9369,312300,62.29,1,3
9370,312333,61.97,1,3
9371,312366,61.64,1,3
9372,312400,61.86,1,3
9373,312433,62.09,1,3
9374,312466,62.38,1,3
9375,312500,63.28,1,3
9376,312533,64.18,1,3
9377,312566,64.78,1,3
9378,312600,65.57,1,3
9379,312633,66.36,1,3
9380,312666,66.55,1,3
9381,312700,66.68,1,3
9382,312733,66.8,1,3
9383,312766,66.73,1,3
9384,312800,67.82,1,3
9385,312833,68.92,1,3
9386,312866,70.07,1,3
9387,312900,72.22,1,3
9388,312933,74.37,1,3
9389,312966,74.3,1,3
9390,313000,73.99,1,3
9391,313033,73.68,1,3
9392,313066,72.2,1,3
9393,313100,69.69,1,3
9394,313133,68.24,1,3
9395,313166,66.87,1,3
9396,313200,64.07,1,3
9397,313233,61.46,1,3
9398,313266,59.56,1,3
9399,313300,56.6,1,3
9400,313333,53.79,1,3
9401,313366,51.92,1,3
9402,313400,49.71,1,2
9403,313433,47.82,1,2
9404,313466,46.84,1,2
9405,313500,45.85,1,2
9406,313533,45.35,1,2
9407,313566,46.19,1,2
9408,313600,47.04,1,2
9409,313633,48.04,1,2
9410,313666,50.37,1,3
9411,313700,52.7,1,3
9412,313733,54.03,1,3
9413,313766,55.68,1,3
9414,313800,57.95,1,3
9415,313833,58.9,1,3
9416,313866,59.85,1,3
9417,313900,60.88,1,3
9418,313933,61.58,1,3
9419,313966,61.66,1,3
9420,314000,62.59,1,3
9421,314033,63.51,1,3
9422,314066,64.36,1,3
9423,314100,65.46,1,3
9424,314133,66.56,1,3
9425,314166,66.81,1,3
9426,314200,66.9,1,3
9427,314233,66.99,1,3
9428,314266,66.82,1,3
9429,314300,66.68,1,3
9430,314333,66.54,1,3
9431,314366,66.56,1,3
9432,314400,67.4,1,3
9433,314433,68.24,1,3
9434,314466,69.06,1,3
9435,314500,70.72,1,3
9436,314533,72.37,1,3
9437,314566,71.32,1,3
9438,314600,70.03,1,3
9439,314633,68.99,1,3
9440,314666,66.8,1,3
9441,314700,63.7,1,3
9442,314733,62.49,1,3
9443,314766,61.18,1,3
9444,314800,58.51,1,3
9445,314833,56.13,1,3
9446,314866,54.32,1,3
9447,314900,51.4,1,3
9448,314933,48.81,1,2
9449,314966,47.45,1,2
9450,315000,46.1,1,2
9451,315033,45.11,1,2
9452,315066,44.96,1,2
9453,315100,44.56,1,2
9454,315133,44.05,1,2
9455,315166,45.36,1,2
9456,315200,46.68,1,2
9457,315233,48.26,1,2
9458,315266,52.25,1,3
9459,315300,61.76,1,3
9460,315333,69.43,1,3
9461,315366,76.12,1,4
9462,315400,82.43,1,4
9463,315433,86.57,1,4
9464,315466,85.2,1,4
9465,315500,83.94,1,4
9466,315533,83.67,1,4
9467,315566,83.78,1,4
9468,315600,82.16,1,4
9469,315633,80.55,1,4
9470,315666,78.59,1,4
9471,315700,76.51,1,4
9472,315733,74.43,1,3
9473,315766,73.88,1,3
9474,315800,73.22,1,3
9475,315833,72.79,1,3
9476,315866,72.16,1,3
9477,315900,71.29,1,3
9478,315933,70.61,1,3
9479,315966,70.05,1,3
9480,316000,70.67,1,3
9481,316033,71.63,1,3
9482,316066,72.82,1,3
9483,316100,74.75,1,3
9484,316133,76.68,1,4
9485,316166,75.48,1,4
9486,316200,73.4,1,3
9487,316233,71.32,1,3
9488,316266,68.05,1,3
9489,316300,63.35,1,3
9490,316333,60.59,1,3
9491,316366,58.4,1,3
9492,316400,54.3,1,3
9493,316433,50.66,1,3
9494,316466,48.13,1,2
9495,316500,45.56,1,2
9496,316533,43.28,1,2
9497,316566,43.61,1,2
9498,316600,43.93,1,2
9499,316633,44.57,1,2
9500,316666,46.62,1,2
9501,316700,48.67,1,2
9502,316733,50.05,1,3
9503,316766,53.15,1,3
9504,316800,56.26,1,3
9505,316833,57.99,1,3
9506,316866,60.11,1,3
9507,316900,62.44,1,3
9508,316933,63.05,1,3
9509,316966,63.63,1,3
9510,317000,64.08,1,3
9511,317033,64.14,1,3
9512,317066,63.98,1,3
9513,317100,64.32,1,3
9514,317133,64.68,1,3
9515,317166,65.18,1,3
9516,317200,67.74,1,3
9517,317233,70.31,1,3
9518,317266,71.8,1,3
9519,317300,73.19,1,3
9520,317333,74.58,1,3
9521,317366,72.92,1,3
9522,317400,71.03,1,3
9523,317433,69.73,1,3
9524,317466,68.52,1,3
9525,317500,67.5,1,3
9526,317533,67.47,1,3
9527,317566,67.65,1,3
9528,317600,68.92,1,3
9529,317633,70.18,1,3
9530,317666,69.76,1,3
9531,317700,69.08,1,3
9532,317733,68.4,1,3
9533,317766,66.6,1,3
9534,317800,63.37,1,3
9535,317833,61.64,1,3
9536,317866,59.84,1,3
9537,317900,57.07,1,3
9538,317933,54.34,1,3
9539,317966,52.59,1,3
9540,318000,49.29,1,2
9541,318033,46.3,1,2
9542,318066,44.05,1,2
9543,318100,41.73,1,2
9544,318133,39.87,1,2
9545,318166,40.21,1,2
9546,318200,40.55,1,2
9547,318233,41.13,1,2
9548,318266,42.55,1,2
9549,318300,43.98,1,2
9550,318333,44.76,1,2
9551,318366,48.2,1,2
9552,318400,51.63,1,3
9553,318433,54.62,1,3
9554,318466,58.43,1,3
9555,318500,62.23,1,3
9556,318533,63.2,1,3
9557,318566,64.17,1,3
9558,318600,65.3,1,3
9559,318633,65.61,1,3
9560,318666,65.93,1,3
9561,318700,66.46,1,3
9562,318733,67,1,3
9563,318766,67.03,1,3
9564,318800,68.26,1,3
9565,318833,69.49,1,3
9566,318866,70.69,1,3
9567,318900,72.6,1,3
9568,318933,74.51,1,3
9569,318966,73.92,1,3
9570,319000,73.12,1,3
9571,319033,72.32,1,3
9572,319066,70.61,1,3
9573,319100,68.78,1,3
9574,319133,68.25,1,3
9575,319166,67.73,1,3
9576,319200,67.01,1,3
9577,319233,66.48,1,3
9578,319266,66.08,1,3
9579,319300,71.22,1,3
9580,319333,76.56,1,4
9581,319366,80.62,1,4
9582,319400,83.23,1,4
9583,319433,85.84,1,4
9584,319466,82.34,1,4
9585,319500,77.26,1,4
9586,319533,73.67,1,3
9587,319566,71.01,1,3
9588,319600,66.14,1,3
9589,319633,61.86,1,3
9590,319666,56.98,1,3
9591,319700,51.66,1,3
9592,319733,46.85,1,2
9593,319766,45.08,1,2
9594,319800,43.3,1,2
9595,319833,43.69,1,2
9596,319866,45.66,1,2
9597,319900,47.63,1,2
9598,319933,48.77,1,2
9599,319966,52.1,1,3
9600,320000,55.42,1,3
9601,320033,57.6,1,3
9602,320066,61.7,1,3
9603,320100,66.21,1,3
9604,320133,68.54,1,3
9605,320166,70.52,1,3
9606,320200,72.24,1,3
9607,320233,72.06,1,3
9608,320266,71.09,1,3
9609,320300,69.96,1,3
9610,320333,69.18,1,3
9611,320366,68.66,1,3
9612,320400,69.15,1,3
9613,320433,70.02,1,3
9614,320466,71.04,1,3
9615,320500,72.02,1,3
9616,320533,73.01,1,3
9617,320566,72.98,1,3
9618,320600,72.93,1,3
9619,320633,72.89,1,3
9620,320666,72.23,1,3
9621,320700,71.23,1,3
9622,320733,70.23,1,3
9623,320766,68.44,1,3
9624,320800,66.36,1,3
9625,320833,64.94,1,3
9626,320866,62.88,1,3
9627,320900,60.61,1,3
9628,320933,59.14,1,3
9629,320966,57.55,1,3
9630,321000,55.33,1,3
9631,321033,54.08,1,3
9632,321066,52.69,1,3
9633,321100,50.25,1,3
9634,321133,48.22,1,2
9635,321166,46.61,1,2
9636,321200,43.98,1,2
9637,321233,41.71,1,2
9638,321266,40.86,1,2
9639,321300,40.01,1,2
9640,321333,39.38,1,2
9641,321366,40.38,1,2
9642,321400,41.39,1,2
9643,321433,42.02,1,2
9644,321466,43.59,1,2
9645,321500,45.17,1,2
9646,321533,46.12,1,2
9647,321566,49.51,1,2
9648,321600,52.9,1,3
9649,321633,55.43,1,3
9650,321666,60.13,1,3
9651,321700,64.82,1,3
9652,321733,66.84,1,3
9653,321766,68.85,1,3
9654,321800,71.19,1,3
9655,321833,71.36,1,3
9656,321866,71.29,1,3
9657,321900,71.26,1,3
9658,321933,71.23,1,3
9659,321966,70.43,1,3
9660,322000,69.57,1,3
9661,322033,68.95,1,3
9662,322066,68.53,1,3
9663,322100,68.39,1,3
9664,322133,68.6,1,3
9665,322166,68.88,1,3
9666,322200,69.22,1,3
9667,322233,69.56,1,3
9668,322266,68.83,1,3
9669,322300,67.81,1,3
9670,322333,66.8,1,3
9671,322366,65.34,1,3
9672,322400,63.55,1,3
9673,322433,62.55,1,3
9674,322466,61.13,1,3
9675,322500,59.56,1,3
9676,322533,58.4,1,3
9677,322566,57.55,1,3
9678,322600,56.02,1,3
9679,322633,55.2,1,3
9680,322666,54.01,1,3
9681,322700,52.18,1,3
9682,322733,50.36,1,3
9683,322766,48.64,1,2
9684,322800,46.14,1,2
9685,322833,44.16,1,2
9686,322866,42.87,1,2
9687,322900,41.58,1,2
9688,322933,40.86,1,2
9689,322966,42.36,1,2
9690,323000,43.85,1,2
9691,323033,45.29,1,2
9692,323066,46.95,1,2
9693,323100,48.61,1,2
9694,323133,48.83,1,2
9695,323166,51.22,1,3
9696,323200,53.62,1,3
9697,323233,55.79,1,3
9698,323266,58.91,1,3
9699,323300,67.93,1,3
9700,323333,74.78,1,3
9701,323366,80.9,1,4
9702,323400,86.8,1,4
9703,323433,91.63,1,4
9704,323466,90.45,1,4
9705,323500,88.85,1,4
9706,323533,87.97,1,4
9707,323566,87.21,1,4
9708,323600,85.22,1,4
9709,323633,83.35,1,4
9710,323666,80.94,1,4
9711,323700,78.15,1,4
9712,323733,75.48,1,4
9713,323766,74.13,1,3
9714,323800,72.57,1,3
9715,323833,71.99,1,3
9716,323866,71.33,1,3
9717,323900,70.41,1,3
9718,323933,69.49,1,3
9719,323966,68.45,1,3
9720,324000,67.27,1,3
9721,324033,66.53,1,3
9722,324066,65.18,1,3
9723,324100,63.61,1,3
9724,324133,62.37,1,3
9725,324166,60.61,1,3
9726,324200,58.28,1,3
9727,324233,56.81,1,3
9728,324266,55.21,1,3
9729,324300,52.33,1,3
9730,324333,50.13,1,3
9731,324366,48.17,1,2
9732,324400,45.84,1,2
9733,324433,43.88,1,2
9734,324466,43.19,1,2
9735,324500,42.51,1,2
9736,324533,42.14,1,2
9737,324566,43.89,1,2
9738,324600,45.64,1,2
9739,324633,47.39,1,2
9740,324666,48.83,1,2
9741,324700,50.13,1,3
9742,324733,49.68,1,2
9743,324766,51.25,1,3
9744,324800,52.81,1,3
9745,324833,54.67,1,3
9746,324866,58.12,1,3
9747,324900,61.58,1,3
9748,324933,62.86,1,3
9749,324966,64.14,1,3
9750,325000,67.08,1,3
9751,325033,68.57,1,3
9752,325066,69.93,1,3
9753,325100,71.22,1,3
9754,325133,72.51,1,3
9755,325166,71.62,1,3
9756,325200,70.54,1,3
9757,325233,69.58,1,3
9758,325266,68.74,1,3
9759,325300,67.69,1,3
9760,325333,67.17,1,3
9761,325366,66.84,1,3
9762,325400,66.25,1,3
9763,325433,65.78,1,3
9764,325466,65.07,1,3
9765,325500,64.24,1,3
9766,325533,63.43,1,3
9767,325566,62.57,1,3
9768,325600,61.46,1,3
9769,325633,60.8,1,3
9770,325666,60.24,1,3
9771,325700,59.64,1,3
9772,325733,59.34,1,3
9773,325766,59.05,1,3
9774,325800,58.33,1,3
9775,325833,57.61,1,3
9776,325866,56.6,1,3
9777,325900,55.06,1,3
9778,325933,53.76,1,3
9779,325966,52.53,1,3
9780,326000,49.12,1,2
9781,326033,46.04,1,2
9782,326066,43.69,1,2
9783,326100,41.35,1,2
9784,326133,39.35,1,2
9785,326166,40.74,1,2
9786,326200,42.13,1,2
9787,326233,43.33,1,2
9788,326266,45.01,1,2
9789,326300,46.69,1,2
9790,326333,47.17,1,2
9791,326366,47.87,1,2
9792,326400,48.58,1,2
9793,326433,48.8,1,2
9794,326466,50.61,1,3
9795,326500,52.42,1,3
9796,326533,53.97,1,3
9797,326566,55.51,1,3
9798,326600,58.68,1,3
9799,326633,60.26,1,3
9800,326666,61.84,1,3
9801,326700,64.53,1,3
9802,326733,67.22,1,3
9803,326766,67.78,1,3
9804,326800,68.26,1,3
9805,326833,68.74,1,3
9806,326866,67.62,1,3
9807,326900,66.34,1,3
9808,326933,65.57,1,3
9809,326966,64.87,1,3
9810,327000,64.17,1,3
9811,327033,64.01,1,3
9812,327066,63.73,1,3
9813,327100,63.29,1,3
9814,327133,62.85,1,3
9815,327166,62.4,1,3
9816,327200,62.15,1,3
9817,327233,62.19,1,3
9818,327266,62.39,1,3
9819,327300,68.37,1,3
9820,327333,74.35,1,3
9821,327366,79.34,1,4
9822,327400,83.76,1,4
9823,327433,88.19,1,4
9824,327466,86.38,1,4
9825,327500,82.53,1,4
9826,327533,79.48,1,4
9827,327566,76.22,1,4
9828,327600,71.29,1,3
9829,327633,66.81,1,3
9830,327666,62.14,1,3
9831,327700,55.96,1,3
9832,327733,50.54,1,3
9833,327766,48.69,1,2
9834,327800,46.83,1,2
9835,327833,47.21,1,2
9836,327866,49.93,1,2
9837,327900,52.65,1,3
9838,327933,53.47,1,3
9839,327966,54.33,1,3
9840,328000,55.19,1,3
9841,328033,55.23,1,3
9842,328066,55.48,1,3
9843,328100,55.73,1,3
9844,328133,55.94,1,3
9845,328166,56.42,1,3
9846,328200,57.2,1,3
9847,328233,57.76,1,3
9848,328266,58.33,1,3
9849,328300,60.47,1,3
9850,328333,62.35,1,3
9851,328366,63.92,1,3
9852,328400,65.39,1,3
9853,328433,66.85,1,3
9854,328466,66.4,1,3
9855,328500,65.75,1,3
9856,328533,65.11,1,3
9857,328566,64.58,1,3
9858,328600,64.27,1,3
9859,328633,64.29,1,3
9860,328666,64.18,1,3
9861,328700,63.82,1,3
9862,328733,63.45,1,3
9863,328766,62.79,1,3
9864,328800,62.04,1,3
9865,328833,61.61,1,3
9866,328866,61.41,1,3
9867,328900,60.99,1,3
9868,328933,60.65,1,3
9869,328966,60.12,1,3
9870,329000,59.32,1,3
9871,329033,58.83,1,3
9872,329066,58.28,1,3
9873,329100,57.28,1,3
9874,329133,56.56,1,3
9875,329166,55.71,1,3
9876,329200,52.59,1,3
9877,329233,49.74,1,2
9878,329266,46.98,1,2
9879,329300,43.83,1,2
9880,329333,41.07,1,2
9881,329366,40.62,1,2
9882,329400,40.17,1,2
9883,329433,40.08,1,2
9884,329466,41.58,1,2
9885,329500,43.09,1,2
9886,329533,44.3,1,2
9887,329566,46.04,1,2
9888,329600,47.79,1,2
9889,329633,48.32,1,2
9890,329666,50.65,1,3
9891,329700,52.98,1,3
9892,329733,54.54,1,3
9893,329766,56.1,1,3
9894,329800,57.86,1,3
9895,329833,57.84,1,3
9896,329866,57.81,1,3
9897,329900,58.54,1,3
9898,329933,59.28,1,3
9899,329966,59.82,1,3
9900,330000,60.79,1,3
9901,330033,61.77,1,3
9902,330066,62.22,1,3
9903,330100,62.66,1,3
9904,330133,63.09,1,3
9905,330166,63.09,1,3
9906,330200,63.03,1,3
9907,330233,62.97,1,3
9908,330266,62.92,1,3
9909,330300,63.37,1,3
9910,330333,63.82,1,3
9911,330366,63.85,1,3
9912,330400,63.8,1,3
9913,330433,63.75,1,3
9914,330466,63.06,1,3
9915,330500,62.17,1,3
9916,330533,61.77,1,3
9917,330566,61.01,1,3
9918,330600,60.08,1,3
9919,330633,59.29,1,3
9920,330666,58.7,1,3
9921,330700,58.92,1,3
9922,330733,59.77,1,3
9923,330766,60.59,1,3
9924,330800,59.02,1,3
9925,330833,57.45,1,3
9926,330866,54.79,1,3
9927,330900,50.98,1,3
9928,330933,47.37,1,2
9929,330966,45.91,1,2
9930,331000,43.7,1,2
9931,331033,41.76,1,2
9932,331066,40.84,1,2
9933,331100,39.93,1,2
9934,331133,39.26,1,2
9935,331166,40.09,1,2
9936,331200,40.93,1,2
9937,331233,41.7,1,2
9938,331266,45.72,1,2
9939,331300,56.06,1,3
9940,331333,65.63,1,3
9941,331366,74.63,1,3
9942,331400,82.38,1,4
9943,331433,86.56,1,4
9944,331466,84.43,1,4
9945,331500,83.21,1,4
9946,331533,82.55,1,4
9947,331566,82.92,1,4
9948,331600,81.33,1,4
9949,331633,79.74,1,4
9950,331666,76,1,4
9951,331700,72,1,3
9952,331733,68.23,1,3
9953,331766,66.73,1,3
9954,331800,65.55,1,3
9955,331833,65.6,1,3
9956,331866,65.93,1,3
9957,331900,67.23,1,3
9958,331933,68.53,1,3
9959,331966,69.5,1,3
9960,332000,70.75,1,3
9961,332033,71.99,1,3
9962,332066,71.32,1,3
9963,332100,70.14,1,3
9964,332133,68.96,1,3
9965,332166,66.51,1,3
9966,332200,63.68,1,3
9967,332233,61.8,1,3
9968,332266,60.41,1,3
9969,332300,58.72,1,3
9970,332333,58.34,1,3
9971,332366,58.01,1,3
9972,332400,57.09,1,3
9973,332433,56.18,1,3
9974,332466,55.32,1,3
9975,332500,52.69,1,3
9976,332533,50.39,1,3
9977,332566,48.3,1,2
9978,332600,45.28,1,2
9979,332633,42.53,1,2
9980,332666,41.47,1,2
9981,332700,40.4,1,2
9982,332733,39.71,1,2
9983,332766,40.32,1,2
9984,332800,40.93,1,2
9985,332833,41.3,1,2
9986,332866,42.89,1,2
9987,332900,44.47,1,2
9988,332933,45.69,1,2
9989,332966,48.05,1,2
9990,333000,50.41,1,3
9991,333033,51.51,1,3
9992,333066,52.62,1,3
9993,333100,54.83,1,3
9994,333133,55.89,1,3
9995,333166,56.95,1,3
9996,333200,58.55,1,3
9997,333233,60.15,1,3
9998,333266,60.66,1,3
9999,333300,61.65,1,3
10000,333333,62.64,1,3
10001,333366,63.16,1,3
10002,333400,64.35,1,3
10003,333433,65.53,1,3
10004,333466,66.24,1,3
10005,333500,67.91,1,3
10006,333533,69.55,1,3
10007,333566,70.53,1,3
10008,333600,72.54,1,3
10009,333633,74.56,1,3
10010,333666,75.6,1,4
10011,333700,76.54,1,4
10012,333733,77.47,1,4
10013,333766,73.75,1,3
10014,333800,69.88,1,3
10015,333833,66.01,1,3
10016,333866,61.52,1,3
10017,333900,56.95,1,3
10018,333933,55.99,1,3
10019,333966,54.98,1,3
10020,334000,53.1,1,3
10021,334033,51.95,1,3
10022,334066,50.38,1,3
10023,334100,48.15,1,2
10024,334133,46.12,1,2
10025,334166,44.63,1,2
10026,334200,42.36,1,2
10027,334233,40.58,1,2
10028,334266,39.2,1,2
10029,334300,37.57,1,2
10030,334333,36.27,1,2
10031,334366,37.39,1,2
10032,334400,38.52,1,2
10033,334433,39.91,1,2
10034,334466,42.46,1,2
10035,334500,45.01,1,2
10036,334533,45.91,1,2
10037,334566,48.17,1,2
10038,334600,50.61,1,3
10039,334633,52.15,1,3
10040,334666,53.69,1,3
10041,334700,55.9,1,3
10042,334733,56.75,1,3
10043,334766,57.42,1,3
10044,334800,59.8,1,3
10045,334833,62.18,1,3
10046,334866,63.97,1,3
10047,334900,66,1,3
10048,334933,68.04,1,3
10049,334966,67.4,1,3
10050,335000,66.63,1,3
10051,335033,65.78,1,3
10052,335066,64.68,1,3
10053,335100,63.89,1,3
10054,335133,64.06,1,3
10055,335166,64.36,1,3
10056,335200,66.22,1,3
10057,335233,68.08,1,3
10058,335266,69.63,1,3
10059,335300,76.21,1,4
10060,335333,82.79,1,4
10061,335366,86.64,1,4
10062,335400,90.37,1,4
10063,335433,94.1,1,4
10064,335466,91.42,1,4
10065,335500,88.38,1,4
10066,335533,86.51,1,4
10067,335566,84.54,1,4
10068,335600,82.53,1,4
10069,335633,79.27,1,4
10070,335666,75.45,1,4
10071,335700,67.66,1,3
10072,335733,60.11,1,3
10073,335766,52.13,1,3
10074,335800,46.58,1,2
10075,335833,41.95,1,2
10076,335866,41.11,1,2
10077,335900,40.28,1,2
10078,335933,39.91,1,2
10079,335966,40.16,1,2
10080,336000,40.4,1,2
10081,336033,40.82,1,2
10082,336066,41.74,1,2
10083,336100,42.66,1,2
10084,336133,43.17,1,2
10085,336166,45.3,1,2
10086,336200,47.43,1,2
10087,336233,49.05,1,2
10088,336266,50.86,1,3
10089,336300,53.55,1,3
10090,336333,54.61,1,3
10091,336366,55.68,1,3
10092,336400,58.21,1,3
10093,336433,60.55,1,3
10094,336466,62.02,1,3
10095,336500,65.05,1,3
10096,336533,68.08,1,3
10097,336566,69.33,1,3
10098,336600,70.22,1,3
10099,336633,71.1,1,3
10100,336666,70.14,1,3
10101,336700,68.87,1,3
10102,336733,67.93,1,3
10103,336766,67.34,1,3
10104,336800,66.95,1,3
10105,336833,66.84,1,3
10106,336866,67.05,1,3
10107,336900,67.67,1,3
10108,336933,68.3,1,3
10109,336966,67.95,1,3
10110,337000,67.2,1,3
10111,337033,66.46,1,3
10112,337066,64.39,1,3
10113,337100,61.92,1,3
10114,337133,60.22,1,3
10115,337166,58.06,1,3
10116,337200,54.71,1,3
10117,337233,52.26,1,3
10118,337266,49.89,1,2
10119,337300,45.75,1,2
10120,337333,42.46,1,2
10121,337366,40.08,1,2
10122,337400,36.74,1,2
10123,337433,33.72,1,2
10124,337466,32.52,1,2
10125,337500,31.32,1,2
10126,337533,30.42,1,2
10127,337566,31.29,1,2
10128,337600,32.16,1,2
10129,337633,32.98,1,2
10130,337666,34.54,1,2
10131,337700,36.1,1,2
10132,337733,36.83,1,2
10133,337766,39.27,1,2
10134,337800,41.72,1,2
10135,337833,43.42,1,2
10136,337866,46.47,1,2
10137,337900,50.17,1,3
10138,337933,52.17,1,3
10139,337966,54.17,1,3
10140,338000,56.5,1,3
10141,338033,57.5,1,3
10142,338066,57.83,1,3
10143,338100,60.32,1,3
10144,338133,62.81,1,3
10145,338166,64.97,1,3
10146,338200,67,1,3
10147,338233,69.04,1,3
10148,338266,68.92,1,3
10149,338300,69.77,1,3
10150,338333,70.62,1,3
10151,338366,70.18,1,3
10152,338400,69.61,1,3
10153,338433,69.05,1,3
10154,338466,67.51,1,3
10155,338500,66.43,1,3
10156,338533,66.76,1,3
10157,338566,67.14,1,3
10158,338600,67.23,1,3
10159,338633,67.33,1,3
10160,338666,66.35,1,3
10161,338700,65.01,1,3
10162,338733,63.76,1,3
10163,338766,61,1,3
10164,338800,56.94,1,3
10165,338833,53.49,1,3
10166,338866,49.98,1,2
10167,338900,45.44,1,2
10168,338933,42.69,1,2
10169,338966,40.94,1,2
10170,339000,37.91,1,2
10171,339033,35.3,1,2
10172,339066,33.44,1,2
10173,339100,31.43,1,2
10174,339133,29.73,1,2
10175,339166,29.67,1,2
10176,339200,29.61,1,2
10177,339233,29.83,1,2
10178,339266,35.83,1,2
10179,339300,35.83,1,2
10180,339333,35.83,1,2
10181,339366,35.83,1,2
10182,339400,35.83,1,2
10183,339433,35.83,1,2
10184,339466,35.83,1,2
10185,339500,35.83,1,2
10186,339533,35.83,1,2
10187,339566,35.83,1,2
10188,339600,35.83,1,2
10189,339633,35.83,1,2
10190,339666,35.83,1,2
10191,339700,35.83,1,2
10192,339733,35.83,1,2
10193,339766,35.83,1,2
10194,339800,35.83,1,2
10195,339833,35.83,1,2
10196,339866,35.83,1,2
10197,339900,35.83,1,2
10198,339933,35.83,1,2
10199,339966,35.83,1,2
10200,340000,35.83,1,2
10201,340033,35.83,1,2
10202,340066,35.83,1,2
10203,340100,35.83,1,2
10204,340133,35.83,1,2
10205,340166,35.83,1,2
10206,340200,35.83,1,2
10207,340233,35.83,1,2
10208,340266,35.83,1,2
10209,340300,35.83,1,2
10210,340333,35.83,1,2
10211,340366,35.83,1,2
10212,340400,35.83,1,2
10213,340433,35.83,1,2
10214,340466,35.83,1,2
10215,340500,35.83,1,2
10216,340533,35.83,1,2
10217,340566,35.83,1,2
10218,340600,42.93,1,2
10219,340633,39.08,1,2
10220,340666,36.88,1,2
10221,340700,34.67,1,2
10222,340733,32.91,1,2
10223,340766,32.28,1,2
10224,340800,31.39,1,2
10225,340833,30.78,1,2
10226,340866,30.53,1,2
10227,340900,30.28,1,2
10228,340933,30.39,1,2
10229,340966,31.92,1,2
10230,341000,33.46,1,2
10231,341033,34.62,1,2
10232,341066,38.51,1,2
10233,341100,42.41,1,2
10234,341133,45.13,1,2
10235,341166,49.03,1,2
10236,341200,52.93,1,3
10237,341233,53.95,1,3
10238,341266,54.97,1,3
10239,341300,56.39,1,3
10240,341333,56.64,1,3
10241,341366,56.89,1,3
10242,341400,58.22,1,3
10243,341433,59.56,1,3
10244,341466,60.5,1,3
10245,341500,62.9,1,3
10246,341533,65.29,1,3
10247,341566,66.37,1,3
10248,341600,67.26,1,3
10249,341633,68.16,1,3
10250,341666,67.59,1,3
10251,341700,67.24,1,3
10252,341733,67.27,1,3
10253,341766,66.56,1,3
10254,341800,65.6,1,3
10255,341833,64.64,1,3
10256,341866,62.87,1,3
10257,341900,60.66,1,3
10258,341933,59.37,1,3
10259,341966,58.3,1,3
10260,342000,56.58,1,3
10261,342033,55.45,1,3
10262,342066,53.73,1,3
10263,342100,51.92,1,3
10264,342133,50.21,1,3
10265,342166,48.77,1,2
10266,342200,46.53,1,2
10267,342233,45.34,1,2
10268,342266,43.73,1,2
10269,342300,41.18,1,2
10270,342333,39.02,1,2
10271,342366,37.22,1,2
10272,342400,35.13,1,2
10273,342433,33.55,1,2
10274,342466,32.54,1,2
10275,342500,31.54,1,2
10276,342533,30.98,1,2
10277,342566,31.68,1,2
10278,342600,32.38,1,2
10279,342633,33.36,1,2
10280,342666,35.55,1,2
10281,342700,37.73,1,2
10282,342733,38.94,1,2
10283,342766,42.27,1,2
10284,342800,45.6,1,2
10285,342833,47.38,1,2
10286,342866,49.16,1,2
10287,342900,52.28,1,3
10288,342933,53.29,1,3
10289,342966,54.3,1,3
10290,343000,56.29,1,3
10291,343033,58.28,1,3
10292,343066,58.92,1,3
10293,343100,60.04,1,3
10294,343133,61.16,1,3
10295,343166,61.64,1,3
10296,343200,62.04,1,3
10297,343233,62.44,1,3
10298,343266,62.36,1,3
10299,343300,68.61,1,3
10300,343333,74.86,1,3
10301,343366,80.32,1,4
10302,343400,85.51,1,4
10303,343433,90.7,1,4
10304,343466,89.41,1,4
10305,343500,87.8,1,4
10306,343533,87.06,1,4
10307,343566,85.24,1,4
10308,343600,81.12,1,4
10309,343633,76.42,1,4
10310,343666,70.28,1,3
10311,343700,63.79,1,3
10312,343733,58.98,1,3
10313,343766,55.73,1,3
10314,343800,52.17,1,3
10315,343833,50.38,1,3
10316,343866,48.62,1,2
10317,343900,45.64,1,2
10318,343933,43.41,1,2
10319,343966,42.24,1,2
10320,344000,41.06,1,2
10321,344033,40.21,1,2
10322,344066,39.86,1,2
10323,344100,38.6,1,2
10324,344133,37.32,1,2
10325,344166,36.37,1,2
10326,344200,35.42,1,2
10327,344233,34.83,1,2
10328,344266,36.25,1,2
10329,344300,37.67,1,2
10330,344333,38.76,1,2
10331,344366,42.43,1,2
10332,344400,46.11,1,2
10333,344433,48.69,1,2
10334,344466,51.72,1,3
10335,344500,54.75,1,3
10336,344533,54.95,1,3
10337,344566,55.14,1,3
10338,344600,56.1,1,3
10339,344633,56.61,1,3
10340,344666,57.12,1,3
10341,344700,58.53,1,3
10342,344733,59.94,1,3
10343,344766,60.49,1,3
10344,344800,60.9,1,3
10345,344833,61.31,1,3
10346,344866,60.78,1,3
10347,344900,60.16,1,3
10348,344933,59.64,1,3
10349,344966,59.06,1,3
10350,345000,58.39,1,3
10351,345033,58.02,1,3
10352,345066,57.73,1,3
10353,345100,58.27,1,3
10354,345133,59.01,1,3
10355,345166,59.84,1,3
10356,345200,59.86,1,3
10357,345233,59.88,1,3
10358,345266,58.51,1,3
10359,345300,56.86,1,3
10360,345333,55.21,1,3
10361,345366,53.85,1,3
10362,345400,52.42,1,3
10363,345433,51.56,1,3
10364,345466,50.65,1,3
10365,345500,48.96,1,2
10366,345533,47.77,1,2
10367,345566,46.13,1,2
10368,345600,43.91,1,2
10369,345633,42.01,1,2
10370,345666,40.54,1,2
10371,345700,38.73,1,2
10372,345733,37.46,1,2
10373,345766,36.4,1,2
10374,345800,35,1,2
10375,345833,33.96,1,2
10376,345866,34.3,1,2
10377,345900,34.63,1,2
10378,345933,35.34,1,2
10379,345966,37.26,1,2
10380,346000,39.17,1,2
10381,346033,40.05,1,2
10382,346066,42.9,1,2
10383,346100,46.12,1,2
10384,346133,48.46,1,2
10385,346166,50.8,1,3
10386,346200,53.31,1,3
10387,346233,53.85,1,3
10388,346266,54.01,1,3
10389,346300,54.67,1,3
10390,346333,55.34,1,3
10391,346366,55.84,1,3
10392,346400,56.66,1,3
10393,346433,57.48,1,3
10394,346466,57.8,1,3
10395,346500,58.52,1,3
10396,346533,59.24,1,3
10397,346566,59.64,1,3
10398,346600,59.98,1,3
10399,346633,60.32,1,3
10400,346666,59.92,1,3
10401,346700,59.27,1,3
10402,346733,58.63,1,3
10403,346766,58.04,1,3
10404,346800,58.3,1,3
10405,346833,58.9,1,3
10406,346866,59.74,1,3
10407,346900,60.41,1,3
10408,346933,61.08,1,3
10409,346966,59.62,1,3
10410,347000,58.04,1,3
10411,347033,56.47,1,3
10412,347066,54.77,1,3
10413,347100,50.99,1,3
10414,347133,48.5,1,2
10415,347166,45.81,1,2
10416,347200,43.11,1,2
10417,347233,40.71,1,2
10418,347266,45,1,2
10419,347300,54.65,1,3
10420,347333,64.79,1,3
10421,347366,74.77,1,3
10422,347400,80.01,1,4
10423,347433,80.63,1,4
10424,347466,75.9,1,4
10425,347500,71.01,1,3
10426,347533,66.28,1,3
10427,347566,65.52,1,3
10428,347600,64.69,1,3
10429,347633,63.05,1,3
10430,347666,59.82,1,3
10431,347700,56.58,1,3
10432,347733,54.13,1,3
10433,347766,51.89,1,3
10434,347800,51.38,1,3
10435,347833,52.48,1,3
10436,347866,53.57,1,3
10437,347900,55.03,1,3
10438,347933,56.34,1,3
10439,347966,56.71,1,3
10440,348000,57.91,1,3
10441,348033,59.11,1,3
10442,348066,59.94,1,3
10443,348100,61.05,1,3
10444,348133,62.16,1,3
10445,348166,62.43,1,3
10446,348200,62.71,1,3
10447,348233,62.98,1,3
10448,348266,62.98,1,3
10449,348300,62.74,1,3
10450,348333,62.49,1,3
10451,348366,62.24,1,3
10452,348400,62.96,1,3
10453,348433,63.68,1,3
10454,348466,64.64,1,3
10455,348500,66.49,1,3
10456,348533,68.34,1,3
10457,348566,68.14,1,3
10458,348600,67.61,1,3
10459,348633,67.08,1,3
10460,348666,64.21,1,3
10461,348700,60.09,1,3
10462,348733,57.04,1,3
10463,348766,54.07,1,3
10464,348800,48.66,1,2
10465,348833,44.71,1,2
10466,348866,41.69,1,2
10467,348900,38.67,1,2
10468,348933,35.92,1,2
10469,348966,35.41,1,2
10470,349000,34.9,1,2
10471,349033,34.71,1,2
10472,349066,34.16,1,2
10473,349100,33.42,1,2
10474,349133,32.87,1,2
10475,349166,32.87,1,2
10476,349200,32.86,1,2
10477,349233,33.22,1,2
10478,349266,35.52,1,2
10479,349300,37.83,1,2
10480,349333,39.59,1,2
10481,349366,42.3,1,2
10482,349400,45.01,1,2
10483,349433,45.75,1,2
10484,349466,46.49,1,2
10485,349500,48.79,1,2
10486,349533,50.13,1,3
10487,349566,51.48,1,3
10488,349600,53.44,1,3
10489,349633,55.39,1,3
10490,349666,55.8,1,3
10491,349700,57.45,1,3
10492,349733,59.1,1,3
10493,349766,60.34,1,3
10494,349800,62.15,1,3
10495,349833,63.96,1,3
10496,349866,64.17,1,3
10497,349900,64.17,1,3
10498,349933,64.17,1,3
10499,349966,63.61,1,3
10500,350000,63.25,1,3
10501,350033,63.25,1,3
10502,350066,64.3,1,3
10503,350100,65.69,1,3
10504,350133,67.09,1,3
10505,350166,67.98,1,3
10506,350200,68.37,1,3
10507,350233,67.92,1,3
10508,350266,66.71,1,3
10509,350300,63.91,1,3
10510,350333,61.02,1,3
10511,350366,58.6,1,3
10512,350400,54.11,1,3
10513,350433,50.03,1,3
10514,350466,47.24,1,2
10515,350500,44.04,1,2
10516,350533,40.86,1,2
10517,350566,40.44,1,2
10518,350600,40.02,1,2
10519,350633,39.9,1,2
10520,350666,40.24,1,2
10521,350700,40.27,1,2
10522,350733,39.63,1,2
10523,350766,39.97,1,2
10524,350800,40.31,1,2
10525,350833,40.99,1,2
10526,350866,42.62,1,2
10527,350900,44.24,1,2
10528,350933,44.88,1,2
10529,350966,47.21,1,2
10530,351000,49.54,1,2
10531,351033,51.23,1,3
10532,351066,52.96,1,3
10533,351100,55.22,1,3
10534,351133,55.78,1,3
10535,351166,56.35,1,3
10536,351200,57.16,1,3
10537,351233,57.93,1,3
10538,351266,58.17,1,3
10539,351300,66.02,1,3
10540,351333,73.87,1,3
10541,351366,81.21,1,4
10542,351400,88.51,1,4
10543,351433,95.8,1,4
10544,351466,95.31,1,4
10545,351500,94.18,1,4
10546,351533,93.33,1,4
10547,351566,92.19,1,4
10548,351600,89.15,1,4
10549,351633,86.3,1,4
10550,351666,82.82,1,4
10551,351700,78.83,1,4
10552,351733,75.17,1,4
10553,351766,73.41,1,3
10554,351800,72.28,1,3
10555,351833,72.41,1,3
10556,351866,71.47,1,3
10557,351900,70.07,1,3
10558,351933,68.68,1,3
10559,351966,66.15,1,3
10560,352000,63.06,1,3
10561,352033,61.55,1,3
10562,352066,60.12,1,3
10563,352100,56.84,1,3
10564,352133,54.06,1,3
10565,352166,51.38,1,3
10566,352200,48.26,1,2
10567,352233,45.51,1,2
10568,352266,44.25,1,2
10569,352300,42.56,1,2
10570,352333,41.34,1,2
10571,352366,40.63,1,2
10572,352400,39.92,1,2
10573,352433,39.56,1,2
10574,352466,40.11,1,2
10575,352500,40.65,1,2
10576,352533,41.12,1,2
10577,352566,43.26,1,2
10578,352600,45.4,1,2
10579,352633,47.08,1,2
10580,352666,49.61,1,2
10581,352700,52.13,1,3
10582,352733,52.99,1,3
10583,352766,54.07,1,3
10584,352800,56.02,1,3
10585,352833,57.11,1,3
10586,352866,58.2,1,3
10587,352900,60.75,1,3
10588,352933,63.06,1,3
10589,352966,64.52,1,3
10590,353000,66.88,1,3
10591,353033,69.25,1,3
10592,353066,69.77,1,3
10593,353100,70.07,1,3
10594,353133,70.38,1,3
10595,353166,69.77,1,3
10596,353200,69.03,1,3
10597,353233,68.67,1,3
10598,353266,68.15,1,3
10599,353300,67.45,1,3
10600,353333,66.74,1,3
10601,353366,66.18,1,3
10602,353400,65.97,1,3
10603,353433,66.14,1,3
10604,353466,66.05,1,3
10605,353500,65.48,1,3
10606,353533,64.9,1,3
10607,353566,63.08,1,3
10608,353600,61.23,1,3
10609,353633,59.48,1,3
10610,353666,58.14,1,3
10611,353700,55.63,1,3
10612,353733,54.01,1,3
10613,353766,52.1,1,3
10614,353800,48.94,1,2
10615,353833,45.84,1,2
10616,353866,43.63,1,2
10617,353900,40.99,1,2
10618,353933,38.68,1,2
10619,353966,38.41,1,2
10620,354000,38.14,1,2
10621,354033,38.16,1,2
10622,354066,39.81,1,2
10623,354100,41.47,1,2
10624,354133,42.67,1,2
10625,354166,44.13,1,2
10626,354200,45.59,1,2
10627,354233,45.85,1,2
10628,354266,48.72,1,2
10629,354300,51.59,1,3
10630,354333,54.2,1,3
10631,354366,57.85,1,3
10632,354400,61.49,1,3
10633,354433,62.52,1,3
10634,354466,63.55,1,3
10635,354500,65.03,1,3
10636,354533,65.47,1,3
10637,354566,65.91,1,3
10638,354600,66.38,1,3
10639,354633,66.84,1,3
10640,354666,66.86,1,3
10641,354700,67.06,1,3
10642,354733,67.27,1,3
10643,354766,67.47,1,3
10644,354800,68.59,1,3
10645,354833,69.71,1,3
10646,354866,69.79,1,3
10647,354900,69.68,1,3
10648,354933,69.56,1,3
10649,354966,67.58,1,3
10650,355000,65.43,1,3
10651,355033,64.12,1,3
10652,355066,63.02,1,3
10653,355100,62.19,1,3
10654,355133,62.3,1,3
10655,355166,61.45,1,3
10656,355200,60.36,1,3
10657,355233,59.26,1,3
10658,355266,57.89,1,3
10659,355300,64.3,1,3
10660,355333,71.83,1,3
10661,355366,78.78,1,4
10662,355400,83.28,1,4
10663,355433,87.77,1,4
10664,355466,84.22,1,4
10665,355500,79.19,1,4
10666,355533,74.98,1,3
10667,355566,72.72,1,3
10668,355600,69.99,1,3
10669,355633,66.65,1,3
10670,355666,61.04,1,3
10671,355700,55.08,1,3
10672,355733,49.63,1,2
10673,355766,45.25,1,2
10674,355800,41.76,1,2
10675,355833,42.02,1,2
10676,355866,43.98,1,2
10677,355900,45.93,1,2
10678,355933,47.27,1,2
10679,355966,50.84,1,3
10680,356000,54.41,1,3
10681,356033,56.63,1,3
10682,356066,59.84,1,3
10683,356100,63.55,1,3
10684,356133,65.03,1,3
10685,356166,66.48,1,3
10686,356200,67.67,1,3
10687,356233,67.88,1,3
10688,356266,67.58,1,3
10689,356300,67.48,1,3
10690,356333,67.43,1,3
10691,356366,67.08,1,3
10692,356400,66.55,1,3
10693,356433,66.03,1,3
10694,356466,65.31,1,3
10695,356500,64.74,1,3
10696,356533,64.73,1,3
10697,356566,64.88,1,3
10698,356600,65.4,1,3
10699,356633,65.92,1,3
10700,356666,66.28,1,3
10701,356700,67.04,1,3
10702,356733,67.79,1,3
10703,356766,67.46,1,3
10704,356800,66.87,1,3
10705,356833,66.29,1,3
10706,356866,64.08,1,3
10707,356900,61.32,1,3
10708,356933,59.82,1,3
10709,356966,58.03,1,3
10710,357000,54.68,1,3
10711,357033,52.55,1,3
10712,357066,50.55,1,3
10713,357100,47.47,1,2
10714,357133,44.9,1,2
10715,357166,43.77,1,2
10716,357200,42.61,1,2
10717,357233,41.88,1,2
10718,357266,41.46,1,2
10719,357300,40.3,1,2
10720,357333,39.28,1,2
10721,357366,38.06,1,2
10722,357400,36.83,1,2
10723,357433,35.86,1,2
10724,357466,37.36,1,2
10725,357500,38.85,1,2
10726,357533,40.59,1,2
10727,357566,43.53,1,2
10728,357600,46.48,1,2
10729,357633,47.7,1,2
10730,357666,49.98,1,2
10731,357700,52.27,1,3
10732,357733,53.18,1,3
10733,357766,54.08,1,3
10734,357800,55.56,1,3
10735,357833,55.97,1,3
10736,357866,56.38,1,3
10737,357900,57.26,1,3
10738,357933,58.14,1,3
10739,357966,58.45,1,3
10740,358000,59.14,1,3
10741,358033,59.84,1,3
10742,358066,60.19,1,3
10743,358100,60.4,1,3
10744,358133,60.61,1,3
10745,358166,60.44,1,3
10746,358200,60.37,1,3
10747,358233,60.35,1,3
10748,358266,60.46,1,3
10749,358300,60.76,1,3
10750,358333,61.05,1,3
10751,358366,61.24,1,3
10752,358400,62.94,1,3
10753,358433,64.63,1,3
10754,358466,66.01,1,3
10755,358500,67.14,1,3
10756,358533,68.27,1,3
10757,358566,66.89,1,3
10758,358600,65.18,1,3
10759,358633,63.93,1,3
10760,358666,62.4,1,3
10761,358700,59.3,1,3
10762,358733,57.2,1,3
10763,358766,54.9,1,3
10764,358800,51.9,1,3
10765,358833,49.42,1,2
10766,358866,48.2,1,2
10767,358900,46.34,1,2
10768,358933,45.02,1,2
10769,358966,44.71,1,2
10770,359000,44.41,1,2
10771,359033,44.42,1,2
10772,359066,46.23,1,2
10773,359100,48.04,1,2
10774,359133,49.2,1,2
10775,359166,51.76,1,3
10776,359200,54.31,1,3
10777,359233,55.71,1,3
10778,359266,58.31,1,3
10779,359300,67.09,1,3
10780,359333,74.46,1,3
10781,359366,80.79,1,4
10782,359400,86.91,1,4
10783,359433,91.83,1,4
10784,359466,90.58,1,4
10785,359500,89.46,1,4
10786,359533,89.4,1,4
10787,359566,89.54,1,4
10788,359600,87.8,1,4
10789,359633,86.06,1,4
10790,359666,83.13,1,4
10791,359700,79.8,1,4
10792,359733,76.47,1,4
10793,359766,73.82,1,3
10794,359800,70.79,1,3
10795,359833,68.82,1,3
10796,359866,67.24,1,3
10797,359900,65.59,1,3
10798,359933,65.13,1,3
10799,359966,64.46,1,3
10800,360000,63.62,1,3
10801,360033,62.79,1,3
10802,360066,62.03,1,3
10803,360100,61.38,1,3
10804,360133,61.32,1,3
10805,360166,60.43,1,3
10806,360200,59.11,1,3
10807,360233,58.22,1,3
10808,360266,56.81,1,3
10809,360300,55.41,1,3
10810,360333,55.01,1,3
10811,360366,54.64,1,3
10812,360400,52.77,1,3
10813,360433,51.32,1,3
10814,360466,49.35,1,2
10815,360500,46.4,1,2
10816,360533,43.84,1,2
10817,360566,42.03,1,2
10818,360600,40.07,1,2
10819,360633,38.61,1,2
10820,360666,40.47,1,2
10821,360700,42.32,1,2
10822,360733,44.48,1,2
10823,360766,47.74,1,2
10824,360800,51,1,3
10825,360833,51.94,1,3
10826,360866,53.91,1,3
10827,360900,55.88,1,3
10828,360933,56.92,1,3
10829,360966,57.6,1,3
10830,361000,58.29,1,3
10831,361033,57.68,1,3
10832,361066,57.07,1,3
10833,361100,57.01,1,3
10834,361133,57.31,1,3
10835,361166,57.6,1,3
10836,361200,58.07,1,3
10837,361233,58.55,1,3
10838,361266,58.46,1,3
10839,361300,59.47,1,3
10840,361333,60.47,1,3
10841,361366,61.4,1,3
10842,361400,62.17,1,3
10843,361433,62.95,1,3
10844,361466,62.64,1,3
10845,361500,62.16,1,3
10846,361533,61.85,1,3
10847,361566,61.69,1,3
10848,361600,61.48,1,3
10849,361633,61.28,1,3
10850,361666,61.24,1,3
10851,361700,61.26,1,3
10852,361733,61.27,1,3
10853,361766,60.36,1,3
10854,361800,59.31,1,3
10855,361833,58.27,1,3
10856,361866,57.17,1,3
10857,361900,56.87,1,3
10858,361933,57.77,1,3
10859,361966,58.56,1,3
10860,362000,59.22,1,3
10861,362033,59.88,1,3
10862,362066,59.2,1,3
10863,362100,56.02,1,3
10864,362133,53.08,1,3
10865,362166,50.49,1,3
10866,362200,47.9,1,2
10867,362233,45.85,1,2
10868,362266,45.74,1,2
10869,362300,45.4,1,2
10870,362333,44.85,1,2
10871,362366,45.74,1,2
10872,362400,46.63,1,2
10873,362433,47.84,1,2
10874,362466,51.18,1,3
10875,362500,54.51,1,3
10876,362533,56.4,1,3
10877,362566,57.66,1,3
10878,362600,58.63,1,3
10879,362633,57.66,1,3
10880,362666,56.6,1,3
10881,362700,55.54,1,3
10882,362733,54.88,1,3
10883,362766,54.52,1,3
10884,362800,54.72,1,3
10885,362833,55,1,3
10886,362866,55.28,1,3
10887,362900,56.29,1,3
10888,362933,57.29,1,3
10889,362966,57.78,1,3
10890,363000,58.77,1,3
10891,363033,59.76,1,3
10892,363066,59.99,1,3
10893,363100,60.14,1,3
10894,363133,60.29,1,3
10895,363166,59.94,1,3
10896,363200,59.36,1,3
10897,363233,59.05,1,3
10898,363266,58.81,1,3
10899,363300,65.93,1,3
10900,363333,73.06,1,3
10901,363366,80.15,1,4
10902,363400,87.01,1,4
10903,363433,93.88,1,4
10904,363466,92.88,1,4
10905,363500,91.42,1,4
10906,363533,90.23,1,4
10907,363566,88.34,1,4
10908,363600,85.8,1,4
10909,363633,79.86,1,4
10910,363666,73.55,1,3
10911,363700,66.46,1,3
10912,363733,60.28,1,3
10913,363766,54.32,1,3
10914,363800,50.33,1,3
10915,363833,47.17,1,2
10916,363866,45.21,1,2
10917,363900,43.25,1,2
10918,363933,41.71,1,2
10919,363966,41.87,1,2
10920,364000,41.49,1,2
10921,364033,40.7,1,2
10922,364066,41.25,1,2
10923,364100,41.79,1,2
10924,364133,42.59,1,2
10925,364166,45.57,1,2
10926,364200,48.54,1,2
10927,364233,50.18,1,3
10928,364266,52.4,1,3
10929,364300,54.61,1,3
10930,364333,55.19,1,3
10931,364366,56.4,1,3
10932,364400,57.61,1,3
10933,364433,58.01,1,3
10934,364466,58.4,1,3
10935,364500,59.51,1,3
10936,364533,59.98,1,3
10937,364566,60.45,1,3
10938,364600,61.49,1,3
10939,364633,62.53,1,3
10940,364666,62.86,1,3
10941,364700,63.63,1,3
10942,364733,64.39,1,3
10943,364766,64.44,1,3
10944,364800,64.29,1,3
10945,364833,64.14,1,3
10946,364866,63.55,1,3
10947,364900,64.06,1,3
10948,364933,64.97,1,3
10949,364966,66.01,1,3
10950,365000,66.95,1,3
10951,365033,67.9,1,3
10952,365066,67.17,1,3
10953,365100,66.1,1,3
10954,365133,65.08,1,3
10955,365166,63.74,1,3
10956,365200,61.94,1,3
10957,365233,61.16,1,3
10958,365266,60.28,1,3
10959,365300,58.81,1,3
10960,365333,57.76,1,3
10961,365366,56.8,1,3
10962,365400,55.37,1,3
10963,365433,54.41,1,3
10964,365466,53.51,1,3
10965,365500,52.48,1,3
10966,365533,51.83,1,3
10967,365566,50.72,1,3
10968,365600,49.27,1,2
10969,365633,48.35,1,2
10970,365666,48.89,1,2
10971,365700,49.43,1,2
10972,365733,50.43,1,3
10973,365766,52.29,1,3
10974,365800,54.14,1,3
10975,365833,54.66,1,3
10976,365866,55.28,1,3
10977,365900,55.91,1,3
10978,365933,56.02,1,3
10979,365966,56.97,1,3
10980,366000,57.93,1,3
10981,366033,58.27,1,3
10982,366066,58.61,1,3
10983,366100,59.52,1,3
10984,366133,59.59,1,3
10985,366166,59.65,1,3
10986,366200,62.64,1,3
10987,366233,65.64,1,3
10988,366266,67.34,1,3
10989,366300,68.87,1,3
10990,366333,70.39,1,3
10991,366366,69.5,1,3
10992,366400,69.47,1,3
10993,366433,70.15,1,3
10994,366466,70.23,1,3
10995,366500,70.13,1,3
10996,366533,70.03,1,3
10997,366566,69.07,1,3
10998,366600,68.55,1,3
10999,366633,68.8,1,3
11000,366666,69.23,1,3
11001,366700,70.16,1,3
11002,366733,71.08,1,3
11003,366766,70.03,1,3
11004,366800,68.6,1,3
11005,366833,67.18,1,3
11006,366866,64.02,1,3
11007,366900,60.47,1,3
11008,366933,58.47,1,3
11009,366966,57.1,1,3
11010,367000,55.73,1,3
11011,367033,55.6,1,3
11012,367066,55.05,1,3
11013,367100,53.36,1,3
11014,367133,51.42,1,3
11015,367166,49.17,1,2
11016,367200,46.37,1,2
11017,367233,44.36,1,2
11018,367266,48.79,1,2
11019,367300,57.93,1,3
11020,367333,67.42,1,3
11021,367366,77.43,1,4
11022,367400,83.35,1,4
11023,367433,83.98,1,4
11024,367466,80.64,1,4
11025,367500,77.25,1,4
11026,367533,73.92,1,3
11027,367566,74.44,1,3
11028,367600,74.96,1,3
11029,367633,72.55,1,3
11030,367666,70.13,1,3
11031,367700,67.71,1,3
11032,367733,65.29,1,3
11033,367766,62.87,1,3
11034,367800,63.63,1,3
11035,367833,64.4,1,3
11036,367866,65.17,1,3
11037,367900,67.1,1,3
11038,367933,69.04,1,3
11039,367966,69.66,1,3
11040,368000,70.28,1,3
11041,368033,70.9,1,3
11042,368066,70.36,1,3
11043,368100,69.57,1,3
11044,368133,69.09,1,3
11045,368166,68.51,1,3
11046,368200,67.38,1,3
11047,368233,66.49,1,3
11048,368266,65.84,1,3
11049,368300,65.04,1,3
11050,368333,64.34,1,3
11051,368366,63.64,1,3
11052,368400,62.53,1,3
11053,368433,61.41,1,3
11054,368466,60.29,1,3
11055,368500,58.76,1,3
11056,368533,57.77,1,3
11057,368566,56.72,1,3
11058,368600,55.24,1,3
11059,368633,53.92,1,3
11060,368666,52.64,1,3
11061,368700,50.83,1,3
11062,368733,49.49,1,2
11063,368766,48.25,1,2
11064,368800,45.76,1,2
11065,368833,43.64,1,2
11066,368866,41.74,1,2
11067,368900,39.75,1,2
11068,368933,38.1,1,2
11069,368966,37.42,1,2
11070,369000,36.64,1,2
11071,369033,36.18,1,2
11072,369066,37.21,1,2
11073,369100,38.24,1,2
11074,369133,39.55,1,2
11075,369166,42.11,1,2
11076,369200,44.67,1,2
11077,369233,45.81,1,2
11078,369266,49.07,1,2
11079,369300,52.32,1,3
11080,369333,54.43,1,3
11081,369366,56.76,1,3
11082,369400,59.1,1,3
11083,369433,59.17,1,3
11084,369466,59.24,1,3
11085,369500,59.99,1,3
11086,369533,60.5,1,3
11087,369566,61.02,1,3
11088,369600,61.9,1,3
11089,369633,62.79,1,3
11090,369666,63,1,3
11091,369700,65.59,1,3
11092,369733,68.17,1,3
11093,369766,69.5,1,3
11094,369800,70.66,1,3
11095,369833,71.81,1,3
11096,369866,70.11,1,3
11097,369900,68.13,1,3
11098,369933,67.19,1,3
11099,369966,65.86,1,3
11100,370000,64.28,1,3
11101,370033,63.18,1,3
11102,370066,62.24,1,3
11103,370100,60.88,1,3
11104,370133,60.07,1,3
11105,370166,59.14,1,3
11106,370200,57.91,1,3
11107,370233,56.87,1,3
11108,370266,56.19,1,3
11109,370300,54.25,1,3
11110,370333,52.7,1,3
11111,370366,51.14,1,3
11112,370400,48.67,1,2
11113,370433,46.26,1,2
11114,370466,45.05,1,2
11115,370500,43.83,1,2
11116,370533,42.9,1,2
11117,370566,42.64,1,2
11118,370600,41.64,1,2
11119,370633,40.73,1,2
11120,370666,39.5,1,2
11121,370700,38.21,1,2
11122,370733,37.11,1,2
11123,370766,38.55,1,2
11124,370800,39.99,1,2
11125,370833,41.73,1,2
11126,370866,45.18,1,2
11127,370900,48.63,1,2
11128,370933,50.27,1,3
11129,370966,54.07,1,3
11130,371000,57.88,1,3
11131,371033,59.79,1,3
11132,371066,61.47,1,3
11133,371100,62.92,1,3
11134,371133,62.2,1,3
11135,371166,61.48,1,3
11136,371200,61.58,1,3
11137,371233,61.92,1,3
11138,371266,62.48,1,3
11139,371300,69.77,1,3
11140,371333,77.06,1,4
11141,371366,83.42,1,4
11142,371400,89.78,1,4
11143,371433,96.14,1,4
11144,371466,94.48,1,4
11145,371500,92.32,1,4
11146,371533,90.51,1,4
11147,371566,88.38,1,4
11148,371600,83.29,1,4
11149,371633,79.5,1,4
11150,371666,75.52,1,4
11151,371700,71.18,1,3
11152,371733,67.16,1,3
11153,371766,66.1,1,3
11154,371800,66,1,3
11155,371833,66.58,1,3
11156,371866,65.47,1,3
11157,371900,64.29,1,3
11158,371933,63.18,1,3
11159,371966,60.75,1,3
11160,372000,57.07,1,3
11161,372033,55.46,1,3
11162,372066,54.23,1,3
11163,372100,52.92,1,3
11164,372133,51.99,1,3
11165,372166,51.91,1,3
11166,372200,51.82,1,3
11167,372233,51.43,1,3
11168,372266,50.79,1,3
11169,372300,48.23,1,2
11170,372333,46.06,1,2
11171,372366,44.2,1,2
11172,372400,42.34,1,2
11173,372433,40.73,1,2
11174,372466,42.25,1,2
11175,372500,43.78,1,2
11176,372533,44.99,1,2
11177,372566,47.05,1,2
11178,372600,49.11,1,2
11179,372633,49.94,1,2
11180,372666,52.78,1,3
11181,372700,55.61,1,3
11182,372733,57.58,1,3
11183,372766,59.56,1,3
11184,372800,61.83,1,3
11185,372833,62.11,1,3
11186,372866,62.15,1,3
11187,372900,62.02,1,3
11188,372933,61.89,1,3
11189,372966,61.46,1,3
11190,373000,61.21,1,3
11191,373033,61.2,1,3
11192,373066,61.31,1,3
11193,373100,61.29,1,3
11194,373133,61.27,1,3
11195,373166,61.07,1,3
11196,373200,61.13,1,3
11197,373233,61.25,1,3
11198,373266,61.51,1,3
11199,373300,62.01,1,3
11200,373333,62.51,1,3
11201,373366,62.75,1,3
11202,373400,62.91,1,3
11203,373433,63.07,1,3
11204,373466,62.16,1,3
11205,373500,61.01,1,3
11206,373533,59.82,1,3
11207,373566,58.28,1,3
11208,373600,55.42,1,3
11209,373633,53.4,1,3
11210,373666,51.26,1,3
11211,373700,48.71,1,2
11212,373733,46.59,1,2
11213,373766,46.62,1,2
11214,373800,46.66,1,2
11215,373833,47.05,1,2
11216,373866,48.49,1,2
11217,373900,49.93,1,2
11218,373933,50.52,1,3
11219,373966,50.74,1,3
11220,374000,48.81,1,2
11221,374033,46.29,1,2
11222,374066,44.08,1,2
11223,374100,41.87,1,2
11224,374133,40.03,1,2
11225,374166,41.39,1,2
11226,374200,42.74,1,2
11227,374233,43.79,1,2
11228,374266,46.68,1,2
11229,374300,49.57,1,2
11230,374333,51.21,1,3
11231,374366,52.85,1,3
11232,374400,55.16,1,3
11233,374433,55.63,1,3
11234,374466,56.1,1,3
11235,374500,57.41,1,3
11236,374533,58.72,1,3
11237,374566,59.36,1,3
11238,374600,60.1,1,3
11239,374633,60.85,1,3
11240,374666,60.95,1,3
11241,374700,61.15,1,3
11242,374733,61.35,1,3
11243,374766,61.44,1,3
11244,374800,61.44,1,3
11245,374833,61.45,1,3
11246,374866,61.37,1,3
11247,374900,61.91,1,3
11248,374933,62.46,1,3
11249,374966,63.09,1,3
11250,375000,66.63,1,3
11251,375033,70.18,1,3
11252,375066,72.9,1,3
11253,375100,75.32,1,4
11254,375133,77.73,1,4
11255,375166,76.35,1,4
11256,375200,73.72,1,3
11257,375233,71.06,1,3
11258,375266,68.71,1,3
11259,375300,72.92,1,3
11260,375333,78.02,1,4
11261,375366,83.99,1,4
11262,375400,87.04,1,4
11263,375433,90.09,1,4
11264,375466,86.29,1,4
11265,375500,81.42,1,4
11266,375533,76.92,1,4
11267,375566,75.06,1,4
11268,375600,72.36,1,3
11269,375633,69.94,1,3
11270,375666,64.38,1,3
11271,375700,58.56,1,3
11272,375733,53.23,1,3
11273,375766,48.68,1,2
11274,375800,44.12,1,2
11275,375833,43.78,1,2
11276,375866,45.79,1,2
11277,375900,47.8,1,2
11278,375933,49.81,1,2
11279,375966,51.82,1,3
11280,376000,54.87,1,3
11281,376033,55.83,1,3
11282,376066,56.8,1,3
11283,376100,58.05,1,3
11284,376133,59.3,1,3
11285,376166,59.5,1,3
11286,376200,61.19,1,3
11287,376233,62.89,1,3
11288,376266,64.38,1,3
11289,376300,65.63,1,3
11290,376333,66.89,1,3
11291,376366,66.65,1,3
11292,376400,66.33,1,3
11293,376433,66,1,3
11294,376466,65.91,1,3
11295,376500,65.97,1,3
11296,376533,66.03,1,3
11297,376566,66.17,1,3
11298,376600,67.04,1,3
11299,376633,67.91,1,3
11300,376666,68.64,1,3
11301,376700,71.98,1,3
11302,376733,75.32,1,4
11303,376766,75.47,1,4
11304,376800,75.28,1,4
11305,376833,75.42,1,4
11306,376866,72.61,1,3
11307,376900,66.47,1,3
11308,376933,62.8,1,3
11309,376966,59.14,1,3
11310,377000,54.14,1,3
11311,377033,49.47,1,2
11312,377066,47.68,1,2
11313,377100,45.78,1,2
11314,377133,44.2,1,2
11315,377166,43.32,1,2
11316,377200,41.6,1,2
11317,377233,40.33,1,2
11318,377266,38.92,1,2
11319,377300,37.51,1,2
11320,377333,36.41,1,2
11321,377366,37.05,1,2
11322,377400,37.68,1,2
11323,377433,38.58,1,2
11324,377466,41.61,1,2
11325,377500,44.65,1,2
11326,377533,46.79,1,2
11327,377566,49.7,1,2
11328,377600,52.74,1,3
11329,377633,53.7,1,3
11330,377666,54.65,1,3
11331,377700,56.53,1,3
11332,377733,57.64,1,3
11333,377766,58.62,1,3
11334,377800,61.19,1,3
11335,377833,63.75,1,3
11336,377866,65.4,1,3
11337,377900,67.91,1,3
11338,377933,70.43,1,3
11339,377966,71,1,3
11340,378000,71.4,1,3
11341,378033,71.79,1,3
11342,378066,71.11,1,3
11343,378100,70.27,1,3
11344,378133,69.72,1,3
11345,378166,68.69,1,3
11346,378200,67.37,1,3
11347,378233,66.24,1,3
11348,378266,65.28,1,3
11349,378300,65.02,1,3
11350,378333,65.43,1,3
11351,378366,64.24,1,3
11352,378400,62.75,1,3
11353,378433,61.57,1,3
11354,378466,59.33,1,3
11355,378500,55.98,1,3
11356,378533,54.52,1,3
11357,378566,53.12,1,3
11358,378600,50.92,1,3
11359,378633,49.09,1,2
11360,378666,47.85,1,2
11361,378700,45.27,1,2
11362,378733,42.93,1,2
11363,378766,40.85,1,2
11364,378800,38.3,1,2
11365,378833,36.25,1,2
11366,378866,35.66,1,2
11367,378900,35.06,1,2
11368,378933,34.7,1,2
11369,378966,36.21,1,2
11370,379000,37.71,1,2
11371,379033,39.11,1,2
11372,379066,42.1,1,2
11373,379100,45.1,1,2
11374,379133,46.7,1,2
11375,379166,49.37,1,2
11376,379200,52.04,1,3
11377,379233,52.94,1,3
11378,379266,53.83,1,3
11379,379300,62.7,1,3
11380,379333,70.49,1,3
11381,379366,77.81,1,4
11382,379400,84.85,1,4
11383,379433,91.89,1,4
11384,379466,90.96,1,4
11385,379500,89.94,1,4
11386,379533,89.4,1,4
11387,379566,89.31,1,4
11388,379600,87.47,1,4
11389,379633,85.62,1,4
11390,379666,83.6,1,4
11391,379700,81.13,1,4
11392,379733,78.65,1,4
11393,379766,76.1,1,4
11394,379800,73.28,1,3
11395,379833,70.73,1,3
11396,379866,68.64,1,3
11397,379900,66.55,1,3
11398,379933,66.3,1,3
11399,379966,66.18,1,3
11400,380000,65.79,1,3
11401,380033,65.4,1,3
11402,380066,64.14,1,3
11403,380100,62.03,1,3
11404,380133,60.03,1,3
11405,380166,57.93,1,3
11406,380200,54.54,1,3
11407,380233,52.02,1,3
11408,380266,49.76,1,2
11409,380300,45.83,1,2
11410,380333,42.29,1,2
11411,380366,39.85,1,2
11412,380400,37.41,1,2
11413,380433,35.57,1,2
11414,380466,35.92,1,2
11415,380500,36.26,1,2
11416,380533,36.79,1,2
11417,380566,38.28,1,2
11418,380600,39.78,1,2
11419,380633,40.76,1,2
11420,380666,43.85,1,2
11421,380700,46.95,1,2
11422,380733,49.07,1,2
11423,380766,52.56,1,3
11424,380800,56.05,1,3
11425,380833,57.74,1,3
11426,380866,59.46,1,3
11427,380900,61.19,1,3
11428,380933,61.25,1,3
11429,380966,61.32,1,3
11430,381000,61.4,1,3
11431,381033,61.44,1,3
11432,381066,61.48,1,3
11433,381100,62.72,1,3
11434,381133,63.95,1,3
11435,381166,64.85,1,3
11436,381200,66.27,1,3
11437,381233,67.7,1,3
11438,381266,68.22,1,3
11439,381300,68.76,1,3
11440,381333,69.31,1,3
11441,381366,68.4,1,3
11442,381400,67.28,1,3
11443,381433,66.17,1,3
11444,381466,64.36,1,3
11445,381500,62.32,1,3
11446,381533,61.22,1,3
11447,381566,59.68,1,3
11448,381600,57.88,1,3
11449,381633,57.01,1,3
11450,381666,56.11,1,3
11451,381700,54.79,1,3
11452,381733,54.11,1,3
11453,381766,53.45,1,3
11454,381800,50.89,1,3
11455,381833,48.59,1,2
11456,381866,46.42,1,2
11457,381900,44.01,1,2
11458,381933,41.84,1,2
11459,381966,41.13,1,2
11460,382000,40.43,1,2
11461,382033,40.02,1,2
11462,382066,39.72,1,2
11463,382100,39.42,1,2
11464,382133,39.29,1,2
11465,382166,39.16,1,2
11466,382200,39.03,1,2
11467,382233,39.04,1,2
11468,382266,40.33,1,2
11469,382300,41.62,1,2
11470,382333,42.91,1,2
11471,382366,46.89,1,2
11472,382400,50.87,1,3
11473,382433,53.56,1,3
11474,382466,56.34,1,3
11475,382500,59.46,1,3
11476,382533,59.88,1,3
11477,382566,60.31,1,3
11478,382600,61.09,1,3
11479,382633,61.79,1,3
11480,382666,62.01,1,3
11481,382700,62.06,1,3
11482,382733,62.11,1,3
11483,382766,61.8,1,3
11484,382800,61.98,1,3
11485,382833,62.27,1,3
11486,382866,62.61,1,3
11487,382900,62.81,1,3
11488,382933,63.01,1,3
11489,382966,62.12,1,3
11490,383000,61.14,1,3
11491,383033,60.3,1,3
11492,383066,59.6,1,3
11493,383100,58.97,1,3
11494,383133,58.97,1,3
11495,383166,58.98,1,3
11496,383200,58.57,1,3
11497,383233,58.16,1,3
11498,383266,57.66,1,3
11499,383300,65.07,1,3
11500,383333,72.55,1,3
11501,383366,79.38,1,4
11502,383400,84.61,1,4
11503,383433,89.85,1,4
11504,383466,86.25,1,4
11505,383500,81.99,1,4
11506,383533,78.8,1,4
11507,383566,76.88,1,4
11508,383600,74.97,1,3
11509,383633,73.99,1,3
11510,383666,71.32,1,3
11511,383700,67.05,1,3
11512,383733,63.11,1,3
11513,383766,58.52,1,3
11514,383800,53.62,1,3
11515,383833,51.09,1,3
11516,383866,50.12,1,3
11517,383900,49.15,1,2
11518,383933,48.83,1,2
11519,383966,50.94,1,3
11520,384000,53.05,1,3
11521,384033,55.18,1,3
11522,384066,57.53,1,3
11523,384100,59.87,1,3
11524,384133,59.66,1,3
11525,384166,59.44,1,3
11526,384200,59.91,1,3
11527,384233,60.16,1,3
11528,384266,60.42,1,3
11529,384300,61.2,1,3
11530,384333,61.99,1,3
11531,384366,62.09,1,3
11532,384400,62.59,1,3
11533,384433,63.08,1,3
11534,384466,63.48,1,3
11535,384500,63.81,1,3
11536,384533,64.14,1,3
11537,384566,64.08,1,3
11538,384600,64.15,1,3
11539,384633,64.22,1,3
11540,384666,64.36,1,3
11541,384700,64.47,1,3
11542,384733,64.57,1,3
11543,384766,64.55,1,3
11544,384800,65.91,1,3
11545,384833,67.27,1,3
11546,384866,68.15,1,3
11547,384900,68.83,1,3
11548,384933,69.5,1,3
11549,384966,67.28,1,3
11550,385000,64.13,1,3
11551,385033,61.48,1,3
11552,385066,58.7,1,3
11553,385100,54.94,1,3
11554,385133,52.67,1,3
11555,385166,51.55,1,3
11556,385200,50.43,1,3
11557,385233,49.66,1,2
11558,385266,50.49,1,3
11559,385300,51.32,1,3
11560,385333,51.95,1,3
11561,385366,52.27,1,3
11562,385400,51.34,1,3
11563,385433,49.79,1,2
11564,385466,47.88,1,2
11565,385500,45.57,1,2
11566,385533,43.57,1,2
11567,385566,44.53,1,2
11568,385600,45.49,1,2
11569,385633,46.8,1,2
11570,385666,49.59,1,2
11571,385700,52.38,1,3
11572,385733,53.17,1,3
11573,385766,53.97,1,3
11574,385800,55.51,1,3
11575,385833,55.99,1,3
11576,385866,56.46,1,3
11577,385900,57.74,1,3
11578,385933,59.03,1,3
11579,385966,59.56,1,3
11580,386000,60.73,1,3
11581,386033,61.89,1,3
11582,386066,62.51,1,3
11583,386100,63.52,1,3
11584,386133,64.54,1,3
11585,386166,64.5,1,3
11586,386200,64.25,1,3
11587,386233,64,1,3
11588,386266,63.35,1,3
11589,386300,63.22,1,3
11590,386333,63.51,1,3
11591,386366,64.02,1,3
11592,386400,67.22,1,3
11593,386433,70.42,1,3
11594,386466,72.34,1,3
11595,386500,74.09,1,3
11596,386533,75.84,1,4
11597,386566,74.42,1,3
11598,386600,71.49,1,3
11599,386633,69.32,1,3
11600,386666,67.08,1,3
11601,386700,62.43,1,3
11602,386733,58.26,1,3
11603,386766,55.28,1,3
11604,386800,51.67,1,3
11605,386833,48.31,1,2
11606,386866,46.77,1,2
11607,386900,45.22,1,2
11608,386933,43.99,1,2
11609,386966,42.82,1,2
11610,387000,41.05,1,2
11611,387033,39.87,1,2
11612,387066,39.58,1,2
11613,387100,39.29,1,2
11614,387133,39.56,1,2
11615,387166,41.4,1,2
11616,387200,43.24,1,2
11617,387233,44.2,1,2
11618,387266,46.73,1,2
11619,387300,57.38,1,3
11620,387333,67.07,1,3
11621,387366,75.72,1,4
11622,387400,84.03,1,4
11623,387433,90.51,1,4
11624,387466,88.88,1,4
11625,387500,87.91,1,4
11626,387533,87.99,1,4
11627,387566,88.4,1,4
11628,387600,87.92,1,4
11629,387633,87.44,1,4
11630,387666,85.31,1,4
11631,387700,82.82,1,4
11632,387733,80.34,1,4
11633,387766,78.99,1,4
11634,387800,77.25,1,4
11635,387833,76.49,1,4
11636,387866,75.26,1,4
11637,387900,73.82,1,3
11638,387933,72.38,1,3
11639,387966,71.33,1,3
11640,388000,71.46,1,3
11641,388033,72.43,1,3
11642,388066,73.55,1,3
11643,388100,74.18,1,3
11644,388133,74.81,1,3
11645,388166,73.66,1,3
11646,388200,71.75,1,3
11647,388233,69.55,1,3
11648,388266,67.38,1,3
11649,388300,62.48,1,3
11650,388333,58.18,1,3
11651,388366,54.13,1,3
11652,388400,49.04,1,2
11653,388433,44.42,1,2
11654,388466,42.08,1,2
11655,388500,39.43,1,2
11656,388533,37.29,1,2
11657,388566,36.65,1,2
11658,388600,36.01,1,2
11659,388633,35.81,1,2
11660,388666,37.51,1,2
11661,388700,39.2,1,2
11662,388733,40.78,1,2
11663,388766,42.61,1,2
11664,388800,44.44,1,2
11665,388833,44.7,1,2
11666,388866,46.78,1,2
11667,388900,48.86,1,2
11668,388933,50.69,1,3
11669,388966,52.99,1,3
11670,389000,56.09,1,3
11671,389033,57.37,1,3
11672,389066,58.65,1,3
11673,389100,60.42,1,3
11674,389133,61.72,1,3
11675,389166,62.22,1,3
11676,389200,64.8,1,3
11677,389233,67.38,1,3
11678,389266,69.46,1,3
11679,389300,71.93,1,3
11680,389333,74.4,1,3
11681,389366,74.79,1,3
11682,389400,75.61,1,4
11683,389433,76.42,1,4
11684,389466,75.29,1,4
11685,389500,73.95,1,3
11686,389533,72.61,1,3
11687,389566,70.66,1,3
11688,389600,68.51,1,3
11689,389633,67.93,1,3
11690,389666,67.55,1,3
11691,389700,67.34,1,3
11692,389733,67.3,1,3
11693,389766,66.14,1,3
11694,389800,64.48,1,3
11695,389833,63.32,1,3
11696,389866,61.49,1,3
11697,389900,57.81,1,3
11698,389933,55.47,1,3
11699,389966,53.3,1,3
11700,390000,49.57,1,2
11701,390033,46.35,1,2
11702,390066,44.74,1,2
11703,390100,42.49,1,2
11704,390133,40.57,1,2
11705,390166,39.39,1,2
11706,390200,38.03,1,2
11707,390233,36.9,1,2
11708,390266,36.22,1,2
11709,390300,35.36,1,2
11710,390333,34.83,1,2
11711,390366,36.4,1,2
11712,390400,37.97,1,2
11713,390433,39.73,1,2
11714,390466,43.7,1,2
11715,390500,47.67,1,2
11716,390533,49.71,1,2
11717,390566,53.66,1,3
11718,390600,57.6,1,3
11719,390633,59.16,1,3
11720,390666,60.73,1,3
11721,390700,62.59,1,3
11722,390733,62.55,1,3
11723,390766,62.51,1,3
11724,390800,63.18,1,3
11725,390833,63.86,1,3
11726,390866,64.24,1,3
11727,390900,65.44,1,3
11728,390933,66.63,1,3
11729,390966,67.21,1,3
11730,391000,67.66,1,3
11731,391033,68.1,1,3
11732,391066,67.73,1,3
11733,391100,67.57,1,3
11734,391133,67.65,1,3
11735,391166,67.04,1,3
11736,391200,66.36,1,3
11737,391233,65.67,1,3
11738,391266,64.78,1,3
11739,391300,70.06,1,3
11740,391333,76.17,1,4
11741,391366,81.27,1,4
11742,391400,86.19,1,4
11743,391433,91.1,1,4
11744,391466,88.52,1,4
11745,391500,85.86,1,4
11746,391533,83.92,1,4
11747,391566,82.13,1,4
11748,391600,78.22,1,4
11749,391633,75.28,1,4
11750,391666,69.6,1,3
11751,391700,64.29,1,3
11752,391733,59.01,1,3
11753,391766,55.08,1,3
11754,391800,51.19,1,3
11755,391833,50.11,1,3
11756,391866,48.65,1,2
11757,391900,46.31,1,2
11758,391933,44.75,1,2
11759,391966,44.07,1,2
11760,392000,43.38,1,2
11761,392033,43.09,1,2
11762,392066,45.37,1,2
11763,392100,47.66,1,2
11764,392133,49.36,1,2
11765,392166,53.6,1,3
11766,392200,57.84,1,3
11767,392233,60.23,1,3
11768,392266,62.53,1,3
11769,392300,64.7,1,3
11770,392333,64.19,1,3
11771,392366,63.67,1,3
11772,392400,63.02,1,3
11773,392433,62.45,1,3
11774,392466,62.02,1,3
11775,392500,62.47,1,3
11776,392533,62.93,1,3
11777,392566,63.66,1,3
11778,392600,64.64,1,3
11779,392633,65.63,1,3
11780,392666,65.15,1,3
11781,392700,64.54,1,3
11782,392733,63.93,1,3
11783,392766,63.01,1,3
11784,392800,61.99,1,3
11785,392833,61.69,1,3
11786,392866,61.53,1,3
11787,392900,61.6,1,3
11788,392933,61.74,1,3
11789,392966,61.98,1,3
11790,393000,62.11,1,3
11791,393033,62.24,1,3
11792,393066,60.32,1,3
11793,393100,58.26,1,3
11794,393133,56.33,1,3
11795,393166,54.15,1,3
11796,393200,51.57,1,3
11797,393233,50.81,1,3
11798,393266,50.91,1,3
11799,393300,50.88,1,3
11800,393333,51.23,1,3
11801,393366,51.69,1,3
11802,393400,51.87,1,3
11803,393433,51.31,1,3
11804,393466,50.33,1,3
11805,393500,47.64,1,2
11806,393533,45.22,1,2
11807,393566,42.91,1,2
11808,393600,40.6,1,2
11809,393633,38.72,1,2
11810,393666,39.06,1,2
11811,393700,39.4,1,2
11812,393733,39.9,1,2
11813,393766,42.26,1,2
11814,393800,44.62,1,2
11815,393833,46.48,1,2
11816,393866,49.76,1,2
11817,393900,53.04,1,3
11818,393933,54.08,1,3
11819,393966,55.12,1,3
11820,394000,56.23,1,3
11821,394033,55.92,1,3
11822,394066,55.6,1,3
11823,394100,57.41,1,3
11824,394133,59.22,1,3
11825,394166,60.72,1,3
11826,394200,62.06,1,3
11827,394233,63.4,1,3
11828,394266,63.01,1,3
11829,394300,62.98,1,3
11830,394333,63.18,1,3
11831,394366,63.29,1,3
11832,394400,63.3,1,3
11833,394433,63.31,1,3
11834,394466,62.96,1,3
11835,394500,63.18,1,3
11836,394533,63.64,1,3
11837,394566,63.72,1,3
11838,394600,63.4,1,3
11839,394633,63.08,1,3
11840,394666,61.3,1,3
11841,394700,59.21,1,3
11842,394733,57.73,1,3
11843,394766,56.52,1,3
11844,394800,54.18,1,3
11845,394833,52.75,1,3
11846,394866,52.21,1,3
11847,394900,51.52,1,3
11848,394933,50.97,1,3
11849,394966,51.12,1,3
11850,395000,50.84,1,3
11851,395033,49.98,1,2
11852,395066,48.81,1,2
11853,395100,46.75,1,2
11854,395133,45.13,1,2
11855,395166,43.66,1,2
11856,395200,41.58,1,2
11857,395233,39.79,1,2
11858,395266,43.43,1,2
11859,395300,52.36,1,3
11860,395333,61.92,1,3
11861,395366,71.73,1,3
11862,395400,79.24,1,4
11863,395433,82.23,1,4
11864,395466,80.3,1,4
11865,395500,78.01,1,4
11866,395533,76.08,1,4
11867,395566,76.52,1,4
11868,395600,76.97,1,4
11869,395633,74.29,1,3
11870,395666,71.62,1,3
11871,395700,69.17,1,3
11872,395733,66.65,1,3
11873,395766,64.13,1,3
11874,395800,65.39,1,3
11875,395833,66.64,1,3
11876,395866,66.85,1,3
11877,395900,66.86,1,3
11878,395933,66.87,1,3
11879,395966,65.86,1,3
11880,396000,65.82,1,3
11881,396033,66.59,1,3
11882,396066,67.56,1,3
11883,396100,69.63,1,3
11884,396133,71.7,1,3
11885,396166,72.8,1,3
11886,396200,74.29,1,3
11887,396233,75.78,1,4
11888,396266,74.37,1,3
11889,396300,72.75,1,3
11890,396333,71.13,1,3
11891,396366,67.68,1,3
11892,396400,63.93,1,3
11893,396433,62.27,1,3
11894,396466,60.53,1,3
11895,396500,57.62,1,3
11896,396533,56.14,1,3
11897,396566,54.94,1,3
11898,396600,53.43,1,3
11899,396633,52.23,1,3
11900,396666,51.63,1,3
11901,396700,48.53,1,2
11902,396733,45.47,1,2
11903,396766,42.15,1,2
11904,396800,38.65,1,2
11905,396833,35.7,1,2
11906,396866,35.54,1,2
11907,396900,35.37,1,2
11908,396933,35.46,1,2
11909,396966,37.01,1,2
11910,397000,38.57,1,2
11911,397033,39.85,1,2
11912,397066,43.55,1,2
11913,397100,47.25,1,2
11914,397133,49.68,1,2
11915,397166,52.35,1,3
11916,397200,55.02,1,3
11917,397233,55.43,1,3
11918,397266,55.85,1,3
11919,397300,58.5,1,3
11920,397333,60.91,1,3
11921,397366,63.32,1,3
11922,397400,66.46,1,3
11923,397433,69.61,1,3
11924,397466,68.94,1,3
11925,397500,68.12,1,3
11926,397533,67.3,1,3
11927,397566,65.57,1,3
11928,397600,64.28,1,3
11929,397633,64.58,1,3
11930,397666,65.02,1,3
11931,397700,66.91,1,3
11932,397733,68.8,1,3
11933,397766,70.24,1,3
11934,397800,71.47,1,3
11935,397833,72.69,1,3
11936,397866,71.02,1,3
11937,397900,69.08,1,3
11938,397933,67.13,1,3
11939,397966,63.96,1,3
11940,398000,60.52,1,3
11941,398033,58.53,1,3
11942,398066,56.77,1,3
11943,398100,54.9,1,3
11944,398133,54.46,1,3
11945,398166,53.97,1,3
11946,398200,51.55,1,3
11947,398233,49.16,1,2
11948,398266,46.63,1,2
11949,398300,43.08,1,2
11950,398333,39.86,1,2
11951,398366,38.24,1,2
11952,398400,36.58,1,2
11953,398433,35.18,1,2
11954,398466,35.25,1,2
11955,398500,35.31,1,2
11956,398533,35.72,1,2
11957,398566,37.77,1,2
11958,398600,39.83,1,2
11959,398633,41.45,1,2
11960,398666,44.22,1,2
11961,398700,46.99,1,2
11962,398733,48.14,1,2
11963,398766,51.43,1,3
11964,398800,54.73,1,3
11965,398833,56.77,1,3
11966,398866,58.8,1,3
11967,398900,62.1,1,3
11968,398933,63.25,1,3
11969,398966,64.41,1,3
11970,399000,67.2,1,3
11971,399033,70,1,3
11972,399066,70.75,1,3
11973,399100,71.12,1,3
11974,399133,71.48,1,3
11975,399166,69.39,1,3
11976,399200,66.96,1,3
11977,399233,65.31,1,3
11978,399266,64.05,1,3
11979,399300,69.13,1,3
11980,399333,75.15,1,4
11981,399366,81.27,1,4
11982,399400,87.2,1,4
11983,399433,93.13,1,4
11984,399466,91.54,1,4
11985,399500,89.63,1,4
11986,399533,87.94,1,4
11987,399566,85.8,1,4
11988,399600,81.05,1,4
11989,399633,77.48,1,4
11990,399666,72.63,1,3
11991,399700,67.55,1,3
11992,399733,63.12,1,3
11993,399766,61.07,1,3
11994,399800,59.01,1,3
11995,399833,58.57,1,3
11996,399866,58.06,1,3
11997,399900,54.61,1,3
11998,399933,51.39,1,3
11999,399966,47.95,1,2
12000,400000,45.72,1,2
12001,400033,43.78,1,2
12002,400066,45,1,2
12003,400100,46.21,1,2
12004,400133,47.65,1,2
12005,400166,48.56,1,2
12006,400200,49.46,1,2
12007,400233,50.15,1,3
12008,400266,51.9,1,3
12009,400300,53.65,1,3
12010,400333,54.71,1,3
12011,400366,56.79,1,3
12012,400400,58.86,1,3
12013,400433,59.87,1,3
12014,400466,61.4,1,3
12015,400500,64,1,3
12016,400533,65.6,1,3
12017,400566,67.2,1,3
12018,400600,69.64,1,3
12019,400633,71.57,1,3
12020,400666,71.54,1,3
12021,400700,71.37,1,3
12022,400733,71.2,1,3
12023,400766,69.56,1,3
12024,400800,67.8,1,3
12025,400833,66.92,1,3
12026,400866,66.17,1,3
12027,400900,65.33,1,3
12028,400933,65.09,1,3
12029,400966,64.99,1,3
12030,401000,65.15,1,3
12031,401033,65.31,1,3
12032,401066,65.43,1,3
12033,401100,65.45,1,3
12034,401133,65.46,1,3
12035,401166,64.58,1,3
12036,401200,63.37,1,3
12037,401233,62.31,1,3
12038,401266,61.35,1,3
12039,401300,60.09,1,3
12040,401333,59.45,1,3
12041,401366,58.9,1,3
12042,401400,57.57,1,3
12043,401433,56.24,1,3
12044,401466,54.98,1,3
12045,401500,52.12,1,3
12046,401533,49.5,1,2
12047,401566,47.35,1,2
12048,401600,44.95,1,2
12049,401633,42.78,1,2
12050,401666,43.46,1,2
12051,401700,44.13,1,2
12052,401733,45.12,1,2
12053,401766,46.84,1,2
12054,401800,48.57,1,2
12055,401833,49.06,1,2
12056,401866,49.58,1,2
12057,401900,50.09,1,3
12058,401933,50.12,1,3
12059,401966,51.57,1,3
12060,402000,53.01,1,3
12061,402033,54.44,1,3
12062,402066,56.68,1,3
12063,402100,60.13,1,3
12064,402133,62.15,1,3
12065,402166,63.95,1,3
12066,402200,65.52,1,3
12067,402233,66.27,1,3
12068,402266,65.82,1,3
12069,402300,65.23,1,3
12070,402333,64.86,1,3
12071,402366,64.72,1,3
12072,402400,64.65,1,3
12073,402433,64.59,1,3
12074,402466,64.45,1,3
12075,402500,64.05,1,3
12076,402533,63.66,1,3
12077,402566,62.9,1,3
12078,402600,62,1,3
12079,402633,61.31,1,3
12080,402666,60.89,1,3
12081,402700,60.87,1,3
12082,402733,61.13,1,3
12083,402766,61.54,1,3
12084,402800,62.13,1,3
12085,402833,62.73,1,3
12086,402866,62.84,1,3
12087,402900,62.83,1,3
12088,402933,62.82,1,3
12089,402966,61.7,1,3
12090,403000,60.53,1,3
12091,403033,59.43,1,3
12092,403066,58.12,1,3
12093,403100,55.46,1,3
12094,403133,53.73,1,3
12095,403166,51.64,1,3
12096,403200,49.12,1,2
12097,403233,46.95,1,2
12098,403266,51.79,1,3
12099,403300,59.88,1,3
12100,403333,68.52,1,3
12101,403366,77.44,1,4
12102,403400,82.44,1,4
12103,403433,81.76,1,4
12104,403466,77.38,1,4
12105,403500,72.66,1,3
12106,403533,68.1,1,3
12107,403566,67.86,1,3
12108,403600,67.62,1,3
12109,403633,67.44,1,3
12110,403666,66.91,1,3
12111,403700,66.37,1,3
12112,403733,64.8,1,3
12113,403766,63.23,1,3
12114,403800,62.51,1,3
12115,403833,62.33,1,3
12116,403866,62.15,1,3
12117,403900,62.53,1,3
12118,403933,62.91,1,3
12119,403966,62.83,1,3
12120,404000,62.96,1,3
12121,404033,63.08,1,3
12122,404066,63.29,1,3
12123,404100,63.74,1,3
12124,404133,64.2,1,3
12125,404166,64.45,1,3
12126,404200,65.1,1,3
12127,404233,65.75,1,3
12128,404266,66.02,1,3
12129,404300,66.02,1,3
12130,404333,66.03,1,3
12131,404366,65.64,1,3
12132,404400,66.22,1,3
12133,404433,66.93,1,3
12134,404466,67.9,1,3
12135,404500,69.24,1,3
12136,404533,70.57,1,3
12137,404566,70.06,1,3
12138,404600,69.3,1,3
12139,404633,68.56,1,3
12140,404666,67.44,1,3
12141,404700,63.53,1,3
12142,404733,60.5,1,3
12143,404766,57.04,1,3
12144,404800,52.84,1,3
12145,404833,48.65,1,2
12146,404866,46.81,1,2
12147,404900,44.28,1,2
12148,404933,42.43,1,2
12149,404966,41.35,1,2
12150,405000,40.27,1,2
12151,405033,39.64,1,2
12152,405066,40.12,1,2
12153,405100,40.6,1,2
12154,405133,41.04,1,2
12155,405166,42.35,1,2
12156,405200,43.66,1,2
12157,405233,44.54,1,2
12158,405266,47.43,1,2
12159,405300,50.33,1,3
12160,405333,52.1,1,3
12161,405366,53.86,1,3
12162,405400,56.14,1,3
12163,405433,56.4,1,3
12164,405466,56.65,1,3
12165,405500,57.4,1,3
12166,405533,58.14,1,3
12167,405566,58.37,1,3
12168,405600,59.71,1,3
12169,405633,61.05,1,3
12170,405666,62.16,1,3
12171,405700,65.46,1,3
12172,405733,68.75,1,3
12173,405766,69.06,1,3
12174,405800,69.19,1,3
12175,405833,69.31,1,3
12176,405866,67.25,1,3
12177,405900,65.18,1,3
12178,405933,64.99,1,3
12179,405966,64.98,1,3
12180,406000,64.7,1,3
12181,406033,64.42,1,3
12182,406066,64.15,1,3
12183,406100,64.45,1,3
12184,406133,64.76,1,3
12185,406166,64.49,1,3
12186,406200,63.78,1,3
12187,406233,63.07,1,3
12188,406266,61.71,1,3
12189,406300,58.2,1,3
12190,406333,55.55,1,3
12191,406366,53.13,1,3
12192,406400,50.4,1,3
12193,406433,47.74,1,2
12194,406466,46.95,1,2
12195,406500,45.56,1,2
12196,406533,44.37,1,2
12197,406566,43.12,1,2
12198,406600,41.86,1,2
12199,406633,40.87,1,2
12200,406666,40.32,1,2
12201,406700,39.77,1,2
12202,406733,39.6,1,2
12203,406766,42.45,1,2
12204,406800,45.29,1,2
12205,406833,48.31,1,2
12206,406866,53.13,1,3
12207,406900,57.95,1,3
12208,406933,59.75,1,3
12209,406966,61.33,1,3
12210,407000,62.92,1,3
12211,407033,62.42,1,3
12212,407066,61.47,1,3
12213,407100,60.34,1,3
12214,407133,59.43,1,3
12215,407166,58.51,1,3
12216,407200,60.21,1,3
12217,407233,62.36,1,3
12218,407266,64.69,1,3
12219,407300,72.24,1,3
12220,407333,79.78,1,4
12221,407366,84.44,1,4
12222,407400,89.02,1,4
12223,407433,93.6,1,4
12224,407466,92.22,1,4
12225,407500,90.45,1,4
12226,407533,89.24,1,4
12227,407566,88.11,1,4
12228,407600,84.87,1,4
12229,407633,82.39,1,4
12230,407666,78.83,1,4
12231,407700,74.8,1,3
12232,407733,70.76,1,3
12233,407766,68.65,1,3
12234,407800,66.07,1,3
12235,407833,64.93,1,3
12236,407866,63.22,1,3
12237,407900,61.28,1,3
12238,407933,59.74,1,3
12239,407966,58.25,1,3
12240,408000,56.75,1,3
12241,408033,56.33,1,3
12242,408066,55.72,1,3
12243,408100,53.34,1,3
12244,408133,51.38,1,3
12245,408166,48.97,1,2
12246,408200,46.57,1,2
12247,408233,44.56,1,2
12248,408266,43.95,1,2
12249,408300,43.34,1,2
12250,408333,43.17,1,2
12251,408366,46.46,1,2
12252,408400,49.74,1,2
12253,408433,53.19,1,3
12254,408466,57.74,1,3
12255,408500,62.28,1,3
12256,408533,63.38,1,3
12257,408566,64.49,1,3
12258,408600,65.59,1,3
12259,408633,65.1,1,3
12260,408666,63.87,1,3
12261,408700,62.37,1,3
12262,408733,60.87,1,3
12263,408766,59.37,1,3
12264,408800,59.18,1,3
12265,408833,59.74,1,3
12266,408866,60.56,1,3
12267,408900,61.86,1,3
12268,408933,63.15,1,3
12269,408966,63.27,1,3
12270,409000,63.13,1,3
12271,409033,63,1,3
12272,409066,62.39,1,3
12273,409100,62.3,1,3
12274,409133,62.55,1,3
12275,409166,62.79,1,3
12276,409200,62.83,1,3
12277,409233,62.88,1,3
12278,409266,62.41,1,3
12279,409300,62.92,1,3
12280,409333,63.72,1,3
12281,409366,63.79,1,3
12282,409400,63.63,1,3
12283,409433,63.47,1,3
12284,409466,62.33,1,3
12285,409500,61.33,1,3
12286,409533,61.42,1,3
12287,409566,61.55,1,3
12288,409600,60.84,1,3
12289,409633,60.13,1,3
12290,409666,58.72,1,3
12291,409700,55.91,1,3
12292,409733,53.29,1,3
12293,409766,50.98,1,3
12294,409800,47.49,1,2
12295,409833,44.57,1,2
12296,409866,42.53,1,2
12297,409900,40.33,1,2
12298,409933,38.66,1,2
12299,409966,39.75,1,2
12300,410000,40.83,1,2
12301,410033,42.25,1,2
12302,410066,45.74,1,2
12303,410099,49.22,1,2
12304,410133,51.13,1,3
12305,410166,52.74,1,3
12306,410200,54.34,1,3
12307,410233,54.04,1,3
12308,410266,53.74,1,3
12309,410300,53.93,1,3
12310,410333,54.42,1,3
12311,410366,54.91,1,3
12312,410400,56.17,1,3
12313,410433,57.42,1,3
12314,410466,58.18,1,3
12315,410500,59.2,1,3
12316,410533,60.22,1,3
12317,410566,60.48,1,3
12318,410599,61.31,1,3
12319,410633,62.14,1,3
12320,410666,62.71,1,3
12321,410700,63.76,1,3
12322,410733,64.81,1,3
12323,410766,65.3,1,3
12324,410800,67,1,3
12325,410833,68.7,1,3
12326,410866,69.05,1,3
12327,410900,69.24,1,3
12328,410933,69.43,1,3
12329,410966,68.3,1,3
12330,411000,67,1,3
12331,411033,66.56,1,3
12332,411066,66.29,1,3
12333,411099,66.47,1,3
12334,411133,66.75,1,3
12335,411166,66.15,1,3
12336,411200,65.53,1,3
12337,411233,64.93,1,3
12338,411266,64.84,1,3
12339,411300,69.03,1,3
12340,411333,74.26,1,3
12341,411366,79.26,1,4
12342,411400,79.2,1,4
12343,411433,78.18,1,4
12344,411466,72.54,1,3
12345,411500,65.94,1,3
12346,411533,59.59,1,3
12347,411566,57.97,1,3
12348,411599,56.34,1,3
12349,411633,55.06,1,3
12350,411666,53.07,1,3
12351,411700,51.09,1,3
12352,411733,49.42,1,2
12353,411766,48.55,1,2
12354,411800,47.68,1,2
12355,411833,48.48,1,2
12356,411866,50.74,1,3
12357,411900,52.99,1,3
12358,411933,53.99,1,3
12359,411966,54.98,1,3
12360,412000,57.68,1,3
12361,412033,58.93,1,3
12362,412066,60.17,1,3
12363,412099,61.76,1,3
12364,412133,63.35,1,3
12365,412166,63.24,1,3
12366,412200,63.86,1,3
12367,412233,64.49,1,3
12368,412266,65.23,1,3
12369,412300,67.19,1,3
12370,412333,69.15,1,3
12371,412366,70.37,1,3
12372,412400,72.17,1,3
12373,412433,73.97,1,3
12374,412466,73.97,1,3
12375,412500,73.66,1,3
12376,412533,73.35,1,3
12377,412566,72.34,1,3
12378,412599,71.03,1,3
12379,412633,70.3,1,3
12380,412666,69.88,1,3
12381,412700,69.33,1,3
12382,412733,68.89,1,3
12383,412766,68.36,1,3
12384,412800,66.99,1,3
12385,412833,66.01,1,3
12386,412866,64.77,1,3
12387,412900,60.33,1,3
12388,412933,56.29,1,3
12389,412966,52.75,1,3
12390,413000,48.29,1,2
12391,413033,44.22,1,2
12392,413066,43.04,1,2
12393,413099,41.59,1,2
12394,413133,40.48,1,2
12395,413166,39.68,1,2
12396,413200,38.41,1,2
12397,413233,37.46,1,2
12398,413266,37.17,1,2
12399,413300,36.89,1,2
12400,413333,36.82,1,2
12401,413366,38.89,1,2
12402,413400,40.96,1,2
12403,413433,42.63,1,2
12404,413466,46.14,1,2
12405,413500,49.65,1,2
12406,413533,51.48,1,3
12407,413566,53.76,1,3
12408,413599,56.32,1,3
12409,413633,57.03,1,3
12410,413666,57.75,1,3
12411,413700,59.25,1,3
12412,413733,60.31,1,3
12413,413766,61.1,1,3
12414,413800,62.22,1,3
12415,413833,63.35,1,3
12416,413866,63.68,1,3
12417,413900,65.5,1,3
12418,413933,67.32,1,3
12419,413966,68.37,1,3
12420,414000,69.32,1,3
12421,414033,70.27,1,3
12422,414066,69.26,1,3
12423,414099,68.12,1,3
12424,414133,67.4,1,3
12425,414166,66.53,1,3
12426,414200,65.2,1,3
12427,414233,64.35,1,3
12428,414266,63.65,1,3
12429,414300,62.7,1,3
12430,414333,62,1,3
12431,414366,61.08,1,3
12432,414400,59.99,1,3
12433,414433,59.07,1,3
12434,414466,58.22,1,3
12435,414500,56.24,1,3
12436,414533,54.93,1,3
12437,414566,53.01,1,3
12438,414599,50.44,1,3
12439,414633,48.05,1,2
12440,414666,46.68,1,2
12441,414700,45.32,1,2
12442,414733,44.74,1,2
12443,414766,44.31,1,2
12444,414800,43.22,1,2
12445,414833,42.24,1,2
12446,414866,40.97,1,2
12447,414900,39.36,1,2
12448,414933,38.08,1,2
12449,414966,38.74,1,2
12450,415000,39.39,1,2
12451,415033,40.33,1,2
12452,415066,42.51,1,2
12453,415099,44.68,1,2
12454,415133,45.58,1,2
12455,415166,48.08,1,2
12456,415200,50.59,1,3
12457,415233,52.2,1,3
12458,415266,54.07,1,3
12459,415300,63.09,1,3
12460,415333,70.5,1,3
12461,415366,77.31,1,4
12462,415400,83.99,1,4
12463,415433,90.41,1,4
12464,415466,89.41,1,4
12465,415500,88.1,1,4
12466,415533,87.39,1,4
12467,415566,86.13,1,4
12468,415599,82.55,1,4
12469,415633,79.24,1,4
12470,415666,75.32,1,4
12471,415700,70.92,1,3
12472,415733,67.21,1,3
12473,415766,65.81,1,3
12474,415800,64.79,1,3
12475,415833,64.7,1,3
12476,415866,65.08,1,3
12477,415900,65.37,1,3
12478,415933,65.66,1,3
12479,415966,64.84,1,3
12480,416000,63.56,1,3
12481,416033,62.28,1,3
12482,416066,60.69,1,3
12483,416099,58.47,1,3
12484,416133,56.98,1,3
12485,416166,56.68,1,3
12486,416200,56.38,1,3
12487,416233,56.54,1,3
12488,416266,56.03,1,3
12489,416300,55.53,1,3
12490,416333,54.29,1,3
12491,416366,52.69,1,3
12492,416400,49.24,1,2
12493,416433,47.09,1,2
12494,416466,44.66,1,2
12495,416500,42.23,1,2
12496,416533,40.16,1,2
12497,416566,40.01,1,2
12498,416599,39.86,1,2
12499,416633,39.99,1,2
12500,416666,42.95,1,2
12501,416700,45.91,1,2
12502,416733,48.74,1,2
12503,416766,52.97,1,3
12504,416800,57.21,1,3
12505,416833,58.43,1,3
12506,416866,59.65,1,3
12507,416900,61.36,1,3
12508,416933,61.67,1,3
12509,416966,61.98,1,3
12510,417000,62.78,1,3
12511,417033,63.59,1,3
12512,417066,63.9,1,3
12513,417099,64.62,1,3
12514,417133,65.34,1,3
12515,417166,65.23,1,3
12516,417200,64.91,1,3
12517,417233,64.59,1,3
12518,417266,63.86,1,3
12519,417300,63.43,1,3
12520,417333,63.51,1,3
12521,417366,63.81,1,3
12522,417400,65.39,1,3
12523,417433,66.97,1,3
12524,417466,68.26,1,3
12525,417500,69.56,1,3
12526,417533,70.86,1,3
12527,417566,69.22,1,3
12528,417599,67.46,1,3
12529,417633,65.71,1,3
12530,417666,62.41,1,3
12531,417700,58.93,1,3
12532,417733,57.28,1,3
12533,417766,56.02,1,3
12534,417800,54.77,1,3
12535,417833,55.04,1,3
12536,417866,55.1,1,3
12537,417900,53.96,1,3
12538,417933,52.55,1,3
12539,417966,50.7,1,3
12540,418000,46.87,1,2
12541,418033,43.43,1,2
12542,418066,40.78,1,2
12543,418099,38.13,1,2
12544,418133,35.92,1,2
12545,418166,35.88,1,2
12546,418200,35.83,1,2
12547,418233,36.02,1,2
12548,418266,37.37,1,2
12549,418300,38.73,1,2
12550,418333,39.89,1,2
12551,418366,42.95,1,2
12552,418400,46.01,1,2
12553,418433,47.91,1,2
12554,418466,51,1,3
12555,418500,54.26,1,3
12556,418533,55.62,1,3
12557,418566,56.99,1,3
12558,418599,60.36,1,3
12559,418633,62.54,1,3
12560,418666,64.55,1,3
12561,418700,66.68,1,3
12562,418733,68.81,1,3
12563,418766,68.72,1,3
12564,418800,68.46,1,3
12565,418833,68.2,1,3
12566,418866,67.83,1,3
12567,418900,68.08,1,3
12568,418933,68.55,1,3
12569,418966,69.18,1,3
12570,419000,71.26,1,3
12571,419033,73.35,1,3
12572,419066,73.17,1,3
12573,419099,72.88,1,3
12574,419133,72.6,1,3
12575,419166,69.78,1,3
12576,419200,66.75,1,3
12577,419233,65.36,1,3
12578,419266,64.07,1,3
12579,419300,68.85,1,3
12580,419333,74.7,1,3
12581,419366,78.74,1,4
12582,419400,82.58,1,4
12583,419433,86.61,1,4
12584,419466,84.35,1,4
12585,419500,79.37,1,4
12586,419533,76.43,1,4
12587,419566,73.11,1,3
12588,419599,68.28,1,3
12589,419633,63.68,1,3
12590,419666,58.17,1,3
12591,419700,51.59,1,3
12592,419733,45.56,1,2
12593,419766,41.33,1,2
12594,419800,37.1,1,2
12595,419833,36.49,1,2
12596,419866,38.04,1,2
12597,419900,39.59,1,2
12598,419933,40.66,1,2
12599,419966,43.52,1,2
12600,420000,46.39,1,2
12601,420033,48.17,1,2
12602,420066,52.86,1,3
12603,420099,57.54,1,3
12604,420133,60.26,1,3
12605,420166,62.98,1,3
12606,420200,67.43,1,3
12607,420233,68.98,1,3
12608,420266,69.72,1,3
12609,420300,70.18,1,3
12610,420333,70.64,1,3
12611,420366,68.92,1,3
12612,420400,66.94,1,3
12613,420433,65.79,1,3
12614,420466,65.08,1,3
12615,420500,65.07,1,3
12616,420533,65.51,1,3
12617,420566,66.1,1,3
12618,420599,66.4,1,3
12619,420633,66.7,1,3
12620,420666,65.42,1,3
12621,420700,63.76,1,3
12622,420733,62.19,1,3
12623,420766,60.02,1,3
12624,420800,57.44,1,3
12625,420833,55.74,1,3
12626,420866,54.44,1,3
12627,420900,53.01,1,3
12628,420933,52.46,1,3
12629,420966,50.95,1,3
12630,421000,49.02,1,2
12631,421033,47.52,1,2
12632,421066,45.72,1,2
12633,421099,42.33,1,2
12634,421133,40.31,1,2
12635,421166,38.91,1,2
12636,421200,37.08,1,2
12637,421233,35.68,1,2
12638,421266,35.95,1,2
12639,421300,36.22,1,2
12640,421333,36.3,1,2
12641,421366,36.16,1,2
12642,421400,35.67,1,2
12643,421433,35.1,1,2
12644,421466,34.41,1,2
12645,421500,33.72,1,2
12646,421533,33.26,1,2
12647,421566,35.19,1,2
12648,421599,37.11,1,2
12649,421633,39.16,1,2
12650,421666,42.87,1,2
12651,421700,46.59,1,2
12652,421733,48.26,1,2
12653,421766,51.86,1,3
12654,421800,55.45,1,3
12655,421833,56.97,1,3
12656,421866,58.41,1,3
12657,421900,59.54,1,3
12658,421933,58.74,1,3
12659,421966,57.94,1,3
12660,422000,58.3,1,3
12661,422033,58.73,1,3
12662,422066,59.47,1,3
12663,422099,60.8,1,3
12664,422133,62.12,1,3
12665,422166,62.69,1,3
12666,422200,63.15,1,3
12667,422233,63.6,1,3
12668,422266,63.48,1,3
12669,422300,63.49,1,3
12670,422333,63.49,1,3
12671,422366,63.62,1,3
12672,422400,69.54,1,3
12673,422433,75.46,1,4
12674,422466,80.97,1,4
12675,422500,86.33,1,4
12676,422533,91.7,1,4
12677,422566,90.64,1,4
12678,422599,89.38,1,4
12679,422633,88.4,1,4
12680,422666,86.48,1,4
12681,422700,84.41,1,4
12682,422733,82.05,1,4
12683,422766,79.77,1,4
12684,422800,76.94,1,4
12685,422833,75.19,1,4
12686,422866,72.85,1,3
12687,422900,69.84,1,3
12688,422933,66.97,1,3
12689,422966,64.23,1,3
12690,423000,60.26,1,3
12691,423033,57.02,1,3
12692,423066,55.05,1,3
12693,423099,52.86,1,3
12694,423133,51.07,1,3
12695,423166,51.73,1,3
12696,423200,52.4,1,3
12697,423233,53.38,1,3
12698,423266,57.94,1,3
12699,423300,65.86,1,3
12700,423333,72.64,1,3
12701,423366,79.36,1,4
12702,423400,84.98,1,4
12703,423433,87.25,1,4
12704,423466,86.33,1,4
12705,423500,85.35,1,4
12706,423533,84.05,1,4
12707,423566,83.62,1,4
12708,423599,82.38,1,4
12709,423633,79.02,1,4
12710,423666,75.2,1,4
12711,423700,71.28,1,3
12712,423733,67.6,1,3
12713,423766,64.7,1,3
12714,423800,63.38,1,3
12715,423833,62.53,1,3
12716,423866,62.15,1,3
12717,423900,61.76,1,3
12718,423933,61.39,1,3
12719,423966,61.38,1,3
12720,424000,62.41,1,3
12721,424033,63.43,1,3
12722,424066,64.48,1,3
12723,424099,66.65,1,3
12724,424133,68.82,1,3
12725,424166,69.95,1,3
12726,424200,70.33,1,3
12727,424233,70.71,1,3
12728,424266,68.62,1,3
12729,424300,65.97,1,3
12730,424333,63.32,1,3
12731,424366,61.42,1,3
12732,424400,59.43,1,3
12733,424433,59.33,1,3
12734,424466,59.18,1,3
12735,424500,58.02,1,3
12736,424533,56.85,1,3
12737,424566,55.37,1,3
12738,424599,52.16,1,3
12739,424633,49.57,1,2
12740,424666,47.64,1,2
12741,424700,45.13,1,2
12742,424733,43.02,1,2
12743,424766,41.98,1,2
12744,424800,40.94,1,2
12745,424833,40.26,1,2
12746,424866,41.33,1,2
12747,424900,42.4,1,2
12748,424933,43.57,1,2
12749,424966,45.37,1,2
12750,425000,47.88,1,2
12751,425033,49.25,1,2
12752,425066,50.83,1,3
12753,425099,52.92,1,3
12754,425133,54.39,1,3
12755,425166,55.15,1,3
12756,425200,57.7,1,3
12757,425233,60.06,1,3
12758,425266,61.91,1,3
12759,425300,63.33,1,3
12760,425333,64.76,1,3
12761,425366,63.85,1,3
12762,425400,62.69,1,3
12763,425433,61.53,1,3
12764,425466,60.78,1,3
12765,425500,59.98,1,3
12766,425533,59.67,1,3
12767,425566,59.61,1,3
12768,425599,60.48,1,3
12769,425633,61.35,1,3
12770,425666,62.29,1,3
12771,425700,63.61,1,3
12772,425733,64.94,1,3
12773,425766,65.33,1,3
12774,425800,65.22,1,3
12775,425833,65.11,1,3
12776,425866,64.4,1,3
12777,425900,63.6,1,3
12778,425933,62.65,1,3
12779,425966,61.75,1,3
12780,426000,60.8,1,3
12781,426033,60.05,1,3
12782,426066,59.37,1,3
12783,426099,58.84,1,3
12784,426133,58.76,1,3
12785,426166,58.52,1,3
12786,426200,57.58,1,3
12787,426233,56.66,1,3
12788,426266,55.72,1,3
12789,426300,54.78,1,3
12790,426333,54.06,1,3
12791,426366,54.15,1,3
12792,426400,54.23,1,3
12793,426433,54.33,1,3
12794,426466,57.24,1,3
12795,426500,60.35,1,3
12796,426533,63.37,1,3
12797,426566,67.5,1,3
12798,426599,71.64,1,3
12799,426633,72.98,1,3
12800,426666,74.16,1,3
12801,426700,75.43,1,4
12802,426733,75.57,1,4
12803,426766,75.71,1,4
12804,426800,76.43,1,4
12805,426833,77.08,1,4
12806,426866,77.65,1,4
12807,426900,78.4,1,4
12808,426933,79.15,1,4
12809,426966,78.5,1,4
12810,427000,76.98,1,4
12811,427033,75.47,1,4
12812,427066,73.77,1,3
12813,427099,72.34,1,3
12814,427133,71.75,1,3
12815,427166,71.66,1,3
12816,427200,71.23,1,3
12817,427233,70.8,1,3
12818,427266,70.1,1,3
12819,427300,74.85,1,3
12820,427333,79.96,1,4
12821,427366,84.02,1,4
12822,427400,87.85,1,4
12823,427433,91.67,1,4
12824,427466,89.83,1,4
12825,427500,87.57,1,4
12826,427533,86.7,1,4
12827,427566,85.31,1,4
12828,427599,83.34,1,4
12829,427633,80.15,1,4
12830,427666,75.11,1,4
12831,427700,68.08,1,3
12832,427733,61.8,1,3
12833,427766,55.63,1,3
12834,427800,50.71,1,3
12835,427833,48.04,1,2
12836,427866,49.06,1,2
12837,427900,50.07,1,3
12838,427933,51.56,1,3
12839,427966,52.95,1,3
12840,428000,53.8,1,3
12841,428033,52.96,1,3
12842,428066,51.88,1,3
12843,428099,50.81,1,3
12844,428133,50.03,1,3
12845,428166,51.11,1,3
12846,428200,52.19,1,3
12847,428233,53.51,1,3
12848,428266,55.19,1,3
12849,428300,57.43,1,3
12850,428333,58.36,1,3
12851,428366,59.28,1,3
12852,428400,60.69,1,3
12853,428433,61.73,1,3
12854,428466,62.21,1,3
12855,428500,63,1,3
12856,428533,63.78,1,3
12857,428566,63.87,1,3
12858,428599,63.7,1,3
12859,428633,63.53,1,3
12860,428666,63.05,1,3
12861,428700,62.69,1,3
12862,428733,62.55,1,3
12863,428766,62.66,1,3
12864,428800,62.78,1,3
12865,428833,62.89,1,3
12866,428866,62.88,1,3
12867,428900,62.78,1,3
12868,428933,62.68,1,3
12869,428966,62.58,1,3
12870,429000,64.17,1,3
12871,429033,65.76,1,3
12872,429066,67.45,1,3
12873,429099,69.43,1,3
12874,429133,71.4,1,3
12875,429166,70.19,1,3
12876,429200,68.43,1,3
12877,429233,66.68,1,3
12878,429266,63.49,1,3
12879,429300,57.16,1,3
12880,429333,52.34,1,3
12881,429366,48.73,1,2
12882,429400,45.13,1,2
12883,429433,42.69,1,2
12884,429466,42.82,1,2
12885,429500,42.58,1,2
12886,429533,41.63,1,2
12887,429566,40.96,1,2
12888,429599,40.3,1,2
12889,429633,40.18,1,2
12890,429666,40.86,1,2
12891,429700,41.53,1,2
12892,429733,41.93,1,2
12893,429766,43.36,1,2
12894,429800,44.79,1,2
12895,429833,45.82,1,2
12896,429866,47.92,1,2
12897,429900,50.02,1,3
12898,429933,50.85,1,3
12899,429966,51.68,1,3
12900,430000,53.41,1,3
12901,430033,54.08,1,3
12902,430066,54.74,1,3
12903,430099,56.59,1,3
12904,430133,58.45,1,3
12905,430166,59.39,1,3
12906,430200,61.05,1,3
12907,430233,62.72,1,3
12908,430266,63.44,1,3
12909,430300,64.02,1,3
12910,430333,64.61,1,3
12911,430366,64.47,1,3
12912,430400,64.37,1,3
12913,430433,64.28,1,3
12914,430466,64.32,1,3
12915,430500,64.34,1,3
12916,430533,64.36,1,3
12917,430566,64.34,1,3
12918,430599,66.81,1,3
12919,430633,69.29,1,3
12920,430666,70.31,1,3
12921,430700,70.86,1,3
12922,430733,71.42,1,3
12923,430766,68.59,1,3
12924,430800,64.77,1,3
12925,430833,62.43,1,3
12926,430866,60.04,1,3
12927,430900,54.37,1,3
12928,430933,49.59,1,2
12929,430966,45.46,1,2
12930,431000,40.67,1,2
12931,431033,36.4,1,2
12932,431066,35.69,1,2
12933,431099,34.98,1,2
12934,431133,34.6,1,2
12935,431166,34.61,1,2
12936,431200,34.51,1,2
12937,431233,34.12,1,2
12938,431266,38.38,1,2
12939,431300,38.38,1,2
12940,431333,38.38,1,2
12941,431366,38.38,1,2
12942,431400,38.38,1,2
12943,431433,38.38,1,2
12944,431466,38.38,1,2
12945,431500,38.38,1,2
12946,431533,38.38,1,2
12947,431566,38.38,1,2
12948,431599,38.38,1,2
12949,431633,38.38,1,2
12950,431666,38.38,1,2
12951,431700,38.38,1,2
12952,431733,38.38,1,2
12953,431766,38.38,1,2
12954,431800,38.38,1,2
12955,431833,38.38,1,2
12956,431866,38.38,1,2
12957,431900,38.38,1,2
12958,431933,38.38,1,2
12959,431966,38.38,1,2
12960,432000,38.38,1,2
12961,432033,38.38,1,2
12962,432066,38.38,1,2
12963,432099,38.38,1,2
12964,432133,38.38,1,2
12965,432166,38.38,1,2
12966,432200,38.38,1,2
12967,432233,38.38,1,2
12968,432266,38.38,1,2
12969,432300,38.38,1,2
12970,432333,38.38,1,2
12971,432366,38.38,1,2
12972,432400,38.38,1,2
12973,432433,38.38,1,2
12974,432466,38.38,1,2
12975,432500,38.38,1,2
12976,432533,38.38,1,2
12977,432566,45.77,1,2
12978,432599,41.87,1,2
12979,432633,38.26,1,2
12980,432666,36.57,1,2
12981,432700,34.87,1,2
12982,432733,33.62,1,2
12983,432766,33.79,1,2
12984,432800,33.95,1,2
12985,432833,34.08,1,2
12986,432866,34.94,1,2
12987,432900,35.8,1,2
12988,432933,36.52,1,2
12989,432966,39.2,1,2
12990,433000,41.87,1,2
12991,433033,43.83,1,2
12992,433066,46.86,1,2
12993,433099,49.9,1,2
12994,433133,50.69,1,3
12995,433166,51.48,1,3
12996,433200,53.56,1,3
12997,433233,54.56,1,3
12998,433266,55.56,1,3
12999,433300,58.51,1,3
13000,433333,61.47,1,3
13001,433366,63.13,1,3
13002,433400,66.23,1,3
13003,433433,69.33,1,3
13004,433466,70.14,1,3
13005,433500,70.32,1,3
13006,433533,70.5,1,3
13007,433566,68.9,1,3
13008,433599,67.11,1,3
13009,433633,65.95,1,3
13010,433666,65.22,1,3
13011,433700,64.08,1,3
13012,433733,63.29,1,3
13013,433766,62.68,1,3
13014,433800,62.49,1,3
13015,433833,62.51,1,3
13016,433866,61.33,1,3
13017,433900,59.8,1,3
13018,433933,58.27,1,3
13019,433966,55.15,1,3
13020,434000,51.64,1,3
13021,434033,50.13,1,3
13022,434066,48.58,1,2
13023,434099,46.38,1,2
13024,434133,45.35,1,2
13025,434166,44.07,1,2
13026,434200,41.96,1,2
13027,434233,40.23,1,2
13028,434266,38.83,1,2
13029,434300,37.39,1,2
13030,434333,36.58,1,2
13031,434366,35.95,1,2
13032,434400,35.27,1,2
13033,434433,34.92,1,2
13034,434466,35.93,1,2
13035,434500,36.94,1,2
13036,434533,38.22,1,2
13037,434566,41.33,1,2
13038,434599,44.45,1,2
13039,434633,46.25,1,2
13040,434666,49,1,2
13041,434700,51.75,1,3
13042,434733,52.33,1,3
13043,434766,52.9,1,3
13044,434800,54.13,1,3
13045,434833,54.4,1,3
13046,434866,54.66,1,3
13047,434900,56.78,1,3
13048,434933,58.89,1,3
13049,434966,60.36,1,3
13050,435000,62.04,1,3
13051,435033,63.72,1,3
13052,435066,63.34,1,3
13053,435099,62.65,1,3
13054,435133,61.97,1,3
13055,435166,61.07,1,3
13056,435200,60.55,1,3
13057,435233,60.63,1,3
13058,435266,61.01,1,3
13059,435300,67.95,1,3
13060,435333,74.9,1,3
13061,435366,80.68,1,4
13062,435400,85.96,1,4
13063,435433,91.24,1,4
13064,435466,88.79,1,4
13065,435500,85.88,1,4
13066,435533,83.75,1,4
13067,435566,81.57,1,4
13068,435599,78.02,1,4
13069,435633,74.3,1,3
13070,435666,70.78,1,3
13071,435700,66.39,1,3
13072,435733,62.57,1,3
13073,435766,59.5,1,3
13074,435800,55.36,1,3
13075,435833,51.5,1,3
13076,435866,48.13,1,2
13077,435900,44.1,1,2
13078,435933,40.67,1,2
13079,435966,40.56,1,2
13080,436000,40.45,1,2
13081,436033,40.72,1,2
13082,436066,41.19,1,2
13083,436099,41.66,1,2
13084,436133,41.21,1,2
13085,436166,41.23,1,2
13086,436200,41.25,1,2
13087,436233,41.72,1,2
13088,436266,42.94,1,2
13089,436300,44.15,1,2
13090,436333,44.9,1,2
13091,436366,47.18,1,2
13092,436400,49.45,1,2
13093,436433,50.83,1,3
13094,436466,52.2,1,3
13095,436500,54.31,1,3
13096,436533,54.89,1,3
13097,436566,55.47,1,3
13098,436599,56.49,1,3
13099,436633,57.51,1,3
13100,436666,57.79,1,3
13101,436700,58.44,1,3
13102,436733,59.08,1,3
13103,436766,59.44,1,3
13104,436800,61.01,1,3
13105,436833,62.59,1,3
13106,436866,63.41,1,3
13107,436900,64.18,1,3
13108,436933,64.94,1,3
13109,436966,63.82,1,3
13110,437000,62.56,1,3
13111,437033,61.7,1,3
13112,437066,60.7,1,3
13113,437099,59.49,1,3
13114,437133,58.95,1,3
13115,437166,58.55,1,3
13116,437200,58.51,1,3
13117,437233,58.71,1,3
13118,437266,59.07,1,3
13119,437300,58.06,1,3
13120,437333,57.05,1,3
13121,437366,55.21,1,3
13122,437400,51.67,1,3
13123,437433,48.17,1,2
13124,437466,45.79,1,2
13125,437500,42.35,1,2
13126,437533,39.39,1,2
13127,437566,37.77,1,2
13128,437599,36.15,1,2
13129,437633,34.79,1,2
13130,437666,34.14,1,2
13131,437700,33.44,1,2
13132,437733,33.05,1,2
13133,437766,32.99,1,2
13134,437800,32.93,1,2
13135,437833,33.21,1,2
13136,437866,36.09,1,2
13137,437900,38.97,1,2
13138,437933,41.52,1,2
13139,437966,45.54,1,2
13140,438000,49.57,1,2
13141,438033,50.86,1,3
13142,438066,52.15,1,3
13143,438099,53.96,1,3
13144,438133,54.29,1,3
13145,438166,54.62,1,3
13146,438200,56.05,1,3
13147,438233,57.47,1,3
13148,438266,58.38,1,3
13149,438300,59.77,1,3
13150,438333,61.16,1,3
13151,438366,61.64,1,3
13152,438400,62.12,1,3
13153,438433,62.6,1,3
13154,438466,62.6,1,3
13155,438500,63.04,1,3
13156,438533,63.47,1,3
13157,438566,63.1,1,3
13158,438599,62.43,1,3
13159,438633,61.76,1,3
13160,438666,60.11,1,3
13161,438700,58.27,1,3
13162,438733,57.22,1,3
13163,438766,56.32,1,3
13164,438800,55.04,1,3
13165,438833,54.31,1,3
13166,438866,53.68,1,3
13167,438900,52.76,1,3
13168,438933,52.28,1,3
13169,438966,51.9,1,3
13170,439000,49.03,1,2
13171,439033,46.25,1,2
13172,439066,43.52,1,2
13173,439099,40.19,1,2
13174,439133,37.14,1,2
13175,439166,36.21,1,2
13176,439200,34.69,1,2
13177,439233,33.42,1,2
13178,439266,38.63,1,2
13179,439300,47.73,1,2
13180,439333,57.65,1,3
13181,439366,67.72,1,3
13182,439400,74.4,1,3
13183,439433,74.91,1,3
13184,439466,73.31,1,3
13185,439500,71.28,1,3
13186,439533,69.68,1,3
13187,439566,72.64,1,3
13188,439599,75.6,1,4
13189,439633,75.21,1,4
13190,439666,74.83,1,3
13191,439700,74.45,1,3
13192,439733,72.39,1,3
13193,439766,69.72,1,3
13194,439800,68.28,1,3
13195,439833,66.84,1,3
13196,439866,65.4,1,3
13197,439900,64.58,1,3
13198,439933,64.37,1,3
13199,439966,64.49,1,3
13200,440000,64.78,1,3
13201,440033,65.08,1,3
13202,440066,64.64,1,3
13203,440099,63.75,1,3
13204,440133,62.85,1,3
13205,440166,61.78,1,3
13206,440200,60.5,1,3
13207,440233,59.83,1,3
13208,440266,59.25,1,3
13209,440300,58.24,1,3
13210,440333,57.24,1,3
13211,440366,56.44,1,3
13212,440400,55.99,1,3
13213,440433,55.92,1,3
13214,440466,55.54,1,3
13215,440500,54.93,1,3
13216,440533,54.47,1,3
13217,440566,53.51,1,3
13218,440599,51.94,1,3
13219,440633,51.09,1,3
13220,440666,50.62,1,3
13221,440700,50,1,2
13222,440733,49.53,1,2
13223,440766,49.6,1,2
13224,440800,49.67,1,2
13225,440833,49.6,1,2
13226,440866,49.18,1,2
13227,440900,46.31,1,2
13228,440933,43.51,1,2
13229,440966,41.04,1,2
13230,441000,38.56,1,2
13231,441033,36.43,1,2
13232,441066,39.15,1,2
13233,441099,41.87,1,2
13234,441133,44.27,1,2
13235,441166,47.95,1,2
13236,441200,51.64,1,3
13237,441233,52.92,1,3
13238,441266,53.75,1,3
13239,441300,54.26,1,3
13240,441333,53.09,1,3
13241,441366,51.92,1,3
13242,441400,51.92,1,3
13243,441433,52.37,1,3
13244,441466,53.14,1,3
13245,441500,54.7,1,3
13246,441533,56.27,1,3
13247,441566,56.66,1,3
13248,441599,58.15,1,3
13249,441633,59.63,1,3
13250,441666,60.65,1,3
13251,441700,61.41,1,3
13252,441733,62.17,1,3
13253,441766,61.72,1,3
13254,441800,61.12,1,3
13255,441833,60.59,1,3
13256,441866,60.33,1,3
13257,441900,61.05,1,3
13258,441933,61.89,1,3
13259,441966,61.81,1,3
13260,442000,61.38,1,3
13261,442033,60.95,1,3
13262,442066,59.54,1,3
13263,442099,57.92,1,3
13264,442133,57.38,1,3
13265,442166,56.68,1,3
13266,442200,55.03,1,3
13267,442233,54.33,1,3
13268,442266,53.07,1,3
13269,442300,51.82,1,3
13270,442333,51.05,1,3
13271,442366,50.89,1,3
13272,442400,48.73,1,2
13273,442433,47.33,1,2
13274,442466,45.57,1,2
13275,442500,42.49,1,2
13276,442533,39.77,1,2
13277,442566,37.77,1,2
13278,442599,35.77,1,2
13279,442633,34.13,1,2
13280,442666,35.1,1,2
13281,442700,36.08,1,2
13282,442733,37.38,1,2
13283,442766,38.55,1,2
13284,442800,39.72,1,2
13285,442833,39.6,1,2
13286,442866,40.79,1,2
13287,442900,41.99,1,2
13288,442933,43.16,1,2
13289,442966,44.32,1,2
13290,443000,46.16,1,2
13291,443033,46.68,1,2
13292,443066,47.2,1,2
13293,443099,49.11,1,2
13294,443133,51.02,1,3
13295,443166,52.25,1,3
13296,443200,53.81,1,3
13297,443233,55.37,1,3
13298,443266,55.69,1,3
13299,443300,63.93,1,3
13300,443333,72.17,1,3
13301,443366,79.92,1,4
13302,443400,87.54,1,4
13303,443433,95.17,1,4
13304,443466,94.62,1,4
13305,443500,93.92,1,4
13306,443533,93.38,1,4
13307,443566,92.16,1,4
13308,443599,89.77,1,4
13309,443633,87.65,1,4
13310,443666,83.81,1,4
13311,443700,79.21,1,4
13312,443733,75.41,1,4
13313,443766,72.78,1,3
13314,443800,69.94,1,3
13315,443833,68.96,1,3
13316,443866,67.26,1,3
13317,443900,65.49,1,3
13318,443933,63.79,1,3
13319,443966,61.79,1,3
13320,444000,56.91,1,3
13321,444033,53.51,1,3
13322,444066,49.62,1,2
13323,444099,43.98,1,2
13324,444133,38.86,1,2
13325,444166,36.46,1,2
13326,444200,34.06,1,2
13327,444233,32.22,1,2
13328,444266,32.06,1,2
13329,444300,31.9,1,2
13330,444333,31.9,1,2
13331,444366,32.64,1,2
13332,444400,33.38,1,2
13333,444433,34.11,1,2
13334,444466,36.44,1,2
13335,444500,38.78,1,2
13336,444533,40.38,1,2
13337,444566,45.05,1,2
13338,444599,49.73,1,2
13339,444633,52.54,1,3
13340,444666,55.35,1,3
13341,444700,58.61,1,3
13342,444733,58.8,1,3
13343,444766,58.98,1,3
13344,444800,59.67,1,3
13345,444833,60.37,1,3
13346,444866,60.61,1,3
13347,444900,61.36,1,3
13348,444933,62.11,1,3
13349,444966,62.61,1,3
13350,445000,64.2,1,3
13351,445033,65.78,1,3
13352,445066,66.56,1,3
13353,445099,66.99,1,3
13354,445133,67.43,1,3
13355,445166,66.05,1,3
13356,445200,64.39,1,3
13357,445233,63.03,1,3
13358,445266,61.89,1,3
13359,445300,60.17,1,3
13360,445333,59.2,1,3
13361,445366,58.5,1,3
13362,445400,57.29,1,3
13363,445433,56.19,1,3
13364,445466,54.17,1,3
13365,445500,51.84,1,3
13366,445533,49.51,1,2
13367,445566,47.2,1,2
13368,445599,43.86,1,2
13369,445633,42.02,1,2
13370,445666,40.19,1,2
13371,445700,37.87,1,2
13372,445733,36.03,1,2
13373,445766,35.04,1,2
13374,445800,34.06,1,2
13375,445833,33.36,1,2
13376,445866,32.88,1,2
13377,445900,32.08,1,2
13378,445933,31.47,1,2
13379,445966,31.47,1,2
13380,446000,31.46,1,2
13381,446033,31.75,1,2
13382,446066,34.79,1,2
13383,446099,37.82,1,2
13384,446133,40.25,1,2
13385,446166,45.01,1,2
13386,446200,49.77,1,2
13387,446233,51.81,1,3
13388,446266,53.86,1,3
13389,446300,56.13,1,3
13390,446333,56.08,1,3
13391,446366,56.03,1,3
13392,446400,55.78,1,3
13393,446433,55.53,1,3
13394,446466,55.05,1,3
13395,446500,55.45,1,3
13396,446533,55.85,1,3
13397,446566,56.73,1,3
13398,446599,58.04,1,3
13399,446633,59.36,1,3
13400,446666,58.95,1,3
13401,446700,58.41,1,3
13402,446733,57.86,1,3
13403,446766,56.89,1,3
13404,446800,56.42,1,3
13405,446833,56.8,1,3
13406,446866,57.31,1,3
13407,446900,57.92,1,3
13408,446933,58.53,1,3
13409,446966,58.28,1,3
13410,447000,57.7,1,3
13411,447033,57.13,1,3
13412,447066,55.71,1,3
13413,447099,53.95,1,3
13414,447133,52.54,1,3
13415,447166,51.14,1,3
13416,447200,48.66,1,2
13417,447233,46.93,1,2
13418,447266,48.5,1,2
13419,447300,57.47,1,3
13420,447333,66.76,1,3
13421,447366,76.79,1,4
13422,447400,81.67,1,4
13423,447433,83.57,1,4
13424,447466,77.4,1,4
13425,447500,69.78,1,3
13426,447533,62.5,1,3
13427,447566,59.85,1,3
13428,447599,56.68,1,3
13429,447633,54.19,1,3
13430,447666,50.84,1,3
13431,447700,47.49,1,2
13432,447733,44.67,1,2
13433,447766,43.41,1,2
13434,447800,42.15,1,2
13435,447833,43.21,1,2
13436,447866,45.39,1,2
13437,447900,47.58,1,2
13438,447933,48.46,1,2
13439,447966,49.33,1,2
13440,448000,51.56,1,3
13441,448033,52.66,1,3
13442,448066,53.76,1,3
13443,448099,55.9,1,3
13444,448133,58.04,1,3
13445,448166,58.71,1,3
13446,448200,59.09,1,3
13447,448233,59.47,1,3
13448,448266,59.06,1,3
13449,448300,58.57,1,3
13450,448333,58.19,1,3
13451,448366,58.11,1,3
13452,448400,59.73,1,3
13453,448433,61.35,1,3
13454,448466,63.05,1,3
13455,448500,64.6,1,3
13456,448533,66.14,1,3
13457,448566,65.4,1,3
13458,448599,64.31,1,3
13459,448633,63.21,1,3
13460,448666,60.79,1,3
13461,448700,58.09,1,3
13462,448733,55.97,1,3
13463,448766,53.88,1,3
13464,448800,51.44,1,3
13465,448833,50.84,1,3
13466,448866,50.17,1,3
13467,448900,47.6,1,2
13468,448933,45.36,1,2
13469,448966,43.09,1,2
13470,449000,39.98,1,2
13471,449033,37.21,1,2
13472,449066,35.93,1,2
13473,449099,33.87,1,2
13474,449133,32.19,1,2
13475,449166,30.98,1,2
13476,449200,29.78,1,2
13477,449233,28.98,1,2
13478,449266,29.64,1,2
13479,449300,30.29,1,2
13480,449333,30.97,1,2
13481,449366,32.6,1,2
13482,449400,34.22,1,2
13483,449433,35.17,1,2
13484,449466,38.51,1,2
13485,449500,41.85,1,2
13486,449533,44.25,1,2
13487,449566,47.87,1,2
13488,449599,52.6,1,3
13489,449633,54.93,1,3
13490,449666,57.26,1,3
13491,449700,59.43,1,3
13492,449733,60.36,1,3
13493,449766,60.19,1,3
13494,449800,60.37,1,3
13495,449833,60.55,1,3
13496,449866,60.89,1,3
13497,449900,61.37,1,3
13498,449933,61.85,1,3
13499,449966,61.99,1,3
13500,450000,62.27,1,3
13501,450033,62.55,1,3
13502,450066,63.9,1,3
13503,450099,65.27,1,3
13504,450133,66.63,1,3
13505,450166,66.49,1,3
13506,450200,66.14,1,3
13507,450233,64.58,1,3
13508,450266,62.29,1,3
13509,450300,59.7,1,3
13510,450333,58.47,1,3
13511,450366,55.98,1,3
13512,450400,53.11,1,3
13513,450433,51.35,1,3
13514,450466,49.5,1,2
13515,450500,46.08,1,2
13516,450533,44.13,1,2
13517,450566,42.35,1,2
13518,450599,39.44,1,2
13519,450633,36.92,1,2
13520,450666,35.85,1,2
13521,450700,34.79,1,2
13522,450733,33.95,1,2
13523,450766,33.53,1,2
13524,450800,33.1,1,2
13525,450833,32.77,1,2
13526,450866,32.57,1,2
13527,450900,32.37,1,2
13528,450933,32.48,1,2
13529,450966,33.69,1,2
13530,451000,34.89,1,2
13531,451033,35.97,1,2
13532,451066,39.69,1,2
13533,451099,43.41,1,2
13534,451133,46.05,1,2
13535,451166,50.97,1,3
13536,451200,55.9,1,3
13537,451233,57.95,1,3
13538,451266,60,1,3
13539,451300,68.35,1,3
13540,451333,74.42,1,3
13541,451366,79.52,1,4
13542,451400,84.56,1,4
13543,451433,89.6,1,4
13544,451466,88.33,1,4
13545,451500,86.9,1,4
13546,451533,86.44,1,4
13547,451566,86.25,1,4
13548,451599,83.76,1,4
13549,451633,81.27,1,4
13550,451666,77.51,1,4
13551,451700,73.34,1,3
13552,451733,69.2,1,3
13553,451766,65.96,1,3
13554,451800,62.37,1,3
13555,451833,60.22,1,3
13556,451866,58.47,1,3
13557,451900,56.34,1,3
13558,451933,55.6,1,3
13559,451966,55.21,1,3
13560,452000,54.87,1,3
13561,452033,54.52,1,3
13562,452066,53.5,1,3
13563,452099,52.04,1,3
13564,452133,51.02,1,3
13565,452166,49.51,1,2
13566,452200,47.41,1,2
13567,452233,46.39,1,2
13568,452266,45.45,1,2
13569,452300,43.58,1,2
13570,452333,42.15,1,2
13571,452366,42.27,1,2
13572,452400,42.4,1,2
13573,452433,42.88,1,2
13574,452466,43.05,1,2
13575,452500,42.07,1,2
13576,452533,40.11,1,2
13577,452566,38.33,1,2
13578,452599,36.54,1,2
13579,452633,35.55,1,2
13580,452666,37.75,1,2
13581,452700,39.95,1,2
13582,452733,41.98,1,2
13583,452766,45.92,1,2
13584,452800,50.05,1,3
13585,452833,52.14,1,3
13586,452866,54.22,1,3
13587,452900,56.1,1,3
13588,452933,56.09,1,3
13589,452966,55.88,1,3
13590,453000,55.7,1,3
13591,453033,55.53,1,3
13592,453066,55.55,1,3
13593,453099,55.69,1,3
13594,453133,55.82,1,3
13595,453166,55.93,1,3
13596,453200,56.21,1,3
13597,453233,56.49,1,3
13598,453266,56.56,1,3
13599,453300,56.37,1,3
13600,453333,56.18,1,3
13601,453366,55.82,1,3
13602,453400,55.76,1,3
13603,453433,55.8,1,3
13604,453466,56.11,1,3
13605,453500,57.9,1,3
13606,453533,59.69,1,3
13607,453566,60.34,1,3
13608,453599,60.81,1,3
13609,453633,61.29,1,3
13610,453666,59.33,1,3
13611,453700,56.71,1,3
13612,453733,55.3,1,3
13613,453766,53.7,1,3
13614,453800,51.25,1,3
13615,453833,49.74,1,2
13616,453866,48.67,1,2
13617,453900,47.23,1,2
13618,453933,46.15,1,2
13619,453966,45.46,1,2
13620,454000,43.01,1,2
13621,454033,40.79,1,2
13622,454066,38.2,1,2
13623,454099,35.2,1,2
13624,454133,32.66,1,2
13625,454166,31.94,1,2
13626,454200,31.22,1,2
13627,454233,30.87,1,2
13628,454266,31.96,1,2
13629,454300,33.05,1,2
13630,454333,34.08,1,2
13631,454366,36.1,1,2
13632,454400,38.12,1,2
13633,454433,39.12,1,2
13634,454466,40.86,1,2
13635,454500,42.6,1,2
13636,454533,43.18,1,2
13637,454566,43.76,1,2
13638,454599,45.5,1,2
13639,454633,46.5,1,2
13640,454666,47.5,1,2
13641,454700,49.34,1,2
13642,454733,51.18,1,3
13643,454766,51.85,1,3
13644,454800,53.04,1,3
13645,454833,54.22,1,3
13646,454866,54.72,1,3
13647,454900,55.66,1,3
13648,454933,56.59,1,3
13649,454966,57.02,1,3
13650,455000,57.83,1,3
13651,455033,58.64,1,3
13652,455066,59.03,1,3
13653,455099,60.82,1,3
13654,455133,62.62,1,3
13655,455166,62.96,1,3
13656,455200,63.27,1,3
13657,455233,63.58,1,3
13658,455266,62.47,1,3
13659,455300,67.43,1,3
13660,455333,73.46,1,3
13661,455366,77.95,1,4
13662,455400,82.01,1,4
13663,455433,86.19,1,4
13664,455466,84.18,1,4
13665,455500,80.41,1,4
13666,455533,78.2,1,4
13667,455566,75.72,1,4
13668,455599,70.31,1,3
13669,455633,65.03,1,3
13670,455666,59.11,1,3
13671,455700,51.59,1,3
13672,455733,44.78,1,2
13673,455766,40.28,1,2
13674,455800,35.77,1,2
13675,455833,33.66,1,2
13676,455866,33.24,1,2
13677,455900,32.83,1,2
13678,455933,32.92,1,2
13679,455966,33.48,1,2
13680,456000,34.04,1,2
13681,456033,34.51,1,2
13682,456066,36.93,1,2
13683,456099,39.34,1,2
13684,456133,41.29,1,2
13685,456166,44.11,1,2
13686,456200,49.11,1,2
13687,456233,52.16,1,3
13688,456266,55.22,1,3
13689,456300,58.23,1,3
13690,456333,60.36,1,3
13691,456366,60.04,1,3
13692,456400,59.5,1,3
13693,456433,58.95,1,3
13694,456466,58.46,1,3
13695,456500,58.05,1,3
13696,456533,57.9,1,3
13697,456566,57.98,1,3
13698,456599,59.15,1,3
13699,456633,60.31,1,3
13700,456666,61.22,1,3
13701,456700,61.88,1,3
13702,456733,62.54,1,3
13703,456766,61.57,1,3
13704,456800,60.49,1,3
13705,456833,59.58,1,3
13706,456866,58.22,1,3
13707,456900,56.69,1,3
13708,456933,55.69,1,3
13709,456966,54.28,1,3
13710,457000,52.37,1,3
13711,457033,51.23,1,3
13712,457066,50.2,1,3
13713,457099,48.38,1,2
13714,457133,47.09,1,2
13715,457166,45.82,1,2
13716,457200,43.16,1,2
13717,457233,40.56,1,2
13718,457266,38.14,1,2
13719,457300,35.42,1,2
13720,457333,33.18,1,2
13721,457366,32,1,2
13722,457400,30.54,1,2
13723,457433,29.69,1,2
13724,457466,29.05,1,2
13725,457500,28.4,1,2
13726,457533,28.02,1,2
13727,457566,28.33,1,2
13728,457599,28.64,1,2
13729,457633,29.06,1,2
13730,457666,32.03,1,2
13731,457700,34.99,1,2
13732,457733,37.55,1,2
13733,457766,41.1,1,2
13734,457800,44.66,1,2
13735,457833,45.67,1,2
13736,457866,47.29,1,2
13737,457900,48.91,1,2
13738,457933,49.39,1,2
13739,457966,49.86,1,2
13740,458000,50.75,1,3
13741,458033,51.01,1,3
13742,458066,51.28,1,3
13743,458099,52.51,1,3
13744,458133,53.74,1,3
13745,458166,54.56,1,3
13746,458200,55.37,1,3
13747,458233,56.18,1,3
13748,458266,56.17,1,3
13749,458300,55.99,1,3
13750,458333,55.82,1,3
13751,458366,55.65,1,3
13752,458400,55.81,1,3
13753,458433,55.97,1,3
13754,458466,56.3,1,3
13755,458500,57.32,1,3
13756,458533,58.35,1,3
13757,458566,58.7,1,3
13758,458599,58.53,1,3
13759,458633,58.36,1,3
13760,458666,56.14,1,3
13761,458700,53.67,1,3
13762,458733,51.54,1,3
13763,458766,49.57,1,2
13764,458800,46.26,1,2
13765,458833,44.28,1,2
13766,458866,43.22,1,2
13767,458900,42.16,1,2
13768,458933,41.46,1,2
13769,458966,41.73,1,2
13770,459000,41.22,1,2
13771,459033,40.06,1,2
13772,459066,38.46,1,2
13773,459099,35.45,1,2
13774,459133,32.82,1,2
13775,459166,31.29,1,2
13776,459200,29.75,1,2
13777,459233,28.65,1,2
13778,459266,33.24,1,2
13779,459300,33.24,1,2
13780,459333,33.24,1,2
13781,459366,33.24,1,2
13782,459400,33.24,1,2
13783,459433,33.24,1,2
13784,459466,33.24,1,2
13785,459500,33.24,1,2
13786,459533,33.24,1,2
13787,459566,33.24,1,2
13788,459599,33.24,1,2
13789,459633,33.24,1,2
13790,459666,33.24,1,2
13791,459700,33.24,1,2
13792,459733,33.24,1,2
13793,459766,33.24,1,2
13794,459800,33.24,1,2
13795,459833,33.24,1,2
13796,459866,33.24,1,2
13797,459900,33.24,1,2
13798,459933,33.24,1,2
13799,459966,33.24,1,2
13800,460000,33.24,1,2
13801,460033,33.24,1,2
13802,460066,33.24,1,2
13803,460099,33.24,1,2
13804,460133,33.24,1,2
13805,460166,33.24,1,2
13806,460200,33.24,1,2
13807,460233,33.24,1,2
13808,460266,33.24,1,2
13809,460300,33.24,1,2
13810,460333,33.24,1,2
13811,460366,33.24,1,2
13812,460400,33.24,1,2
13813,460433,33.24,1,2
13814,460466,33.24,1,2
13815,460500,33.24,1,2
13816,460533,33.24,1,2
13817,460566,33.24,1,2
13818,460599,39.91,1,2
13819,460633,37.98,1,2
13820,460666,35.64,1,2
13821,460700,32.34,1,2
13822,460733,29.79,1,2
13823,460766,28.1,1,2
13824,460800,25.88,1,2
13825,460833,24.08,1,1
13826,460866,24.15,1,1
13827,460900,24.21,1,1
13828,460933,24.59,1,1
13829,460966,26.06,1,2
13830,461000,27.52,1,2
13831,461033,28.09,1,2
13832,461066,30,1,2
13833,461099,31.9,1,2
13834,461133,33.24,1,2
13835,461166,37.44,1,2
13836,461200,41.65,1,2
13837,461233,44.52,1,2
13838,461266,48.56,1,2
13839,461300,53.91,1,3
13840,461333,56.38,1,3
13841,461366,58.08,1,3
13842,461400,59.59,1,3
13843,461433,59.92,1,3
13844,461466,58.73,1,3
13845,461500,57.32,1,3
13846,461533,56.67,1,3
13847,461566,56.23,1,3
13848,461599,56.52,1,3
13849,461633,57.03,1,3
13850,461666,57.76,1,3
13851,461700,58.66,1,3
13852,461733,59.56,1,3
13853,461766,59.13,1,3
13854,461800,58.48,1,3
13855,461833,57.83,1,3
13856,461866,56.14,1,3
13857,461900,54.15,1,3
13858,461933,52.75,1,3
13859,461966,51.32,1,3
13860,462000,49.46,1,2
13861,462033,48.48,1,2
13862,462066,47.76,1,2
13863,462099,46.46,1,2
13864,462133,46,1,2
13865,462166,45.37,1,2
13866,462200,44.19,1,2
13867,462233,43.05,1,2
13868,462266,42.05,1,2
13869,462300,39.9,1,2
13870,462333,38.34,1,2
13871,462366,37.01,1,2
13872,462400,34.99,1,2
13873,462433,33.42,1,2
13874,462466,32.96,1,2
13875,462500,32.5,1,2
13876,462533,32.36,1,2
13877,462566,33.2,1,2
13878,462599,34.04,1,2
13879,462633,34.33,1,2
13880,462666,35.23,1,2
13881,462700,36.14,1,2
13882,462733,36.75,1,2
13883,462766,41.61,1,2
13884,462800,46.48,1,2
13885,462833,50.73,1,3
13886,462866,55.84,1,3
13887,462900,61.46,1,3
13888,462933,62.84,1,3
13889,462966,62.94,1,3
13890,463000,62.47,1,3
13891,463033,61.15,1,3
13892,463066,59.31,1,3
13893,463099,57.59,1,3
13894,463133,57.15,1,3
13895,463166,57.27,1,3
13896,463200,57.39,1,3
13897,463233,57.51,1,3
13898,463266,57.51,1,3
13899,463300,65.14,1,3
13900,463333,72.76,1,3
13901,463366,79.89,1,4
13902,463400,86.52,1,4
13903,463433,93.16,1,4
13904,463466,92.02,1,4
13905,463500,90.51,1,4
13906,463533,89.5,1,4
13907,463566,88.51,1,4
13908,463599,83.89,1,4
13909,463633,79.42,1,4
13910,463666,74.11,1,3
13911,463700,68.25,1,3
13912,463733,62.85,1,3
13913,463766,61.07,1,3
13914,463800,58.74,1,3
13915,463833,58.06,1,3
13916,463866,57.49,1,3
13917,463900,56.21,1,3
13918,463933,54.96,1,3
13919,463966,54.51,1,3
13920,464000,53.61,1,3
13921,464033,53.17,1,3
13922,464066,53.06,1,3
13923,464099,51.09,1,3
13924,464133,48.86,1,2
13925,464166,46.16,1,2
13926,464200,42.29,1,2
13927,464233,38.78,1,2
13928,464266,37.66,1,2
13929,464300,36.54,1,2
13930,464333,35.9,1,2
13931,464366,38.05,1,2
13932,464400,40.21,1,2
13933,464433,41.83,1,2
13934,464466,43.6,1,2
13935,464500,45.36,1,2
13936,464533,45.5,1,2
13937,464566,45.8,1,2
13938,464599,46.09,1,2
13939,464633,46.15,1,2
13940,464666,46.21,1,2
13941,464700,47.39,1,2
13942,464733,48.42,1,2
13943,464766,49.44,1,2
13944,464800,50.46,1,3
13945,464833,51.48,1,3
13946,464866,51.37,1,3
13947,464900,52.31,1,3
13948,464933,53.25,1,3
13949,464966,54.31,1,3
13950,465000,56.08,1,3
13951,465033,57.86,1,3
13952,465066,58.58,1,3
13953,465099,61.32,1,3
13954,465133,64.05,1,3
13955,465166,65.16,1,3
13956,465200,66.04,1,3
13957,465233,66.92,1,3
13958,465266,64.98,1,3
13959,465300,62.86,1,3
13960,465333,61.64,1,3
13961,465366,59.87,1,3
13962,465400,57.63,1,3
13963,465433,56.19,1,3
13964,465466,54.94,1,3
13965,465500,53.67,1,3
13966,465533,53.62,1,3
13967,465566,53.61,1,3
13968,465599,51.28,1,3
13969,465633,48.95,1,2
13970,465666,46.22,1,2
13971,465700,42.35,1,2
13972,465733,38.89,1,2
13973,465766,37.39,1,2
13974,465800,34.76,1,2
13975,465833,32.53,1,2
13976,465866,31.69,1,2
13977,465900,30.85,1,2
13978,465933,30.38,1,2
13979,465966,30.68,1,2
13980,466000,30.9,1,2
13981,466033,30.45,1,2
13982,466066,31.16,1,2
13983,466099,31.88,1,2
13984,466133,32.96,1,2
13985,466166,34.78,1,2
13986,466200,36.6,1,2
13987,466233,37.25,1,2
13988,466266,39.6,1,2
13989,466300,42.22,1,2
13990,466333,44.2,1,2
13991,466366,46.17,1,2
13992,466400,49.2,1,2
13993,466433,50.52,1,3
13994,466466,51.57,1,3
13995,466500,52.88,1,3
13996,466533,54.19,1,3
13997,466566,54.44,1,3
13998,466599,56.32,1,3
13999,466633,58.2,1,3
14000,466666,59.82,1,3
14001,466700,62.67,1,3
14002,466733,65.53,1,3
14003,466766,66.03,1,3
14004,466800,66.35,1,3
14005,466833,66.66,1,3
14006,466866,64.57,1,3
14007,466900,62.22,1,3
14008,466933,60.6,1,3
14009,466966,58.7,1,3
14010,467000,56.26,1,3
14011,467033,55,1,3
14012,467066,53.99,1,3
14013,467099,52.53,1,3
14014,467133,51.54,1,3
14015,467166,50.07,1,3
14016,467200,48.5,1,2
14017,467233,47.04,1,2
14018,467266,47.47,1,2
14019,467300,55.32,1,3
14020,467333,64.17,1,3
14021,467366,72.53,1,3
14022,467400,76.77,1,4
14023,467433,79.57,1,4
14024,467466,74.61,1,3
14025,467500,69.15,1,3
14026,467533,64.29,1,3
14027,467566,62.73,1,3
14028,467599,59.94,1,3
14029,467633,57.48,1,3
14030,467666,52.09,1,3
14031,467700,46.61,1,2
14032,467733,41.85,1,2
14033,467766,41.11,1,2
14034,467800,40.36,1,2
14035,467833,43.06,1,2
14036,467866,46.57,1,2
14037,467900,50.08,1,3
14038,467933,50.81,1,3
14039,467966,53.08,1,3
14040,468000,55.35,1,3
14041,468033,56.39,1,3
14042,468066,57.33,1,3
14043,468099,57.98,1,3
14044,468133,57.1,1,3
14045,468166,56.21,1,3
14046,468200,56.6,1,3
14047,468233,57.1,1,3
14048,468266,57.88,1,3
14049,468300,58.84,1,3
14050,468333,59.81,1,3
14051,468366,59.99,1,3
14052,468400,59.97,1,3
14053,468433,59.94,1,3
14054,468466,59.25,1,3
14055,468500,58.22,1,3
14056,468533,57.2,1,3
14057,468566,56.38,1,3
14058,468599,55.98,1,3
14059,468633,56.05,1,3
14060,468666,56.3,1,3
14061,468700,56.26,1,3
14062,468733,56.23,1,3
14063,468766,54.9,1,3
14064,468800,53.2,1,3
14065,468833,51.67,1,3
14066,468866,49.53,1,2
14067,468900,47.2,1,2
14068,468933,45.74,1,2
14069,468966,44.35,1,2
14070,469000,42.56,1,2
14071,469033,41.65,1,2
14072,469066,40.65,1,2
14073,469099,39.47,1,2
14074,469133,38.61,1,2
14075,469166,37.73,1,2
14076,469200,36.31,1,2
14077,469233,35.18,1,2
14078,469266,33.9,1,2
14079,469300,31.97,1,2
14080,469333,30.45,1,2
14081,469366,30.06,1,2
14082,469400,29.66,1,2
14083,469433,29.61,1,2
14084,469466,32.09,1,2
14085,469500,34.57,1,2
14086,469533,36.47,1,2
14087,469566,39.03,1,2
14088,469599,41.58,1,2
14089,469633,42.24,1,2
14090,469666,43.52,1,2
14091,469700,45.21,1,2
14092,469733,46.25,1,2
14093,469766,47.29,1,2
14094,469800,49.28,1,2
14095,469833,50.65,1,3
14096,469866,51.6,1,3
14097,469900,53.09,1,3
14098,469933,54.57,1,3
14099,469966,55.01,1,3
14100,470000,55.28,1,3
14101,470033,55.55,1,3
14102,470066,55.28,1,3
14103,470099,56.72,1,3
14104,470133,58.25,1,3
14105,470166,59.81,1,3
14106,470200,61.11,1,3
14107,470233,62.42,1,3
14108,470266,62.03,1,3
14109,470300,61.64,1,3
14110,470333,61.38,1,3
14111,470366,60,1,3
14112,470400,58.21,1,3
14113,470433,56.43,1,3
14114,470466,54.64,1,3
14115,470500,52.4,1,3
14116,470533,51.78,1,3
14117,470566,51.32,1,3
14118,470599,50.35,1,3
14119,470633,49.38,1,2
14120,470666,48.39,1,2
14121,470700,45.98,1,2
14122,470733,43.82,1,2
14123,470766,41.83,1,2
14124,470800,38.24,1,2
14125,470833,35.12,1,2
14126,470866,32.89,1,2
14127,470900,30.2,1,2
14128,470933,27.85,1,2
14129,470966,27.18,1,2
14130,471000,26.52,1,2
14131,471033,26.13,1,2
14132,471066,26.83,1,2
14133,471099,27.54,1,2
14134,471133,28.16,1,2
14135,471166,30.18,1,2
14136,471200,32.2,1,2
14137,471233,33.6,1,2
14138,471266,37.89,1,2
14139,471300,37.89,1,2
14140,471333,37.89,1,2
14141,471366,37.89,1,2
14142,471400,37.89,1,2
14143,471433,37.89,1,2
14144,471466,37.89,1,2
14145,471500,37.89,1,2
14146,471533,37.89,1,2
14147,471566,37.89,1,2
14148,471599,37.89,1,2
14149,471633,37.89,1,2
14150,471666,37.89,1,2
14151,471700,37.89,1,2
14152,471733,37.89,1,2
14153,471766,37.89,1,2
14154,471800,37.89,1,2
14155,471833,37.89,1,2
14156,471866,37.89,1,2
14157,471900,37.89,1,2
14158,471933,37.89,1,2
14159,471966,37.89,1,2
14160,472000,37.89,1,2
14161,472033,37.89,1,2
14162,472066,37.89,1,2
14163,472099,37.89,1,2
14164,472133,37.89,1,2
14165,472166,37.89,1,2
14166,472200,37.89,1,2
14167,472233,37.89,1,2
14168,472266,37.89,1,2
14169,472300,46.09,1,2
14170,472333,44.86,1,2
14171,472366,43.62,1,2
14172,472400,41.13,1,2
14173,472433,38.85,1,2
14174,472466,36.94,1,2
14175,472500,34.93,1,2
14176,472533,33.25,1,2
14177,472566,33.44,1,2
14178,472599,33.62,1,2
14179,472633,34.12,1,2
14180,472666,34.4,1,2
14181,472700,34.02,1,2
14182,472733,33.05,1,2
14183,472766,33.1,1,2
14184,472800,33.16,1,2
14185,472833,33.53,1,2
14186,472866,37.69,1,2
14187,472900,41.85,1,2
14188,472933,44.98,1,2
14189,472966,48.42,1,2
14190,473000,51.86,1,3
14191,473033,52.16,1,3
14192,473066,52.21,1,3
14193,473099,52.26,1,3
14194,473133,51.75,1,3
14195,473166,51.23,1,3
14196,473200,51.43,1,3
14197,473233,51.88,1,3
14198,473266,52.33,1,3
14199,473300,53.81,1,3
14200,473333,55.29,1,3
14201,473366,55.86,1,3
14202,473400,56.3,1,3
14203,473433,56.74,1,3
14204,473466,56.14,1,3
14205,473500,55.35,1,3
14206,473533,54.75,1,3
14207,473566,54.29,1,3
14208,473599,54.16,1,3
14209,473633,54.29,1,3
14210,473666,54.61,1,3
14211,473700,55.17,1,3
14212,473733,55.74,1,3
14213,473766,55.9,1,3
14214,473800,55.83,1,3
14215,473833,55.75,1,3
14216,473866,55.44,1,3
14217,473900,55.12,1,3
14218,473933,55.05,1,3
14219,473966,57.26,1,3
14220,474000,59.46,1,3
14221,474033,61.9,1,3
14222,474066,64,1,3
14223,474099,65.55,1,3
14224,474133,65.06,1,3
14225,474166,64.28,1,3
14226,474200,60.05,1,3
14227,474233,56.16,1,3
14228,474266,52.13,1,3
14229,474300,47.84,1,2
14230,474333,43.83,1,2
14231,474366,43.96,1,2
14232,474400,44.09,1,2
14233,474433,44.73,1,2
14234,474466,46.88,1,2
14235,474500,49.02,1,2
14236,474533,50.26,1,3
14237,474566,51.27,1,3
14238,474599,52.27,1,3
14239,474633,52.04,1,3
14240,474666,51.56,1,3
14241,474700,51.08,1,3
14242,474733,50.64,1,3
14243,474766,50.21,1,3
14244,474800,50.35,1,3
14245,474833,50.74,1,3
14246,474866,51.13,1,3
14247,474900,52.67,1,3
14248,474933,54.22,1,3
14249,474966,55.2,1,3
14250,475000,56.49,1,3
14251,475033,57.79,1,3
14252,475066,58.41,1,3
14253,475099,59.26,1,3
14254,475133,60.1,1,3
14255,475166,60.63,1,3
14256,475200,62.56,1,3
14257,475233,64.2,1,3
14258,475266,65.61,1,3
14259,475300,73.1,1,3
14260,475333,80.59,1,4
14261,475366,86.13,1,4
14262,475400,91.55,1,4
14263,475433,96.96,1,4
14264,475466,96.08,1,4
14265,475500,94.73,1,4
14266,475533,93.92,1,4
14267,475566,93,1,4
14268,475599,91.09,1,4
14269,475633,88.14,1,4
14270,475666,85.6,1,4
14271,475700,82.16,1,4
14272,475733,78.88,1,4
14273,475766,75.33,1,4
14274,475800,70.34,1,3
14275,475833,65.4,1,3
14276,475866,60.79,1,3
14277,475900,54.74,1,3
14278,475933,49.93,1,2
14279,475966,47.53,1,2
14280,476000,45.13,1,2
14281,476033,43.3,1,2
14282,476066,42.53,1,2
14283,476099,41.7,1,2
14284,476133,41.18,1,2
14285,476166,41.13,1,2
14286,476200,41.08,1,2
14287,476233,41.5,1,2
14288,476266,42.32,1,2
14289,476300,43.14,1,2
14290,476333,43.49,1,2
14291,476366,45.58,1,2
14292,476400,47.68,1,2
14293,476433,49.56,1,2
14294,476466,51.54,1,3
14295,476500,54.04,1,3
14296,476533,54.78,1,3
14297,476566,55.53,1,3
14298,476599,56.46,1,3
14299,476633,57.28,1,3
14300,476666,57.6,1,3
14301,476700,60.96,1,3
14302,476733,64.32,1,3
14303,476766,67.36,1,3
14304,476800,71.34,1,3
14305,476833,75.33,1,4
14306,476866,75.27,1,4
14307,476900,74.83,1,3
14308,476933,74.39,1,3
14309,476966,71.81,1,3
14310,477000,69.06,1,3
14311,477033,67.3,1,3
14312,477066,65.77,1,3
14313,477099,64.05,1,3
14314,477133,63.53,1,3
14315,477166,62.88,1,3
14316,477200,62.09,1,3
14317,477233,61.44,1,3
14318,477266,60.49,1,3
14319,477300,58.89,1,3
14320,477333,57.34,1,3
14321,477366,55.45,1,3
14322,477400,52.93,1,3
14323,477433,50.9,1,3
14324,477466,49.25,1,2
14325,477500,46.47,1,2
14326,477533,44.18,1,2
14327,477566,42.25,1,2
14328,477599,39.39,1,2
14329,477633,36.79,1,2
14330,477666,35.53,1,2
14331,477700,34.27,1,2
14332,477733,33.28,1,2
14333,477766,33.9,1,2
14334,477800,34.52,1,2
14335,477833,35.2,1,2
14336,477866,36.91,1,2
14337,477900,38.61,1,2
14338,477933,39.63,1,2
14339,477966,42.49,1,2
14340,478000,45.34,1,2
14341,478033,47.17,1,2
14342,478066,49.3,1,2
14343,478099,51.46,1,3
14344,478133,51.79,1,3
14345,478166,52.11,1,3
14346,478200,53.24,1,3
14347,478233,54.06,1,3
14348,478266,54.86,1,3
14349,478300,57.14,1,3
14350,478333,59.43,1,3
14351,478366,60.92,1,3
14352,478400,62.39,1,3
14353,478433,63.87,1,3
14354,478466,63.77,1,3
14355,478500,63.52,1,3
14356,478533,63.27,1,3
14357,478566,62.24,1,3
14358,478599,61.15,1,3
14359,478633,60.16,1,3
14360,478666,59,1,3
14361,478700,57.48,1,3
14362,478733,56.75,1,3
14363,478766,56.07,1,3
14364,478800,55.11,1,3
14365,478833,54.47,1,3
14366,478866,54.18,1,3
14367,478900,53.85,1,3
14368,478933,53.53,1,3
14369,478966,53.48,1,3
14370,479000,53.21,1,3
14371,479033,52.94,1,3
14372,479066,52.65,1,3
14373,479099,51.57,1,3
14374,479133,50.48,1,3
14375,479166,49.19,1,2
14376,479200,46.79,1,2
14377,479233,44.46,1,2
14378,479266,46.17,1,2
14379,479300,54.14,1,3
14380,479333,62.86,1,3
14381,479366,72.37,1,3
14382,479400,79.27,1,4
14383,479433,82.92,1,4
14384,479466,79.96,1,4
14385,479500,76.34,1,4
14386,479533,73.04,1,3
14387,479566,72.35,1,3
14388,479599,71.66,1,3
14389,479633,71.25,1,3
14390,479666,68.75,1,3
14391,479700,65.82,1,3
14392,479733,62.89,1,3
14393,479766,60.28,1,3
14394,479800,57.75,1,3
14395,479833,57.3,1,3
14396,479866,57.29,1,3
14397,479900,57.85,1,3
14398,479933,58.1,1,3
14399,479966,58.34,1,3
14400,480000,58.87,1,3
14401,480033,59.4,1,3
14402,480066,59.36,1,3
14403,480099,59.25,1,3
14404,480133,59.14,1,3
14405,480166,59.08,1,3
14406,480200,59.1,1,3
14407,480233,59.11,1,3
14408,480266,59.15,1,3
14409,480300,58.98,1,3
14410,480333,58.81,1,3
14411,480366,58.55,1,3
14412,480400,58.36,1,3
14413,480433,58.22,1,3
14414,480466,58.27,1,3
14415,480500,58.09,1,3
14416,480533,57.91,1,3
14417,480566,57.67,1,3
14418,480599,57.54,1,3
14419,480633,57.63,1,3
14420,480666,57.93,1,3
14421,480700,58.74,1,3
14422,480733,59.55,1,3
14423,480766,59.3,1,3
14424,480800,56.73,1,3
14425,480833,54.16,1,3
14426,480866,50.87,1,3
14427,480900,46.86,1,2
14428,480933,43.79,1,2
14429,480966,42.31,1,2
14430,481000,40.35,1,2
14431,481033,38.6,1,2
14432,481066,37.46,1,2
14433,481099,36.31,1,2
14434,481133,35.7,1,2
14435,481166,35.38,1,2
14436,481200,35.06,1,2
14437,481233,34.86,1,2
14438,481266,36.14,1,2
14439,481300,37.43,1,2
14440,481333,38.91,1,2
14441,481366,41.45,1,2
14442,481400,43.99,1,2
14443,481433,45.04,1,2
14444,481466,47.11,1,2
14445,481500,49.29,1,2
14446,481533,50.41,1,3
14447,481566,51.53,1,3
14448,481599,52.85,1,3
14449,481633,53.16,1,3
14450,481666,53.37,1,3
14451,481700,54.59,1,3
14452,481733,55.82,1,3
14453,481766,56.84,1,3
14454,481800,58.68,1,3
14455,481833,60.52,1,3
14456,481866,60.96,1,3
14457,481900,61.17,1,3
14458,481933,61.38,1,3
14459,481966,60.16,1,3
14460,482000,58.88,1,3
14461,482033,57.98,1,3
14462,482066,57.24,1,3
14463,482099,56.27,1,3
14464,482133,55.91,1,3
14465,482166,55.6,1,3
14466,482200,56.9,1,3
14467,482233,58.28,1,3
14468,482266,58.53,1,3
14469,482300,58.53,1,3
14470,482333,58.52,1,3
14471,482366,55.37,1,3
14472,482400,52.04,1,3
14473,482433,50.25,1,3
14474,482466,48.49,1,2
14475,482500,45.87,1,2
14476,482533,44.78,1,2
14477,482566,43.38,1,2
14478,482599,41.56,1,2
14479,482633,39.95,1,2
14480,482666,38.93,1,2
14481,482700,37.68,1,2
14482,482733,36.92,1,2
14483,482766,36.17,1,2
14484,482800,35.2,1,2
14485,482833,34.54,1,2
14486,482866,35.47,1,2
14487,482900,36.4,1,2
14488,482933,37.57,1,2
14489,482966,41.45,1,2
14490,483000,45.32,1,2
14491,483033,47.82,1,2
14492,483066,50.13,1,3
14493,483099,52.29,1,3
14494,483133,51.97,1,3
14495,483166,51.25,1,3
14496,483200,50.3,1,3
14497,483233,49.34,1,2
14498,483266,48.53,1,2
14499,483300,57.55,1,3
14500,483333,66.95,1,3
14501,483366,75.89,1,4
14502,483400,84.94,1,4
14503,483433,93.99,1,4
14504,483466,92.68,1,4
14505,483500,90.84,1,4
14506,483533,89.7,1,4
14507,483566,87.74,1,4
14508,483599,83.29,1,4
14509,483633,79.37,1,4
14510,483666,74.12,1,3
14511,483700,68.61,1,3
14512,483733,64,1,3
14513,483766,61.87,1,3
14514,483800,60.51,1,3
14515,483833,61.03,1,3
14516,483866,61.32,1,3
14517,483900,61.34,1,3
14518,483933,61.35,1,3
14519,483966,60.59,1,3
14520,484000,60.94,1,3
14521,484033,61.77,1,3
14522,484066,62.88,1,3
14523,484099,65.51,1,3
14524,484133,68.13,1,3
14525,484166,68.71,1,3
14526,484200,67.81,1,3
14527,484233,66.91,1,3
14528,484266,64.26,1,3
14529,484300,58.67,1,3
14530,484333,54.01,1,3
14531,484366,50.5,1,3
14532,484400,46.98,1,2
14533,484433,43.71,1,2
14534,484466,44.22,1,2
14535,484500,44.73,1,2
14536,484533,45.58,1,2
14537,484566,45.72,1,2
14538,484599,44.87,1,2
14539,484633,43.17,1,2
14540,484666,41.91,1,2
14541,484700,40.65,1,2
14542,484733,40.1,1,2
14543,484766,40.38,1,2
14544,484800,40.66,1,2
14545,484833,40.51,1,2
14546,484866,41.53,1,2
14547,484900,42.55,1,2
14548,484933,43.72,1,2
14549,484966,45.71,1,2
14550,485000,47.7,1,2
14551,485033,48.44,1,2
14552,485066,49.18,1,2
14553,485099,50.98,1,3
14554,485133,51.96,1,3
14555,485166,52.94,1,3
14556,485200,55.88,1,3
14557,485233,58.83,1,3
14558,485266,60.72,1,3
14559,485300,63.19,1,3
14560,485333,65.66,1,3
14561,485366,64.54,1,3
14562,485400,63.24,1,3
14563,485433,61.95,1,3
14564,485466,60.07,1,3
14565,485500,58.58,1,3
14566,485533,58.78,1,3
14567,485566,59.16,1,3
14568,485599,61.68,1,3
14569,485633,64.2,1,3
14570,485666,66.34,1,3
14571,485700,68.55,1,3
14572,485733,70.76,1,3
14573,485766,67.98,1,3
14574,485800,64.83,1,3
14575,485833,61.25,1,3
14576,485866,57.46,1,3
14577,485900,52.93,1,3
14578,485933,51.25,1,3
14579,485966,49.81,1,2
14580,486000,47.23,1,2
14581,486033,44.81,1,2
14582,486066,42.79,1,2
14583,486099,40.04,1,2
14584,486133,37.43,1,2
14585,486166,36.13,1,2
14586,486200,33.91,1,2
14587,486233,32.02,1,2
14588,486266,31.59,1,2
14589,486300,31.17,1,2
14590,486333,30.99,1,2
14591,486366,33.14,1,2
14592,486400,35.28,1,2
14593,486433,36.68,1,2
14594,486466,39,1,2
14595,486500,41.32,1,2
14596,486533,42.24,1,2
14597,486566,44.38,1,2
14598,486599,46.52,1,2
14599,486633,47.74,1,2
14600,486666,49.92,1,2
14601,486700,53.73,1,3
14602,486733,56.32,1,3
14603,486766,58.91,1,3
14604,486800,63.74,1,3
14605,486833,67.6,1,3
14606,486866,68.29,1,3
14607,486900,68.67,1,3
14608,486933,69.05,1,3
14609,486966,65.51,1,3
14610,487000,61.89,1,3
14611,487033,59.8,1,3
14612,487066,58.03,1,3
14613,487099,56.76,1,3
14614,487133,57.18,1,3
14615,487166,57.68,1,3
14616,487200,58.46,1,3
14617,487233,59.23,1,3
14618,487266,59.5,1,3
14619,487300,66.86,1,3
14620,487333,74.22,1,3
14621,487366,80.15,1,4
14622,487400,85.93,1,4
14623,487433,91.71,1,4
14624,487466,89.5,1,4
14625,487500,86.48,1,4
14626,487533,84.62,1,4
14627,487566,81.91,1,4
14628,487599,78.96,1,4
14629,487633,73.48,1,3
14630,487666,68.66,1,3
14631,487700,61.32,1,3
14632,487733,54.98,1,3
14633,487766,49.18,1,2
14634,487800,46.79,1,2
14635,487833,44.57,1,2
14636,487866,46.57,1,2
14637,487900,48.58,1,2
14638,487933,50.28,1,3
14639,487966,51.77,1,3
14640,488000,52.91,1,3
14641,488033,52.34,1,3
14642,488066,51.52,1,3
14643,488099,49.09,1,2
14644,488133,46.88,1,2
14645,488166,46.86,1,2
14646,488200,46.83,1,2
14647,488233,47.07,1,2
14648,488266,50.51,1,3
14649,488300,53.96,1,3
14650,488333,55.46,1,3
14651,488366,56.85,1,3
14652,488400,58.24,1,3
14653,488433,57.78,1,3
14654,488466,57.28,1,3
14655,488500,56.7,1,3
14656,488533,56.23,1,3
14657,488566,55.71,1,3
14658,488599,55.38,1,3
14659,488633,55.1,1,3
14660,488666,54.99,1,3
14661,488700,54.92,1,3
14662,488733,54.9,1,3
14663,488766,54.94,1,3
14664,488800,55.04,1,3
14665,488833,55.14,1,3
14666,488866,54.9,1,3
14667,488900,54.5,1,3
14668,488933,54.1,1,3
14669,488966,53.64,1,3
14670,489000,54.75,1,3
14671,489033,56.17,1,3
14672,489066,57.75,1,3
14673,489099,59.9,1,3
14674,489133,62.05,1,3
14675,489166,61.37,1,3
14676,489200,60.46,1,3
14677,489233,59.55,1,3
14678,489266,57.24,1,3
14679,489300,54.77,1,3
14680,489333,53.55,1,3
14681,489366,52.32,1,3
14682,489400,50.93,1,3
14683,489433,50.37,1,3
14684,489466,49.68,1,2
14685,489500,48.89,1,2
14686,489533,48.35,1,2
14687,489566,47.62,1,2
14688,489599,44.75,1,2
14689,489633,42.17,1,2
14690,489666,39.31,1,2
14691,489700,36.21,1,2
14692,489733,33.45,1,2
14693,489766,33.03,1,2
14694,489800,32.62,1,2
14695,489833,32.59,1,2
14696,489866,33.91,1,2
14697,489900,35.24,1,2
14698,489933,36.37,1,2
14699,489966,38.5,1,2
14700,490000,40.62,1,2
14701,490033,41.63,1,2
14702,490066,43.56,1,2
14703,490099,45.59,1,2
14704,490133,46.62,1,2
14705,490166,47.64,1,2
14706,490200,50.11,1,3
14707,490233,51.64,1,3
14708,490266,53.08,1,3
14709,490300,54.6,1,3
14710,490333,56.12,1,3
14711,490366,56.19,1,3
14712,490400,56.26,1,3
14713,490433,56.32,1,3
14714,490466,56.31,1,3
14715,490500,57.96,1,3
14716,490533,59.61,1,3
14717,490566,61.28,1,3
14718,490599,63.49,1,3
14719,490633,65.71,1,3
14720,490666,65.49,1,3
14721,490700,65.03,1,3
14722,490733,64.56,1,3
14723,490766,62.93,1,3
14724,490800,61.03,1,3
14725,490833,59.92,1,3
14726,490866,58.74,1,3
14727,490900,57.33,1,3
14728,490933,56.52,1,3
14729,490966,55.62,1,3
14730,491000,54.36,1,3
14731,491033,53.74,1,3
14732,491066,53.03,1,3
14733,491099,51.75,1,3
14734,491133,50.84,1,3
14735,491166,49.91,1,2
14736,491200,46.55,1,2
14737,491233,43.51,1,2
14738,491266,44.63,1,2
14739,491300,53.12,1,3
14740,491333,62.34,1,3
14741,491366,73.31,1,3
14742,491400,79.98,1,4
14743,491433,83.06,1,4
14744,491466,78.45,1,4
14745,491500,72.56,1,3
14746,491533,67.02,1,3
14747,491566,65.91,1,3
14748,491599,64.81,1,3
14749,491633,64.02,1,3
14750,491666,65.33,1,3
14751,491700,66.87,1,3
14752,491733,68.49,1,3
14753,491766,70.23,1,3
14754,491800,71.97,1,3
14755,491833,72.22,1,3
14756,491866,71.74,1,3
14757,491900,70.97,1,3
14758,491933,69.43,1,3
14759,491966,67.88,1,3
14760,492000,66.44,1,3
14761,492033,65.5,1,3
14762,492066,64.62,1,3
14763,492099,65.26,1,3
14764,492133,65.89,1,3
14765,492166,65.48,1,3
14766,492200,64.71,1,3
14767,492233,63.94,1,3
14768,492266,61.76,1,3
14769,492300,59.44,1,3
14770,492333,58.38,1,3
14771,492366,57.45,1,3
14772,492400,55.95,1,3
14773,492433,55,1,3
14774,492466,54.19,1,3
14775,492500,55.16,1,3
14776,492533,56.36,1,3
14777,492566,57.09,1,3
14778,492599,57.53,1,3
14779,492633,57.96,1,3
14780,492666,55.15,1,3
14781,492700,52.3,1,3
14782,492733,50.49,1,3
14783,492766,50.81,1,3
14784,492800,51.12,1,3
14785,492833,52.92,1,3
14786,492866,54.32,1,3
14787,492900,54.29,1,3
14788,492933,52.43,1,3
14789,492966,50.24,1,3
14790,493000,46.75,1,2
14791,493033,43.67,1,2
14792,493066,42.03,1,2
14793,493099,38.98,1,2
14794,493133,36.25,1,2
14795,493166,36.1,1,2
14796,493200,35.95,1,2
14797,493233,35.79,1,2
14798,493266,37.75,1,2
14799,493300,39.7,1,2
14800,493333,40.39,1,2
14801,493366,41.58,1,2
14802,493400,42.77,1,2
14803,493433,43.28,1,2
14804,493466,44.02,1,2
14805,493500,44.76,1,2
14806,493533,44.99,1,2
14807,493566,46.52,1,2
14808,493599,48.26,1,2
14809,493633,49.78,1,2
14810,493666,51.29,1,3
14811,493700,53.87,1,3
14812,493733,55.16,1,3
14813,493766,55.99,1,3
14814,493800,56.75,1,3
14815,493833,57.51,1,3
14816,493866,57.17,1,3
14817,493900,56.79,1,3
14818,493933,56.64,1,3
14819,493966,56.57,1,3
14820,494000,57.66,1,3
14821,494033,58.76,1,3
14822,494066,59.55,1,3
14823,494099,60.04,1,3
14824,494133,60.53,1,3
14825,494166,59.61,1,3
14826,494200,58.63,1,3
14827,494233,58.01,1,3
14828,494266,57.7,1,3
14829,494300,57.37,1,3
14830,494333,57.27,1,3
14831,494366,57.25,1,3
14832,494400,58.38,1,3
14833,494433,59.52,1,3
14834,494466,59.2,1,3
14835,494500,58.39,1,3
14836,494533,57.52,1,3
14837,494566,55.16,1,3
14838,494599,51.27,1,3
14839,494633,48.86,1,2
14840,494666,46.68,1,2
14841,494700,43.32,1,2
14842,494733,40.29,1,2
14843,494766,38.56,1,2
14844,494800,36.4,1,2
14845,494833,34.5,1,2
14846,494866,33.69,1,2
14847,494900,32.56,1,2
14848,494933,31.65,1,2
14849,494966,31.75,1,2
14850,495000,31.86,1,2
14851,495033,32.1,1,2
14852,495066,34.99,1,2
14853,495099,37.88,1,2
14854,495133,40.19,1,2
14855,495166,43.86,1,2
14856,495200,47.53,1,2
14857,495233,48.9,1,2
14858,495266,52.1,1,3
14859,495300,61.48,1,3
14860,495333,69.5,1,3
14861,495366,76.94,1,4
14862,495400,84.08,1,4
14863,495433,89.38,1,4
14864,495466,88.5,1,4
14865,495500,87.97,1,4
14866,495533,88.03,1,4
14867,495566,87.39,1,4
14868,495599,84.43,1,4
14869,495633,81.46,1,4
14870,495666,77.18,1,4
14871,495700,72.45,1,3
14872,495733,68.7,1,3
14873,495766,66.74,1,3
14874,495800,64.38,1,3
14875,495833,62.99,1,3
14876,495866,62.05,1,3
14877,495900,61.04,1,3
14878,495933,60.57,1,3
14879,495966,59.68,1,3
14880,496000,58.52,1,3
14881,496033,57.37,1,3
14882,496066,56.26,1,3
14883,496099,54.82,1,3
14884,496133,54.21,1,3
14885,496166,53.86,1,3
14886,496200,54.05,1,3
14887,496233,54.51,1,3
14888,496266,55.05,1,3
14889,496300,54.73,1,3
14890,496333,54.41,1,3
14891,496366,53.03,1,3
14892,496400,49.89,1,2
14893,496433,46.99,1,2
14894,496466,44.75,1,2
14895,496500,41.36,1,2
14896,496533,38.47,1,2
14897,496566,38.08,1,2
14898,496599,37.69,1,2
14899,496633,37.51,1,2
14900,496666,39.71,1,2
14901,496700,41.9,1,2
14902,496733,43.13,1,2
14903,496766,44.42,1,2
14904,496800,45.72,1,2
14905,496833,45.78,1,2
14906,496866,45.55,1,2
14907,496900,44.67,1,2
14908,496933,43.72,1,2
14909,496966,44.32,1,2
14910,497000,45.42,1,2
14911,497033,47.01,1,2
14912,497066,49.32,1,2
14913,497099,51.63,1,3
14914,497133,52.04,1,3
14915,497166,51.94,1,3
14916,497200,52.32,1,3
14917,497233,52.61,1,3
14918,497266,52.91,1,3
14919,497300,53.85,1,3
14920,497333,54.8,1,3
14921,497366,55.08,1,3
14922,497400,56.84,1,3
14923,497433,58.6,1,3
14924,497466,60.07,1,3
14925,497500,61.3,1,3
14926,497533,62.53,1,3
14927,497566,61.35,1,3
14928,497599,59.84,1,3
14929,497633,58.33,1,3
14930,497666,57.07,1,3
14931,497700,58.72,1,3
14932,497733,61.3,1,3
14933,497766,64.21,1,3
14934,497800,67,1,3
14935,497833,69.78,1,3
14936,497866,68.89,1,3
14937,497900,67.84,1,3
14938,497933,66.8,1,3
14939,497966,63.55,1,3
14940,498000,59.8,1,3
14941,498033,56.82,1,3
14942,498066,53.61,1,3
14943,498099,48.26,1,2
14944,498133,45.24,1,2
14945,498166,42.47,1,2
14946,498200,39.38,1,2
14947,498233,36.67,1,2
14948,498266,35.91,1,2
14949,498300,34.69,1,2
14950,498333,33.73,1,2
14951,498366,32.87,1,2
14952,498400,31.87,1,2
14953,498433,31.05,1,2
14954,498466,31.66,1,2
14955,498500,32.27,1,2
14956,498533,33.09,1,2
14957,498566,34.75,1,2
14958,498599,36.42,1,2
14959,498633,37.11,1,2
14960,498666,39.85,1,2
14961,498700,42.59,1,2
14962,498733,44.64,1,2
14963,498766,47.67,1,2
14964,498800,51.57,1,3
14965,498833,53.43,1,3
14966,498866,55.29,1,3
14967,498900,59.5,1,3
14968,498933,62.73,1,3
14969,498966,64.45,1,3
14970,499000,66.04,1,3
14971,499033,67.62,1,3
14972,499066,66.5,1,3
14973,499099,65.16,1,3
14974,499133,64.45,1,3
14975,499166,63.04,1,3
14976,499200,61.47,1,3
14977,499233,60.25,1,3
14978,499266,59.25,1,3
14979,499300,66.17,1,3
14980,499333,73.91,1,3
14981,499366,80.85,1,4
14982,499400,87.49,1,4
14983,499433,94.13,1,4
14984,499466,91.72,1,4
14985,499500,88.92,1,4
14986,499533,87.1,1,4
14987,499566,84.03,1,4
14988,499599,78.82,1,4
14989,499633,73.76,1,3
14990,499666,67.47,1,3
14991,499700,61.05,1,3
14992,499733,56.3,1,3
14993,499766,53.15,1,3
14994,499800,49.27,1,2
14995,499833,47.02,1,2
14996,499866,44.55,1,2
14997,499900,41.36,1,2
14998,499933,38.72,1,2
14999,499966,39.28,1,2
15000,500000,40.5,1,2
15001,500033,42.06,1,2
15002,500066,44.35,1,2
15003,500099,46.64,1,2
15004,500133,47.42,1,2
15005,500166,47.39,1,2
15006,500200,47.36,1,2
15007,500233,47.2,1,2
15008,500266,47.96,1,2
15009,500300,48.73,1,2
15010,500333,49.65,1,2
15011,500366,52.57,1,3
15012,500400,55.49,1,3
15013,500433,57.53,1,3
15014,500466,60.09,1,3
15015,500500,62.65,1,3
15016,500533,63.09,1,3
15017,500566,63.29,1,3
15018,500599,63.44,1,3
15019,500633,62.75,1,3
15020,500666,62,1,3
15021,500700,60.99,1,3
15022,500733,60.22,1,3
15023,500766,59.25,1,3
15024,500800,58.45,1,3
15025,500833,57.7,1,3
15026,500866,57.33,1,3
15027,500900,56.98,1,3
15028,500933,56.82,1,3
15029,500966,56.43,1,3
15030,501000,55.82,1,3
15031,501033,55.21,1,3
15032,501066,54.59,1,3
15033,501099,54.09,1,3
15034,501133,54,1,3
15035,501166,54.13,1,3
15036,501200,55.4,1,3
15037,501233,56.67,1,3
15038,501266,56.77,1,3
15039,501300,56.72,1,3
15040,501333,56.67,1,3
15041,501366,54.91,1,3
15042,501400,52.96,1,3
15043,501433,52.24,1,3
15044,501466,52.17,1,3
15045,501500,52.09,1,3
15046,501533,52.59,1,3
15047,501566,52.82,1,3
15048,501599,52.85,1,3
15049,501633,52.39,1,3
15050,501666,51.63,1,3
15051,501700,48.6,1,2
15052,501733,46.03,1,2
15053,501766,43.13,1,2
15054,501800,39.2,1,2
15055,501833,35.57,1,2
15056,501866,35.4,1,2
15057,501900,35.24,1,2
15058,501933,35.4,1,2
15059,501966,37.81,1,2
15060,502000,40.22,1,2
15061,502033,41.44,1,2
15062,502066,42.25,1,2
15063,502099,42.9,1,2
15064,502133,42.33,1,2
15065,502166,43.47,1,2
15066,502200,44.66,1,2
15067,502233,46.25,1,2
15068,502266,48.01,1,2
15069,502300,50.67,1,3
15070,502333,51.61,1,3
15071,502366,52.51,1,3
15072,502400,53.8,1,3
15073,502433,55.08,1,3
15074,502466,55.23,1,3
15075,502500,55.26,1,3
15076,502533,55.29,1,3
15077,502566,54.93,1,3
15078,502599,55.64,1,3
15079,502633,56.59,1,3
15080,502666,57.66,1,3
15081,502700,61.18,1,3
15082,502733,64.7,1,3
15083,502766,65.98,1,3
15084,502800,66.87,1,3
15085,502833,67.76,1,3
15086,502866,65,1,3
15087,502900,62.04,1,3
15088,502933,60.24,1,3
15089,502966,58.74,1,3
15090,503000,56.94,1,3
15091,503033,56.34,1,3
15092,503066,55.95,1,3
15093,503099,55.46,1,3
15094,503133,55.31,1,3
15095,503166,55.21,1,3
15096,503200,53.07,1,3
15097,503233,50.92,1,3
15098,503266,50.32,1,3
15099,503300,56.43,1,3
15100,503333,62.88,1,3
15101,503366,71.27,1,3
15102,503400,75.33,1,4
15103,503433,77.93,1,4
15104,503466,73.23,1,3
15105,503500,67.91,1,3
15106,503533,62.72,1,3
15107,503566,60.94,1,3
15108,503599,58.36,1,3
15109,503633,56.16,1,3
15110,503666,51.44,1,3
15111,503700,46.71,1,2
15112,503733,42.89,1,2
15113,503766,43.88,1,2
15114,503800,44.87,1,2
15115,503833,48.87,1,2
15116,503866,54.29,1,3
15117,503900,59.7,1,3
15118,503933,60.99,1,3
15119,503966,61.41,1,3
15120,504000,61.58,1,3
15121,504033,60.34,1,3
15122,504066,59.1,1,3
15123,504099,58.62,1,3
15124,504133,59.02,1,3
15125,504166,59.66,1,3
15126,504200,61.38,1,3
15127,504233,63.1,1,3
15128,504266,63.91,1,3
15129,504300,64.23,1,3
15130,504333,64.55,1,3
15131,504366,63.43,1,3
15132,504400,61.8,1,3
15133,504433,60.44,1,3
15134,504466,58.92,1,3
15135,504500,57.24,1,3
15136,504533,55.93,1,3
15137,504566,55.12,1,3
15138,504599,54.55,1,3
15139,504633,54.63,1,3
15140,504666,54.77,1,3
15141,504700,54.77,1,3
15142,504733,54.77,1,3
15143,504766,52.84,1,3
15144,504800,50.68,1,3
15145,504833,48.86,1,2
15146,504866,47.86,1,2
15147,504900,46.87,1,2
15148,504933,47.6,1,2
15149,504966,48.01,1,2
15150,505000,47.47,1,2
15151,505033,46.24,1,2
15152,505066,44.65,1,2
15153,505099,41.92,1,2
15154,505133,39.75,1,2
15155,505166,37.99,1,2
15156,505200,35.59,1,2
15157,505233,33.55,1,2
15158,505266,33.75,1,2
15159,505300,33.95,1,2
15160,505333,34.45,1,2
15161,505366,35.41,1,2
15162,505400,36.37,1,2
15163,505433,36.18,1,2
15164,505466,37.15,1,2
15165,505500,38.11,1,2
15166,505533,39.26,1,2
15167,505566,41.47,1,2
15168,505599,43.69,1,2
15169,505633,44.76,1,2
15170,505666,46.66,1,2
15171,505700,49.7,1,2
15172,505733,51.67,1,3
15173,505766,53.09,1,3
15174,505800,54.29,1,3
15175,505833,54.65,1,3
15176,505866,53.87,1,3
15177,505900,53.57,1,3
15178,505933,53.83,1,3
15179,505966,54.31,1,3
15180,506000,55.35,1,3
15181,506033,56.39,1,3
15182,506066,56.95,1,3
15183,506099,57.89,1,3
15184,506133,58.83,1,3
15185,506166,58.57,1,3
15186,506200,58.09,1,3
15187,506233,57.6,1,3
15188,506266,56.26,1,3
15189,506300,54.74,1,3
15190,506333,53.86,1,3
15191,506366,53.2,1,3
15192,506400,53.08,1,3
15193,506433,53.45,1,3
15194,506466,54,1,3
15195,506500,54.56,1,3
15196,506533,55.13,1,3
15197,506566,54.96,1,3
15198,506599,53.75,1,3
15199,506633,52.54,1,3
15200,506666,51.11,1,3
15201,506700,47.66,1,2
15202,506733,44.41,1,2
15203,506766,41.88,1,2
15204,506800,38.43,1,2
15205,506833,35.18,1,2
15206,506866,33.73,1,2
15207,506900,32.05,1,2
15208,506933,30.69,1,2
15209,506966,30.02,1,2
15210,507000,29.12,1,2
15211,507033,28.44,1,2
15212,507066,28.69,1,2
15213,507099,28.94,1,2
15214,507133,29.41,1,2
15215,507166,33.01,1,2
15216,507200,36.6,1,2
15217,507233,39.5,1,2
15218,507266,46.03,1,2
15219,507300,46.03,1,2
15220,507333,46.03,1,2
15221,507366,46.03,1,2
15222,507400,46.03,1,2
15223,507433,46.03,1,2
15224,507466,46.03,1,2
15225,507500,46.03,1,2
15226,507533,46.03,1,2
15227,507566,46.03,1,2
15228,507599,46.03,1,2
15229,507633,46.03,1,2
15230,507666,46.03,1,2
15231,507700,46.03,1,2
15232,507733,46.03,1,2
15233,507766,46.03,1,2
15234,507800,46.03,1,2
15235,507833,46.03,1,2
15236,507866,46.03,1,2
15237,507900,46.03,1,2
15238,507933,46.03,1,2
15239,507966,46.03,1,2
15240,508000,46.03,1,2
15241,508033,46.03,1,2
15242,508066,57.06,1,3
15243,508099,56.03,1,3
15244,508133,54.99,1,3
15245,508166,54.01,1,3
15246,508200,52.67,1,3
15247,508233,52.09,1,3
15248,508266,51.55,1,3
15249,508300,50.92,1,3
15250,508333,50.48,1,3
15251,508366,50.42,1,3
15252,508400,50.02,1,3
15253,508433,49.97,1,2
15254,508466,49.59,1,2
15255,508500,47.49,1,2
15256,508533,45.35,1,2
15257,508566,42.83,1,2
15258,508599,40.31,1,2
15259,508633,38.21,1,2
15260,508666,39.14,1,2
15261,508700,40.07,1,2
15262,508733,41.37,1,2
15263,508766,42.93,1,2
15264,508800,44.49,1,2
15265,508833,44.75,1,2
15266,508866,44.87,1,2
15267,508900,45,1,2
15268,508933,44.87,1,2
15269,508966,44.75,1,2
15270,509000,44.63,1,2
15271,509033,44.64,1,2
15272,509066,44.78,1,2
15273,509099,45.68,1,2
15274,509133,46.57,1,2
15275,509166,47.46,1,2
15276,509200,48.53,1,2
15277,509233,49.46,1,2
15278,509266,49.62,1,2
15279,509300,50.86,1,3
15280,509333,52.09,1,3
15281,509366,53.16,1,3
15282,509400,54.26,1,3
15283,509433,55.36,1,3
15284,509466,55.4,1,3
15285,509500,56.32,1,3
15286,509533,57.24,1,3
15287,509566,57.28,1,3
15288,509599,57.17,1,3
15289,509633,57.06,1,3
15290,509666,56.07,1,3
15291,509700,55.02,1,3
15292,509733,54.82,1,3
15293,509766,54.77,1,3
15294,509800,56.13,1,3
15295,509833,57.48,1,3
15296,509866,58.89,1,3
15297,509900,61.61,1,3
15298,509933,64.32,1,3
15299,509966,65.41,1,3
15300,510000,64.54,1,3
15301,510033,63.29,1,3
15302,510066,60.51,1,3
15303,510099,54.67,1,3
15304,510133,49.06,1,2
15305,510166,45.22,1,2
15306,510200,41.56,1,2
15307,510233,38.12,1,2
15308,510266,37.38,1,2
15309,510300,35.67,1,2
15310,510333,34.14,1,2
15311,510366,32.53,1,2
15312,510400,30.76,1,2
15313,510433,29.34,1,2
15314,510466,29.6,1,2
15315,510500,29.85,1,2
15316,510533,30.39,1,2
15317,510566,32.68,1,2
15318,510599,34.97,1,2
15319,510633,36.56,1,2
15320,510666,38.93,1,2
15321,510700,41.3,1,2
15322,510733,42.08,1,2
15323,510766,43.98,1,2
15324,510800,45.88,1,2
15325,510833,47.24,1,2
15326,510866,49.07,1,2
15327,510900,53.32,1,3
15328,510933,56.45,1,3
15329,510966,59.58,1,3
15330,511000,64.83,1,3
15331,511033,69.6,1,3
15332,511066,69.87,1,3
15333,511099,69.95,1,3
15334,511133,70.03,1,3
15335,511166,66.44,1,3
15336,511200,62.76,1,3
15337,511233,61.17,1,3
15338,511266,59.76,1,3
15339,511300,65.5,1,3
15340,511333,72.55,1,3
15341,511366,79.25,1,4
15342,511400,85.64,1,4
15343,511433,92.03,1,4
15344,511466,90.08,1,4
15345,511500,87.86,1,4
15346,511533,86.08,1,4
15347,511566,82.34,1,4
15348,511599,77.68,1,4
15349,511633,72.37,1,3
15350,511666,67.04,1,3
15351,511700,61.17,1,3
15352,511733,57.55,1,3
15353,511766,54.76,1,3
15354,511800,52.26,1,3
15355,511833,50.05,1,3
15356,511866,47.9,1,2
15357,511900,44.78,1,2
15358,511933,41.75,1,2
15359,511966,39.85,1,2
15360,512000,37.79,1,2
15361,512033,36.21,1,2
15362,512066,37.97,1,2
15363,512100,39.74,1,2
15364,512133,41.96,1,2
15365,512166,44.72,1,2
15366,512200,47.49,1,2
15367,512233,47.88,1,2
15368,512266,48.02,1,2
15369,512299,47.52,1,2
15370,512333,46.62,1,2
15371,512366,47.32,1,2
15372,512400,48.02,1,2
15373,512433,48.97,1,2
15374,512466,52.04,1,3
15375,512500,55.86,1,3
15376,512533,58.07,1,3
15377,512566,60.22,1,3
15378,512600,61.64,1,3
15379,512633,61.34,1,3
15380,512666,59.62,1,3
15381,512700,57.68,1,3
15382,512733,55.81,1,3
15383,512766,54.66,1,3
15384,512799,53.73,1,3
15385,512833,53.48,1,3
15386,512866,53.43,1,3
15387,512900,53.87,1,3
15388,512933,54.31,1,3
15389,512966,54.7,1,3
15390,513000,54.72,1,3
15391,513033,54.75,1,3
15392,513066,54.29,1,3
15393,513100,54,1,3
15394,513133,53.81,1,3
15395,513166,53.97,1,3
15396,513200,54.65,1,3
15397,513233,55.32,1,3
15398,513266,55.84,1,3
15399,513299,56.99,1,3
15400,513333,58.15,1,3
15401,513366,57.26,1,3
15402,513400,56.17,1,3
15403,513433,55.08,1,3
15404,513466,53.31,1,3
15405,513500,51.18,1,3
15406,513533,50.57,1,3
15407,513566,50.32,1,3
15408,513600,50.07,1,3
15409,513633,49.86,1,2
15410,513666,49.33,1,2
15411,513700,48.8,1,2
15412,513733,48.11,1,2
15413,513766,46.92,1,2
15414,513799,44.1,1,2
15415,513833,41.97,1,2
15416,513866,39.54,1,2
15417,513900,36.63,1,2
15418,513933,34.24,1,2
15419,513966,34.63,1,2
15420,514000,35.02,1,2
15421,514033,35.72,1,2
15422,514066,37.54,1,2
15423,514100,39.37,1,2
15424,514133,40.03,1,2
15425,514166,41.75,1,2
15426,514200,43.47,1,2
15427,514233,44.53,1,2
15428,514266,46.03,1,2
15429,514299,47.77,1,2
15430,514333,48.47,1,2
15431,514366,49.16,1,2
15432,514400,51.01,1,3
15433,514433,52.41,1,3
15434,514466,53.57,1,3
15435,514500,54.95,1,3
15436,514533,56.32,1,3
15437,514566,56.54,1,3
15438,514600,57.04,1,3
15439,514633,57.54,1,3
15440,514666,57.83,1,3
15441,514700,59.54,1,3
15442,514733,61.25,1,3
15443,514766,62.65,1,3
15444,514799,63.93,1,3
15445,514833,65.21,1,3
15446,514866,64.14,1,3
15447,514900,62.86,1,3
15448,514933,61.6,1,3
15449,514966,60.46,1,3
15450,515000,59.12,1,3
15451,515033,58.73,1,3
15452,515066,58.03,1,3
15453,515100,57.16,1,3
15454,515133,56.3,1,3
15455,515166,54.76,1,3
15456,515200,52.99,1,3
15457,515233,51.97,1,3
15458,515266,51.87,1,3
15459,515299,58.12,1,3
15460,515333,65.24,1,3
15461,515366,72.37,1,3
15462,515400,75.69,1,4
15463,515433,78.24,1,4
15464,515466,74.12,1,3
15465,515500,69.7,1,3
15466,515533,65.5,1,3
15467,515566,64.16,1,3
15468,515600,61.62,1,3
15469,515633,59.42,1,3
15470,515666,54.86,1,3
15471,515700,50.19,1,3
15472,515733,46.25,1,2
15473,515766,44.95,1,2
15474,515799,43.66,1,2
15475,515833,45.02,1,2
15476,515866,49.51,1,2
15477,515900,54,1,3
15478,515933,57.03,1,3
15479,515966,59.72,1,3
15480,516000,61.84,1,3
15481,516033,60.53,1,3
15482,516066,59.22,1,3
15483,516100,58.12,1,3
15484,516133,57.37,1,3
15485,516166,57.18,1,3
15486,516200,58.02,1,3
15487,516233,58.87,1,3
15488,516266,59.5,1,3
15489,516299,61.17,1,3
15490,516333,62.84,1,3
15491,516366,62.65,1,3
15492,516400,62.32,1,3
15493,516433,61.99,1,3
15494,516466,59.91,1,3
15495,516500,57.65,1,3
15496,516533,56.62,1,3
15497,516566,55.72,1,3
15498,516600,55.38,1,3
15499,516633,55.75,1,3
15500,516666,56.29,1,3
15501,516700,57.56,1,3
15502,516733,58.83,1,3
15503,516766,57.78,1,3
15504,516799,56.45,1,3
15505,516833,55.12,1,3
15506,516866,52.62,1,3
15507,516900,49.19,1,2
15508,516933,47.53,1,2
15509,516966,48.13,1,2
15510,517000,48.72,1,2
15511,517033,49.76,1,2
15512,517066,51.19,1,3
15513,517100,50.76,1,3
15514,517133,48.38,1,2
15515,517166,45.67,1,2
15516,517200,41.29,1,2
15517,517233,37.44,1,2
15518,517266,35.2,1,2
15519,517299,32.92,1,2
15520,517333,30.96,1,2
15521,517366,31.8,1,2
15522,517400,32.63,1,2
15523,517433,33.71,1,2
15524,517466,36.13,1,2
15525,517500,38.55,1,2
15526,517533,39.84,1,2
15527,517566,41.52,1,2
15528,517600,43.2,1,2
15529,517633,43.59,1,2
15530,517666,45.01,1,2
15531,517700,46.43,1,2
15532,517733,47.36,1,2
15533,517766,48.29,1,2
15534,517799,51.47,1,3
15535,517833,53.61,1,3
15536,517866,55.23,1,3
15537,517900,56.84,1,3
15538,517933,58.44,1,3
15539,517966,57.57,1,3
15540,518000,56.6,1,3
15541,518033,56.16,1,3
15542,518066,55.82,1,3
15543,518100,57.1,1,3
15544,518133,58.62,1,3
15545,518166,60.23,1,3
15546,518200,61.72,1,3
15547,518233,63.22,1,3
15548,518266,61.58,1,3
15549,518299,59.88,1,3
15550,518333,58.18,1,3
15551,518366,55.91,1,3
15552,518400,53.49,1,3
15553,518433,52.59,1,3
15554,518466,51.75,1,3
15555,518500,51.14,1,3
15556,518533,51.21,1,3
15557,518566,51.02,1,3
15558,518600,50.7,1,3
15559,518633,50.51,1,3
15560,518666,49.98,1,2
15561,518700,47.07,1,2
15562,518733,44.58,1,2
15563,518766,42.01,1,2
15564,518799,38.75,1,2
15565,518833,35.61,1,2
15566,518866,34.49,1,2
15567,518900,33.14,1,2
15568,518933,31.98,1,2
15569,518966,31.4,1,2
15570,519000,30.82,1,2
15571,519033,30.58,1,2
15572,519066,31.62,1,2
15573,519100,32.66,1,2
15574,519133,33.7,1,2
15575,519166,36.45,1,2
15576,519200,39.21,1,2
15577,519233,40.92,1,2
15578,519266,46.31,1,2
15579,519299,46.31,1,2
15580,519333,46.31,1,2
15581,519366,46.31,1,2
15582,519400,46.31,1,2
15583,519433,46.31,1,2
15584,519466,46.31,1,2
15585,519500,46.31,1,2
15586,519533,46.31,1,2
15587,519566,46.31,1,2
15588,519600,46.31,1,2
15589,519633,46.31,1,2
15590,519666,46.31,1,2
15591,519700,46.31,1,2
15592,519733,46.31,1,2
15593,519766,46.31,1,2
15594,519799,46.31,1,2
15595,519833,46.31,1,2
15596,519866,46.31,1,2
15597,519900,46.31,1,2
15598,519933,46.31,1,2
15599,519966,57.48,1,3
15600,520000,57.01,1,3
15601,520033,56.98,1,3
15602,520066,57.28,1,3
15603,520100,57.17,1,3
15604,520133,57.06,1,3
15605,520166,55.68,1,3
15606,520200,54.01,1,3
15607,520233,52.56,1,3
15608,520266,51.52,1,3
15609,520299,50.75,1,3
15610,520333,50.97,1,3
15611,520366,52.62,1,3
15612,520400,54.27,1,3
15613,520433,55.91,1,3
15614,520466,56.8,1,3
15615,520500,55.68,1,3
15616,520533,53.43,1,3
15617,520566,50.79,1,3
15618,520600,46.21,1,2
15619,520633,42.12,1,2
15620,520666,40.46,1,2
15621,520700,38.79,1,2
15622,520733,37.52,1,2
15623,520766,40.88,1,2
15624,520799,44.25,1,2
15625,520833,46.94,1,2
15626,520866,49.13,1,2
15627,520900,50.99,1,3
15628,520933,50.02,1,3
15629,520966,48.79,1,2
15630,521000,47.34,1,2
15631,521033,46.39,1,2
15632,521066,45.99,1,2
15633,521100,45.72,1,2
15634,521133,45.54,1,2
15635,521166,45.58,1,2
15636,521200,47.24,1,2
15637,521233,48.68,1,2
15638,521266,50.12,1,3
15639,521299,51.73,1,3
15640,521333,53.34,1,3
15641,521366,53.33,1,3
15642,521400,53.61,1,3
15643,521433,53.9,1,3
15644,521466,54.2,1,3
15645,521500,56.41,1,3
15646,521533,58.61,1,3
15647,521566,60.52,1,3
15648,521600,62.5,1,3
15649,521633,64.49,1,3
15650,521666,63.33,1,3
15651,521700,61.95,1,3
15652,521733,60.58,1,3
15653,521766,59.13,1,3
15654,521799,58,1,3
15655,521833,58.1,1,3
15656,521866,58.42,1,3
15657,521900,59.46,1,3
15658,521933,60.5,1,3
15659,521966,61.22,1,3
15660,522000,61.72,1,3
15661,522033,62.22,1,3
15662,522066,61.39,1,3
15663,522100,56.58,1,3
15664,522133,51.77,1,3
15665,522166,47,1,2
15666,522200,41.18,1,2
15667,522233,35.97,1,2
15668,522266,34.44,1,2
15669,522299,32.53,1,2
15670,522333,30.8,1,2
15671,522366,29.96,1,2
15672,522400,29.06,1,2
15673,522433,28.47,1,2
15674,522466,29.09,1,2
15675,522500,29.71,1,2
15676,522533,30.48,1,2
15677,522566,31.93,1,2
15678,522600,33.37,1,2
15679,522633,33.97,1,2
15680,522666,36.74,1,2
15681,522700,39.52,1,2
15682,522733,41.68,1,2
15683,522766,44.88,1,2
15684,522799,48.19,1,2
15685,522833,49.33,1,2
15686,522866,50.47,1,3
15687,522900,52.14,1,3
15688,522933,52.78,1,3
15689,522966,53.31,1,3
15690,523000,56.54,1,3
15691,523033,59.76,1,3
15692,523066,62.46,1,3
15693,523100,66.3,1,3
15694,523133,70.14,1,3
15695,523166,68.14,1,3
15696,523200,66,1,3
15697,523233,63.86,1,3
15698,523266,60.59,1,3
15699,523299,65.2,1,3
15700,523333,72.94,1,3
15701,523366,80.1,1,4
15702,523400,86.86,1,4
15703,523433,93.62,1,4
15704,523466,92.41,1,4
15705,523500,90.78,1,4
15706,523533,89.88,1,4
15707,523566,87.1,1,4
15708,523600,82.55,1,4
15709,523633,77.32,1,4
15710,523666,70.55,1,3
15711,523700,63.34,1,3
15712,523733,58.4,1,3
15713,523766,54.59,1,3
15714,523799,50.85,1,3
15715,523833,49.07,1,2
15716,523866,47.17,1,2
15717,523900,43.93,1,2
15718,523933,41.34,1,2
15719,523966,39.2,1,2
15720,524000,37.06,1,2
15721,524033,35.47,1,2
15722,524066,35.87,1,2
15723,524100,36.28,1,2
15724,524133,36.93,1,2
15725,524166,40.47,1,2
15726,524200,44.02,1,2
15727,524233,46.91,1,2
15728,524266,49.57,1,2
15729,524300,51.36,1,3
15730,524333,50.25,1,3
15731,524366,49.6,1,2
15732,524400,48.95,1,2
15733,524433,48.53,1,2
15734,524466,50.4,1,3
15735,524500,52.28,1,3
15736,524533,53.44,1,3
15737,524566,54.61,1,3
15738,524600,56.91,1,3
15739,524633,57.79,1,3
15740,524666,57.93,1,3
15741,524700,58.02,1,3
15742,524733,58.11,1,3
15743,524766,57.01,1,3
15744,524800,55.77,1,3
15745,524833,55.27,1,3
15746,524866,55.07,1,3
15747,524900,55.31,1,3
15748,524933,55.6,1,3
15749,524966,55.3,1,3
15750,525000,55,1,3
15751,525033,54.69,1,3
15752,525066,53.44,1,3
15753,525100,51.9,1,3
15754,525133,51.1,1,3
15755,525166,50.29,1,3
15756,525200,50.09,1,3
15757,525233,50.39,1,3
15758,525266,50.99,1,3
15759,525300,53.58,1,3
15760,525333,56.16,1,3
15761,525366,55.82,1,3
15762,525400,55.4,1,3
15763,525433,54.99,1,3
15764,525466,52.32,1,3
15765,525500,47.55,1,2
15766,525533,45.12,1,2
15767,525566,42.57,1,2
15768,525600,39.43,1,2
15769,525633,36.56,1,2
15770,525666,36.98,1,2
15771,525700,37.4,1,2
15772,525733,38.02,1,2
15773,525766,38.71,1,2
15774,525800,38.42,1,2
15775,525833,36.93,1,2
15776,525866,35.15,1,2
15777,525900,33.37,1,2
15778,525933,32.09,1,2
15779,525966,32.1,1,2
15780,526000,32.11,1,2
15781,526033,32.41,1,2
15782,526066,34.49,1,2
15783,526100,36.57,1,2
15784,526133,38.35,1,2
15785,526166,41.28,1,2
15786,526200,44.21,1,2
15787,526233,45.06,1,2
15788,526266,45.92,1,2
15789,526300,47.38,1,2
15790,526333,47.68,1,2
15791,526366,47.99,1,2
15792,526400,50.19,1,3
15793,526433,52.38,1,3
15794,526466,53.98,1,3
15795,526500,56.08,1,3
15796,526533,58.19,1,3
15797,526566,57.7,1,3
15798,526600,57.14,1,3
15799,526633,56.58,1,3
15800,526666,55.51,1,3
15801,526700,54.51,1,3
15802,526733,54.5,1,3
15803,526766,54.56,1,3
15804,526800,55.93,1,3
15805,526833,57.3,1,3
15806,526866,58.05,1,3
15807,526900,58.51,1,3
15808,526933,58.98,1,3
15809,526966,56.74,1,3
15810,527000,54.26,1,3
15811,527033,52.35,1,3
15812,527066,50.3,1,3
15813,527100,48.21,1,2
15814,527133,47.51,1,2
15815,527166,46.85,1,2
15816,527200,44.96,1,2
15817,527233,43.49,1,2
15818,527266,45.02,1,2
15819,527300,53.16,1,3
15820,527333,61.55,1,3
15821,527366,71.12,1,3
15822,527400,75.95,1,4
15823,527433,77.84,1,4
15824,527466,73.01,1,3
15825,527500,68.14,1,3
15826,527533,63.31,1,3
15827,527566,63.28,1,3
15828,527600,63.25,1,3
15829,527633,63.32,1,3
15830,527666,60.9,1,3
15831,527700,57.03,1,3
15832,527733,53.1,1,3
15833,527766,49.47,1,2
15834,527800,45.84,1,2
15835,527833,44.69,1,2
15836,527866,46.62,1,2
15837,527900,49.42,1,2
15838,527933,51.91,1,3
15839,527966,54.41,1,3
15840,528000,57.19,1,3
15841,528033,58.35,1,3
15842,528066,58.21,1,3
15843,528100,57.87,1,3
15844,528133,57.52,1,3
15845,528166,56.81,1,3
15846,528200,55.91,1,3
15847,528233,55.45,1,3
15848,528266,55.19,1,3
15849,528300,55.24,1,3
15850,528333,55.37,1,3
15851,528366,55.54,1,3
15852,528400,55.56,1,3
15853,528433,55.58,1,3
15854,528466,55.29,1,3
15855,528500,54.81,1,3
15856,528533,54.47,1,3
15857,528566,54.29,1,3
15858,528600,55.22,1,3
15859,528633,56.15,1,3
15860,528666,57.27,1,3
15861,528700,58.13,1,3
15862,528733,58.99,1,3
15863,528766,56.85,1,3
15864,528800,54.51,1,3
15865,528833,52.18,1,3
15866,528866,49.85,1,2
15867,528900,47.52,1,2
15868,528933,47.08,1,2
15869,528966,46.08,1,2
15870,529000,44.84,1,2
15871,529033,43.86,1,2
15872,529066,43.93,1,2
15873,529100,44,1,2
15874,529133,44.82,1,2
15875,529166,45.47,1,2
15876,529200,43.65,1,2
15877,529233,40.78,1,2
15878,529266,37.8,1,2
15879,529300,34.81,1,2
15880,529333,32.23,1,2
15881,529366,32.34,1,2
15882,529400,32.45,1,2
15883,529433,32.67,1,2
15884,529466,34.74,1,2
15885,529500,36.81,1,2
15886,529533,38.66,1,2
15887,529566,41.26,1,2
15888,529600,43.86,1,2
15889,529633,44.46,1,2
15890,529666,45.07,1,2
15891,529700,47.39,1,2
15892,529733,48.96,1,2
15893,529766,50.53,1,3
15894,529800,53.08,1,3
15895,529833,55.62,1,3
15896,529866,56.11,1,3
15897,529900,56.47,1,3
15898,529933,56.82,1,3
15899,529966,56.35,1,3
15900,530000,55.86,1,3
15901,530033,55.71,1,3
15902,530066,55.7,1,3
15903,530100,56.94,1,3
15904,530133,58.19,1,3
15905,530166,59.45,1,3
15906,530200,62.29,1,3
15907,530233,65.12,1,3
15908,530266,63.76,1,3
15909,530300,62.26,1,3
15910,530333,60.76,1,3
15911,530366,56.72,1,3
15912,530400,52.49,1,3
15913,530433,51.2,1,3
15914,530466,49.56,1,2
15915,530500,47.6,1,2
15916,530533,46.93,1,2
15917,530566,46.14,1,2
15918,530600,45.35,1,2
15919,530633,45.04,1,2
15920,530666,44.76,1,2
15921,530700,42.06,1,2
15922,530733,39.66,1,2
15923,530766,37.1,1,2
15924,530800,33.99,1,2
15925,530833,31.18,1,2
15926,530866,30.61,1,2
15927,530900,30.03,1,2
15928,530933,29.63,1,2
15929,530966,30.53,1,2
15930,531000,31.44,1,2
15931,531033,32.21,1,2
15932,531066,33.04,1,2
15933,531100,33.87,1,2
15934,531133,33.93,1,2
15935,531166,36.55,1,2
15936,531200,39.18,1,2
15937,531233,41.75,1,2
15938,531266,47.38,1,2
15939,531300,47.38,1,2
15940,531333,47.38,1,2
15941,531366,47.38,1,2
15942,531400,47.38,1,2
15943,531433,47.38,1,2
15944,531466,47.38,1,2
15945,531500,47.38,1,2
15946,531533,47.38,1,2
15947,531566,47.38,1,2
15948,531600,47.38,1,2
15949,531633,47.38,1,2
15950,531666,47.38,1,2
15951,531700,47.38,1,2
15952,531733,47.38,1,2
15953,531766,47.38,1,2
15954,531800,47.38,1,2
15955,531833,47.38,1,2
15956,531866,47.38,1,2
15957,531900,47.38,1,2
15958,531933,57.48,1,3
15959,531966,55.71,1,3
15960,532000,53.71,1,3
15961,532033,53.1,1,3
15962,532066,52.76,1,3
15963,532100,52.15,1,3
15964,532133,51.65,1,3
15965,532166,50.74,1,3
15966,532200,49.46,1,2
15967,532233,48.55,1,2
15968,532266,47.63,1,2
15969,532300,46.71,1,2
15970,532333,46.45,1,2
15971,532366,46.16,1,2
15972,532400,44.3,1,2
15973,532433,42.72,1,2
15974,532466,40.77,1,2
15975,532500,38.69,1,2
15976,532533,36.99,1,2
15977,532566,36.12,1,2
15978,532600,34.88,1,2
15979,532633,34,1,2
15980,532666,36.01,1,2
15981,532700,38.03,1,2
15982,532733,40.42,1,2
15983,532766,45.94,1,2
15984,532800,51.46,1,3
15985,532833,54.21,1,3
15986,532866,56.44,1,3
15987,532900,58.18,1,3
15988,532933,56.99,1,3
15989,532966,55.68,1,3
15990,533000,53.88,1,3
15991,533033,52.26,1,3
15992,533066,51.13,1,3
15993,533100,50.47,1,3
15994,533133,49.94,1,2
15995,533166,49.9,1,2
15996,533200,50.58,1,3
15997,533233,51.27,1,3
15998,533266,51.65,1,3
15999,533300,52.16,1,3
16000,533333,52.67,1,3
16001,533366,52.81,1,3
16002,533400,53.19,1,3
16003,533433,53.57,1,3
16004,533466,53.82,1,3
16005,533500,53.95,1,3
16006,533533,54.08,1,3
16007,533566,53.97,1,3
16008,533600,53.87,1,3
16009,533633,53.78,1,3
16010,533666,53.41,1,3
16011,533700,52.84,1,3
16012,533733,52.27,1,3
16013,533766,51.68,1,3
16014,533800,52.09,1,3
16015,533833,52.93,1,3
16016,533866,53.98,1,3
16017,533900,55.56,1,3
16018,533933,57.79,1,3
16019,533966,58.38,1,3
16020,534000,56.12,1,3
16021,534033,53.87,1,3
16022,534066,50.78,1,3
16023,534100,44.82,1,2
16024,534133,39.49,1,2
16025,534166,37.83,1,2
16026,534200,36.17,1,2
16027,534233,34.8,1,2
16028,534266,35.94,1,2
16029,534300,37.07,1,2
16030,534333,37.33,1,2
16031,534366,37.3,1,2
16032,534400,37.28,1,2
16033,534433,36.99,1,2
16034,534466,36.45,1,2
16035,534500,35.8,1,2
16036,534533,35.44,1,2
16037,534566,36.52,1,2
16038,534600,37.6,1,2
16039,534633,38.95,1,2
16040,534666,40.64,1,2
16041,534700,43.16,1,2
16042,534733,44.23,1,2
16043,534766,45.3,1,2
16044,534800,46.6,1,2
16045,534833,47.65,1,2
16046,534866,47.88,1,2
16047,534900,49.39,1,2
16048,534933,50.91,1,3
16049,534966,52.19,1,3
16050,535000,54.96,1,3
16051,535033,57.74,1,3
16052,535066,59.24,1,3
16053,535100,61.18,1,3
16054,535133,63.12,1,3
16055,535166,62.23,1,3
16056,535200,61.14,1,3
16057,535233,60.05,1,3
16058,535266,58.51,1,3
16059,535300,64.78,1,3
16060,535333,72.38,1,3
16061,535366,79.64,1,4
16062,535400,86.68,1,4
16063,535433,93.72,1,4
16064,535466,91.95,1,4
16065,535500,90.13,1,4
16066,535533,88.57,1,4
16067,535566,86.07,1,4
16068,535600,82.22,1,4
16069,535633,77.4,1,4
16070,535666,72.03,1,3
16071,535700,64.54,1,3
16072,535733,58.21,1,3
16073,535766,52.62,1,3
16074,535800,47.78,1,2
16075,535833,43.55,1,2
16076,535866,41.23,1,2
16077,535900,37.59,1,2
16078,535933,34.55,1,2
16079,535966,33.04,1,2
16080,536000,31.52,1,2
16081,536033,30.5,1,2
16082,536066,31.85,1,2
16083,536100,33.2,1,2
16084,536133,34.26,1,2
16085,536166,36.56,1,2
16086,536200,38.86,1,2
16087,536233,40.1,1,2
16088,536266,42.2,1,2
16089,536300,44.53,1,2
16090,536333,45.61,1,2
16091,536366,46.7,1,2
16092,536400,51.78,1,3
16093,536433,56.01,1,3
16094,536466,60.01,1,3
16095,536500,64.41,1,3
16096,536533,68.8,1,3
16097,536566,68.59,1,3
16098,536600,68.04,1,3
16099,536633,67.49,1,3
16100,536666,65.1,1,3
16101,536700,62.53,1,3
16102,536733,60.59,1,3
16103,536766,58.98,1,3
16104,536800,58.45,1,3
16105,536833,59.36,1,3
16106,536866,60.41,1,3
16107,536900,60.91,1,3
16108,536933,61.4,1,3
16109,536966,59.61,1,3
16110,537000,57.65,1,3
16111,537033,55.72,1,3
16112,537066,52.81,1,3
16113,537100,49.84,1,2
16114,537133,48.08,1,2
16115,537166,46.21,1,2
16116,537200,44.28,1,2
16117,537233,43.93,1,2
16118,537266,43.42,1,2
16119,537300,41.56,1,2
16120,537333,39.98,1,2
16121,537366,38.22,1,2
16122,537400,35.93,1,2
16123,537433,33.88,1,2
16124,537466,33.38,1,2
16125,537500,32.88,1,2
16126,537533,32.61,1,2
16127,537566,34.9,1,2
16128,537600,37.19,1,2
16129,537633,39.26,1,2
16130,537666,40.88,1,2
16131,537700,42.02,1,2
16132,537733,41.09,1,2
16133,537766,40.14,1,2
16134,537800,39.19,1,2
16135,537833,38.7,1,2
16136,537866,41.5,1,2
16137,537900,44.29,1,2
16138,537933,47.11,1,2
16139,537966,51.04,1,3
16140,538000,56.52,1,3
16141,538033,59.19,1,3
16142,538066,60.35,1,3
16143,538100,61.25,1,3
16144,538133,61.04,1,3
16145,538166,58.39,1,3
16146,538200,55.62,1,3
16147,538233,54.36,1,3
16148,538266,53.35,1,3
16149,538300,52.56,1,3
16150,538333,52.64,1,3
16151,538366,52.7,1,3
16152,538400,52.67,1,3
16153,538433,52.65,1,3
16154,538466,52.11,1,3
16155,538500,51.35,1,3
16156,538533,50.77,1,3
16157,538566,50.26,1,3
16158,538600,49.73,1,2
16159,538633,49.51,1,2
16160,538666,49.5,1,2
16161,538700,51.03,1,3
16162,538733,52.55,1,3
16163,538766,53.06,1,3
16164,538800,53.36,1,3
16165,538833,53.66,1,3
16166,538866,51.77,1,3
16167,538900,49.72,1,2
16168,538933,48.87,1,2
16169,538966,48.06,1,2
16170,539000,45.75,1,2
16171,539033,44.1,1,2
16172,539066,44.58,1,2
16173,539100,44.9,1,2
16174,539133,45.39,1,2
16175,539166,46.69,1,2
16176,539200,46.95,1,2
16177,539233,45.24,1,2
16178,539266,47.39,1,2
16179,539300,53.69,1,3
16180,539333,61.07,1,3
16181,539366,69.09,1,3
16182,539400,74.64,1,3
16183,539433,76.31,1,4
16184,539466,75.04,1,4
16185,539500,73.37,1,3
16186,539533,72.1,1,3
16187,539566,72.84,1,3
16188,539600,72.99,1,3
16189,539633,70.02,1,3
16190,539666,66.39,1,3
16191,539700,62.64,1,3
16192,539733,58.69,1,3
16193,539766,55.32,1,3
16194,539800,54.54,1,3
16195,539833,54.41,1,3
16196,539866,53.91,1,3
16197,539900,53.84,1,3
16198,539933,53.78,1,3
16199,539966,53.06,1,3
16200,540000,53.24,1,3
16201,540033,53.93,1,3
16202,540066,54.82,1,3
16203,540100,56.36,1,3
16204,540133,57.9,1,3
16205,540166,58.56,1,3
16206,540200,61.18,1,3
16207,540233,63.81,1,3
16208,540266,64.79,1,3
16209,540300,65.16,1,3
16210,540333,65.54,1,3
16211,540366,63.04,1,3
16212,540400,60.27,1,3
16213,540433,58.51,1,3
16214,540466,57.34,1,3
16215,540500,56.78,1,3
16216,540533,57.47,1,3
16217,540566,58.09,1,3
16218,540600,57.79,1,3
16219,540633,57.49,1,3
16220,540666,56.12,1,3
16221,540700,52.16,1,3
16222,540733,48.53,1,2
16223,540766,45.38,1,2
16224,540800,40.81,1,2
16225,540833,36.71,1,2
16226,540866,34.6,1,2
16227,540900,31.94,1,2
16228,540933,29.71,1,2
16229,540966,29.25,1,2
16230,541000,28.79,1,2
16231,541033,28.6,1,2
16232,541066,29.25,1,2
16233,541100,29.91,1,2
16234,541133,30.21,1,2
16235,541166,31.21,1,2
16236,541200,32.22,1,2
16237,541233,32.93,1,2
16238,541266,36.34,1,2
16239,541300,39.75,1,2
16240,541333,41.94,1,2
16241,541366,44.12,1,2
16242,541400,47.44,1,2
16243,541433,48.05,1,2
16244,541466,48.67,1,2
16245,541500,50.39,1,3
16246,541533,52.11,1,3
16247,541566,52.7,1,3
16248,541600,55.19,1,3
16249,541633,57.68,1,3
16250,541666,59.58,1,3
16251,541700,64.21,1,3
16252,541733,68.84,1,3
16253,541766,68.96,1,3
16254,541800,68.98,1,3
16255,541833,69.01,1,3
16256,541866,65.06,1,3
16257,541900,60.89,1,3
16258,541933,59.35,1,3
16259,541966,57.9,1,3
16260,542000,56.09,1,3
16261,542033,55.52,1,3
16262,542066,55.16,1,3
16263,542100,55.48,1,3
16264,542133,55.79,1,3
16265,542166,54.48,1,3
16266,542200,52.37,1,3
16267,542233,50.27,1,3
16268,542266,47.04,1,2
16269,542300,43.09,1,2
16270,542333,41.14,1,2
16271,542366,39.72,1,2
16272,542400,37.05,1,2
16273,542433,34.83,1,2
16274,542466,32.96,1,2
16275,542500,30.99,1,2
16276,542533,29.27,1,2
16277,542566,28.58,1,2
16278,542600,27.43,1,2
16279,542633,26.65,1,2
16280,542666,27.83,1,2
16281,542700,29.02,1,2
16282,542733,30.44,1,2
16283,542766,34.33,1,2
16284,542800,38.23,1,2
16285,542833,40.25,1,2
16286,542866,42.67,1,2
16287,542900,45.1,1,2
16288,542933,45.51,1,2
16289,542966,46.43,1,2
16290,543000,47.34,1,2
16291,543033,47.45,1,2
16292,543066,47.56,1,2
16293,543100,49.25,1,2
16294,543133,50.44,1,3
16295,543166,51.63,1,3
16296,543200,53.82,1,3
16297,543233,56,1,3
16298,543266,56.6,1,3
16299,543300,64.21,1,3
16300,543333,71.81,1,3
16301,543366,77.91,1,4
16302,543400,83.78,1,4
16303,543433,89.65,1,4
16304,543466,88.09,1,4
16305,543500,86.18,1,4
16306,543533,85.17,1,4
16307,543566,83.77,1,4
16308,543600,79.64,1,4
16309,543633,75.95,1,4
16310,543666,70.76,1,3
16311,543700,64.72,1,3
16312,543733,59.31,1,3
16313,543766,56.63,1,3
16314,543800,55.23,1,3
16315,543833,55.67,1,3
16316,543866,55.81,1,3
16317,543900,55.72,1,3
16318,543933,55.63,1,3
16319,543966,54,1,3
16320,544000,51.16,1,3
16321,544033,49.48,1,2
16322,544066,47.64,1,2
16323,544100,44.01,1,2
16324,544133,40.63,1,2
16325,544166,40.15,1,2
16326,544200,39.66,1,2
16327,544233,39.55,1,2
16328,544266,40.94,1,2
16329,544300,42.05,1,2
16330,544333,41.48,1,2
16331,544366,40.89,1,2
16332,544400,40.3,1,2
16333,544433,40,1,2
16334,544466,39.63,1,2
16335,544500,39.27,1,2
16336,544533,38.92,1,2
16337,544566,40.71,1,2
16338,544600,42.49,1,2
16339,544633,44.56,1,2
16340,544666,46.63,1,2
16341,544700,48.8,1,2
16342,544733,48.84,1,2
16343,544766,48.88,1,2
16344,544800,48.98,1,2
16345,544833,49.08,1,2
16346,544866,49.07,1,2
16347,544900,49.91,1,2
16348,544933,50.74,1,3
16349,544966,51.59,1,3
16350,545000,52.33,1,3
16351,545033,53.07,1,3
16352,545066,52.86,1,3
16353,545100,52.58,1,3
16354,545133,52.3,1,3
16355,545166,52.12,1,3
16356,545200,52,1,3
16357,545233,51.97,1,3
16358,545266,52.02,1,3
16359,545300,55.36,1,3
16360,545333,58.7,1,3
16361,545366,59.54,1,3
16362,545400,60.17,1,3
16363,545433,60.81,1,3
16364,545466,57.3,1,3
16365,545500,53.76,1,3
16366,545533,52.7,1,3
16367,545566,51.56,1,3
16368,545600,48.64,1,2
16369,545633,46.56,1,2
16370,545666,44.63,1,2
16371,545700,42.67,1,2
16372,545733,41,1,2
16373,545766,40.85,1,2
16374,545800,38.91,1,2
16375,545833,36.85,1,2
16376,545866,34.48,1,2
16377,545900,31.78,1,2
16378,545933,29.35,1,2
16379,545966,29.31,1,2
16380,546000,29.28,1,2
16381,546033,29.56,1,2
16382,546066,31.21,1,2
16383,546100,32.86,1,2
16384,546133,33.91,1,2
16385,546166,35.44,1,2
16386,546200,36.97,1,2
16387,546233,37.45,1,2
16388,546266,38.97,1,2
16389,546300,40.5,1,2
16390,546333,41.42,1,2
16391,546366,42.33,1,2
16392,546400,45.17,1,2
16393,546433,46.96,1,2
16394,546466,48.76,1,2
16395,546500,51.17,1,3
16396,546533,53.58,1,3
16397,546566,54.07,1,3
16398,546600,54.38,1,3
16399,546633,54.69,1,3
16400,546666,54.51,1,3
16401,546700,54.55,1,3
16402,546733,54.59,1,3
16403,546766,54.81,1,3
16404,546800,51.68,1,3
16405,546833,48.56,1,2
16406,546866,45.21,1,2
16407,546900,41.61,1,2
16408,546933,37.95,1,2
16409,546966,37.63,1,2
16410,547000,37.79,1,2
16411,547033,37.96,1,2
16412,547066,38.38,1,2
16413,547100,40.14,1,2
16414,547133,41.89,1,2
16415,547166,43.16,1,2
16416,547200,44.75,1,2
16417,547233,46.35,1,2
16418,547266,46.8,1,2
16419,547300,55.17,1,3
16420,547333,63.54,1,3
16421,547366,71.57,1,3
16422,547400,79.56,1,4
16423,547433,87.27,1,4
16424,547466,87.06,1,4
16425,547500,86.42,1,4
16426,547533,85.31,1,4
16427,547566,84.25,1,4
16428,547600,79.58,1,4
16429,547633,74.16,1,3
16430,547666,69.17,1,3
16431,547700,64.63,1,3
16432,547733,59.7,1,3
16433,547766,58.54,1,3
16434,547800,58.13,1,3
16435,547833,60.26,1,3
16436,547866,62.43,1,3
16437,547900,64.98,1,3
16438,547933,67.33,1,3
16439,547966,69.67,1,3
16440,548000,67.49,1,3
16441,548033,65.17,1,3
16442,548066,62.68,1,3
16443,548100,60.18,1,3
16444,548133,54.78,1,3
16445,548166,51.36,1,3
16446,548200,47.99,1,2
16447,548233,44.79,1,2
16448,548266,41.8,1,2
16449,548300,41.25,1,2
16450,548333,39.45,1,2
16451,548366,37.73,1,2
16452,548400,35.72,1,2
16453,548433,33.41,1,2
16454,548466,31.55,1,2
16455,548500,31.1,1,2
16456,548533,30.65,1,2
16457,548566,30.49,1,2
16458,548600,32.89,1,2
16459,548633,35.29,1,2
16460,548666,37.54,1,2
16461,548700,40.27,1,2
16462,548733,43,1,2
16463,548766,43.48,1,2
16464,548800,44.22,1,2
16465,548833,44.96,1,2
16466,548866,45.21,1,2
16467,548900,45.46,1,2
16468,548933,48.89,1,2
16469,548966,52.06,1,3
16470,549000,54.41,1,3
16471,549033,56.41,1,3
16472,549066,58.42,1,3
16473,549100,56.93,1,3
16474,549133,55.24,1,3
16475,549166,54.37,1,3
16476,549200,53.85,1,3
16477,549233,54.46,1,3
16478,549266,55.38,1,3
16479,549300,56.51,1,3
16480,549333,60.39,1,3
16481,549366,64.28,1,3
16482,549400,64.67,1,3
16483,549433,64.86,1,3
16484,549466,65.05,1,3
16485,549500,61.95,1,3
16486,549533,58.46,1,3
16487,549566,57.33,1,3
16488,549600,55.3,1,3
16489,549633,52.94,1,3
16490,549666,51.12,1,3
16491,549700,49.42,1,2
16492,549733,47.72,1,2
16493,549766,47.14,1,2
16494,549800,46.57,1,2
16495,549833,44.27,1,2
16496,549866,42.22,1,2
16497,549900,39.99,1,2
16498,549933,37.04,1,2
16499,549966,34.4,1,2
16500,550000,33.75,1,2
16501,550033,33.11,1,2
16502,550066,32.65,1,2
16503,550100,32.86,1,2
16504,550133,33.06,1,2
16505,550166,33.01,1,2
16506,550200,33.19,1,2
16507,550233,33.36,1,2
16508,550266,33.6,1,2
16509,550300,34.73,1,2
16510,550333,35.87,1,2
16511,550366,36.77,1,2
16512,550400,41.29,1,2
16513,550433,45.91,1,2
16514,550466,49.62,1,2
16515,550500,53.14,1,3
16516,550533,56.37,1,3
16517,550566,55.84,1,3
16518,550600,55.21,1,3
16519,550633,54.9,1,3
16520,550666,54.79,1,3
16521,550700,54.96,1,3
16522,550733,55.42,1,3
16523,550766,55.89,1,3
16524,550800,56.04,1,3
16525,550833,56.24,1,3
16526,550866,56.45,1,3
16527,550900,56.32,1,3
16528,550933,56.1,1,3
16529,550966,55.88,1,3
16530,551000,55.54,1,3
16531,551033,55.01,1,3
16532,551066,54.66,1,3
16533,551100,54.41,1,3
16534,551133,54.48,1,3
16535,551166,54.61,1,3
16536,551200,54.36,1,3
16537,551233,53.85,1,3
16538,551266,53.61,1,3
16539,551300,58.54,1,3
16540,551333,63.48,1,3
16541,551366,68.98,1,3
16542,551400,74.36,1,3
16543,551433,79.03,1,4
16544,551466,78.19,1,4
16545,551500,77,1,4
16546,551533,74.96,1,3
16547,551566,73.31,1,3
16548,551600,71.76,1,3
16549,551633,66.34,1,3
16550,551666,61.28,1,3
16551,551700,56.14,1,3
16552,551733,50.25,1,3
16553,551766,44.69,1,2
16554,551800,43.19,1,2
16555,551833,41.68,1,2
16556,551866,41.11,1,2
16557,551900,42.15,1,2
16558,551933,43.19,1,2
16559,551966,44.04,1,2
16560,552000,45.11,1,2
16561,552033,46.18,1,2
16562,552066,46.39,1,2
16563,552100,47.53,1,2
16564,552133,48.67,1,2
16565,552166,49.31,1,2
16566,552200,49.94,1,2
16567,552233,51.23,1,3
16568,552266,51.59,1,3
16569,552300,51.95,1,3
16570,552333,53.34,1,3
16571,552366,54.72,1,3
16572,552400,55.31,1,3
16573,552433,55.68,1,3
16574,552466,56.04,1,3
16575,552500,55.69,1,3
16576,552533,56.76,1,3
16577,552566,57.97,1,3
16578,552600,59.39,1,3
16579,552633,60.59,1,3
16580,552666,61.79,1,3
16581,552700,60.76,1,3
16582,552733,59.36,1,3
16583,552766,57.96,1,3
16584,552800,56.11,1,3
16585,552833,54.08,1,3
16586,552866,52.87,1,3
16587,552900,52.02,1,3
16588,552933,53.55,1,3
16589,552966,55.77,1,3
16590,553000,57.27,1,3
16591,553033,58.48,1,3
16592,553066,59.69,1,3
16593,553100,58.17,1,3
16594,553133,53.89,1,3
16595,553166,50.49,1,3
16596,553200,47.17,1,2
16597,553233,42.82,1,2
16598,553266,38.83,1,2
16599,553300,37.25,1,2
16600,553333,34.8,1,2
16601,553366,32.55,1,2
16602,553400,31.44,1,2
16603,553433,30.33,1,2
16604,553466,29.56,1,2
16605,553500,30.36,1,2
16606,553533,31.15,1,2
16607,553566,31.84,1,2
16608,553600,34.58,1,2
16609,553633,37.32,1,2
16610,553666,39.37,1,2
16611,553700,42.98,1,2
16612,553733,46.58,1,2
16613,553766,48.14,1,2
16614,553800,50.08,1,3
16615,553833,52.02,1,3
16616,553866,52.26,1,3
16617,553900,52.5,1,3
16618,553933,52.84,1,3
16619,553966,52.8,1,3
16620,554000,52.76,1,3
16621,554033,54.78,1,3
16622,554066,56.8,1,3
16623,554100,58.32,1,3
16624,554133,59.76,1,3
16625,554166,61.2,1,3
16626,554200,60.04,1,3
16627,554233,58.73,1,3
16628,554266,57.81,1,3
16629,554300,56.86,1,3
16630,554333,55.85,1,3
16631,554366,55.53,1,3
16632,554400,55.36,1,3
16633,554433,55.09,1,3
16634,554466,54.93,1,3
16635,554500,54.72,1,3
16636,554533,54.3,1,3
16637,554566,53.87,1,3
16638,554600,52.47,1,3
16639,554633,50.95,1,3
16640,554666,49.66,1,2
16641,554700,48.47,1,2
16642,554733,46.59,1,2
16643,554766,45.78,1,2
16644,554800,44.71,1,2
16645,554833,42.42,1,2
16646,554866,40.23,1,2
16647,554900,38.49,1,2
16648,554933,35.69,1,2
16649,554966,33.26,1,2
16650,555000,32.49,1,2
16651,555033,31.73,1,2
16652,555066,31.22,1,2
16653,555100,35.12,1,2
16654,555133,39.01,1,2
16655,555166,42.36,1,2
16656,555200,45.11,1,2
16657,555233,47.76,1,2
16658,555266,47.06,1,2
16659,555300,52.84,1,3
16660,555333,58.63,1,3
16661,555366,65.02,1,3
16662,555400,72.13,1,3
16663,555433,79.24,1,4
16664,555466,79.85,1,4
16665,555500,80.58,1,4
16666,555533,81.31,1,4
16667,555566,81.28,1,4
16668,555600,80.45,1,4
16669,555633,78.08,1,4
16670,555666,74.6,1,3
16671,555700,70.67,1,3
16672,555733,66.56,1,3
16673,555766,63.25,1,3
16674,555800,61.48,1,3
16675,555833,60.47,1,3
16676,555866,59.9,1,3
16677,555900,59.67,1,3
16678,555933,59.26,1,3
16679,555966,58.84,1,3
16680,556000,58.53,1,3
16681,556033,58.07,1,3
16682,556066,57.6,1,3
16683,556100,57.32,1,3
16684,556133,58.12,1,3
16685,556166,59.04,1,3
16686,556200,60.13,1,3
16687,556233,64.38,1,3
16688,556266,68.63,1,3
16689,556300,68.66,1,3
16690,556333,67.9,1,3
16691,556366,67.14,1,3
16692,556400,62.86,1,3
16693,556433,56.63,1,3
16694,556466,53.54,1,3
16695,556500,50.73,1,3
16696,556533,47.92,1,2
16697,556566,45.46,1,2
16698,556600,44.85,1,2
16699,556633,44.25,1,2
16700,556666,44.15,1,2
16701,556700,43.65,1,2
16702,556733,40.57,1,2
16703,556766,37.6,1,2
16704,556800,34.59,1,2
16705,556833,31.59,1,2
16706,556866,28.99,1,2
16707,556900,30.32,1,2
16708,556933,31.64,1,2
16709,556966,33,1,2
16710,557000,35.34,1,2
16711,557033,37.68,1,2
16712,557066,38.67,1,2
16713,557100,41,1,2
16714,557133,43.32,1,2
16715,557166,44.77,1,2
16716,557200,46.22,1,2
16717,557233,48.8,1,2
16718,557266,50.04,1,3
16719,557300,51.28,1,3
16720,557333,54.7,1,3
16721,557366,58.11,1,3
16722,557400,59.15,1,3
16723,557433,60.06,1,3
16724,557466,60.98,1,3
16725,557500,59.61,1,3
16726,557533,58.79,1,3
16727,557566,59.22,1,3
16728,557600,59.76,1,3
16729,557633,60.94,1,3
16730,557666,62.12,1,3
16731,557700,62.75,1,3
16732,557733,64.74,1,3
16733,557766,66.73,1,3
16734,557800,65.18,1,3
16735,557833,63.35,1,3
16736,557866,61.52,1,3
16737,557900,57.75,1,3
16738,557933,53.74,1,3
16739,557966,52.64,1,3
16740,558000,51.41,1,3
16741,558033,49.63,1,2
16742,558066,48.44,1,2
16743,558100,47.18,1,2
16744,558133,44.63,1,2
16745,558166,42.51,1,2
16746,558200,40.64,1,2
16747,558233,37.78,1,2
16748,558266,35.22,1,2
16749,558300,33.72,1,2
16750,558333,32.59,1,2
16751,558366,31.75,1,2
16752,558400,31.89,1,2
16753,558433,31.96,1,2
16754,558466,32.25,1,2
16755,558500,33.12,1,2
16756,558533,34,1,2
16757,558566,34.87,1,2
16758,558600,38.83,1,2
16759,558633,42.79,1,2
16760,558666,45.79,1,2
16761,558700,50.73,1,3
16762,558733,55.67,1,3
16763,558766,57.61,1,3
16764,558800,59.22,1,3
16765,558833,60.24,1,3
16766,558866,59.1,1,3
16767,558900,57.64,1,3
16768,558933,56.08,1,3
16769,558966,54.85,1,3
16770,559000,54.2,1,3
16771,559033,54.34,1,3
16772,559066,54.81,1,3
16773,559100,55.37,1,3
16774,559133,56.41,1,3
16775,559166,57.44,1,3
16776,559200,57.36,1,3
16777,559233,57.16,1,3
16778,559266,57.08,1,3
16779,559300,61.18,1,3
16780,559333,67.2,1,3
16781,559366,73.78,1,3
16782,559400,80.06,1,4
16783,559433,85.82,1,4
16784,559466,86.92,1,4
16785,559500,85.44,1,4
16786,559533,83.57,1,4
16787,559566,82.11,1,4
16788,559600,78.72,1,4
16789,559633,73.22,1,3
16790,559666,68.4,1,3
16791,559700,63.64,1,3
16792,559733,58.89,1,3
16793,559766,56.48,1,3
16794,559800,56.83,1,3
16795,559833,57.18,1,3
16796,559866,57.83,1,3
16797,559900,58.04,1,3
16798,559933,55.2,1,3
16799,559966,51.71,1,3
16800,560000,47.79,1,2
16801,560033,43.22,1,2
16802,560066,39.1,1,2
16803,560100,41.19,1,2
16804,560133,43.28,1,2
16805,560166,45.8,1,2
16806,560200,49.95,1,2
16807,560233,54.09,1,3
16808,560266,55.08,1,3
16809,560300,55.86,1,3
16810,560333,56.09,1,3
16811,560366,55.28,1,3
16812,560400,54.11,1,3
16813,560433,52.94,1,3
16814,560466,51.7,1,3
16815,560500,51.02,1,3
16816,560533,51.77,1,3
16817,560566,52.89,1,3
16818,560600,54.01,1,3
16819,560633,55.35,1,3
16820,560666,56.69,1,3
16821,560700,56.64,1,3
16822,560733,56.75,1,3
16823,560766,56.85,1,3
16824,560800,57.01,1,3
16825,560833,57.74,1,3
16826,560866,58.47,1,3
16827,560900,59.04,1,3
16828,560933,60.5,1,3
16829,560966,61.96,1,3
16830,561000,61.59,1,3
16831,561033,61.1,1,3
16832,561066,60.6,1,3
16833,561100,59.22,1,3
16834,561133,59.03,1,3
16835,561166,60.09,1,3
16836,561200,61.28,1,3
16837,561233,63.07,1,3
16838,561266,65.76,1,3
16839,561300,66.36,1,3
16840,561333,64.92,1,3
16841,561366,63.48,1,3
16842,561400,60.91,1,3
16843,561433,54.52,1,3
16844,561466,49.02,1,2
16845,561500,45.24,1,2
16846,561533,41.15,1,2
16847,561566,37.6,1,2
16848,561600,37.39,1,2
16849,561633,37.18,1,2
16850,561666,37.3,1,2
16851,561700,37.36,1,2
16852,561733,36.41,1,2
16853,561766,35.04,1,2
16854,561800,34.16,1,2
16855,561833,33.27,1,2
16856,561866,32.74,1,2
16857,561900,34.37,1,2
16858,561933,36,1,2
16859,561966,37.14,1,2
16860,562000,39.76,1,2
16861,562033,42.37,1,2
16862,562066,43.85,1,2
16863,562100,45.36,1,2
16864,562133,47.6,1,2
16865,562166,48.37,1,2
16866,562200,49.14,1,2
16867,562233,54.06,1,3
16868,562266,58.94,1,3
16869,562300,63.09,1,3
16870,562333,67.12,1,3
16871,562366,71.16,1,3
16872,562400,69.62,1,3
16873,562433,67.76,1,3
16874,562466,65.9,1,3
16875,562500,63.98,1,3
16876,562533,61.9,1,3
16877,562566,61.25,1,3
16878,562600,60.93,1,3
16879,562633,61.2,1,3
16880,562666,61.63,1,3
16881,562700,61.67,1,3
16882,562733,61.54,1,3
16883,562766,61.41,1,3
16884,562800,59.61,1,3
16885,562833,57.62,1,3
16886,562866,56.18,1,3
16887,562900,53.7,1,3
16888,562933,50.93,1,3
16889,562966,49.54,1,2
16890,563000,48.04,1,2
16891,563033,46.11,1,2
16892,563066,45.37,1,2
16893,563100,44.25,1,2
16894,563133,42.13,1,2
16895,563166,40.31,1,2
16896,563200,38.76,1,2
16897,563233,36.3,1,2
16898,563266,34.52,1,2
16899,563300,41.47,1,2
16900,563333,48.42,1,2
16901,563366,55.55,1,3
16902,563400,63.19,1,3
16903,563433,70.21,1,3
16904,563466,69.18,1,3
16905,563500,69.1,1,3
16906,563533,69.02,1,3
16907,563566,69.33,1,3
16908,563600,69.74,1,3
16909,563633,69.98,1,3
16910,563666,69.28,1,3
16911,563700,70.1,1,3
16912,563733,71.38,1,3
16913,563766,73.21,1,3
16914,563800,74.29,1,3
16915,563833,75.33,1,4
16916,563866,74.58,1,3
16917,563900,72.02,1,3
16918,563933,69.17,1,3
16919,563966,67.22,1,3
16920,564000,65.3,1,3
16921,564033,63.43,1,3
16922,564066,62.9,1,3
16923,564100,62.37,1,3
16924,564133,61.63,1,3
16925,564166,60.88,1,3
16926,564200,59.88,1,3
16927,564233,58.56,1,3
16928,564266,57.53,1,3
16929,564300,56.73,1,3
16930,564333,56.39,1,3
16931,564366,56.54,1,3
16932,564400,57.01,1,3
16933,564433,58.35,1,3
16934,564466,59.7,1,3
16935,564500,59.37,1,3
16936,564533,58.9,1,3
16937,564566,58.43,1,3
16938,564600,57.08,1,3
16939,564633,55.42,1,3
16940,564666,55.36,1,3
16941,564700,54.91,1,3
16942,564733,53.91,1,3
16943,564766,52.92,1,3
16944,564800,52.04,1,3
16945,564833,50.76,1,3
16946,564866,50.02,1,3
16947,564900,49.5,1,2
16948,564933,46.72,1,2
16949,564966,44.15,1,2
16950,565000,41.52,1,2
16951,565033,38.89,1,2
16952,565066,36.59,1,2
16953,565100,37.83,1,2
16954,565133,39.08,1,2
16955,565166,40.38,1,2
16956,565200,42.72,1,2
16957,565233,45.07,1,2
16958,565266,46.11,1,2
16959,565300,46.7,1,2
16960,565333,46.77,1,2
16961,565366,45.79,1,2
16962,565400,46.02,1,2
16963,565433,46.26,1,2
16964,565466,46.79,1,2
16965,565500,47.85,1,2
16966,565533,50.03,1,3
16967,565566,51,1,3
16968,565600,51.98,1,3
16969,565633,53.54,1,3
16970,565666,55.09,1,3
16971,565700,55.53,1,3
16972,565733,57.41,1,3
16973,565766,59.3,1,3
16974,565800,60.75,1,3
16975,565833,63.42,1,3
16976,565866,66.09,1,3
16977,565900,67.32,1,3
16978,565933,68.5,1,3
16979,565966,69.69,1,3
16980,566000,68.18,1,3
16981,566033,66.53,1,3
16982,566066,64.88,1,3
16983,566100,63.26,1,3
16984,566133,61.85,1,3
16985,566166,61.91,1,3
16986,566200,62.11,1,3
16987,566233,62.65,1,3
16988,566266,63.2,1,3
16989,566300,63.56,1,3
16990,566333,60.63,1,3
16991,566366,57.71,1,3
16992,566400,54.19,1,3
16993,566433,49.23,1,2
16994,566466,44.28,1,2
16995,566500,42.27,1,2
16996,566533,39.45,1,2
16997,566566,36.9,1,2
16998,566600,35.54,1,2
16999,566633,33.8,1,2
17000,566666,32.39,1,2
17001,566700,32.6,1,2
17002,566733,32.81,1,2
17003,566766,33.24,1,2
17004,566800,35.59,1,2
17005,566833,37.95,1,2
17006,566866,39.49,1,2
17007,566900,43.02,1,2
17008,566933,46.56,1,2
17009,566966,48.55,1,2
17010,567000,50.58,1,3
17011,567033,52.6,1,3
17012,567066,52.41,1,3
17013,567100,52.22,1,3
17014,567133,53.74,1,3
17015,567166,55.22,1,3
17016,567200,56.7,1,3
17017,567233,61.94,1,3
17018,567266,67.25,1,3
17019,567300,73.72,1,3
17020,567333,80.29,1,4
17021,567366,86.86,1,4
17022,567400,88.75,1,4
17023,567433,90.46,1,4
17024,567466,89.29,1,4
17025,567500,88.04,1,4
17026,567533,86.59,1,4
17027,567566,86.29,1,4
17028,567600,84.56,1,4
17029,567633,82.18,1,4
17030,567666,79.79,1,4
17031,567700,75.77,1,4
17032,567733,71.24,1,3
17033,567766,68.24,1,3
17034,567800,65.18,1,3
17035,567833,61.65,1,3
17036,567866,59.96,1,3
17037,567900,57.64,1,3
17038,567933,55.08,1,3
17039,567966,53.49,1,3
17040,568000,51.92,1,3
17041,568033,50.19,1,3
17042,568066,49.58,1,2
17043,568100,48.91,1,2
17044,568133,46.26,1,2
17045,568166,44.08,1,2
17046,568200,42.82,1,2
17047,568233,41.56,1,2
17048,568266,40.61,1,2
17049,568300,42.73,1,2
17050,568333,44.85,1,2
17051,568366,46.19,1,2
17052,568400,47.24,1,2
17053,568433,47.84,1,2
17054,568466,47.1,1,2
17055,568500,46.98,1,2
17056,568533,46.86,1,2
17057,568566,47.04,1,2
17058,568600,49.6,1,2
17059,568633,52.15,1,3
17060,568666,53.8,1,3
17061,568700,55.45,1,3
17062,568733,58.25,1,3
17063,568766,59.12,1,3
17064,568800,59.7,1,3
17065,568833,60.29,1,3
17066,568866,60.87,1,3
17067,568900,60.31,1,3
17068,568933,59.94,1,3
17069,568966,59.85,1,3
17070,569000,59.77,1,3
17071,569033,59.61,1,3
17072,569066,59.44,1,3
17073,569100,59.08,1,3
17074,569133,58.71,1,3
17075,569166,58.62,1,3
17076,569200,58.23,1,3
17077,569233,57.58,1,3
17078,569266,56.94,1,3
17079,569300,56.29,1,3
17080,569333,58.12,1,3
17081,569366,60.35,1,3
17082,569400,62.15,1,3
17083,569433,63.58,1,3
17084,569466,65,1,3
17085,569500,62.75,1,3
17086,569533,60.25,1,3
17087,569566,58.67,1,3
17088,569600,57.22,1,3
17089,569633,53.99,1,3
17090,569666,51.97,1,3
17091,569700,51.03,1,3
17092,569733,49.86,1,2
17093,569766,48.92,1,2
17094,569800,49.49,1,2
17095,569833,47.64,1,2
17096,569866,44.95,1,2
17097,569900,41.94,1,2
17098,569933,38.59,1,2
17099,569966,35.5,1,2
17100,570000,35.11,1,2
17101,570033,34.72,1,2
17102,570066,34.64,1,2
17103,570100,36.37,1,2
17104,570133,38.11,1,2
17105,570166,39.58,1,2
17106,570200,42.19,1,2
17107,570233,44.8,1,2
17108,570266,45.94,1,2
17109,570300,47.09,1,2
17110,570333,48.35,1,2
17111,570366,48.68,1,2
17112,570400,49.17,1,2
17113,570433,51.57,1,3
17114,570466,53.97,1,3
17115,570500,56.26,1,3
17116,570533,58.22,1,3
17117,570566,60.02,1,3
17118,570600,59.92,1,3
17119,570633,60.81,1,3
17120,570666,61.71,1,3
17121,570700,62.71,1,3
17122,570733,64.51,1,3
17123,570766,66.3,1,3
17124,570800,67.09,1,3
17125,570833,69.62,1,3
17126,570866,72.16,1,3
17127,570900,71.55,1,3
17128,570933,70.8,1,3
17129,570966,70.05,1,3
17130,571000,67.03,1,3
17131,571033,63.86,1,3
17132,571066,63.05,1,3
17133,571100,62.09,1,3
17134,571133,60.79,1,3
17135,571166,60.03,1,3
17136,571200,58.61,1,3
17137,571233,55.57,1,3
17138,571266,52.81,1,3
17139,571300,57.61,1,3
17140,571333,62.41,1,3
17141,571366,67.99,1,3
17142,571400,75.09,1,4
17143,571433,81.34,1,4
17144,571466,80.38,1,4
17145,571500,78.92,1,4
17146,571533,76.29,1,4
17147,571566,73.79,1,3
17148,571600,71.62,1,3
17149,571633,65.47,1,3
17150,571666,59.81,1,3
17151,571700,55.74,1,3
17152,571733,51.67,1,3
17153,571766,48.11,1,2
17154,571800,50.12,1,3
17155,571833,52.13,1,3
17156,571866,53.71,1,3
17157,571900,56.14,1,3
17158,571933,58.57,1,3
17159,571966,59.41,1,3
17160,572000,60.35,1,3
17161,572033,61.29,1,3
17162,572066,60.98,1,3
17163,572100,60.66,1,3
17164,572133,62.46,1,3
17165,572166,64.15,1,3
17166,572200,65.85,1,3
17167,572233,68.24,1,3
17168,572266,70.62,1,3
17169,572300,69.91,1,3
17170,572333,69.01,1,3
17171,572366,68.11,1,3
17172,572400,66.22,1,3
17173,572433,64.19,1,3
17174,572466,63.16,1,3
17175,572500,62.31,1,3
17176,572533,61.71,1,3
17177,572566,61.82,1,3
17178,572600,62.05,1,3
17179,572633,62.02,1,3
17180,572666,61.99,1,3
17181,572700,61.01,1,3
17182,572733,59.86,1,3
17183,572766,58.71,1,3
17184,572800,57.82,1,3
17185,572833,58.63,1,3
17186,572866,60.15,1,3
17187,572900,60.55,1,3
17188,572933,60.33,1,3
17189,572966,60.1,1,3
17190,573000,57.81,1,3
17191,573033,54.02,1,3
17192,573066,51.5,1,3
17193,573100,49.1,1,2
17194,573133,44.85,1,2
17195,573166,40.99,1,2
17196,573200,41.15,1,2
17197,573233,41.31,1,2
17198,573266,41.98,1,2
17199,573300,44.07,1,2
17200,573333,45.69,1,2
17201,573366,44.8,1,2
17202,573400,44.82,1,2
17203,573433,44.84,1,2
17204,573466,45.29,1,2
17205,573500,46.53,1,2
17206,573533,47.76,1,2
17207,573566,48.08,1,2
17208,573600,50.51,1,3
17209,573633,52.94,1,3
17210,573666,54.64,1,3
17211,573700,56.33,1,3
17212,573733,59.06,1,3
17213,573766,59.66,1,3
17214,573800,60.25,1,3
17215,573833,61.18,1,3
17216,573866,62.11,1,3
17217,573900,62.01,1,3
17218,573933,62.6,1,3
17219,573966,63.2,1,3
17220,574000,63.51,1,3
17221,574033,63.58,1,3
17222,574066,63.65,1,3
17223,574100,63.04,1,3
17224,574133,62.65,1,3
17225,574166,62.63,1,3
17226,574200,62.85,1,3
17227,574233,64.41,1,3
17228,574266,65.98,1,3
17229,574300,67.32,1,3
17230,574333,69.23,1,3
17231,574366,71.14,1,3
17232,574400,69.39,1,3
17233,574433,67.1,1,3
17234,574466,64.81,1,3
17235,574500,60.58,1,3
17236,574533,56.33,1,3
17237,574566,54.41,1,3
17238,574600,52.61,1,3
17239,574633,49.71,1,2
17240,574666,48.19,1,2
17241,574700,46.38,1,2
17242,574733,43.93,1,2
17243,574766,41.91,1,2
17244,574800,40.55,1,2
17245,574833,39.07,1,2
17246,574866,37.88,1,2
17247,574900,38.32,1,2
17248,574933,38.77,1,2
17249,574966,39.63,1,2
17250,575000,42,1,2
17251,575033,44.37,1,2
17252,575066,45.73,1,2
17253,575100,46.99,1,2
17254,575133,48.25,1,2
17255,575166,48.15,1,2
17256,575200,48.68,1,2
17257,575233,49.2,1,2
17258,575266,49.83,1,2
17259,575300,57.94,1,3
17260,575333,66.05,1,3
17261,575366,73.07,1,3
17262,575400,80.09,1,4
17263,575433,87.46,1,4
17264,575466,87.33,1,4
17265,575500,86.66,1,4
17266,575533,86.14,1,4
17267,575566,85.63,1,4
17268,575600,83.99,1,4
17269,575633,81.73,1,4
17270,575666,80.02,1,4
17271,575700,77.83,1,4
17272,575733,75.41,1,4
17273,575766,73.77,1,3
17274,575800,72.36,1,3
17275,575833,70.67,1,3
17276,575866,69.77,1,3
17277,575900,68.22,1,3
17278,575933,66.35,1,3
17279,575966,64.88,1,3
17280,576000,63.68,1,3
17281,576033,62.01,1,3
17282,576066,61.22,1,3
17283,576100,59.79,1,3
17284,576133,58.34,1,3
17285,576166,56.9,1,3
17286,576200,55.5,1,3
17287,576233,52.44,1,3
17288,576266,50.35,1,3
17289,576300,49.15,1,2
17290,576333,47.94,1,2
17291,576366,47.16,1,2
17292,576400,47.77,1,2
17293,576433,48.21,1,2
17294,576466,47.78,1,2
17295,576500,46.98,1,2
17296,576533,45.13,1,2
17297,576566,43.55,1,2
17298,576600,42.7,1,2
17299,576633,41.85,1,2
17300,576666,41.36,1,2
17301,576700,44.04,1,2
17302,576733,46.73,1,2
17303,576766,48.85,1,2
17304,576800,51.45,1,3
17305,576833,54.05,1,3
17306,576866,54.28,1,3
17307,576900,54.51,1,3
17308,576933,55.69,1,3
17309,576966,56.4,1,3
17310,577000,57.11,1,3
17311,577033,58.65,1,3
17312,577066,60.2,1,3
17313,577100,60.8,1,3
17314,577133,61.63,1,3
17315,577166,62.46,1,3
17316,577200,62.7,1,3
17317,577233,62.92,1,3
17318,577266,63.14,1,3
17319,577300,63.13,1,3
17320,577333,63.29,1,3
17321,577366,63.44,1,3
17322,577400,63.61,1,3
17323,577433,65.38,1,3
17324,577466,67.15,1,3
17325,577500,67.28,1,3
17326,577533,67.25,1,3
17327,577566,67.22,1,3
17328,577600,65.47,1,3
17329,577633,63.52,1,3
17330,577666,63.03,1,3
17331,577700,62.71,1,3
17332,577733,62.69,1,3
17333,577766,62.91,1,3
17334,577800,63.22,1,3
17335,577833,61.87,1,3
17336,577866,60.51,1,3
17337,577900,58.26,1,3
17338,577933,55.01,1,3
17339,577966,51.87,1,3
17340,578000,49.95,1,2
17341,578033,47.13,1,2
17342,578066,44.89,1,2
17343,578100,43.29,1,2
17344,578133,41.22,1,2
17345,578166,39.61,1,2
17346,578200,39.75,1,2
17347,578233,39.89,1,2
17348,578266,40.28,1,2
17349,578300,41.51,1,2
17350,578333,42.74,1,2
17351,578366,43.13,1,2
17352,578400,47.01,1,2
17353,578433,50.88,1,3
17354,578466,54.37,1,3
17355,578500,57.58,1,3
17356,578533,60.35,1,3
17357,578566,59.44,1,3
17358,578600,58.52,1,3
17359,578633,58.18,1,3
17360,578666,58.12,1,3
17361,578700,58.5,1,3
17362,578733,60.5,1,3
17363,578766,62.49,1,3
17364,578800,63.91,1,3
17365,578833,66.28,1,3
17366,578866,68.65,1,3
17367,578900,68.45,1,3
17368,578933,68.15,1,3
17369,578966,67.84,1,3
17370,579000,66.53,1,3
17371,579033,65.13,1,3
17372,579066,64.88,1,3
17373,579100,64.66,1,3
17374,579133,64.27,1,3
17375,579166,63.94,1,3
17376,579200,63.33,1,3
17377,579233,62.53,1,3
17378,579266,62,1,3
17379,579300,65.88,1,3
17380,579333,69.76,1,3
17381,579366,74,1,3
17382,579400,78.18,1,4
17383,579433,81.54,1,4
17384,579466,80.66,1,4
17385,579500,79.5,1,4
17386,579533,77.16,1,4
17387,579566,75.08,1,4
17388,579600,72.88,1,3
17389,579633,66.84,1,3
17390,579666,61.1,1,3
17391,579700,56.5,1,3
17392,579733,51.91,1,3
17393,579766,48.06,1,2
17394,579800,50.04,1,3
17395,579833,52.03,1,3
17396,579866,54.03,1,3
17397,579900,56.17,1,3
17398,579933,58.31,1,3
17399,579966,58.45,1,3
17400,580000,58.94,1,3
17401,580033,59.43,1,3
17402,580066,59.58,1,3
17403,580100,59.73,1,3
17404,580133,59.89,1,3
17405,580166,59.91,1,3
17406,580200,59.94,1,3
17407,580233,60.45,1,3
17408,580266,60.96,1,3
17409,580300,61.47,1,3
17410,580333,62.54,1,3
17411,580366,63.6,1,3
17412,580400,64.38,1,3
17413,580433,65.09,1,3
17414,580466,65.81,1,3
17415,580500,65.75,1,3
17416,580533,65.59,1,3
17417,580566,65.42,1,3
17418,580600,65.31,1,3
17419,580633,65.54,1,3
17420,580666,65.77,1,3
17421,580700,66.1,1,3
17422,580733,66.51,1,3
17423,580766,66.91,1,3
17424,580800,66.98,1,3
17425,580833,68.29,1,3
17426,580866,69.6,1,3
17427,580900,69.59,1,3
17428,580933,69.48,1,3
17429,580966,69.02,1,3
17430,581000,66.48,1,3
17431,581033,62.6,1,3
17432,581066,59.97,1,3
17433,581100,57.51,1,3
17434,581133,55.41,1,3
17435,581166,54.13,1,3
17436,581200,54.32,1,3
17437,581233,54.5,1,3
17438,581266,54.62,1,3
17439,581300,54.41,1,3
17440,581333,51.5,1,3
17441,581366,48.48,1,2
17442,581400,45.71,1,2
17443,581433,42.95,1,2
17444,581466,40.51,1,2
17445,581500,41.58,1,2
17446,581533,42.66,1,2
17447,581566,43.48,1,2
17448,581600,45.6,1,2
17449,581633,47.73,1,2
17450,581666,49.03,1,2
17451,581700,51.43,1,3
17452,581733,53.83,1,3
17453,581766,54.66,1,3
17454,581800,55.48,1,3
17455,581833,58.57,1,3
17456,581866,60.57,1,3
17457,581900,62.56,1,3
17458,581933,66.61,1,3
17459,581966,70.65,1,3
17460,582000,70.47,1,3
17461,582033,70.08,1,3
17462,582066,69.69,1,3
17463,582100,67.51,1,3
17464,582133,67.36,1,3
17465,582166,69.18,1,3
17466,582200,71.21,1,3
17467,582233,72.99,1,3
17468,582266,74.77,1,3
17469,582300,74.39,1,3
17470,582333,73.83,1,3
17471,582366,73.27,1,3
17472,582400,70.73,1,3
17473,582433,68.03,1,3
17474,582466,65.46,1,3
17475,582500,62.66,1,3
17476,582533,59.63,1,3
17477,582566,59.04,1,3
17478,582600,58.38,1,3
17479,582633,55.85,1,3
17480,582666,53.73,1,3
17481,582700,51.44,1,3
17482,582733,47.87,1,2
17483,582766,44.55,1,2
17484,582800,43.01,1,2
17485,582833,41.47,1,2
17486,582866,40.33,1,2
17487,582900,40.24,1,2
17488,582933,40.14,1,2
17489,582966,40.14,1,2
17490,583000,41.13,1,2
17491,583033,42.11,1,2
17492,583066,43.1,1,2
17493,583100,46.03,1,2
17494,583133,48.97,1,2
17495,583166,50.92,1,3
17496,583200,55.93,1,3
17497,583233,61.14,1,3
17498,583266,64.71,1,3
17499,583300,71.25,1,3
17500,583333,78.23,1,4
17501,583366,81.72,1,4
17502,583400,85.08,1,4
17503,583433,87.98,1,4
17504,583466,87.93,1,4
17505,583500,87.42,1,4
17506,583533,87.31,1,4
17507,583566,87.11,1,4
17508,583600,85.44,1,4
17509,583633,82.65,1,4
17510,583666,79.86,1,4
17511,583700,76.81,1,4
17512,583733,73.55,1,3
17513,583766,71.91,1,3
17514,583800,70.96,1,3
17515,583833,69.81,1,3
17516,583866,68.98,1,3
17517,583900,68.34,1,3
17518,583933,67.86,1,3
17519,583966,67.81,1,3
17520,584000,67.96,1,3
17521,584033,68.09,1,3
17522,584066,68.22,1,3
17523,584100,68.2,1,3
17524,584133,67.9,1,3
17525,584166,68.21,1,3
17526,584200,68.84,1,3
17527,584233,69.53,1,3
17528,584266,70.47,1,3
17529,584300,71.44,1,3
17530,584333,68.38,1,3
17531,584366,65.03,1,3
17532,584400,61.2,1,3
17533,584433,54.99,1,3
17534,584466,49.02,1,2
17535,584500,47.72,1,2
17536,584533,46.41,1,2
17537,584566,45.51,1,2
17538,584600,47.3,1,2
17539,584633,49.09,1,2
17540,584666,49.64,1,2
17541,584700,49.53,1,2
17542,584733,49.43,1,2
17543,584766,48.78,1,2
17544,584800,49.13,1,2
17545,584833,49.48,1,2
17546,584866,50.48,1,3
17547,584900,52.62,1,3
17548,584933,54.98,1,3
17549,584966,56.34,1,3
17550,585000,57.7,1,3
17551,585033,59.14,1,3
17552,585066,59.46,1,3
17553,585100,59.55,1,3
17554,585133,60.96,1,3
17555,585166,62.37,1,3
17556,585200,63.69,1,3
17557,585233,67.28,1,3
17558,585266,70.87,1,3
17559,585300,72.11,1,3
17560,585333,73.24,1,3
17561,585366,74.36,1,3
17562,585400,72.65,1,3
17563,585433,70.77,1,3
17564,585466,69.91,1,3
17565,585500,69.16,1,3
17566,585533,69.72,1,3
17567,585566,70.84,1,3
17568,585600,72.14,1,3
17569,585633,73.22,1,3
17570,585666,74.29,1,3
17571,585700,72.42,1,3
17572,585733,69.77,1,3
17573,585766,66.66,1,3
17574,585800,63.46,1,3
17575,585833,59.13,1,3
17576,585866,56.45,1,3
17577,585900,54.19,1,3
17578,585933,51.67,1,3
17579,585966,49.46,1,2
17580,586000,48.01,1,2
17581,586033,45.55,1,2
17582,586066,43.45,1,2
17583,586100,42.58,1,2
17584,586133,41.71,1,2
17585,586166,41.21,1,2
17586,586200,41.96,1,2
17587,586233,42.72,1,2
17588,586266,42.98,1,2
17589,586300,44.1,1,2
17590,586333,45.21,1,2
17591,586366,46.07,1,2
17592,586400,48.4,1,2
17593,586433,50.72,1,3
17594,586466,52.2,1,3
17595,586500,55.93,1,3
17596,586533,60.58,1,3
17597,586566,63.75,1,3
17598,586600,66.93,1,3
17599,586633,70.6,1,3
17600,586666,72,1,3
17601,586700,71.88,1,3
17602,586733,71.51,1,3
17603,586766,71.13,1,3
17604,586800,70.04,1,3
17605,586833,68.88,1,3
17606,586866,68.33,1,3
17607,586900,68.04,1,3
17608,586933,67.69,1,3
17609,586966,67.57,1,3
17610,587000,67.14,1,3
17611,587033,66.57,1,3
17612,587066,65.99,1,3
17613,587100,65.26,1,3
17614,587133,64.12,1,3
17615,587166,63.35,1,3
17616,587200,62.72,1,3
17617,587233,63.02,1,3
17618,587266,63.77,1,3
17619,587300,68,1,3
17620,587333,72.89,1,3
17621,587366,77.79,1,4
17622,587400,80.98,1,4
17623,587433,83.58,1,4
17624,587466,83.47,1,4
17625,587500,82.33,1,4
17626,587533,81,1,4
17627,587566,80.45,1,4
17628,587600,79.03,1,4
17629,587633,76.55,1,4
17630,587666,74.42,1,3
17631,587700,71.22,1,3
17632,587733,65.61,1,3
17633,587766,61.23,1,3
17634,587800,57.05,1,3
17635,587833,51.88,1,3
17636,587866,47.98,1,2
17637,587900,48.75,1,2
17638,587933,49.52,1,2
17639,587966,50.79,1,3
17640,588000,54.1,1,3
17641,588033,57.41,1,3
17642,588066,58.47,1,3
17643,588100,59.14,1,3
17644,588133,59.48,1,3
17645,588166,58.29,1,3
17646,588200,57.11,1,3
17647,588233,56.94,1,3
17648,588266,57.17,1,3
17649,588300,57.73,1,3
17650,588333,59.33,1,3
17651,588366,60.93,1,3
17652,588400,61.51,1,3
17653,588433,63.23,1,3
17654,588466,64.95,1,3
17655,588500,66.09,1,3
17656,588533,68.47,1,3
17657,588566,70.85,1,3
17658,588600,72.09,1,3
17659,588633,73.93,1,3
17660,588666,75.76,1,4
17661,588700,75.38,1,4
17662,588733,74.78,1,3
17663,588766,74.19,1,3
17664,588800,72.53,1,3
17665,588833,70.72,1,3
17666,588866,69.88,1,3
17667,588900,69.26,1,3
17668,588933,69.29,1,3
17669,588966,69.8,1,3
17670,589000,69.52,1,3
17671,589033,68.89,1,3
17672,589066,68.26,1,3
17673,589100,66.75,1,3
17674,589133,62.41,1,3
17675,589166,59.01,1,3
17676,589200,55.66,1,3
17677,589233,51.49,1,3
17678,589266,47.57,1,2
17679,589300,45.84,1,2
17680,589333,43.99,1,2
17681,589366,42.43,1,2
17682,589400,41.44,1,2
17683,589433,39.74,1,2
17684,589466,38.67,1,2
17685,589500,38.97,1,2
17686,589533,39.28,1,2
17687,589566,39.85,1,2
17688,589600,43.3,1,2
17689,589633,46.76,1,2
17690,589666,48.96,1,2
17691,589700,51.69,1,3
17692,589733,54.41,1,3
17693,589766,54.95,1,3
17694,589800,55.88,1,3
17695,589833,58.09,1,3
17696,589866,59.78,1,3
17697,589900,61.46,1,3
17698,589933,64.89,1,3
17699,589966,67.91,1,3
17700,590000,69.66,1,3
17701,590033,71.39,1,3
17702,590066,73.12,1,3
17703,590100,71.9,1,3
17704,590133,70.57,1,3
17705,590166,69.25,1,3
17706,590200,67.94,1,3
17707,590233,66.65,1,3
17708,590266,66.56,1,3
17709,590300,66.19,1,3
17710,590333,65.52,1,3
17711,590366,64.85,1,3
17712,590400,64.16,1,3
17713,590433,63.43,1,3
17714,590466,63.08,1,3
17715,590500,63.04,1,3
17716,590533,63.24,1,3
17717,590566,63.45,1,3
17718,590600,63.46,1,3
17719,590633,63.26,1,3
17720,590666,63.06,1,3
17721,590700,61.92,1,3
17722,590733,60.23,1,3
17723,590766,58.78,1,3
17724,590800,56.85,1,3
17725,590833,53.19,1,3
17726,590866,50.22,1,3
17727,590900,49.07,1,2
17728,590933,47.92,1,2
17729,590966,47.45,1,2
17730,591000,48.6,1,2
17731,591033,49.76,1,2
17732,591066,49.65,1,2
17733,591100,49.24,1,2
17734,591133,47.3,1,2
17735,591166,45.48,1,2
17736,591200,44.7,1,2
17737,591233,43.92,1,2
17738,591266,43.44,1,2
17739,591300,51.15,1,3
17740,591333,58.87,1,3
17741,591366,65.54,1,3
17742,591400,72.31,1,3
17743,591433,79.07,1,4
17744,591466,78.67,1,4
17745,591500,78.27,1,4
17746,591533,77.93,1,4
17747,591566,77.49,1,4
17748,591600,76.06,1,4
17749,591633,74.46,1,3
17750,591666,72.87,1,3
17751,591700,71.21,1,3
17752,591733,69.83,1,3
17753,591766,69.45,1,3
17754,591800,69.73,1,3
17755,591833,70.84,1,3
17756,591866,71.95,1,3
17757,591900,72.78,1,3
17758,591933,74.59,1,3
17759,591966,76.4,1,4
17760,592000,77.14,1,4
17761,592033,77.74,1,4
17762,592066,78.34,1,4
17763,592100,76.38,1,4
17764,592133,74.29,1,3
17765,592166,72.44,1,3
17766,592200,70.72,1,3
17767,592233,68.98,1,3
17768,592266,68.83,1,3
17769,592300,68.53,1,3
17770,592333,67.81,1,3
17771,592366,67.09,1,3
17772,592400,66.1,1,3
17773,592433,62.58,1,3
17774,592466,59.34,1,3
17775,592500,56.13,1,3
17776,592533,51.85,1,3
17777,592566,47.85,1,2
17778,592600,46.05,1,2
17779,592633,43.9,1,2
17780,592666,42.14,1,2
17781,592700,41.19,1,2
17782,592733,39.64,1,2
17783,592766,38.42,1,2
17784,592800,38.74,1,2
17785,592833,39.05,1,2
17786,592866,39.63,1,2
17787,592900,43.55,1,2
17788,592933,47.47,1,2
17789,592966,50.21,1,3
17790,593000,53.61,1,3
17791,593033,57.02,1,3
17792,593066,57.39,1,3
17793,593100,57.76,1,3
17794,593133,59,1,3
17795,593166,59.72,1,3
17796,593200,60.45,1,3
17797,593233,62.65,1,3
17798,593266,64.86,1,3
17799,593300,66.19,1,3
17800,593333,68.59,1,3
17801,593366,70.98,1,3
17802,593400,71.83,1,3
17803,593433,72.39,1,3
17804,593466,72.94,1,3
17805,593500,71.55,1,3
17806,593533,70.05,1,3
17807,593566,68.92,1,3
17808,593600,68.08,1,3
17809,593633,67.39,1,3
17810,593666,67.44,1,3
17811,593700,66.87,1,3
17812,593733,66.01,1,3
17813,593766,65.15,1,3
17814,593800,63.79,1,3
17815,593833,62.31,1,3
17816,593866,61.55,1,3
17817,593900,61.09,1,3
17818,593933,60.97,1,3
17819,593966,61.2,1,3
17820,594000,61.39,1,3
17821,594033,60.34,1,3
17822,594066,59.29,1,3
17823,594100,57.62,1,3
17824,594133,54.22,1,3
17825,594166,50.98,1,3
17826,594200,50.1,1,3
17827,594233,49.22,1,2
17828,594266,48.61,1,2
17829,594300,49.92,1,2
17830,594333,51.24,1,3
17831,594366,51.44,1,3
17832,594400,51.21,1,3
17833,594433,49.48,1,2
17834,594466,47.55,1,2
17835,594500,46.86,1,2
17836,594533,46.17,1,2
17837,594566,45.9,1,2
17838,594600,49.5,1,2
17839,594633,53.09,1,3
17840,594666,55.31,1,3
17841,594700,57.54,1,3
17842,594733,60.32,1,3
17843,594766,60.76,1,3
17844,594800,61.2,1,3
17845,594833,62.11,1,3
17846,594866,63.02,1,3
17847,594900,63.37,1,3
17848,594933,64.38,1,3
17849,594966,65.4,1,3
17850,595000,65.64,1,3
17851,595033,65.83,1,3
17852,595066,66.01,1,3
17853,595100,65.53,1,3
17854,595133,66.05,1,3
17855,595166,66.99,1,3
17856,595200,67.99,1,3
17857,595233,69.84,1,3
17858,595266,71.75,1,3
17859,595300,74.48,1,3
17860,595333,78.57,1,4
17861,595366,82.67,1,4
17862,595400,84.95,1,4
17863,595433,86.85,1,4
17864,595466,86.94,1,4
17865,595500,84.48,1,4
17866,595533,81.71,1,4
17867,595566,80.22,1,4
17868,595600,77.95,1,4
17869,595633,73.45,1,3
17870,595666,70.12,1,3
17871,595700,66.21,1,3
17872,595733,60.14,1,3
17873,595766,55.16,1,3
17874,595800,51.94,1,3
17875,595833,48.71,1,2
17876,595866,46.38,1,2
17877,595900,46.1,1,2
17878,595933,45.82,1,2
17879,595966,46.02,1,2
17880,596000,46.89,1,2
17881,596033,47.77,1,2
17882,596066,48.45,1,2
17883,596100,49.76,1,2
17884,596133,51.08,1,3
17885,596166,51.71,1,3
17886,596200,54.67,1,3
17887,596233,57.69,1,3
17888,596266,60.06,1,3
17889,596300,62.44,1,3
17890,596333,65.27,1,3
17891,596366,65.77,1,3
17892,596400,66.22,1,3
17893,596433,67.51,1,3
17894,596466,68.81,1,3
17895,596500,69.64,1,3
17896,596533,71.49,1,3
17897,596566,73.33,1,3
17898,596600,74.33,1,3
17899,596633,75.71,1,4
17900,596666,77.08,1,4
17901,596700,76.13,1,4
17902,596733,75.09,1,4
17903,596766,74.06,1,3
17904,596800,72.13,1,3
17905,596833,69.88,1,3
17906,596866,68.96,1,3
17907,596900,68.12,1,3
17908,596933,67.28,1,3
17909,596966,66.96,1,3
17910,597000,66.06,1,3
17911,597033,64.68,1,3
17912,597066,63.39,1,3
17913,597100,62.01,1,3
17914,597133,60.24,1,3
17915,597166,59.37,1,3
17916,597200,58.56,1,3
17917,597233,56.45,1,3
17918,597266,54.44,1,3
17919,597300,52.65,1,3
17920,597333,49.76,1,2
17921,597366,47.3,1,2
17922,597400,45.56,1,2
17923,597433,43.4,1,2
17924,597466,41.39,1,2
17925,597500,43.71,1,2
17926,597533,46.04,1,2
17927,597566,48.84,1,2
17928,597600,51.63,1,3
17929,597633,54.36,1,3
17930,597666,53.85,1,3
17931,597700,55.03,1,3
17932,597733,56.21,1,3
17933,597766,57.83,1,3
17934,597800,60.62,1,3
17935,597833,63.4,1,3
17936,597866,64.31,1,3
17937,597900,65.21,1,3
17938,597933,67.18,1,3
17939,597966,68.05,1,3
17940,598000,68.57,1,3
17941,598033,69.02,1,3
17942,598066,69.46,1,3
17943,598100,68.56,1,3
17944,598133,67.58,1,3
17945,598166,66.96,1,3
17946,598200,66.6,1,3
17947,598233,66.63,1,3
17948,598266,66.94,1,3
17949,598300,67.33,1,3
17950,598333,67.82,1,3
17951,598366,68.3,1,3
17952,598400,68.41,1,3
17953,598433,69.13,1,3
17954,598466,69.85,1,3
17955,598500,70.46,1,3
17956,598533,71.41,1,3
17957,598566,72.35,1,3
17958,598600,71.87,1,3
17959,598633,71.17,1,3
17960,598666,70.48,1,3
17961,598700,68.53,1,3
17962,598733,64.97,1,3
17963,598766,62.22,1,3
17964,598800,60.11,1,3
17965,598833,58.01,1,3
17966,598866,56.84,1,3
17967,598900,56.95,1,3
17968,598933,55.11,1,3
17969,598966,52.84,1,3
17970,599000,50.08,1,3
17971,599033,46.72,1,2
17972,599066,43.7,1,2
17973,599100,42.47,1,2
17974,599133,41.25,1,2
17975,599166,40.5,1,2
17976,599200,41.5,1,2
17977,599233,42.49,1,2
17978,599266,43.63,1,2
17979,599300,50.6,1,3
17980,599333,57.57,1,3
17981,599366,63.41,1,3
17982,599400,69.78,1,3
17983,599433,76.14,1,4
17984,599466,76.68,1,4
17985,599500,78.3,1,4
17986,599533,81.04,1,4
17987,599566,83.25,1,4
17988,599600,83.69,1,4
17989,599633,83.78,1,4
17990,599666,82.78,1,4
17991,599700,80.65,1,4
17992,599733,78.11,1,4
17993,599766,77.33,1,4
17994,599800,76.91,1,4
17995,599833,77.79,1,4
17996,599866,78.67,1,4
17997,599900,79.98,1,4
17998,599933,81.6,1,4
17999,599966,83.21,1,4
18000,600000,82.71,1,4
18001,600033,81.83,1,4
18002,600066,80.95,1,4
18003,600100,78.99,1,4
18004,600133,76.63,1,4
18005,600166,75.08,1,4
18006,600200,72.86,1,3
18007,600233,70.3,1,3
18008,600266,68.51,1,3
18009,600300,67.09,1,3
18010,600333,64.65,1,3
18011,600366,63.26,1,3
18012,600400,61.9,1,3
18013,600433,60.31,1,3
18014,600466,58.74,1,3
18015,600500,57.85,1,3
18016,600533,56.38,1,3
18017,600566,55.23,1,3
18018,600600,53.81,1,3
18019,600633,51.16,1,3
18020,600666,48.84,1,2
18021,600700,46.71,1,2
18022,600733,44.58,1,2
18023,600766,42.94,1,2
18024,600800,45.35,1,2
18025,600833,47.75,1,2
18026,600866,50.55,1,3
18027,600900,53.81,1,3
18028,600933,57.06,1,3
18029,600966,57.51,1,3
18030,601000,59.48,1,3
18031,601033,61.46,1,3
18032,601066,62.83,1,3
18033,601100,64.2,1,3
18034,601133,66.51,1,3
18035,601166,67.29,1,3
18036,601200,68.07,1,3
18037,601233,69.41,1,3
18038,601266,70.76,1,3
18039,601300,70.58,1,3
18040,601333,70.29,1,3
18041,601366,70,1,3
18042,601400,69.29,1,3
18043,601433,68.81,1,3
18044,601466,68.91,1,3
18045,601500,69.14,1,3
18046,601533,69.26,1,3
18047,601566,69.38,1,3
18048,601600,68.63,1,3
18049,601633,67.69,1,3
18050,601666,66.76,1,3
18051,601700,65.92,1,3
18052,601733,66.45,1,3
18053,601766,67.64,1,3
18054,601800,69,1,3
18055,601833,70.56,1,3
18056,601866,72.13,1,3
18057,601900,71.54,1,3
18058,601933,70.15,1,3
18059,601966,68.76,1,3
18060,602000,67.12,1,3
18061,602033,62.21,1,3
18062,602066,58.09,1,3
18063,602100,55.06,1,3
18064,602133,52.04,1,3
18065,602166,49.05,1,2
18066,602200,49.04,1,2
18067,602233,47.1,1,2
18068,602266,44.87,1,2
18069,602300,43.12,1,2
18070,602333,41.38,1,2
18071,602366,39.93,1,2
18072,602400,41.81,1,2
18073,602433,43.68,1,2
18074,602466,45.07,1,2
18075,602500,48.38,1,2
18076,602533,51.69,1,3
18077,602566,53.6,1,3
18078,602600,56.02,1,3
18079,602633,58.47,1,3
18080,602666,59,1,3
18081,602700,59.53,1,3
18082,602733,61.12,1,3
18083,602766,62.22,1,3
18084,602800,63.29,1,3
18085,602833,66.68,1,3
18086,602866,70.07,1,3
18087,602900,70.87,1,3
18088,602933,71.35,1,3
18089,602966,71.82,1,3
18090,603000,69.98,1,3
18091,603033,69.09,1,3
18092,603066,69.71,1,3
18093,603100,70.66,1,3
18094,603133,72.1,1,3
18095,603166,73.54,1,3
18096,603200,74.02,1,3
18097,603233,74.91,1,3
18098,603266,75.93,1,4
18099,603300,77.14,1,4
18100,603333,79.32,1,4
18101,603366,81.51,1,4
18102,603400,82.73,1,4
18103,603433,83.51,1,4
18104,603466,83.62,1,4
18105,603500,82.12,1,4
18106,603533,78.85,1,4
18107,603566,76.13,1,4
18108,603600,73.13,1,3
18109,603633,68.27,1,3
18110,603666,64.04,1,3
18111,603700,60.52,1,3
18112,603733,57.01,1,3
18113,603766,54.07,1,3
18114,603800,53.31,1,3
18115,603833,52.54,1,3
18116,603866,52.84,1,3
18117,603900,52.77,1,3
18118,603933,52.51,1,3
18119,603966,51.94,1,3
18120,604000,51.57,1,3
18121,604033,51.2,1,3
18122,604066,51.21,1,3
18123,604100,53.58,1,3
18124,604133,56.07,1,3
18125,604166,58.78,1,3
18126,604200,61.67,1,3
18127,604233,64.57,1,3
18128,604266,64.98,1,3
18129,604300,65.25,1,3
18130,604333,65.46,1,3
18131,604366,65.47,1,3
18132,604400,65.49,1,3
18133,604433,66.87,1,3
18134,604466,68.26,1,3
18135,604500,69.32,1,3
18136,604533,70.77,1,3
18137,604566,72.21,1,3
18138,604600,71.65,1,3
18139,604633,70.93,1,3
18140,604666,70.2,1,3
18141,604700,69.09,1,3
18142,604733,68.39,1,3
18143,604766,68.64,1,3
18144,604800,69.05,1,3
18145,604833,69.5,1,3
18146,604866,69.95,1,3
18147,604900,68.72,1,3
18148,604933,67.37,1,3
18149,604966,66.03,1,3
18150,605000,64.64,1,3
18151,605033,63.07,1,3
18152,605066,62.75,1,3
18153,605100,61.81,1,3
18154,605133,60.87,1,3
18155,605166,59.94,1,3
18156,605200,58.95,1,3
18157,605233,57.4,1,3
18158,605266,56.58,1,3
18159,605300,55.42,1,3
18160,605333,51.61,1,3
18161,605366,48.04,1,2
18162,605400,45.88,1,2
18163,605433,43.72,1,2
18164,605466,41.89,1,2
18165,605500,43.09,1,2
18166,605533,44.29,1,2
18167,605566,44.65,1,2
18168,605600,46.72,1,2
18169,605633,48.8,1,2
18170,605666,50.52,1,3
18171,605700,53.51,1,3
18172,605733,56.85,1,3
18173,605766,58.48,1,3
18174,605800,60.11,1,3
18175,605833,62.72,1,3
18176,605866,64.07,1,3
18177,605900,65.05,1,3
18178,605933,66.43,1,3
18179,605966,67.8,1,3
18180,606000,68.19,1,3
18181,606033,68.59,1,3
18182,606066,69,1,3
18183,606100,69.02,1,3
18184,606133,70.04,1,3
18185,606166,71.06,1,3
18186,606200,71.18,1,3
18187,606233,71.07,1,3
18188,606266,70.96,1,3
18189,606300,69.85,1,3
18190,606333,68.65,1,3
18191,606366,68.32,1,3
18192,606400,68.22,1,3
18193,606433,67.92,1,3
18194,606466,67.63,1,3
18195,606500,66.96,1,3
18196,606533,66.19,1,3
18197,606566,65.45,1,3
18198,606600,64.43,1,3
18199,606633,60.79,1,3
18200,606666,57.61,1,3
18201,606700,54.06,1,3
18202,606733,49.4,1,2
18203,606766,45.19,1,2
18204,606800,43.38,1,2
18205,606833,41.56,1,2
18206,606866,40.2,1,2
18207,606900,40.03,1,2
18208,606933,39.87,1,2
18209,606966,39.94,1,2
18210,607000,43.04,1,2
18211,607033,46.15,1,2
18212,607066,49.18,1,2
18213,607100,53.94,1,3
18214,607133,58.71,1,3
18215,607166,60.43,1,3
18216,607200,62.19,1,3
18217,607233,63.95,1,3
18218,607266,63.99,1,3
18219,607300,68.9,1,3
18220,607333,73.81,1,3
18221,607366,78.62,1,4
18222,607400,83.43,1,4
18223,607433,88.34,1,4
18224,607466,88.38,1,4
18225,607500,87.32,1,4
18226,607533,86.02,1,4
18227,607566,84.72,1,4
18228,607600,82.19,1,4
18229,607633,79.08,1,4
18230,607666,77.06,1,4
18231,607700,75.37,1,4
18232,607733,73.57,1,3
18233,607766,72.88,1,3
18234,607800,72.77,1,3
18235,607833,72.49,1,3
18236,607866,72.21,1,3
18237,607900,70.68,1,3
18238,607933,68.91,1,3
18239,607966,67.37,1,3
18240,608000,66.43,1,3
18241,608033,65.49,1,3
18242,608066,66.11,1,3
18243,608100,66.63,1,3
18244,608133,66.07,1,3
18245,608166,65.08,1,3
18246,608200,63.21,1,3
18247,608233,58.38,1,3
18248,608266,53.87,1,3
18249,608300,51.12,1,3
18250,608333,48.37,1,2
18251,608366,46.52,1,2
18252,608400,48.34,1,2
18253,608433,50.16,1,3
18254,608466,51.07,1,3
18255,608500,51.6,1,3
18256,608533,51.71,1,3
18257,608566,50.91,1,3
18258,608600,50.43,1,3
18259,608633,49.94,1,2
18260,608666,49.84,1,2
18261,608700,50.57,1,3
18262,608733,52.22,1,3
18263,608766,53.75,1,3
18264,608800,55.82,1,3
18265,608833,58.58,1,3
18266,608866,60.94,1,3
18267,608900,62.36,1,3
18268,608933,64.32,1,3
18269,608966,65.74,1,3
18270,609000,66.46,1,3
18271,609033,68.17,1,3
18272,609066,69.87,1,3
18273,609100,70.85,1,3
18274,609133,72.6,1,3
18275,609166,74.34,1,3
18276,609200,73.61,1,3
18277,609233,72.3,1,3
18278,609266,70.99,1,3
18279,609300,68.91,1,3
18280,609333,68.75,1,3
18281,609366,70.09,1,3
18282,609400,71.94,1,3
18283,609433,73.5,1,3
18284,609466,75.06,1,4
18285,609500,72.92,1,3
18286,609533,70.53,1,3
18287,609566,68.33,1,3
18288,609600,66.12,1,3
18289,609633,60.8,1,3
18290,609666,57.27,1,3
18291,609700,54.08,1,3
18292,609733,50.79,1,3
18293,609766,47.8,1,2
18294,609800,47.62,1,2
18295,609833,45.88,1,2
18296,609866,44.03,1,2
18297,609900,42.65,1,2
18298,609933,41.26,1,2
18299,609966,40.17,1,2
18300,610000,41.67,1,2
18301,610033,43.17,1,2
18302,610066,44.2,1,2
18303,610100,46.2,1,2
18304,610133,48.2,1,2
18305,610166,49.16,1,2
18306,610200,51.54,1,3
18307,610233,54.57,1,3
18308,610266,56.63,1,3
18309,610300,58.69,1,3
18310,610333,63.69,1,3
18311,610366,67.27,1,3
18312,610400,70.21,1,3
18313,610433,73.61,1,3
18314,610466,77.01,1,4
18315,610500,76.28,1,4
18316,610533,75.44,1,4
18317,610566,74.6,1,3
18318,610600,73.29,1,3
18319,610633,71.88,1,3
18320,610666,71.65,1,3
18321,610700,71.53,1,3
18322,610733,71.74,1,3
18323,610766,71.95,1,3
18324,610800,70.98,1,3
18325,610833,69.77,1,3
18326,610866,68.55,1,3
18327,610900,65.91,1,3
18328,610933,63.01,1,3
18329,610966,61.4,1,3
18330,611000,60.04,1,3
18331,611033,59.31,1,3
18332,611066,60.15,1,3
18333,611100,60.79,1,3
18334,611133,59.18,1,3
18335,611166,57.57,1,3
18336,611200,54.94,1,3
18337,611233,51.31,1,3
18338,611266,48.15,1,2
18339,611300,51.11,1,3
18340,611333,54.08,1,3
18341,611366,57.43,1,3
18342,611400,60.94,1,3
18343,611433,64.45,1,3
18344,611466,64.07,1,3
18345,611500,63.92,1,3
18346,611533,63.76,1,3
18347,611566,63.99,1,3
18348,611600,64.93,1,3
18349,611633,65.87,1,3
18350,611666,66.59,1,3
18351,611700,68.32,1,3
18352,611733,70.05,1,3
18353,611766,70.64,1,3
18354,611800,71.21,1,3
18355,611833,71.57,1,3
18356,611866,70.91,1,3
18357,611900,70.26,1,3
18358,611933,69.88,1,3
18359,611966,69.5,1,3
18360,612000,69.24,1,3
18361,612033,68.77,1,3
18362,612066,68.31,1,3
18363,612100,67.99,1,3
18364,612133,67.87,1,3
18365,612166,67.85,1,3
18366,612200,68.04,1,3
18367,612233,68.17,1,3
18368,612266,68.3,1,3
18369,612300,68.25,1,3
18370,612333,69.92,1,3
18371,612366,71.58,1,3
18372,612400,71.87,1,3
18373,612433,71.92,1,3
18374,612466,71.96,1,3
18375,612500,68.16,1,3
18376,612533,64.23,1,3
18377,612566,61.86,1,3
18378,612600,61.27,1,3
18379,612633,60.68,1,3
18380,612666,62.21,1,3
18381,612700,63.16,1,3
18382,612733,62.09,1,3
18383,612766,59.48,1,3
18384,612800,56.39,1,3
18385,612833,51.05,1,3
18386,612866,46.4,1,2
18387,612900,44.63,1,2
18388,612933,42.87,1,2
18389,612966,41.58,1,2
18390,613000,43.49,1,2
18391,613033,45.4,1,2
18392,613066,46.34,1,2
18393,613100,48.38,1,2
18394,613133,50.41,1,3
18395,613166,51.51,1,3
18396,613200,53.31,1,3
18397,613233,55.25,1,3
18398,613266,56.1,1,3
18399,613300,56.95,1,3
18400,613333,59.39,1,3
18401,613366,61.12,1,3
18402,613400,62.72,1,3
18403,613433,64.81,1,3
18404,613466,66.91,1,3
18405,613500,67.4,1,3
18406,613533,69.44,1,3
18407,613566,71.47,1,3
18408,613600,73.01,1,3
18409,613633,75.26,1,4
18410,613666,77.52,1,4
18411,613700,77.04,1,4
18412,613733,76.38,1,4
18413,613766,75.71,1,4
18414,613800,73.53,1,3
18415,613833,71.13,1,3
18416,613866,69.92,1,3
18417,613900,68.91,1,3
18418,613933,68.43,1,3
18419,613966,68.74,1,3
18420,614000,67.86,1,3
18421,614033,65.34,1,3
18422,614066,62.83,1,3
18423,614100,59.33,1,3
18424,614133,54.73,1,3
18425,614166,51.55,1,3
18426,614200,49.4,1,2
18427,614233,46.05,1,2
18428,614266,43.14,1,2
18429,614300,41.78,1,2
18430,614333,40.41,1,2
18431,614366,39.66,1,2
18432,614400,39.86,1,2
18433,614433,39.93,1,2
18434,614466,39.55,1,2
18435,614500,41.06,1,2
18436,614533,42.57,1,2
18437,614566,44.32,1,2
18438,614600,47.93,1,2
18439,614633,51.54,1,3
18440,614666,53.27,1,3
18441,614700,55.86,1,3
18442,614733,58.45,1,3
18443,614766,59.29,1,3
18444,614800,60.13,1,3
18445,614833,63.09,1,3
18446,614866,65.18,1,3
18447,614900,67.27,1,3
18448,614933,69.79,1,3
18449,614966,72.31,1,3
18450,615000,71.96,1,3
18451,615033,71.54,1,3
18452,615066,71.12,1,3
18453,615100,69.88,1,3
18454,615133,68.3,1,3
18455,615166,67.46,1,3
18456,615200,66.7,1,3
18457,615233,66.22,1,3
18458,615266,66.39,1,3
18459,615300,68.1,1,3
18460,615333,71.28,1,3
18461,615366,74.45,1,3
18462,615400,77.34,1,4
18463,615433,79.41,1,4
18464,615466,80.28,1,4
18465,615500,78.63,1,4
18466,615533,76.24,1,4
18467,615566,74.6,1,3
18468,615600,72.78,1,3
18469,615633,70.21,1,3
18470,615666,68.69,1,3
18471,615700,67.23,1,3
18472,615733,61.01,1,3
18473,615766,55.57,1,3
18474,615800,50.99,1,3
18475,615833,46.4,1,2
18476,615866,42.52,1,2
18477,615900,44.26,1,2
18478,615933,46,1,2
18479,615966,47.64,1,2
18480,616000,49.4,1,2
18481,616033,51.17,1,3
18482,616066,51.3,1,3
18483,616100,52.24,1,3
18484,616133,53.18,1,3
18485,616166,53.99,1,3
18486,616200,56.03,1,3
18487,616233,58.41,1,3
18488,616266,59.98,1,3
18489,616300,61.55,1,3
18490,616333,63.88,1,3
18491,616366,64.97,1,3
18492,616400,65.62,1,3
18493,616433,66.12,1,3
18494,616466,66.61,1,3
18495,616500,66.35,1,3
18496,616533,66.68,1,3
18497,616566,67.09,1,3
18498,616600,67.67,1,3
18499,616633,68.01,1,3
18500,616666,68.35,1,3
18501,616700,68.04,1,3
18502,616733,67.38,1,3
18503,616766,66.73,1,3
18504,616800,66.31,1,3
18505,616833,67.03,1,3
18506,616866,67.84,1,3
18507,616900,68.98,1,3
18508,616933,69.64,1,3
18509,616966,70.3,1,3
18510,617000,69.29,1,3
18511,617033,65.28,1,3
18512,617066,61.28,1,3
18513,617100,57.43,1,3
18514,617133,52.43,1,3
18515,617166,47.95,1,2
18516,617200,46.03,1,2
18517,617233,43.91,1,2
18518,617266,42.12,1,2
18519,617300,41.07,1,2
18520,617333,39.35,1,2
18521,617366,38.08,1,2
18522,617400,37.86,1,2
18523,617433,37.64,1,2
18524,617466,37.83,1,2
18525,617500,41.02,1,2
18526,617533,44.21,1,2
18527,617566,46.53,1,2
18528,617600,50,1,2
18529,617633,53.47,1,3
18530,617666,54.3,1,3
18531,617700,55.14,1,3
18532,617733,57.16,1,3
18533,617766,58.04,1,3
18534,617800,58.92,1,3
18535,617833,61.64,1,3
18536,617866,64.36,1,3
18537,617900,65.89,1,3
18538,617933,67.98,1,3
18539,617966,70.08,1,3
18540,618000,70.44,1,3
18541,618033,70.71,1,3
18542,618066,70.98,1,3
18543,618100,70.62,1,3
18544,618133,70.17,1,3
18545,618166,69.94,1,3
18546,618200,69.71,1,3
18547,618233,69.33,1,3
18548,618266,68.98,1,3
18549,618300,67.94,1,3
18550,618333,66.51,1,3
18551,618366,65.15,1,3
18552,618400,63.43,1,3
18553,618433,61.24,1,3
18554,618466,60.32,1,3
18555,618500,59.32,1,3
18556,618533,57.14,1,3
18557,618566,55.49,1,3
18558,618600,54.01,1,3
18559,618633,50.59,1,3
18560,618666,47.65,1,2
18561,618700,45.71,1,2
18562,618733,43.15,1,2
18563,618766,40.9,1,2
18564,618800,41.03,1,2
18565,618833,41.16,1,2
18566,618866,41.47,1,2
18567,618900,43.57,1,2
18568,618933,45.67,1,2
18569,618966,46.84,1,2
18570,619000,47.67,1,2
18571,619033,48.51,1,2
18572,619066,48.16,1,2
18573,619100,49.48,1,2
18574,619133,50.8,1,3
18575,619166,52.46,1,3
18576,619200,54.44,1,3
18577,619233,58.48,1,3
18578,619266,61.11,1,3
18579,619300,66.58,1,3
18580,619333,72.04,1,3
18581,619366,77.1,1,4
18582,619400,80.09,1,4
18583,619433,83.68,1,4
18584,619466,84.43,1,4
18585,619500,84.01,1,4
18586,619533,83.45,1,4
18587,619566,82.89,1,4
18588,619600,80.88,1,4
18589,619633,78.36,1,4
18590,619666,77.01,1,4
18591,619700,75.9,1,4
18592,619733,75.65,1,4
18593,619766,76.01,1,4
18594,619800,76.88,1,4
18595,619833,77.86,1,4
18596,619866,78.84,1,4
18597,619900,77.49,1,4
18598,619933,75.48,1,4
18599,619966,72.83,1,3
18600,620000,69.93,1,3
18601,620033,63.83,1,3
18602,620066,59.19,1,3
18603,620100,55.25,1,3
18604,620133,51.97,1,3
18605,620166,48.82,1,2
18606,620200,48.49,1,2
18607,620233,47.44,1,2
18608,620266,46.34,1,2
18609,620300,44.84,1,2
18610,620333,43.34,1,2
18611,620366,42.24,1,2
18612,620400,42.13,1,2
18613,620433,42.02,1,2
18614,620466,42.3,1,2
18615,620500,44.11,1,2
18616,620533,45.92,1,2
18617,620566,47.44,1,2
18618,620600,50.62,1,3
18619,620633,53.8,1,3
18620,620666,55.53,1,3
18621,620700,57.38,1,3
18622,620733,61.24,1,3
18623,620766,63.44,1,3
18624,620800,65.65,1,3
18625,620833,69.48,1,3
18626,620866,73.19,1,3
18627,620900,73.54,1,3
18628,620933,73.63,1,3
18629,620966,73.73,1,3
18630,621000,72.12,1,3
18631,621033,71.4,1,3
18632,621066,72.03,1,3
18633,621100,72.91,1,3
18634,621133,73.52,1,3
18635,621166,74.13,1,3
18636,621200,73.02,1,3
18637,621233,71.36,1,3
18638,621266,69.71,1,3
18639,621300,67.66,1,3
18640,621333,65.29,1,3
18641,621366,63.76,1,3
18642,621400,62.77,1,3
18643,621433,62.34,1,3
18644,621466,62.57,1,3
18645,621500,62.59,1,3
18646,621533,60.33,1,3
18647,621566,58.07,1,3
18648,621600,55.12,1,3
18649,621633,50.27,1,3
18650,621666,45.96,1,2
18651,621700,44.83,1,2
18652,621733,43.7,1,2
18653,621766,42.7,1,2
18654,621800,43.23,1,2
18655,621833,43.6,1,2
18656,621866,43.06,1,2
18657,621900,43.23,1,2
18658,621933,43.4,1,2
18659,621966,43.96,1,2
18660,622000,47.8,1,2
18661,622033,51.63,1,3
18662,622066,54.76,1,3
18663,622100,59.51,1,3
18664,622133,64.25,1,3
18665,622166,65.57,1,3
18666,622200,66.38,1,3
18667,622233,66.99,1,3
18668,622266,65.97,1,3
18669,622300,64.96,1,3
18670,622333,65.21,1,3
18671,622366,65.96,1,3
18672,622400,66.87,1,3
18673,622433,67.71,1,3
18674,622466,68.54,1,3
18675,622500,68.07,1,3
18676,622533,67.53,1,3
18677,622566,67.04,1,3
18678,622600,66.62,1,3
18679,622633,66.23,1,3
18680,622666,66.18,1,3
18681,622700,66.22,1,3
18682,622733,67.5,1,3
18683,622766,68.79,1,3
18684,622800,68.32,1,3
18685,622833,67.42,1,3
18686,622866,66.51,1,3
18687,622900,63.78,1,3
18688,622933,60.65,1,3
18689,622966,59.64,1,3
18690,623000,59.2,1,3
18691,623033,58.76,1,3
18692,623066,58.9,1,3
18693,623100,59.07,1,3
18694,623133,56.15,1,3
18695,623166,53.1,1,3
18696,623200,49.71,1,2
18697,623233,45.04,1,2
18698,623266,40.74,1,2
18699,623300,45.15,1,2
18700,623333,49.56,1,2
18701,623366,54.3,1,3
18702,623400,60.88,1,3
18703,623433,67.45,1,3
18704,623466,68,1,3
18705,623500,68.06,1,3
18706,623533,68.12,1,3
18707,623566,67.63,1,3
18708,623600,67.21,1,3
18709,623633,66.78,1,3
18710,623666,66.23,1,3
18711,623700,65.68,1,3
18712,623733,66.49,1,3
18713,623766,67.24,1,3
18714,623800,67.99,1,3
18715,623833,69.42,1,3
18716,623866,70.85,1,3
18717,623900,70.93,1,3
18718,623933,71.74,1,3
18719,623966,72.56,1,3
18720,624000,73.3,1,3
18721,624033,75.18,1,4
18722,624066,77.07,1,4
18723,624100,77.38,1,4
18724,624133,77.46,1,4
18725,624166,77.54,1,4
18726,624200,75.14,1,4
18727,624233,72.49,1,3
18728,624266,70.68,1,3
18729,624300,69.09,1,3
18730,624333,68.19,1,3
18731,624366,68.62,1,3
18732,624400,68.4,1,3
18733,624433,67.23,1,3
18734,624466,66.06,1,3
18735,624500,63.33,1,3
18736,624533,58.36,1,3
18737,624566,54.31,1,3
18738,624600,50.89,1,3
18739,624633,46.85,1,2
18740,624666,43.69,1,2
18741,624700,42.27,1,2
18742,624733,40.03,1,2
18743,624766,38.1,1,2
18744,624800,37.51,1,2
18745,624833,36.92,1,2
18746,624866,36.82,1,2
18747,624900,39.67,1,2
18748,624933,42.51,1,2
18749,624966,44.64,1,2
18750,625000,49.08,1,2
18751,625033,53.51,1,3
18752,625066,55.82,1,3
18753,625100,58.56,1,3
18754,625133,61.89,1,3
18755,625166,62.92,1,3
18756,625200,63.94,1,3
18757,625233,66.47,1,3
18758,625266,68.58,1,3
18759,625300,70.08,1,3
18760,625333,71.52,1,3
18761,625366,72.95,1,3
18762,625400,72.87,1,3
18763,625433,72.77,1,3
18764,625466,72.66,1,3
18765,625500,71.63,1,3
18766,625533,70.31,1,3
18767,625566,68.99,1,3
18768,625600,67.7,1,3
18769,625633,66.72,1,3
18770,625666,66.74,1,3
18771,625700,66.33,1,3
18772,625733,65.53,1,3
18773,625766,64.73,1,3
18774,625800,63.62,1,3
18775,625833,61.97,1,3
18776,625866,61.8,1,3
18777,625900,62.05,1,3
18778,625933,62.3,1,3
18779,625966,62.55,1,3
18780,626000,63.13,1,3
18781,626033,59.64,1,3
18782,626066,56.13,1,3
18783,626100,52.33,1,3
18784,626133,47.68,1,2
18785,626166,43.24,1,2
18786,626200,42.28,1,2
18787,626233,41.32,1,2
18788,626266,40.65,1,2
18789,626300,41.63,1,2
18790,626333,42.62,1,2
18791,626366,43.42,1,2
18792,626400,44.65,1,2
18793,626433,45.87,1,2
18794,626466,46.3,1,2
18795,626500,47.91,1,2
18796,626533,49.52,1,2
18797,626566,50.71,1,3
18798,626600,52.13,1,3
18799,626633,55.6,1,3
18800,626666,57.88,1,3
18801,626700,60.16,1,3
18802,626733,63.05,1,3
18803,626766,65.7,1,3
18804,626800,66.3,1,3
18805,626833,67.22,1,3
18806,626866,68.14,1,3
18807,626900,68.45,1,3
18808,626933,69.19,1,3
18809,626966,69.94,1,3
18810,627000,69.78,1,3
18811,627033,69.49,1,3
18812,627066,69.2,1,3
18813,627100,68.47,1,3
18814,627133,67.85,1,3
18815,627166,67.81,1,3
18816,627200,67.91,1,3
18817,627233,68.12,1,3
18818,627266,68.52,1,3
18819,627300,70.67,1,3
18820,627333,72.81,1,3
18821,627366,74.72,1,3
18822,627400,76.18,1,4
18823,627433,74.89,1,3
18824,627466,71.76,1,3
18825,627500,68.04,1,3
18826,627533,63.42,1,3
18827,627566,59.14,1,3
18828,627600,56.7,1,3
18829,627633,52.89,1,3
18830,627666,49.67,1,2
18831,627700,46.79,1,2
18832,627733,43.24,1,2
18833,627766,40.4,1,2
18834,627800,39.96,1,2
18835,627833,39.52,1,2
18836,627866,39.87,1,2
18837,627900,43.16,1,2
18838,627933,46.45,1,2
18839,627966,48.72,1,2
18840,628000,51.31,1,3
18841,628033,53.9,1,3
18842,628066,53.99,1,3
18843,628100,54.08,1,3
18844,628133,56.07,1,3
18845,628166,57.74,1,3
18846,628200,59.41,1,3
18847,628233,62.32,1,3
18848,628266,65.23,1,3
18849,628300,65.99,1,3
18850,628333,66.55,1,3
18851,628366,67.1,1,3
18852,628400,66.65,1,3
18853,628433,66.27,1,3
18854,628466,66.13,1,3
18855,628500,66.01,1,3
18856,628533,65.64,1,3
18857,628566,65.27,1,3
18858,628600,63.13,1,3
18859,628633,60.59,1,3
18860,628666,58.25,1,3
18861,628700,55.59,1,3
18862,628733,52.32,1,3
18863,628766,51.3,1,3
18864,628800,50.12,1,3
18865,628833,48.56,1,2
18866,628866,47.56,1,2
18867,628900,46.83,1,2
18868,628933,44.21,1,2
18869,628966,42.15,1,2
18870,629000,40.07,1,2
18871,629033,37.7,1,2
18872,629066,35.67,1,2
18873,629100,34.98,1,2
18874,629133,34.29,1,2
18875,629166,34,1,2
18876,629200,35.32,1,2
18877,629233,36.65,1,2
18878,629266,37.98,1,2
18879,629300,39.36,1,2
18880,629333,40.75,1,2
18881,629366,40.81,1,2
18882,629400,41.82,1,2
18883,629433,42.82,1,2
18884,629466,43.76,1,2
18885,629500,44.81,1,2
18886,629533,48.02,1,2
18887,629566,50.28,1,3
18888,629600,52.54,1,3
18889,629633,55.89,1,3
18890,629666,59.14,1,3
18891,629700,60.23,1,3
18892,629733,62.17,1,3
18893,629766,64.12,1,3
18894,629800,64.98,1,3
18895,629833,66.67,1,3
18896,629866,68.36,1,3
18897,629900,69.11,1,3
18898,629933,69.57,1,3
18899,629966,70.04,1,3
18900,630000,69.67,1,3
18901,630033,69.06,1,3
18902,630066,68.53,1,3
18903,630100,68.28,1,3
18904,630133,69.46,1,3
18905,630166,70.64,1,3
18906,630200,71.5,1,3
18907,630233,72.03,1,3
18908,630266,72.57,1,3
18909,630300,70.46,1,3
18910,630333,67.45,1,3
18911,630366,65.89,1,3
18912,630400,63.77,1,3
18913,630433,60.88,1,3
18914,630466,59.22,1,3
18915,630500,58.06,1,3
18916,630533,54.18,1,3
18917,630566,51.19,1,3
18918,630600,48.46,1,2
18919,630633,44.76,1,2
18920,630666,41.46,1,2
18921,630700,40.27,1,2
18922,630733,39.08,1,2
18923,630766,38.39,1,2
18924,630800,39.51,1,2
18925,630833,40.62,1,2
18926,630866,41.45,1,2
18927,630900,43.5,1,2
18928,630933,45.56,1,2
18929,630966,46.78,1,2
18930,631000,50.91,1,3
18931,631033,55.05,1,3
18932,631066,57.78,1,3
18933,631100,60.51,1,3
18934,631133,66.22,1,3
18935,631166,69.01,1,3
18936,631200,70.7,1,3
18937,631233,72.37,1,3
18938,631266,74.24,1,3
18939,631300,74.41,1,3
18940,631333,76.34,1,4
18941,631366,79.38,1,4
18942,631400,82.62,1,4
18943,631433,85.93,1,4
18944,631466,87.97,1,4
18945,631500,87.15,1,4
18946,631533,85.84,1,4
18947,631566,84.53,1,4
18948,631600,81.48,1,4
18949,631633,77.99,1,4
18950,631666,75.59,1,4
18951,631700,73.69,1,3
18952,631733,71.45,1,3
18953,631766,70.69,1,3
18954,631800,68.23,1,3
18955,631833,65.18,1,3
18956,631866,62.13,1,3
18957,631900,59.33,1,3
18958,631933,56.54,1,3
18959,631966,55.87,1,3
18960,632000,55.08,1,3
18961,632033,53.99,1,3
18962,632066,52.98,1,3
18963,632100,52.11,1,3
18964,632133,51.24,1,3
18965,632166,51.08,1,3
18966,632200,50.78,1,3
18967,632233,49.18,1,2
18968,632266,47.44,1,2
18969,632300,47.92,1,2
18970,632333,48.4,1,2
18971,632366,49.32,1,2
18972,632400,53.01,1,3
18973,632433,56.69,1,3
18974,632466,58.15,1,3
18975,632500,59.89,1,3
18976,632533,61.64,1,3
18977,632566,61.56,1,3
18978,632600,61.48,1,3
18979,632633,62.29,1,3
18980,632666,62.82,1,3
18981,632700,63.35,1,3
18982,632733,64.72,1,3
18983,632766,66.09,1,3
18984,632800,66.57,1,3
18985,632833,67.05,1,3
18986,632866,67.52,1,3
18987,632900,67.51,1,3
18988,632933,67.84,1,3
18989,632966,68.17,1,3
18990,633000,68.51,1,3
18991,633033,70.36,1,3
18992,633066,72.21,1,3
18993,633100,73.29,1,3
18994,633133,74.13,1,3
18995,633166,74.97,1,3
18996,633200,73.71,1,3
18997,633233,72.14,1,3
18998,633266,70.99,1,3
18999,633300,70.08,1,3
19000,633333,69.4,1,3
19001,633366,69.99,1,3
19002,633400,70.9,1,3
19003,633433,69.65,1,3
19004,633466,68.41,1,3
19005,633500,66.56,1,3
19006,633533,60.76,1,3
19007,633566,54.96,1,3
19008,633600,50.89,1,3
19009,633633,46.54,1,2
19010,633666,42.56,1,2
19011,633700,41.74,1,2
19012,633733,40.92,1,2
19013,633766,40.51,1,2
19014,633800,40.09,1,2
19015,633833,39.66,1,2
19016,633866,39.35,1,2
19017,633900,40.7,1,2
19018,633933,42.05,1,2
19019,633966,43.71,1,2
19020,634000,47.9,1,2
19021,634033,52.08,1,3
19022,634066,54.42,1,3
19023,634100,56.75,1,3
19024,634133,60.4,1,3
19025,634166,61.52,1,3
19026,634200,62.65,1,3
19027,634233,65.24,1,3
19028,634266,67.83,1,3
19029,634300,69.11,1,3
19030,634333,72.33,1,3
19031,634366,75.54,1,4
19032,634400,76.64,1,4
19033,634433,77.33,1,4
19034,634466,78.01,1,4
19035,634500,75.55,1,4
19036,634533,72.88,1,3
19037,634566,71.03,1,3
19038,634600,69.61,1,3
19039,634633,68.11,1,3
19040,634666,67.83,1,3
19041,634700,67.6,1,3
19042,634733,67.05,1,3
19043,634766,66.49,1,3
19044,634800,64.46,1,3
19045,634833,62.35,1,3
19046,634866,60.46,1,3
19047,634900,58.53,1,3
19048,634933,55.01,1,3
19049,634966,53.04,1,3
19050,635000,50.67,1,3
19051,635033,47.84,1,2
19052,635066,45.38,1,2
19053,635100,44.2,1,2
19054,635133,42.17,1,2
19055,635166,40.6,1,2
19056,635200,41.23,1,2
19057,635233,41.87,1,2
19058,635266,42.82,1,2
19059,635300,49.15,1,2
19060,635333,55.48,1,3
19061,635366,60.01,1,3
19062,635400,64.95,1,3
19063,635433,69.9,1,3
19064,635466,70.31,1,3
19065,635500,70.81,1,3
19066,635533,72.05,1,3
19067,635566,72.88,1,3
19068,635600,73.71,1,3
19069,635633,74.81,1,3
19070,635666,75.82,1,4
19071,635700,75.23,1,4
19072,635733,74.02,1,3
19073,635766,72.8,1,3
19074,635800,71.32,1,3
19075,635833,69.75,1,3
19076,635866,69.06,1,3
19077,635900,68.98,1,3
19078,635933,69.7,1,3
19079,635966,70.41,1,3
19080,636000,70.65,1,3
19081,636033,70.64,1,3
19082,636066,70.63,1,3
19083,636100,69.84,1,3
19084,636133,69.35,1,3
19085,636166,69.41,1,3
19086,636200,69.72,1,3
19087,636233,69.79,1,3
19088,636266,69.87,1,3
19089,636300,69.45,1,3
19090,636333,68.6,1,3
19091,636366,67.76,1,3
19092,636400,67.13,1,3
19093,636433,63.88,1,3
19094,636466,60.83,1,3
19095,636500,57.85,1,3
19096,636533,53.9,1,3
19097,636566,49.96,1,2
19098,636600,48.29,1,2
19099,636633,45.9,1,2
19100,636666,43.86,1,2
19101,636700,42.51,1,2
19102,636733,40.91,1,2
19103,636766,39.66,1,2
19104,636800,40.12,1,2
19105,636833,40.58,1,2
19106,636866,41.33,1,2
19107,636900,44.36,1,2
19108,636933,47.39,1,2
19109,636966,49.42,1,2
19110,637000,52.39,1,3
19111,637033,55.36,1,3
19112,637066,56.3,1,3
19113,637100,57.24,1,3
19114,637133,59.01,1,3
19115,637166,59.84,1,3
19116,637200,60.67,1,3
19117,637233,64.81,1,3
19118,637266,68.95,1,3
19119,637300,71.26,1,3
19120,637333,73.44,1,3
19121,637366,75.62,1,4
19122,637400,74.02,1,3
19123,637433,72.27,1,3
19124,637466,71.54,1,3
19125,637500,70.93,1,3
19126,637533,70.89,1,3
19127,637566,71.3,1,3
19128,637600,71.31,1,3
19129,637633,71.14,1,3
19130,637666,70.96,1,3
19131,637700,69.15,1,3
19132,637733,67.09,1,3
19133,637766,65.58,1,3
19134,637800,63.86,1,3
19135,637833,61.81,1,3
19136,637866,61.17,1,3
19137,637900,60.3,1,3
19138,637933,56.82,1,3
19139,637966,53.73,1,3
19140,638000,50.7,1,3
19141,638033,46.96,1,2
19142,638066,43.7,1,2
19143,638100,44.53,1,2
19144,638133,45.36,1,2
19145,638166,46.46,1,2
19146,638200,47.63,1,2
19147,638233,48.75,1,2
19148,638266,48.41,1,2
19149,638300,47.76,1,2
19150,638333,46.84,1,2
19151,638366,46.24,1,2
19152,638400,47.51,1,2
19153,638433,48.79,1,2
19154,638466,50.36,1,3
19155,638500,52.23,1,3
19156,638533,56.19,1,3
19157,638566,58.3,1,3
19158,638600,60.41,1,3
19159,638633,63.16,1,3
19160,638666,65.88,1,3
19161,638700,66.52,1,3
19162,638733,67.18,1,3
19163,638766,67.85,1,3
19164,638800,67.88,1,3
19165,638833,68.62,1,3
19166,638866,69.35,1,3
19167,638900,70,1,3
19168,638933,70.58,1,3
19169,638966,71.16,1,3
19170,639000,70.89,1,3
19171,639033,70.54,1,3
19172,639066,70.25,1,3
19173,639100,69.55,1,3
19174,639133,68.7,1,3
19175,639166,68,1,3
19176,639200,67.3,1,3
19177,639233,66.36,1,3
19178,639266,66.13,1,3
19179,639300,68.96,1,3
19180,639333,71.8,1,3
19181,639366,74.71,1,3
19182,639400,77.64,1,4
19183,639433,79.03,1,4
19184,639466,77.51,1,4
19185,639500,75.21,1,4
19186,639533,71.1,1,3
19187,639566,67.22,1,3
19188,639600,64.06,1,3
19189,639633,58.12,1,3
19190,639666,52.97,1,3
19191,639700,49.32,1,2
19192,639733,45.67,1,2
19193,639766,42.59,1,2
19194,639800,42.68,1,2
19195,639833,42.77,1,2
19196,639866,43.16,1,2
19197,639900,45.41,1,2
19198,639933,47.65,1,2
19199,639966,49.5,1,2
19200,640000,53.62,1,3
19201,640033,57.75,1,3
19202,640066,59.8,1,3
19203,640100,61.86,1,3
19204,640133,66.13,1,3
19205,640166,68.13,1,3
19206,640200,69.39,1,3
19207,640233,70.72,1,3
19208,640266,72.05,1,3
19209,640300,71.15,1,3
19210,640333,70.73,1,3
19211,640366,71.05,1,3
19212,640400,71.52,1,3
19213,640433,72.35,1,3
19214,640466,73.18,1,3
19215,640500,73.54,1,3
19216,640533,73.76,1,3
19217,640566,73.99,1,3
19218,640600,72.19,1,3
19219,640633,70.18,1,3
19220,640666,68.17,1,3
19221,640700,65.65,1,3
19222,640733,62.76,1,3
19223,640766,61.54,1,3
19224,640800,60.37,1,3
19225,640833,57.7,1,3
19226,640866,55.66,1,3
19227,640900,53.59,1,3
19228,640933,50.59,1,3
19229,640966,47.75,1,2
19230,641000,46.17,1,2
19231,641033,44.32,1,2
19232,641066,42.89,1,2
19233,641100,42.07,1,2
19234,641133,40.78,1,2
19235,641166,39.75,1,2
19236,641200,39.86,1,2
19237,641233,39.98,1,2
19238,641266,40.4,1,2
19239,641300,43.73,1,2
19240,641333,47.06,1,2
19241,641366,49.5,1,2
19242,641400,54.5,1,3
19243,641433,59.5,1,3
19244,641466,61.75,1,3
19245,641500,63.82,1,3
19246,641533,65.73,1,3
19247,641566,65.08,1,3
19248,641600,64.43,1,3
19249,641633,64.43,1,3
19250,641666,64.61,1,3
19251,641700,64.95,1,3
19252,641733,66.37,1,3
19253,641766,67.8,1,3
19254,641800,68.66,1,3
19255,641833,69.08,1,3
19256,641866,69.51,1,3
19257,641900,68.85,1,3
19258,641933,69.12,1,3
19259,641966,69.61,1,3
19260,642000,69.97,1,3
19261,642033,70.21,1,3
19262,642066,70.45,1,3
19263,642100,69.77,1,3
19264,642133,68.89,1,3
19265,642166,68.59,1,3
19266,642200,68.4,1,3
19267,642233,68.21,1,3
19268,642266,68.03,1,3
19269,642300,68.03,1,3
19270,642333,68.24,1,3
19271,642366,68.98,1,3
19272,642400,69.2,1,3
19273,642433,66.6,1,3
19274,642466,64,1,3
19275,642500,60.71,1,3
19276,642533,55.19,1,3
19277,642566,50.2,1,3
19278,642600,47.67,1,2
19279,642633,44.88,1,2
19280,642666,42.58,1,2
19281,642700,42.55,1,2
19282,642733,42.53,1,2
19283,642766,42.86,1,2
19284,642800,43.09,1,2
19285,642833,43.02,1,2
19286,642866,42.37,1,2
19287,642900,43.85,1,2
19288,642933,45.33,1,2
19289,642966,47.16,1,2
19290,643000,50.95,1,3
19291,643033,55.1,1,3
19292,643066,57.13,1,3
19293,643100,59.15,1,3
19294,643133,61.84,1,3
19295,643166,62.88,1,3
19296,643200,63.55,1,3
19297,643233,65.94,1,3
19298,643266,68.88,1,3
19299,643300,72.79,1,3
19300,643333,78.19,1,4
19301,643366,83.59,1,4
19302,643400,86.68,1,4
19303,643433,88.83,1,4
19304,643466,89.34,1,4
19305,643500,87.59,1,4
19306,643533,85.69,1,4
19307,643566,84.36,1,4
19308,643600,83.44,1,4
19309,643633,82.03,1,4
19310,643666,81.4,1,4
19311,643700,78.7,1,4
19312,643733,75.47,1,4
19313,643766,72.31,1,3
19314,643800,69.56,1,3
19315,643833,64.6,1,3
19316,643866,61.86,1,3
19317,643900,59.16,1,3
19318,643933,55.5,1,3
19319,643966,51.9,1,3
19320,644000,50.08,1,3
19321,644033,47.07,1,2
19322,644066,44.57,1,2
19323,644100,42.57,1,2
19324,644133,39.8,1,2
19325,644166,37.47,1,2
19326,644200,38.17,1,2
19327,644233,38.88,1,2
19328,644266,39.96,1,2
19329,644300,43.07,1,2
19330,644333,46.18,1,2
19331,644366,47.43,1,2
19332,644400,49.7,1,2
19333,644433,51.96,1,3
19334,644466,52.74,1,3
19335,644500,53.52,1,3
19336,644533,56.67,1,3
19337,644566,58.98,1,3
19338,644600,61.35,1,3
19339,644633,65.01,1,3
19340,644666,68.68,1,3
19341,644700,69.5,1,3
19342,644733,69.86,1,3
19343,644766,70.16,1,3
19344,644800,69.41,1,3
19345,644833,68.85,1,3
19346,644866,68.77,1,3
19347,644900,68.52,1,3
19348,644933,68.14,1,3
19349,644966,67.76,1,3
19350,645000,67.17,1,3
19351,645033,66.48,1,3
19352,645066,66.24,1,3
19353,645100,66.13,1,3
19354,645133,65.97,1,3
19355,645166,65.8,1,3
19356,645200,65.74,1,3
19357,645233,66.06,1,3
19358,645266,66.37,1,3
19359,645300,66.19,1,3
19360,645333,64.15,1,3
19361,645366,62.1,1,3
19362,645400,59.01,1,3
19363,645433,54.13,1,3
19364,645466,49.81,1,2
19365,645500,47.53,1,2
19366,645533,45.26,1,2
19367,645566,43.66,1,2
19368,645600,43.56,1,2
19369,645633,42.18,1,2
19370,645666,40.61,1,2
19371,645700,39.53,1,2
19372,645733,38.44,1,2
19373,645766,37.64,1,2
19374,645800,39.57,1,2
19375,645833,41.5,1,2
19376,645866,42.96,1,2
19377,645900,46.34,1,2
19378,645933,49.72,1,2
19379,645966,51.58,1,3
19380,646000,53.43,1,3
19381,646033,56.46,1,3
19382,646066,57.56,1,3
19383,646100,58.65,1,3
19384,646133,61,1,3
19385,646166,63.34,1,3
19386,646200,64.52,1,3
19387,646233,66.06,1,3
19388,646266,67.61,1,3
19389,646300,67.98,1,3
19390,646333,68.79,1,3
19391,646366,69.61,1,3
19392,646400,70.05,1,3
19393,646433,71.37,1,3
19394,646466,72.68,1,3
19395,646500,73.55,1,3
19396,646533,74.8,1,3
19397,646566,76.04,1,4
19398,646600,75.22,1,4
19399,646633,74.22,1,3
19400,646666,73.21,1,3
19401,646700,70.55,1,3
19402,646733,67.57,1,3
19403,646766,66.1,1,3
19404,646800,64.51,1,3
19405,646833,61.7,1,3
19406,646866,60.18,1,3
19407,646900,58.55,1,3
19408,646933,54.88,1,3
19409,646966,51.52,1,3
19410,647000,49.11,1,2
19411,647033,45.69,1,2
19412,647066,42.69,1,2
19413,647100,41.63,1,2
19414,647133,40.58,1,2
19415,647166,39.8,1,2
19416,647200,40.1,1,2
19417,647233,40.41,1,2
19418,647266,40.5,1,2
19419,647300,45.36,1,2
19420,647333,50.21,1,3
19421,647366,54.97,1,3
19422,647400,61.65,1,3
19423,647433,68.33,1,3
19424,647466,70.24,1,3
19425,647500,72.62,1,3
19426,647533,75.56,1,4
19427,647566,76.59,1,4
19428,647600,77.16,1,4
19429,647633,77.29,1,4
19430,647666,76.97,1,4
19431,647700,76.08,1,4
19432,647733,75.6,1,4
19433,647766,75.59,1,4
19434,647800,75.94,1,4
19435,647833,75.96,1,4
19436,647866,75.97,1,4
19437,647900,74.87,1,3
19438,647933,73.49,1,3
19439,647966,72.17,1,3
19440,648000,71.02,1,3
19441,648033,69.46,1,3
19442,648066,68.61,1,3
19443,648100,68.04,1,3
19444,648133,67.18,1,3
19445,648166,66.49,1,3
19446,648200,65.52,1,3
19447,648233,64.11,1,3
19448,648266,62.7,1,3
19449,648300,61.1,1,3
19450,648333,59.03,1,3
19451,648366,58.13,1,3
19452,648400,57.18,1,3
19453,648433,55.97,1,3
19454,648466,55.24,1,3
19455,648500,54.61,1,3
19456,648533,51.68,1,3
19457,648566,49.22,1,2
19458,648600,46.68,1,2
19459,648633,43.38,1,2
19460,648666,40.45,1,2
19461,648700,40.19,1,2
19462,648733,39.94,1,2
19463,648766,40.03,1,2
19464,648800,42.03,1,2
19465,648833,44.03,1,2
19466,648866,45.18,1,2
19467,648900,47.29,1,2
19468,648933,49.41,1,2
19469,648966,50.38,1,3
19470,649000,53.23,1,3
19471,649033,56.08,1,3
19472,649066,57.78,1,3
19473,649100,59.48,1,3
19474,649133,62.55,1,3
19475,649166,63.73,1,3
19476,649200,64.92,1,3
19477,649233,66.37,1,3
19478,649266,67.81,1,3
19479,649300,67.89,1,3
19480,649333,69.46,1,3
19481,649366,71.02,1,3
19482,649400,72.4,1,3
19483,649433,73.26,1,3
19484,649466,74.13,1,3
19485,649500,73.5,1,3
19486,649533,72.56,1,3
19487,649566,71.74,1,3
19488,649600,70.2,1,3
19489,649633,68.52,1,3
19490,649666,66.83,1,3
19491,649700,65.44,1,3
19492,649733,65.3,1,3
19493,649766,66.39,1,3
19494,649800,66.9,1,3
19495,649833,65.69,1,3
19496,649866,64.48,1,3
19497,649900,61.71,1,3
19498,649933,56.66,1,3
19499,649966,52.35,1,3
19500,650000,49.42,1,2
19501,650033,46.29,1,2
19502,650066,43.47,1,2
19503,650100,42.63,1,2
19504,650133,41.23,1,2
19505,650166,40.17,1,2
19506,650200,40.28,1,2
19507,650233,40.39,1,2
19508,650266,40.81,1,2
19509,650300,44.59,1,2
19510,650333,48.37,1,2
19511,650366,51.18,1,3
19512,650400,55.28,1,3
19513,650433,59.39,1,3
19514,650466,60.2,1,3
19515,650500,61,1,3
19516,650533,62.1,1,3
19517,650566,61.9,1,3
19518,650600,61.7,1,3
19519,650633,63.62,1,3
19520,650666,65.54,1,3
19521,650700,67.16,1,3
19522,650733,69.01,1,3
19523,650766,70.85,1,3
19524,650800,70.51,1,3
19525,650833,70.09,1,3
19526,650866,69.68,1,3
19527,650900,69.03,1,3
19528,650933,68.04,1,3
19529,650966,67.61,1,3
19530,651000,67.25,1,3
19531,651033,67.34,1,3
19532,651066,67.44,1,3
19533,651100,67.24,1,3
19534,651133,66.94,1,3
19535,651166,66.65,1,3
19536,651200,65.91,1,3
19537,651233,65.49,1,3
19538,651266,65.96,1,3
19539,651300,69.22,1,3
19540,651333,72.48,1,3
19541,651366,75.74,1,4
19542,651400,78.18,1,4
19543,651433,77.58,1,4
19544,651466,74.28,1,3
19545,651500,70.67,1,3
19546,651533,66.15,1,3
19547,651566,62.14,1,3
19548,651600,60.44,1,3
19549,651633,57.9,1,3
19550,651666,55.67,1,3
19551,651700,54.28,1,3
19552,651733,52.88,1,3
19553,651766,51.97,1,3
19554,651800,51.44,1,3
19555,651833,50.6,1,3
19556,651866,49.83,1,2
19557,651900,49.85,1,2
19558,651933,49.88,1,2
19559,651966,50.37,1,3
19560,652000,52.77,1,3
19561,652033,55.17,1,3
19562,652066,56.48,1,3
19563,652100,57.79,1,3
19564,652133,60.89,1,3
19565,652166,62.38,1,3
19566,652200,63.88,1,3
19567,652233,66.59,1,3
19568,652266,69.31,1,3
19569,652300,70.24,1,3
19570,652333,72.68,1,3
19571,652366,75.11,1,4
19572,652400,75.62,1,4
19573,652433,75.91,1,4
19574,652466,76.21,1,4
19575,652500,74.54,1,3
19576,652533,72.74,1,3
19577,652566,71.93,1,3
19578,652600,71.34,1,3
19579,652633,72.44,1,3
19580,652666,74,1,3
19581,652700,73.71,1,3
19582,652733,73.16,1,3
19583,652766,72.61,1,3
19584,652800,69.25,1,3
19585,652833,64.25,1,3
19586,652866,61.23,1,3
19587,652900,58.1,1,3
19588,652933,53.97,1,3
19589,652966,50.97,1,3
19590,653000,49.1,1,2
19591,653033,46.43,1,2
19592,653066,44.13,1,2
19593,653100,42.54,1,2
19594,653133,40.2,1,2
19595,653166,38.35,1,2
19596,653200,38.5,1,2
19597,653233,38.64,1,2
19598,653266,39.08,1,2
19599,653300,41.31,1,2
19600,653333,43.54,1,2
19601,653366,44.57,1,2
19602,653400,47.22,1,2
19603,653433,49.86,1,2
19604,653466,51.47,1,3
19605,653500,53.42,1,3
19606,653533,57.47,1,3
19607,653566,59.92,1,3
19608,653600,62.36,1,3
19609,653633,66.52,1,3
19610,653666,70.35,1,3
19611,653700,71.3,1,3
19612,653733,72.03,1,3
19613,653766,72.77,1,3
19614,653800,71.44,1,3
19615,653833,69.84,1,3
19616,653866,69,1,3
19617,653900,68.39,1,3
19618,653933,68.89,1,3
19619,653966,69.74,1,3
19620,654000,69.22,1,3
19621,654033,68.32,1,3
19622,654066,67.43,1,3
19623,654100,65.41,1,3
19624,654133,63.58,1,3
19625,654166,63.39,1,3
19626,654200,63.58,1,3
19627,654233,64.15,1,3
19628,654266,64.73,1,3
19629,654300,63.74,1,3
19630,654333,62.02,1,3
19631,654366,60.29,1,3
19632,654400,57.77,1,3
19633,654433,54.83,1,3
19634,654466,53.27,1,3
19635,654500,52.56,1,3
19636,654533,51.86,1,3
19637,654566,51.56,1,3
19638,654600,51.23,1,3
19639,654633,49.96,1,2
19640,654666,48.58,1,2
19641,654700,46.79,1,2
19642,654733,43.84,1,2
19643,654766,41.34,1,2
19644,654800,41.4,1,2
19645,654833,41.46,1,2
19646,654866,41.93,1,2
19647,654900,45.44,1,2
19648,654933,48.94,1,2
19649,654966,50.82,1,3
19650,655000,53.16,1,3
19651,655033,55.5,1,3
19652,655066,55.62,1,3
19653,655100,55.75,1,3
19654,655133,57.18,1,3
19655,655166,58.16,1,3
19656,655200,59.14,1,3
19657,655233,61.33,1,3
19658,655266,63.71,1,3
19659,655300,67.48,1,3
19660,655333,72.07,1,3
19661,655366,76.67,1,4
19662,655400,80.37,1,4
19663,655433,84.47,1,4
19664,655466,85.86,1,4
19665,655500,86.44,1,4
19666,655533,87.57,1,4
19667,655566,88.71,1,4
19668,655600,87.58,1,4
19669,655633,86,1,4
19670,655666,84.41,1,4
19671,655700,80.82,1,4
19672,655733,76.49,1,4
19673,655766,73.85,1,3
19674,655800,71.67,1,3
19675,655833,69.33,1,3
19676,655866,69.04,1,3
19677,655900,68.89,1,3
19678,655933,65.63,1,3
19679,655966,62.38,1,3
19680,656000,58.85,1,3
19681,656033,52.94,1,3
19682,656066,47.63,1,2
19683,656100,45.43,1,2
19684,656133,43.24,1,2
19685,656166,41.46,1,2
19686,656200,41.18,1,2
19687,656233,40.9,1,2
19688,656266,40.6,1,2
19689,656300,40.57,1,2
19690,656333,40.54,1,2
19691,656366,40.8,1,2
19692,656400,44.33,1,2
19693,656433,47.85,1,2
19694,656466,51.12,1,3
19695,656500,55.78,1,3
19696,656533,60.45,1,3
19697,656566,61.78,1,3
19698,656600,63.11,1,3
19699,656633,64.78,1,3
19700,656666,65.04,1,3
19701,656700,65.31,1,3
19702,656733,66.56,1,3
19703,656766,67.81,1,3
19704,656800,68.73,1,3
19705,656833,70.81,1,3
19706,656866,72.89,1,3
19707,656900,73.31,1,3
19708,656933,73.47,1,3
19709,656966,73.63,1,3
19710,657000,72.11,1,3
19711,657033,70.28,1,3
19712,657066,69.21,1,3
19713,657100,68.38,1,3
19714,657133,67.43,1,3
19715,657166,67,1,3
19716,657200,65.89,1,3
19717,657233,64.51,1,3
19718,657266,63.14,1,3
19719,657300,60.73,1,3
19720,657333,58.02,1,3
19721,657366,56.59,1,3
19722,657400,55.43,1,3
19723,657433,54.26,1,3
19724,657466,54.26,1,3
19725,657500,54.21,1,3
19726,657533,52.14,1,3
19727,657566,50.09,1,3
19728,657600,47.66,1,2
19729,657633,43.72,1,2
19730,657666,40.12,1,2
19731,657700,39.07,1,2
19732,657733,38.03,1,2
19733,657766,37.36,1,2
19734,657800,39.96,1,2
19735,657833,42.55,1,2
19736,657866,44.31,1,2
19737,657900,46.95,1,2
19738,657933,49.59,1,2
19739,657966,50.47,1,3
19740,658000,52.48,1,3
19741,658033,54.49,1,3
19742,658066,55.42,1,3
19743,658100,56.35,1,3
19744,658133,58.7,1,3
19745,658166,59.92,1,3
19746,658200,61.15,1,3
19747,658233,63.17,1,3
19748,658266,65.2,1,3
19749,658300,65.8,1,3
19750,658333,66.76,1,3
19751,658366,67.71,1,3
19752,658400,68.85,1,3
19753,658433,70.79,1,3
19754,658466,72.74,1,3
19755,658500,73.33,1,3
19756,658533,73.89,1,3
19757,658566,73.67,1,3
19758,658600,72.41,1,3
19759,658633,70.86,1,3
19760,658666,70.3,1,3
19761,658700,69.77,1,3
19762,658733,69.47,1,3
19763,658766,69.4,1,3
19764,658800,68.46,1,3
19765,658833,67.5,1,3
19766,658866,66.3,1,3
19767,658900,63.49,1,3
19768,658933,59.81,1,3
19769,658966,57.29,1,3
19770,659000,54.23,1,3
19771,659033,50.29,1,3
19772,659066,47.75,1,2
19773,659100,45.79,1,2
19774,659133,42.69,1,2
19775,659166,40.16,1,2
19776,659200,38.44,1,2
19777,659233,36.56,1,2
19778,659266,34.94,1,2
19779,659300,40.3,1,2
19780,659333,45.66,1,2
19781,659366,51.32,1,3
19782,659400,59.28,1,3
19783,659433,67.24,1,3
19784,659466,69.37,1,3
19785,659500,71.24,1,3
19786,659533,73.07,1,3
19787,659566,72.55,1,3
19788,659600,71.91,1,3
19789,659633,70.52,1,3
19790,659666,69.4,1,3
19791,659700,68.32,1,3
19792,659733,70,1,3
19793,659766,71.8,1,3
19794,659800,74.35,1,3
19795,659833,76.66,1,4
19796,659866,78.97,1,4
19797,659900,77.83,1,4
19798,659933,76.43,1,4
19799,659966,75.04,1,4
19800,660000,73.88,1,3
19801,660033,72.8,1,3
19802,660066,72.62,1,3
19803,660100,72.39,1,3
19804,660133,72.08,1,3
19805,660166,71.77,1,3
19806,660200,70.21,1,3
19807,660233,68.2,1,3
19808,660266,66.5,1,3
19809,660300,64.17,1,3
19810,660333,61.26,1,3
19811,660366,60.1,1,3
19812,660400,58.81,1,3
19813,660433,56.75,1,3
19814,660466,55.4,1,3
19815,660500,54.19,1,3
19816,660533,50.75,1,3
19817,660566,47.89,1,2
19818,660600,46.03,1,2
19819,660633,44.16,1,2
19820,660666,42.74,1,2
19821,660700,43.55,1,2
19822,660733,44.36,1,2
19823,660766,44.94,1,2
19824,660800,44.97,1,2
19825,660833,44.65,1,2
19826,660866,43.75,1,2
19827,660900,43.65,1,2
19828,660933,43.56,1,2
19829,660966,44.02,1,2
19830,661000,46.36,1,2
19831,661033,48.7,1,2
19832,661066,50.06,1,3
19833,661100,51.43,1,3
19834,661133,54.08,1,3
19835,661166,55.19,1,3
19836,661200,56.3,1,3
19837,661233,59.31,1,3
19838,661266,62.32,1,3
19839,661300,64.04,1,3
19840,661333,66.28,1,3
19841,661366,68.51,1,3
19842,661400,69.02,1,3
19843,661433,69.54,1,3
19844,661466,70.06,1,3
19845,661500,70.08,1,3
19846,661533,70.6,1,3
19847,661566,71.13,1,3
19848,661600,71.64,1,3
19849,661633,72.54,1,3
19850,661666,73.44,1,3
19851,661700,73.83,1,3
19852,661733,74.6,1,3
19853,661766,75.37,1,4
19854,661800,73.04,1,3
19855,661833,70.11,1,3
19856,661866,67.18,1,3
19857,661900,63.27,1,3
19858,661933,58.16,1,3
19859,661966,55.76,1,3
19860,662000,53.61,1,3
19861,662033,51.13,1,3
19862,662066,49.26,1,2
19863,662100,48.25,1,2
19864,662133,45.41,1,2
19865,662166,42.92,1,2
19866,662200,40.5,1,2
19867,662233,37.5,1,2
19868,662266,34.82,1,2
19869,662300,36.19,1,2
19870,662333,37.55,1,2
19871,662366,39.18,1,2
19872,662400,42.5,1,2
19873,662433,45.82,1,2
19874,662466,46.94,1,2
19875,662500,50.21,1,3
19876,662533,53.48,1,3
19877,662566,55.63,1,3
19878,662600,59.62,1,3
19879,662633,65.46,1,3
19880,662666,69.15,1,3
19881,662700,72.42,1,3
19882,662733,75.48,1,4
19883,662766,76.7,1,4
19884,662800,74.7,1,3
19885,662833,72.54,1,3
19886,662866,70.8,1,3
19887,662900,69.27,1,3
19888,662933,67.87,1,3
19889,662966,67.85,1,3
19890,663000,67.98,1,3
19891,663033,68.32,1,3
19892,663066,68.66,1,3
19893,663100,68.37,1,3
19894,663133,67.87,1,3
19895,663166,67.37,1,3
19896,663200,66.65,1,3
19897,663233,65.9,1,3
19898,663266,65.82,1,3
19899,663300,68.89,1,3
19900,663333,71.97,1,3
19901,663366,74.73,1,3
19902,663400,76.27,1,4
19903,663433,76.32,1,4
19904,663466,73.42,1,3
19905,663500,72.24,1,3
19906,663533,71.38,1,3
19907,663566,71.77,1,3
19908,663600,72.35,1,3
19909,663633,69.77,1,3
19910,663666,65.46,1,3
19911,663700,60.61,1,3
19912,663733,53.83,1,3
19913,663766,48.19,1,2
19914,663800,46.37,1,2
19915,663833,44.55,1,2
19916,663866,43.27,1,2
19917,663900,46.14,1,2
19918,663933,49.01,1,2
19919,663966,51.22,1,3
19920,664000,53.26,1,3
19921,664033,55.3,1,3
19922,664066,54.97,1,3
19923,664100,54.64,1,3
19924,664133,54.64,1,3
19925,664166,54.82,1,3
19926,664200,54.99,1,3
19927,664233,56.95,1,3
19928,664266,58.91,1,3
19929,664300,60.54,1,3
19930,664333,63.08,1,3
19931,664366,65.61,1,3
19932,664400,66.52,1,3
19933,664433,67.96,1,3
19934,664466,69.41,1,3
19935,664500,69.94,1,3
19936,664533,71.02,1,3
19937,664566,72.1,1,3
19938,664600,72.64,1,3
19939,664633,73.92,1,3
19940,664666,75.21,1,4
19941,664700,74.08,1,3
19942,664733,72.7,1,3
19943,664766,71.33,1,3
19944,664800,69.21,1,3
19945,664833,68.04,1,3
19946,664866,68.76,1,3
19947,664900,68.24,1,3
19948,664933,67.51,1,3
19949,664966,67,1,3
19950,665000,64.99,1,3
19951,665033,60.61,1,3
19952,665066,57.7,1,3
19953,665100,54.48,1,3
19954,665133,49.66,1,2
19955,665166,45.38,1,2
19956,665200,43.09,1,2
19957,665233,40.48,1,2
19958,665266,38.39,1,2
19959,665300,37.62,1,2
19960,665333,36.86,1,2
19961,665366,36.47,1,2
19962,665400,37.73,1,2
19963,665433,38.99,1,2
19964,665466,40.3,1,2
19965,665500,43.65,1,2
19966,665533,47.41,1,2
19967,665566,50.17,1,3
19968,665600,53.93,1,3
19969,665633,57.7,1,3
19970,665666,59.37,1,3
19971,665700,60.62,1,3
19972,665733,63.37,1,3
19973,665766,65.13,1,3
19974,665800,66.88,1,3
19975,665833,69.52,1,3
19976,665866,72.15,1,3
19977,665900,72.97,1,3
19978,665933,74.38,1,3
19979,665966,75.79,1,4
19980,666000,75.16,1,4
19981,666033,74.4,1,3
19982,666066,73.64,1,3
19983,666100,72.29,1,3
19984,666133,70.58,1,3
19985,666166,70.11,1,3
19986,666200,69.25,1,3
19987,666233,68.16,1,3
19988,666266,67.07,1,3
19989,666300,65.82,1,3
19990,666333,64.2,1,3
19991,666366,63.08,1,3
19992,666400,61.66,1,3
19993,666433,60.01,1,3
19994,666466,59.11,1,3
19995,666500,58.35,1,3
19996,666533,55.85,1,3
19997,666566,53.89,1,3
19998,666600,51.74,1,3
19999,666633,48.05,1,2
20000,666666,44.59,1,2
20001,666700,43.39,1,2
20002,666733,42.18,1,2
20003,666766,41.38,1,2
20004,666800,43.97,1,2
20005,666833,46.57,1,2
20006,666866,48.64,1,2
20007,666900,50.31,1,3
20008,666933,51.48,1,3
20009,666966,50.59,1,3
20010,667000,50.61,1,3
20011,667033,50.63,1,3
20012,667066,51.06,1,3
20013,667100,53.79,1,3
20014,667133,56.53,1,3
20015,667166,58.19,1,3
20016,667200,59.86,1,3
20017,667233,63.24,1,3
20018,667266,65.24,1,3
20019,667300,69.54,1,3
20020,667333,74.95,1,3
20021,667366,80.35,1,4
20022,667400,84.04,1,4
20023,667433,87.02,1,4
20024,667466,87.69,1,4
20025,667500,87.42,1,4
20026,667533,86.61,1,4
20027,667566,85.81,1,4
20028,667600,82.82,1,4
20029,667633,79.41,1,4
20030,667666,76,1,4
20031,667700,73.11,1,3
20032,667733,72.37,1,3
20033,667766,74.09,1,3
20034,667800,75.94,1,4
20035,667833,77.56,1,4
20036,667866,79.18,1,4
20037,667900,76.83,1,4
20038,667933,74.06,1,3
20039,667966,71.58,1,3
20040,668000,68.92,1,3
20041,668033,64.37,1,3
20042,668066,61.64,1,3
20043,668100,59.39,1,3
20044,668133,57.14,1,3
20045,668166,55.29,1,3
20046,668200,54.98,1,3
20047,668233,51.96,1,3
20048,668266,48.89,1,2
20049,668300,46.15,1,2
20050,668333,43.4,1,2
20051,668366,41.02,1,2
20052,668400,42.42,1,2
20053,668433,43.83,1,2
20054,668466,44.91,1,2
20055,668500,46.54,1,2
20056,668533,48.16,1,2
20057,668566,48.71,1,2
20058,668600,50.51,1,3
20059,668633,52.89,1,3
20060,668666,54.71,1,3
20061,668700,56.54,1,3
20062,668733,60.54,1,3
20063,668766,63.28,1,3
20064,668800,65.46,1,3
20065,668833,67.94,1,3
20066,668866,70.42,1,3
20067,668900,70.73,1,3
20068,668933,70.89,1,3
20069,668966,71.05,1,3
20070,669000,70.91,1,3
20071,669033,72.33,1,3
20072,669066,73.75,1,3
20073,669100,74.62,1,3
20074,669133,75.26,1,4
20075,669166,75.9,1,4
20076,669200,73.45,1,3
20077,669233,70.36,1,3
20078,669266,67.96,1,3
20079,669300,65.79,1,3
20080,669333,63.42,1,3
20081,669366,62.56,1,3
20082,669400,61.67,1,3
20083,669433,60.43,1,3
20084,669466,59.54,1,3
20085,669500,58.4,1,3
20086,669533,56,1,3
20087,669566,54.27,1,3
20088,669600,52.57,1,3
20089,669633,48.9,1,2
20090,669666,45.69,1,2
20091,669700,43.71,1,2
20092,669733,41.72,1,2
20093,669766,40.07,1,2
20094,669800,39.69,1,2
20095,669833,38.68,1,2
20096,669866,37.72,1,2
20097,669900,37.42,1,2
20098,669933,37.12,1,2
20099,669966,37.16,1,2
20100,670000,40.12,1,2
20101,670033,43.07,1,2
20102,670066,45.36,1,2
20103,670100,49.31,1,2
20104,670133,53.26,1,3
20105,670166,54.92,1,3
20106,670200,56.83,1,3
20107,670233,58.74,1,3
20108,670266,58.62,1,3
20109,670300,58.5,1,3
20110,670333,60.35,1,3
20111,670366,61.96,1,3
20112,670400,63.58,1,3
20113,670433,65.51,1,3
20114,670466,67.44,1,3
20115,670500,67.4,1,3
20116,670533,67.65,1,3
20117,670566,67.9,1,3
20118,670600,68.19,1,3
20119,670633,68.53,1,3
20120,670666,68.86,1,3
20121,670700,68.78,1,3
20122,670733,68.49,1,3
20123,670766,68.2,1,3
20124,670800,67.63,1,3
20125,670833,66.89,1,3
20126,670866,66.28,1,3
20127,670900,65.43,1,3
20128,670933,64.23,1,3
20129,670966,63.61,1,3
20130,671000,63.41,1,3
20131,671033,63.56,1,3
20132,671066,64.5,1,3
20133,671100,65.46,1,3
20134,671133,62.4,1,3
20135,671166,59.1,1,3
20136,671200,54.96,1,3
20137,671233,49.14,1,2
20138,671266,43.66,1,2
20139,671300,45.47,1,2
20140,671333,47.28,1,2
20141,671366,49.56,1,2
20142,671400,53.57,1,3
20143,671433,57.59,1,3
20144,671466,57.98,1,3
20145,671500,58.25,1,3
20146,671533,58.52,1,3
20147,671566,58.4,1,3
20148,671600,59.59,1,3
20149,671633,60.78,1,3
20150,671666,61.62,1,3
20151,671700,62.47,1,3
20152,671733,64.51,1,3
20153,671766,65.23,1,3
20154,671800,65.96,1,3
20155,671833,67.08,1,3
20156,671866,68.21,1,3
20157,671900,68.13,1,3
20158,671933,69.78,1,3
20159,671966,71.43,1,3
20160,672000,72.49,1,3
20161,672033,73.42,1,3
20162,672066,74.35,1,3
20163,672100,73.49,1,3
20164,672133,72.26,1,3
20165,672166,71.69,1,3
20166,672200,71.25,1,3
20167,672233,70.61,1,3
20168,672266,70.06,1,3
20169,672300,69.86,1,3
20170,672333,69.94,1,3
20171,672366,70.02,1,3
20172,672400,68.63,1,3
20173,672433,66.85,1,3
20174,672466,65.08,1,3
20175,672500,61.68,1,3
20176,672533,58.01,1,3
20177,672566,56.27,1,3
20178,672600,54.65,1,3
20179,672633,51.45,1,3
20180,672666,49.61,1,2
20181,672700,47.47,1,2
20182,672733,44.26,1,2
20183,672766,41.3,1,2
20184,672800,40.11,1,2
20185,672833,38.91,1,2
20186,672866,38.27,1,2
20187,672900,39.32,1,2
20188,672933,40.38,1,2
20189,672966,41.26,1,2
20190,673000,42.31,1,2
20191,673033,43.37,1,2
20192,673066,43.54,1,2
20193,673100,45.03,1,2
20194,673133,46.52,1,2
20195,673166,47.83,1,2
20196,673200,50.02,1,3
20197,673233,52.22,1,3
20198,673266,52.8,1,3
20199,673300,53.39,1,3
20200,673333,55.68,1,3
20201,673366,57.1,1,3
20202,673400,58.51,1,3
20203,673433,60.78,1,3
20204,673466,63.06,1,3
20205,673500,63.63,1,3
20206,673533,64.8,1,3
20207,673566,65.97,1,3
20208,673600,66.58,1,3
20209,673633,67.59,1,3
20210,673666,68.6,1,3
20211,673700,68.67,1,3
20212,673733,68.61,1,3
20213,673766,68.55,1,3
20214,673800,68.09,1,3
20215,673833,67.98,1,3
20216,673866,68.19,1,3
20217,673900,68.55,1,3
20218,673933,70.08,1,3
20219,673966,71.62,1,3
20220,674000,70.52,1,3
20221,674033,68.68,1,3
20222,674066,66.58,1,3
20223,674100,63.1,1,3
20224,674133,57.84,1,3
20225,674166,54.87,1,3
20226,674200,52.96,1,3
20227,674233,51.3,1,3
20228,674266,49.85,1,2
20229,674300,49.78,1,2
20230,674333,48.77,1,2
20231,674366,47.45,1,2
20232,674400,45.8,1,2
20233,674433,43.34,1,2
20234,674466,41.28,1,2
20235,674500,40.86,1,2
20236,674533,40.44,1,2
20237,674566,40.35,1,2
20238,674600,42.94,1,2
20239,674633,45.52,1,2
20240,674666,47.39,1,2
20241,674700,50.18,1,3
20242,674733,53.04,1,3
20243,674766,54.02,1,3
20244,674800,55.01,1,3
20245,674833,58.25,1,3
20246,674866,60.57,1,3
20247,674900,62.83,1,3
20248,674933,65.62,1,3
20249,674966,68.42,1,3
20250,675000,68.95,1,3
20251,675033,70.06,1,3
20252,675066,71.16,1,3
20253,675100,71.74,1,3
20254,675133,73.25,1,3
20255,675166,74.77,1,3
20256,675200,75.72,1,4
20257,675233,76.44,1,4
20258,675266,77.61,1,4
20259,675300,77.83,1,4
20260,675333,79.33,1,4
20261,675366,80.83,1,4
20262,675400,81.97,1,4
20263,675433,82.21,1,4
20264,675466,82.44,1,4
20265,675500,81.06,1,4
20266,675533,78.01,1,4
20267,675566,76.51,1,4
20268,675600,74.5,1,3
20269,675633,69.38,1,3
20270,675666,64.59,1,3
20271,675700,60.75,1,3
20272,675733,55.01,1,3
20273,675766,50.25,1,3
20274,675800,48.13,1,2
20275,675833,45.32,1,2
20276,675866,43.25,1,2
20277,675900,41.81,1,2
20278,675933,40.38,1,2
20279,675966,39.42,1,2
20280,676000,39.75,1,2
20281,676033,40.08,1,2
20282,676066,40.68,1,2
20283,676100,44.21,1,2
20284,676133,47.74,1,2
20285,676166,50.67,1,3
20286,676200,54.78,1,3
20287,676233,58.88,1,3
20288,676266,59.66,1,3
20289,676300,60.43,1,3
20290,676333,60.92,1,3
20291,676366,60.23,1,3
20292,676400,59.53,1,3
20293,676433,60.75,1,3
20294,676466,61.96,1,3
20295,676500,63.47,1,3
20296,676533,65.64,1,3
20297,676566,67.81,1,3
20298,676600,68.27,1,3
20299,676633,68.38,1,3
20300,676666,68.49,1,3
20301,676700,67.93,1,3
20302,676733,68.02,1,3
20303,676766,68.32,1,3
20304,676800,68.97,1,3
20305,676833,69.92,1,3
20306,676866,70.88,1,3
20307,676900,70.45,1,3
20308,676933,69.87,1,3
20309,676966,69.29,1,3
20310,677000,68.4,1,3
20311,677033,67.62,1,3
20312,677066,67.58,1,3
20313,677100,67.69,1,3
20314,677133,68.15,1,3
20315,677166,68.88,1,3
20316,677200,69.23,1,3
20317,677233,65.57,1,3
20318,677266,61.91,1,3
20319,677300,57.41,1,3
20320,677333,51.34,1,3
20321,677366,45.55,1,2
20322,677400,43.99,1,2
20323,677433,42.44,1,2
20324,677466,41.37,1,2
20325,677500,41.89,1,2
20326,677533,42.41,1,2
20327,677566,42.69,1,2
20328,677600,43.76,1,2
20329,677633,44.82,1,2
20330,677666,45.6,1,2
20331,677700,47.66,1,2
20332,677733,49.72,1,2
20333,677766,50.91,1,3
20334,677800,52.1,1,3
20335,677833,55.02,1,3
20336,677866,56.66,1,3
20337,677900,58.3,1,3
20338,677933,60.65,1,3
20339,677966,63,1,3
20340,678000,63.61,1,3
20341,678033,65.9,1,3
20342,678066,68.18,1,3
20343,678100,69.85,1,3
20344,678133,71.77,1,3
20345,678166,73.69,1,3
20346,678200,72.67,1,3
20347,678233,71.5,1,3
20348,678266,70.33,1,3
20349,678300,68.91,1,3
20350,678333,68.13,1,3
20351,678366,68.62,1,3
20352,678400,68.86,1,3
20353,678433,68.73,1,3
20354,678466,68.6,1,3
20355,678500,66.83,1,3
20356,678533,64.84,1,3
20357,678566,63.26,1,3
20358,678600,61.46,1,3
20359,678633,57.89,1,3
20360,678666,55.31,1,3
20361,678700,52.62,1,3
20362,678733,49.58,1,2
20363,678766,47.14,1,2
20364,678800,46.09,1,2
20365,678833,44.03,1,2
20366,678866,42.3,1,2
20367,678900,40.6,1,2
20368,678933,38.89,1,2
20369,678966,37.57,1,2
20370,679000,38.28,1,2
20371,679033,38.99,1,2
20372,679066,40.03,1,2
20373,679100,41.61,1,2
20374,679133,43.19,1,2
20375,679166,43.73,1,2
20376,679200,46.82,1,2
20377,679233,49.91,1,2
20378,679266,52.45,1,3
20379,679300,60.04,1,3
20380,679333,67.62,1,3
20381,679366,72.54,1,3
20382,679400,77.45,1,4
20383,679433,82.4,1,4
20384,679466,82.31,1,4
20385,679500,81.64,1,4
20386,679533,80.84,1,4
20387,679566,80.04,1,4
20388,679600,78.58,1,4
20389,679633,76.65,1,4
20390,679666,75.31,1,4
20391,679700,73.91,1,3
20392,679733,72.27,1,3
20393,679766,71.27,1,3
20394,679800,70.61,1,3
20395,679833,69.53,1,3
20396,679866,68.76,1,3
20397,679900,68.22,1,3
20398,679933,68.74,1,3
20399,679966,69.39,1,3
20400,680000,70.05,1,3
20401,680033,70.26,1,3
20402,680066,70.48,1,3
20403,680100,69.1,1,3
20404,680133,67.45,1,3
20405,680166,66.47,1,3
20406,680200,65.65,1,3
20407,680233,63.25,1,3
20408,680266,61.38,1,3
20409,680300,59.9,1,3
20410,680333,58.13,1,3
20411,680366,56.64,1,3
20412,680400,56.24,1,3
20413,680433,53.74,1,3
20414,680466,51.15,1,3
20415,680500,48.18,1,2
20416,680533,44.33,1,2
20417,680566,40.99,1,2
20418,680600,42.41,1,2
20419,680633,43.84,1,2
20420,680666,45.64,1,2
20421,680700,49.1,1,2
20422,680733,52.55,1,3
20423,680766,53.33,1,3
20424,680800,54.73,1,3
20425,680833,56.13,1,3
20426,680866,56.56,1,3
20427,680900,56.99,1,3
20428,680933,58.47,1,3
20429,680966,59.32,1,3
20430,681000,60.17,1,3
20431,681033,62.26,1,3
20432,681066,64.35,1,3
20433,681100,65.39,1,3
20434,681133,66.77,1,3
20435,681166,68.15,1,3
20436,681200,68.49,1,3
20437,681233,70.44,1,3
20438,681266,72.39,1,3
20439,681300,74,1,3
20440,681333,75.56,1,4
20441,681366,77.12,1,4
20442,681400,75.21,1,4
20443,681433,72.94,1,3
20444,681466,70.66,1,3
20445,681500,68.45,1,3
20446,681533,66.74,1,3
20447,681566,66.9,1,3
20448,681600,66.82,1,3
20449,681633,66.41,1,3
20450,681666,65.79,1,3
20451,681700,64.21,1,3
20452,681733,60.29,1,3
20453,681766,56.95,1,3
20454,681800,53.46,1,3
20455,681833,49.6,1,2
20456,681866,46.19,1,2
20457,681900,44.99,1,2
20458,681933,43.79,1,2
20459,681966,43.09,1,2
20460,682000,42.61,1,2
20461,682033,40.93,1,2
20462,682066,39.38,1,2
20463,682100,39.33,1,2
20464,682133,39.28,1,2
20465,682166,39.58,1,2
20466,682200,42.49,1,2
20467,682233,45.41,1,2
20468,682266,46.82,1,2
20469,682300,48.72,1,2
20470,682333,50.61,1,3
20471,682366,51.09,1,3
20472,682400,53.47,1,3
20473,682433,55.85,1,3
20474,682466,57.16,1,3
20475,682500,58.47,1,3
20476,682533,61.71,1,3
20477,682566,63.06,1,3
20478,682600,64.41,1,3
20479,682633,67.08,1,3
20480,682666,69.76,1,3
20481,682700,69.66,1,3
20482,682733,69.29,1,3
20483,682766,68.92,1,3
20484,682800,67.81,1,3
20485,682833,66.86,1,3
20486,682866,66.75,1,3
20487,682900,66.92,1,3
20488,682933,66.88,1,3
20489,682966,66.84,1,3
20490,683000,66.08,1,3
20491,683033,65.07,1,3
20492,683066,64.06,1,3
20493,683100,63.26,1,3
20494,683133,62.76,1,3
20495,683166,62.81,1,3
20496,683200,62.77,1,3
20497,683233,62.22,1,3
20498,683266,62.18,1,3
20499,683300,63.27,1,3
20500,683333,64.4,1,3
20501,683366,65.86,1,3
20502,683400,67.84,1,3
20503,683433,68.04,1,3
20504,683466,66.81,1,3
20505,683500,65.45,1,3
20506,683533,64.08,1,3
20507,683566,62.72,1,3
20508,683600,62.02,1,3
20509,683633,59.93,1,3
20510,683666,57.95,1,3
20511,683700,55.16,1,3
20512,683733,52.37,1,3
20513,683766,50.18,1,3
20514,683800,50.92,1,3
20515,683833,51.67,1,3
20516,683866,52.71,1,3
20517,683900,53.76,1,3
20518,683933,56.89,1,3
20519,683966,58.47,1,3
20520,684000,60.06,1,3
20521,684033,62.44,1,3
20522,684066,64.83,1,3
20523,684100,65.13,1,3
20524,684133,66.65,1,3
20525,684166,68.18,1,3
20526,684200,68.55,1,3
20527,684233,68.76,1,3
20528,684266,68.96,1,3
20529,684300,67.95,1,3
20530,684333,67.57,1,3
20531,684366,68.05,1,3
20532,684400,68.69,1,3
20533,684433,71.47,1,3
20534,684466,74.25,1,3
20535,684500,75.1,1,4
20536,684533,75.64,1,4
20537,684566,76.19,1,4
20538,684600,72.88,1,3
20539,684633,69.31,1,3
20540,684666,67.03,1,3
20541,684700,64.71,1,3
20542,684733,61.92,1,3
20543,684766,61.33,1,3
20544,684800,60.52,1,3
20545,684833,58.04,1,3
20546,684866,55.9,1,3
20547,684900,53.54,1,3
20548,684933,50.09,1,3
20549,684966,47.11,1,2
20550,685000,45.43,1,2
20551,685033,42.74,1,2
20552,685066,40.74,1,2
20553,685100,39.63,1,2
20554,685133,38.52,1,2
20555,685166,37.78,1,2
20556,685200,37.76,1,2
20557,685233,37.75,1,2
20558,685266,37.47,1,2
20559,685300,39.54,1,2
20560,685333,41.62,1,2
20561,685366,43.97,1,2
20562,685400,48.55,1,2
20563,685433,53.13,1,3
20564,685466,55.36,1,3
20565,685500,57.3,1,3
20566,685533,59.23,1,3
20567,685566,58.8,1,3
20568,685600,58.36,1,3
20569,685633,58.53,1,3
20570,685666,58.99,1,3
20571,685700,59.44,1,3
20572,685733,62.04,1,3
20573,685766,64.64,1,3
20574,685800,66.59,1,3
20575,685833,68.19,1,3
20576,685866,69.78,1,3
20577,685900,68.74,1,3
20578,685933,67.48,1,3
20579,685966,66.26,1,3
20580,686000,65.4,1,3
20581,686033,65.08,1,3
20582,686066,65.41,1,3
20583,686100,65.79,1,3
20584,686133,65.78,1,3
20585,686166,65.77,1,3
20586,686200,64.29,1,3
20587,686233,62.5,1,3
20588,686266,60.88,1,3
20589,686300,59.65,1,3
20590,686333,58.45,1,3
20591,686366,58.52,1,3
20592,686400,58.56,1,3
20593,686433,56.87,1,3
20594,686466,55.17,1,3
20595,686500,53.06,1,3
20596,686533,48.05,1,2
20597,686566,43.38,1,2
20598,686600,40.98,1,2
20599,686633,38.58,1,2
20600,686666,36.56,1,2
20601,686700,37.81,1,2
20602,686733,39.05,1,2
20603,686766,39.75,1,2
20604,686800,41.34,1,2
20605,686833,42.92,1,2
20606,686866,43.8,1,2
20607,686900,46.68,1,2
20608,686933,49.74,1,2
20609,686966,51.92,1,3
20610,687000,54.1,1,3
20611,687033,57.83,1,3
20612,687066,59.57,1,3
20613,687100,61.12,1,3
20614,687133,62.74,1,3
20615,687166,64.35,1,3
20616,687200,64.42,1,3
20617,687233,65,1,3
20618,687266,65.91,1,3
20619,687300,68.31,1,3
20620,687333,73.39,1,3
20621,687366,78.47,1,4
20622,687400,82.39,1,4
20623,687433,85.79,1,4
20624,687466,87.65,1,4
20625,687500,86.13,1,4
20626,687533,84.13,1,4
20627,687566,82.79,1,4
20628,687600,80.59,1,4
20629,687633,77.44,1,4
20630,687666,74.98,1,3
20631,687700,72.64,1,3
20632,687733,69.71,1,3
20633,687766,68.1,1,3
20634,687800,67.14,1,3
20635,687833,64.09,1,3
20636,687866,61.41,1,3
20637,687900,58.82,1,3
20638,687933,54.94,1,3
20639,687966,51.36,1,3
20640,688000,49.52,1,2
20641,688033,46.8,1,2
20642,688066,44.57,1,2
20643,688100,42.85,1,2
20644,688133,41.05,1,2
20645,688166,39.62,1,2
20646,688200,41.27,1,2
20647,688233,42.92,1,2
20648,688266,45.07,1,2
20649,688300,46.76,1,2
20650,688333,48.27,1,2
20651,688366,47.57,1,2
20652,688400,47.41,1,2
20653,688433,47.25,1,2
20654,688466,47.62,1,2
20655,688500,48.21,1,2
20656,688533,50.37,1,3
20657,688566,51.99,1,3
20658,688600,53.61,1,3
20659,688633,56.59,1,3
20660,688666,59.52,1,3
20661,688700,60.87,1,3
20662,688733,62.24,1,3
20663,688766,63.6,1,3
20664,688800,63.61,1,3
20665,688833,64.04,1,3
20666,688866,64.47,1,3
20667,688900,64.88,1,3
20668,688933,65.78,1,3
20669,688966,66.68,1,3
20670,689000,66.93,1,3
20671,689033,67.02,1,3
20672,689066,67.11,1,3
20673,689100,66.71,1,3
20674,689133,67.02,1,3
20675,689166,67.56,1,3
20676,689200,68.26,1,3
20677,689233,68.91,1,3
20678,689266,69.56,1,3
20679,689300,68.46,1,3
20680,689333,67.03,1,3
20681,689366,65.93,1,3
20682,689400,64.53,1,3
20683,689433,60.45,1,3
20684,689466,57.42,1,3
20685,689500,54.26,1,3
20686,689533,50.56,1,3
20687,689566,47.21,1,2
20688,689600,46.22,1,2
20689,689633,44.21,1,2
20690,689666,42.66,1,2
20691,689700,41.18,1,2
20692,689733,39.7,1,2
20693,689766,38.54,1,2
20694,689800,39.37,1,2
20695,689833,40.19,1,2
20696,689866,41.16,1,2
20697,689900,44.11,1,2
20698,689933,47.07,1,2
20699,689966,49.05,1,2
20700,690000,51.09,1,3
20701,690033,53.61,1,3
20702,690066,54.15,1,3
20703,690100,54.69,1,3
20704,690133,57.92,1,3
20705,690166,61.1,1,3
20706,690200,63.79,1,3
20707,690233,68.2,1,3
20708,690266,72.62,1,3
20709,690300,72.47,1,3
20710,690333,72.17,1,3
20711,690366,71.87,1,3
20712,690400,69.84,1,3
20713,690433,69.36,1,3
20714,690466,70.75,1,3
20715,690500,71.99,1,3
20716,690533,72.96,1,3
20717,690566,73.93,1,3
20718,690600,72.19,1,3
20719,690633,70.12,1,3
20720,690666,68.36,1,3
20721,690700,66.21,1,3
20722,690733,63.59,1,3
20723,690766,62.14,1,3
20724,690800,60.6,1,3
20725,690833,58.52,1,3
20726,690866,57.1,1,3
20727,690900,55.8,1,3
20728,690933,52.73,1,3
20729,690966,50.06,1,3
20730,691000,47.6,1,2
20731,691033,45.06,1,2
20732,691066,42.86,1,2
20733,691100,43.37,1,2
20734,691133,43.88,1,2
20735,691166,44.74,1,2
20736,691200,45.22,1,2
20737,691233,44.42,1,2
20738,691266,42.67,1,2
20739,691300,46.28,1,2
20740,691333,49.89,1,2
20741,691366,53.95,1,3
20742,691400,60.69,1,3
20743,691433,67.44,1,3
20744,691466,68.83,1,3
20745,691500,70.58,1,3
20746,691533,72.34,1,3
20747,691566,72.7,1,3
20748,691600,72.58,1,3
20749,691633,72.2,1,3
20750,691666,70.87,1,3
20751,691700,69.54,1,3
20752,691733,68.8,1,3
20753,691766,68.53,1,3
20754,691800,68.53,1,3
20755,691833,69.15,1,3
20756,691866,69.77,1,3
20757,691900,69.63,1,3
20758,691933,69.23,1,3
20759,691966,68.82,1,3
20760,692000,68.39,1,3
20761,692033,68.31,1,3
20762,692066,68.38,1,3
20763,692100,68.72,1,3
20764,692133,69.18,1,3
20765,692166,69.63,1,3
20766,692200,69.29,1,3
20767,692233,68.39,1,3
20768,692266,67.49,1,3
20769,692300,66.47,1,3
20770,692333,65.29,1,3
20771,692366,64.99,1,3
20772,692400,66.1,1,3
20773,692433,67.21,1,3
20774,692466,68.32,1,3
20775,692500,68.83,1,3
20776,692533,64.76,1,3
20777,692566,59.84,1,3
20778,692600,54.57,1,3
20779,692633,48.08,1,2
20780,692666,42.35,1,2
20781,692700,40.89,1,2
20782,692733,39.42,1,2
20783,692766,38.31,1,2
20784,692800,38.6,1,2
20785,692833,38.88,1,2
20786,692866,39.05,1,2
20787,692900,39.96,1,2
20788,692933,40.87,1,2
20789,692966,41.61,1,2
20790,693000,44.27,1,2
20791,693033,46.93,1,2
20792,693066,48.34,1,2
20793,693100,49.76,1,2
20794,693133,53.23,1,3
20795,693166,54.78,1,3
20796,693200,56.34,1,3
20797,693233,58.91,1,3
20798,693266,61.48,1,3
20799,693300,62,1,3
20800,693333,65.47,1,3
20801,693366,68.95,1,3
20802,693400,71.25,1,3
20803,693433,73.38,1,3
20804,693466,75.5,1,4
20805,693500,73.72,1,3
20806,693533,71.69,1,3
20807,693566,70.33,1,3
20808,693600,69.13,1,3
20809,693633,68.04,1,3
20810,693666,67.91,1,3
20811,693700,68.01,1,3
20812,693733,68.05,1,3
20813,693766,68.1,1,3
20814,693800,66.27,1,3
20815,693833,64.18,1,3
20816,693866,62.08,1,3
20817,693900,59.95,1,3
20818,693933,57.59,1,3
20819,693966,57.21,1,3
20820,694000,56.88,1,3
20821,694033,55.15,1,3
20822,694066,53.51,1,3
20823,694100,51.74,1,3
20824,694133,48.5,1,2
20825,694166,45.49,1,2
20826,694200,44.35,1,2
20827,694233,43.2,1,2
20828,694266,42.41,1,2
20829,694300,43.31,1,2
20830,694333,44.2,1,2
20831,694366,44.64,1,2
20832,694400,45.85,1,2
20833,694433,47.07,1,2
20834,694466,47.85,1,2
20835,694500,47.96,1,2
20836,694533,48.06,1,2
20837,694566,47.38,1,2
20838,694600,48.52,1,2
20839,694633,49.65,1,2
20840,694666,51.46,1,3
20841,694700,54.82,1,3
20842,694733,58.19,1,3
20843,694766,59.33,1,3
20844,694800,60.48,1,3
20845,694833,61.99,1,3
20846,694866,61.95,1,3
20847,694900,61.91,1,3
20848,694933,63.45,1,3
20849,694966,64.99,1,3
20850,695000,65.85,1,3
20851,695033,66.44,1,3
20852,695066,67.03,1,3
20853,695100,66.45,1,3
20854,695133,66.18,1,3
20855,695166,66.23,1,3
20856,695200,66.54,1,3
20857,695233,67.57,1,3
20858,695266,68.79,1,3
20859,695300,70.98,1,3
20860,695333,75.47,1,4
20861,695366,79.96,1,4
20862,695400,80.8,1,4
20863,695433,81.12,1,4
20864,695466,80.5,1,4
20865,695500,77.21,1,4
20866,695533,72.58,1,3
20867,695566,70.87,1,3
20868,695600,69.01,1,3
20869,695633,65.47,1,3
20870,695666,62.3,1,3
20871,695700,59.59,1,3
20872,695733,54.2,1,3
20873,695766,49.31,1,2
20874,695800,45.47,1,2
20875,695833,41.62,1,2
20876,695866,38.65,1,2
20877,695900,39.66,1,2
20878,695933,40.67,1,2
20879,695966,41.96,1,2
20880,696000,43.79,1,2
20881,696033,45.62,1,2
20882,696066,46.15,1,2
20883,696100,47.4,1,2
20884,696133,49.34,1,2
20885,696166,50.99,1,3
20886,696200,52.72,1,3
20887,696233,56.37,1,3
20888,696266,59.31,1,3
20889,696300,61.56,1,3
20890,696333,63.67,1,3
20891,696366,65.7,1,3
20892,696400,65.8,1,3
20893,696433,66.34,1,3
20894,696466,66.87,1,3
20895,696500,67.31,1,3
20896,696533,68.94,1,3
20897,696566,70.57,1,3
20898,696600,71.46,1,3
20899,696633,72.21,1,3
20900,696666,72.95,1,3
20901,696700,71.74,1,3
20902,696733,70.26,1,3
20903,696766,69.09,1,3
20904,696800,67.63,1,3
20905,696833,65.76,1,3
20906,696866,64.64,1,3
20907,696900,63.57,1,3
20908,696933,61.95,1,3
20909,696966,60.76,1,3
20910,697000,59.86,1,3
20911,697033,58.05,1,3
20912,697066,56.52,1,3
20913,697100,55.16,1,3
20914,697133,53.3,1,3
20915,697166,51.56,1,3
20916,697200,50.25,1,3
20917,697233,48.89,1,2
20918,697266,47.91,1,2
20919,697300,47.02,1,2
20920,697333,44.27,1,2
20921,697366,42.01,1,2
20922,697400,40.07,1,2
20923,697433,38.13,1,2
20924,697466,36.59,1,2
20925,697500,38.44,1,2
20926,697533,40.28,1,2
20927,697566,41.8,1,2
20928,697600,44.13,1,2
20929,697633,46.45,1,2
20930,697666,47.26,1,2
20931,697700,48.8,1,2
20932,697733,50.34,1,3
20933,697766,51.07,1,3
20934,697800,53.39,1,3
20935,697833,55.72,1,3
20936,697866,57.24,1,3
20937,697900,58.76,1,3
20938,697933,60.89,1,3
20939,697966,61.43,1,3
20940,698000,61.97,1,3
20941,698033,63.03,1,3
20942,698066,64.09,1,3
20943,698100,64.54,1,3
20944,698133,65.32,1,3
20945,698166,66.1,1,3
20946,698200,66.44,1,3
20947,698233,67.17,1,3
20948,698266,67.9,1,3
20949,698300,67.98,1,3
20950,698333,67.86,1,3
20951,698366,67.75,1,3
20952,698400,67.02,1,3
20953,698433,66.09,1,3
20954,698466,65.48,1,3
20955,698500,64.65,1,3
20956,698533,63.69,1,3
20957,698566,63.07,1,3
20958,698600,62.25,1,3
20959,698633,58.27,1,3
20960,698666,54.72,1,3
20961,698700,50.91,1,3
20962,698733,46.5,1,2
20963,698766,42.48,1,2
20964,698800,41.3,1,2
20965,698833,39.78,1,2
20966,698866,38.64,1,2
20967,698900,37.68,1,2
20968,698933,36.72,1,2
20969,698966,36.07,1,2
20970,699000,37.17,1,2
20971,699033,38.27,1,2
20972,699066,39.66,1,2
20973,699100,43.78,1,2
20974,699133,47.91,1,2
20975,699166,50.62,1,3
20976,699200,53.43,1,3
20977,699233,56.77,1,3
20978,699266,57.6,1,3
20979,699300,63.47,1,3
20980,699333,69.34,1,3
20981,699366,74.8,1,3
20982,699400,79.73,1,4
20983,699433,85.28,1,4
20984,699466,85.79,1,4
20985,699500,85.75,1,4
20986,699533,85.81,1,4
20987,699566,85.88,1,4
20988,699600,83.65,1,4
20989,699633,80.64,1,4
20990,699666,78.18,1,4
20991,699700,75.51,1,4
20992,699733,72.53,1,3
20993,699766,71.01,1,3
20994,699800,70.29,1,3
20995,699833,69.65,1,3
20996,699866,69.42,1,3
20997,699900,68.57,1,3
20998,699933,67.49,1,3
20999,699966,66.42,1,3
21000,700000,65.26,1,3
21001,700033,66.12,1,3
21002,700066,67.92,1,3
21003,700100,68.23,1,3
21004,700133,67.24,1,3
21005,700166,66.26,1,3
21006,700200,62.71,1,3
21007,700233,57.32,1,3
21008,700266,53.63,1,3
21009,700300,51.69,1,3
21010,700333,49.75,1,2
21011,700366,48.35,1,2
21012,700400,48.31,1,2
21013,700433,47.84,1,2
21014,700466,46.92,1,2
21015,700500,45.7,1,2
21016,700533,43.53,1,2
21017,700566,41.86,1,2
21018,700600,41.01,1,2
21019,700633,40.16,1,2
21020,700666,39.62,1,2
21021,700700,42.34,1,2
21022,700733,45.05,1,2
21023,700766,47.37,1,2
21024,700800,50.67,1,3
21025,700833,53.96,1,3
21026,700866,54.86,1,3
21027,700900,55.76,1,3
21028,700933,58.01,1,3
21029,700966,59.28,1,3
21030,701000,60.56,1,3
21031,701033,62.83,1,3
21032,701066,65.11,1,3
21033,701100,66.04,1,3
21034,701133,67.24,1,3
21035,701166,68.44,1,3
21036,701200,68.72,1,3
21037,701233,69.42,1,3
21038,701266,70.12,1,3
21039,701300,70.54,1,3
21040,701333,72.03,1,3
21041,701366,73.52,1,3
21042,701400,73.76,1,3
21043,701433,73.74,1,3
21044,701466,73.73,1,3
21045,701500,70.85,1,3
21046,701533,67.64,1,3
21047,701566,65.26,1,3
21048,701600,62.27,1,3
21049,701633,58.78,1,3
21050,701666,57.09,1,3
21051,701700,55.4,1,3
21052,701733,52.8,1,3
21053,701766,51.06,1,3
21054,701800,49.46,1,2
21055,701833,45.98,1,2
21056,701866,42.83,1,2
21057,701900,40.24,1,2
21058,701933,37.65,1,2
21059,701966,35.42,1,2
21060,702000,36.97,1,2
21061,702033,38.51,1,2
21062,702066,40.41,1,2
21063,702100,42.61,1,2
21064,702133,44.8,1,2
21065,702166,45.09,1,2
21066,702200,47.81,1,2
21067,702233,50.53,1,3
21068,702266,53.13,1,3
21069,702300,57.27,1,3
21070,702333,63.04,1,3
21071,702366,66.38,1,3
21072,702400,67.66,1,3
21073,702433,68.47,1,3
21074,702466,67.75,1,3
21075,702500,65.39,1,3
21076,702533,64.8,1,3
21077,702566,66.28,1,3
21078,702600,68.04,1,3
21079,702633,69.91,1,3
21080,702666,71.77,1,3
21081,702700,71.59,1,3
21082,702733,70.9,1,3
21083,702766,70.2,1,3
21084,702800,68.99,1,3
21085,702833,67.55,1,3
21086,702866,66.4,1,3
21087,702900,65.75,1,3
21088,702933,65.86,1,3
21089,702966,66.38,1,3
21090,703000,65.92,1,3
21091,703033,65.06,1,3
21092,703066,64.21,1,3
21093,703100,62.61,1,3
21094,703133,61.35,1,3
21095,703166,61.87,1,3
21096,703200,62.21,1,3
21097,703233,61.91,1,3
21098,703266,61.61,1,3
21099,703300,64.06,1,3
21100,703333,65.96,1,3
21101,703366,68.42,1,3
21102,703400,71.07,1,3
21103,703433,71.11,1,3
21104,703466,68.04,1,3
21105,703500,64.59,1,3
21106,703533,61.13,1,3
21107,703566,58.13,1,3
21108,703600,57.3,1,3
21109,703633,56.47,1,3
21110,703666,56.03,1,3
21111,703700,54.88,1,3
21112,703733,53.52,1,3
21113,703766,52.6,1,3
21114,703800,52.78,1,3
21115,703833,52.96,1,3
21116,703866,53.29,1,3
21117,703900,53.83,1,3
21118,703933,55.2,1,3
21119,703966,55.47,1,3
21120,704000,55.74,1,3
21121,704033,58.03,1,3
21122,704066,60.32,1,3
21123,704100,61.78,1,3
21124,704133,64.35,1,3
21125,704166,66.92,1,3
21126,704200,68.03,1,3
21127,704233,70.49,1,3
21128,704266,72.95,1,3
21129,704300,73.23,1,3
21130,704333,73.22,1,3
21131,704366,73.21,1,3
21132,704400,71.56,1,3
21133,704433,69.69,1,3
21134,704466,68.88,1,3
21135,704500,68.36,1,3
21136,704533,69.24,1,3
21137,704566,70.4,1,3
21138,704600,70.28,1,3
21139,704633,70.02,1,3
21140,704666,69,1,3
21141,704700,66.58,1,3
21142,704733,61.92,1,3
21143,704766,58.78,1,3
21144,704800,55.33,1,3
21145,704833,51.42,1,3
21146,704866,47.51,1,2
21147,704900,45.46,1,2
21148,704933,42.33,1,2
21149,704966,39.63,1,2
21150,705000,38.05,1,2
21151,705033,36.46,1,2
21152,705066,35.26,1,2
21153,705100,36.71,1,2
21154,705133,38.16,1,2
21155,705166,39.72,1,2
21156,705200,42.69,1,2
21157,705233,45.65,1,2
21158,705266,46.91,1,2
21159,705300,48.18,1,2
21160,705333,50.96,1,3
21161,705366,52.54,1,3
21162,705400,54.35,1,3
21163,705433,58.94,1,3
21164,705466,63.53,1,3
21165,705500,66.6,1,3
21166,705533,70.6,1,3
21167,705566,74.37,1,3
21168,705600,74.37,1,3
21169,705633,74.26,1,3
21170,705666,74.15,1,3
21171,705700,72.17,1,3
21172,705733,70.07,1,3
21173,705766,69.09,1,3
21174,705800,68.23,1,3
21175,705833,68.19,1,3
21176,705866,68.9,1,3
21177,705900,68.78,1,3
21178,705933,68.12,1,3
21179,705966,67.45,1,3
21180,706000,65.07,1,3
21181,706033,62.44,1,3
21182,706066,60.75,1,3
21183,706100,59.61,1,3
21184,706133,59.24,1,3
21185,706166,59.76,1,3
21186,706200,59.23,1,3
21187,706233,58.64,1,3
21188,706266,58.05,1,3
21189,706300,56.34,1,3
21190,706333,53.64,1,3
21191,706366,52.26,1,3
21192,706400,51.85,1,3
21193,706433,51.45,1,3
21194,706466,51.39,1,3
21195,706500,51.99,1,3
21196,706533,51.06,1,3
21197,706566,49.21,1,2
21198,706600,47.03,1,2
21199,706633,43.54,1,2
21200,706666,40.39,1,2
21201,706700,40.53,1,2
21202,706733,40.68,1,2
21203,706766,41.15,1,2
21204,706800,44.33,1,2
21205,706833,47.5,1,2
21206,706866,48.9,1,2
21207,706900,50.86,1,3
21208,706933,53.12,1,3
21209,706966,53.97,1,3
21210,707000,54.82,1,3
21211,707033,56.4,1,3
21212,707066,57.41,1,3
21213,707100,58.13,1,3
21214,707133,60.06,1,3
21215,707166,61.98,1,3
21216,707200,63.18,1,3
21217,707233,64.85,1,3
21218,707266,66.57,1,3
21219,707300,68.32,1,3
21220,707333,73.26,1,3
21221,707366,78.19,1,4
21222,707400,82.66,1,4
21223,707433,88.22,1,4
21224,707466,92.54,1,4
21225,707500,90.93,1,4
21226,707533,88.67,1,4
21227,707566,86.4,1,4
21228,707600,81.21,1,4
21229,707633,75.44,1,4
21230,707666,73.01,1,3
21231,707700,70.35,1,3
21232,707733,67.16,1,3
21233,707766,65.75,1,3
21234,707800,63.84,1,3
21235,707833,59.28,1,3
21236,707866,55.61,1,3
21237,707900,51.99,1,3
21238,707933,47.23,1,2
21239,707966,43.56,1,2
21240,708000,41.55,1,2
21241,708033,39.06,1,2
21242,708066,37.05,1,2
21243,708100,37.5,1,2
21244,708133,37.95,1,2
21245,708166,38.8,1,2
21246,708200,40.49,1,2
21247,708233,42.17,1,2
21248,708266,42.54,1,2
21249,708300,46.23,1,2
21250,708333,50.05,1,3
21251,708366,53.97,1,3
21252,708400,57.89,1,3
21253,708433,62.59,1,3
21254,708466,63.97,1,3
21255,708500,65.22,1,3
21256,708533,66.53,1,3
21257,708566,67.82,1,3
21258,708600,68.35,1,3
21259,708633,69.86,1,3
21260,708666,71.38,1,3
21261,708700,72.37,1,3
21262,708733,73.69,1,3
21263,708766,75.01,1,4
21264,708800,74.42,1,3
21265,708833,73.69,1,3
21266,708866,72.96,1,3
21267,708900,71.65,1,3
21268,708933,69.96,1,3
21269,708966,69.19,1,3
21270,709000,68.57,1,3
21271,709033,67.87,1,3
21272,709066,67.42,1,3
21273,709100,65.94,1,3
21274,709133,64.33,1,3
21275,709166,62.72,1,3
21276,709200,61.18,1,3
21277,709233,59.73,1,3
21278,709266,59.69,1,3
21279,709300,59.56,1,3
21280,709333,58.91,1,3
21281,709366,58.26,1,3
21282,709400,57.26,1,3
21283,709433,54.44,1,3
21284,709466,51.84,1,3
21285,709500,49.37,1,2
21286,709533,45.74,1,2
21287,709566,42.37,1,2
21288,709600,41.79,1,2
21289,709633,41.21,1,2
21290,709666,41.03,1,2
21291,709700,41.44,1,2
21292,709733,41.29,1,2
21293,709766,40.17,1,2
21294,709800,39.87,1,2
21295,709833,39.57,1,2
21296,709866,39.84,1,2
21297,709900,41.29,1,2
21298,709933,42.74,1,2
21299,709966,43.37,1,2
21300,710000,46.2,1,2
21301,710033,49.03,1,2
21302,710066,50.9,1,3
21303,710100,52.77,1,3
21304,710133,55.82,1,3
21305,710166,56.66,1,3
21306,710200,57.5,1,3
21307,710233,59.6,1,3
21308,710266,61.69,1,3
21309,710300,62.62,1,3
21310,710333,65.38,1,3
21311,710366,68.13,1,3
21312,710400,69.52,1,3
21313,710433,70.75,1,3
21314,710466,71.99,1,3
21315,710500,71.39,1,3
21316,710533,70.57,1,3
21317,710566,70.19,1,3
21318,710600,69.97,1,3
21319,710633,69.5,1,3
21320,710666,69.03,1,3
21321,710700,68.79,1,3
21322,710733,68.45,1,3
21323,710766,68.11,1,3
21324,710800,66.31,1,3
21325,710833,63.42,1,3
21326,710866,61.47,1,3
21327,710900,58.67,1,3
21328,710933,54.86,1,3
21329,710966,52.75,1,3
21330,711000,51.43,1,3
21331,711033,47.76,1,2
21332,711066,45.02,1,2
21333,711100,42.94,1,2
21334,711133,40.41,1,2
21335,711166,38.17,1,2
21336,711200,38.35,1,2
21337,711233,38.53,1,2
21338,711266,39.08,1,2
21339,711300,44.18,1,2
21340,711333,49.28,1,2
21341,711366,53.38,1,3
21342,711400,58.03,1,3
21343,711433,62.68,1,3
21344,711466,63.23,1,3
21345,711500,64.05,1,3
21346,711533,64.88,1,3
21347,711566,65.15,1,3
21348,711600,66.46,1,3
21349,711633,67.77,1,3
21350,711666,67.99,1,3
21351,711700,68.21,1,3
21352,711733,67.94,1,3
21353,711766,66.64,1,3
21354,711800,65.34,1,3
21355,711833,66.16,1,3
21356,711866,66.97,1,3
21357,711900,68.28,1,3
21358,711933,69.72,1,3
21359,711966,71.16,1,3
21360,712000,71,1,3
21361,712033,70.65,1,3
21362,712066,70.31,1,3
21363,712100,69.83,1,3
21364,712133,69.5,1,3
21365,712166,69.47,1,3
21366,712200,69.63,1,3
21367,712233,70.01,1,3
21368,712266,70.4,1,3
21369,712300,70.03,1,3
21370,712333,69.41,1,3
21371,712366,68.79,1,3
21372,712400,66.64,1,3
21373,712433,64.48,1,3
21374,712466,63.01,1,3
21375,712500,61.84,1,3
21376,712533,60.67,1,3
21377,712566,60.96,1,3
21378,712600,60.61,1,3
21379,712633,57.38,1,3
21380,712666,54.09,1,3
21381,712700,50.43,1,3
21382,712733,45.66,1,2
21383,712766,41.52,1,2
21384,712800,39.85,1,2
21385,712833,37.91,1,2
21386,712866,36.34,1,2
21387,712900,36.77,1,2
21388,712933,37.21,1,2
21389,712966,37.97,1,2
21390,713000,40.24,1,2
21391,713033,42.51,1,2
21392,713066,43.75,1,2
21393,713100,47.33,1,2
21394,713133,50.91,1,3
21395,713166,53.12,1,3
21396,713200,55.33,1,3
21397,713233,59.78,1,3
21398,713266,61.9,1,3
21399,713300,64.02,1,3
21400,713333,66.23,1,3
21401,713366,68.43,1,3
21402,713400,68.39,1,3
21403,713433,69.04,1,3
21404,713466,69.68,1,3
21405,713500,70.37,1,3
21406,713533,71.12,1,3
21407,713566,71.87,1,3
21408,713600,71.94,1,3
21409,713633,72.04,1,3
21410,713666,72.15,1,3
21411,713700,71.08,1,3
21412,713733,69.72,1,3
21413,713766,68.37,1,3
21414,713800,66.4,1,3
21415,713833,64.22,1,3
21416,713866,63.15,1,3
21417,713900,61.57,1,3
21418,713933,59.47,1,3
21419,713966,58.45,1,3
21420,714000,57.12,1,3
21421,714033,53.72,1,3
21422,714066,51.13,1,3
21423,714100,49.08,1,2
21424,714133,46.51,1,2
21425,714166,44.46,1,2
21426,714200,44.14,1,2
21427,714233,42.97,1,2
21428,714266,41.79,1,2
21429,714300,40.31,1,2
21430,714333,38.83,1,2
21431,714366,37.69,1,2
21432,714400,39.61,1,2
21433,714433,41.53,1,2
21434,714466,43.75,1,2
21435,714500,48.07,1,2
21436,714533,52.4,1,3
21437,714566,54.51,1,3
21438,714600,56.55,1,3
21439,714633,58.59,1,3
21440,714666,58.16,1,3
21441,714700,57.72,1,3
21442,714733,57.9,1,3
21443,714766,58.15,1,3
21444,714800,58.39,1,3
21445,714833,59.84,1,3
21446,714866,61.3,1,3
21447,714900,62.13,1,3
21448,714933,63.01,1,3
21449,714966,63.89,1,3
21450,715000,63.92,1,3
21451,715033,64.82,1,3
21452,715066,65.72,1,3
21453,715100,66.57,1,3
21454,715133,68.33,1,3
21455,715166,70.09,1,3
21456,715200,70.63,1,3
21457,715233,71.08,1,3
21458,715266,71.62,1,3
21459,715300,71.63,1,3
21460,715333,74.33,1,3
21461,715366,77.4,1,4
21462,715400,80.56,1,4
21463,715433,84.05,1,4
21464,715466,87.16,1,4
21465,715500,85.86,1,4
21466,715533,83.32,1,4
21467,715566,81.46,1,4
21468,715600,78.5,1,4
21469,715633,71.93,1,3
21470,715666,67.08,1,3
21471,715700,62.53,1,3
21472,715733,55.69,1,3
21473,715766,49.52,1,2
21474,715800,47.22,1,2
21475,715833,44.91,1,2
21476,715866,43.54,1,2
21477,715900,43.2,1,2
21478,715933,42.33,1,2
21479,715966,41.22,1,2
21480,716000,40.22,1,2
21481,716033,39.23,1,2
21482,716066,38.82,1,2
21483,716100,41.37,1,2
21484,716133,43.92,1,2
21485,716166,46.35,1,2
21486,716200,49.81,1,2
21487,716233,53.26,1,3
21488,716266,54.08,1,3
21489,716300,54.89,1,3
21490,716333,58.61,1,3
21491,716366,61.3,1,3
21492,716400,63.99,1,3
21493,716433,69.03,1,3
21494,716466,74.07,1,3
21495,716500,75.77,1,4
21496,716533,77.4,1,4
21497,716566,79.03,1,4
21498,716600,76.97,1,4
21499,716633,74.73,1,3
21500,716666,72.92,1,3
21501,716700,71.17,1,3
21502,716733,70.47,1,3
21503,716766,71.33,1,3
21504,716800,71.72,1,3
21505,716833,71.68,1,3
21506,716866,71.63,1,3
21507,716900,69.04,1,3
21508,716933,65.95,1,3
21509,716966,63.5,1,3
21510,717000,61.13,1,3
21511,717033,57.42,1,3
21512,717066,55.21,1,3
21513,717100,53.23,1,3
21514,717133,50.16,1,3
21515,717166,47.45,1,2
21516,717200,45.69,1,2
21517,717233,43.83,1,2
21518,717266,42.24,1,2
21519,717300,41.52,1,2
21520,717333,40.52,1,2
21521,717366,39.92,1,2
21522,717400,40.98,1,2
21523,717433,42.04,1,2
21524,717466,43.31,1,2
21525,717500,44.86,1,2
21526,717533,46.42,1,2
21527,717566,46.41,1,2
21528,717600,48.19,1,2
21529,717633,49.97,1,2
21530,717666,51.76,1,3
21531,717700,54.6,1,3
21532,717733,58.03,1,3
21533,717766,59.67,1,3
21534,717800,61.05,1,3
21535,717833,62.24,1,3
21536,717866,62.38,1,3
21537,717900,61.93,1,3
21538,717933,62.28,1,3
21539,717966,62.88,1,3
21540,718000,63.66,1,3
21541,718033,64.9,1,3
21542,718066,66.14,1,3
21543,718100,66.59,1,3
21544,718133,67.13,1,3
21545,718166,67.67,1,3
21546,718200,67.67,1,3
21547,718233,67.41,1,3
21548,718266,67.15,1,3
21549,718300,66.8,1,3
21550,718333,67.31,1,3
21551,718366,67.9,1,3
21552,718400,68.61,1,3
21553,718433,69.2,1,3
21554,718466,69.79,1,3
21555,718500,69.09,1,3
21556,718533,67.94,1,3
21557,718566,66.94,1,3
21558,718600,65.5,1,3
21559,718633,64,1,3
21560,718666,62.93,1,3
21561,718700,62.11,1,3
21562,718733,59.97,1,3
21563,718766,58.39,1,3
21564,718800,56.55,1,3
21565,718833,51.8,1,3
21566,718866,47.26,1,2
21567,718900,43.71,1,2
21568,718933,40,1,2
21569,718966,36.62,1,2
21570,719000,36.7,1,2
21571,719033,36.79,1,2
21572,719066,37.19,1,2
21573,719100,38.08,1,2
21574,719133,38.97,1,2
21575,719166,39.3,1,2
21576,719200,41.89,1,2
21577,719233,44.48,1,2
21578,719266,46.75,1,2
21579,719300,54.42,1,3
21580,719333,62.09,1,3
21581,719366,67.13,1,3
21582,719400,72.18,1,3
21583,719433,77.95,1,4
21584,719466,78.32,1,4
21585,719500,78.68,1,4
21586,719533,79.94,1,4
21587,719566,81.19,1,4
21588,719600,81.6,1,4
21589,719633,81.46,1,4
21590,719666,81.32,1,4
21591,719700,80.65,1,4
21592,719733,79.83,1,4
21593,719766,79.14,1,4
21594,719800,77.83,1,4
21595,719833,75.9,1,4
21596,719866,73.98,1,3
21597,719900,71.47,1,3
21598,719933,68.28,1,3
21599,719966,66.25,1,3
21600,720000,64.62,1,3
21601,720033,62.7,1,3
21602,720066,61.49,1,3
21603,720100,60.78,1,3
21604,720133,59.16,1,3
21605,720166,57.76,1,3
21606,720200,55.99,1,3
21607,720233,52.45,1,3
21608,720266,49.11,1,2
21609,720300,46.3,1,2
21610,720333,43.41,1,2
21611,720366,41.18,1,2
21612,720400,40.34,1,2
21613,720433,38.61,1,2
21614,720466,37.27,1,2
21615,720500,38.09,1,2
21616,720533,38.91,1,2
21617,720566,40.1,1,2
21618,720600,43.14,1,2
21619,720633,46.18,1,2
21620,720666,47.15,1,2
21621,720700,49.26,1,2
21622,720733,51.38,1,3
21623,720766,52.53,1,3
21624,720800,54.91,1,3
21625,720833,57.29,1,3
21626,720866,58.25,1,3
21627,720900,59.2,1,3
21628,720933,61.12,1,3
21629,720966,61.82,1,3
21630,721000,62.52,1,3
21631,721033,64.18,1,3
21632,721066,65.85,1,3
21633,721100,66.56,1,3
21634,721133,67.2,1,3
21635,721166,67.84,1,3
21636,721200,67.78,1,3
21637,721233,67.88,1,3
21638,721266,67.99,1,3
21639,721300,67.97,1,3
21640,721333,67.75,1,3
21641,721366,67.53,1,3
21642,721400,67.15,1,3
21643,721433,67.22,1,3
21644,721466,67.48,1,3
21645,721500,67.93,1,3
21646,721533,69.21,1,3
21647,721566,70.49,1,3
21648,721600,70.72,1,3
21649,721633,70.63,1,3
21650,721666,70.55,1,3
21651,721700,68.12,1,3
21652,721733,65.58,1,3
21653,721766,63.74,1,3
21654,721800,61.9,1,3
21655,721833,57.83,1,3
21656,721866,55.29,1,3
21657,721900,52.4,1,3
21658,721933,48.83,1,2
21659,721966,45.57,1,2
21660,722000,44.21,1,2
21661,722033,41.22,1,2
21662,722066,38.7,1,2
21663,722100,38.57,1,2
21664,722133,38.44,1,2
21665,722166,38.65,1,2
21666,722200,41.39,1,2
21667,722233,44.14,1,2
21668,722266,45.05,1,2
21669,722300,47.68,1,2
21670,722333,50.3,1,3
21671,722366,52.01,1,3
21672,722400,54.41,1,3
21673,722433,57.12,1,3
21674,722466,58.13,1,3
21675,722500,59.13,1,3
21676,722533,62.09,1,3
21677,722566,64.37,1,3
21678,722600,65.92,1,3
21679,722633,67.34,1,3
21680,722666,68.77,1,3
21681,722700,68.02,1,3
21682,722733,67.19,1,3
21683,722766,66.76,1,3
21684,722800,66.45,1,3
21685,722833,67.21,1,3
21686,722866,68.19,1,3
21687,722900,67.97,1,3
21688,722933,67.53,1,3
21689,722966,67.09,1,3
21690,723000,65.36,1,3
21691,723033,63.38,1,3
21692,723066,62.7,1,3
21693,723100,61.84,1,3
21694,723133,60.73,1,3
21695,723166,60.11,1,3
21696,723200,59.47,1,3
21697,723233,56.71,1,3
21698,723266,54.33,1,3
21699,723300,56.27,1,3
21700,723333,57.95,1,3
21701,723366,59.88,1,3
21702,723400,63.43,1,3
21703,723433,66.97,1,3
21704,723466,66.46,1,3
21705,723500,65.55,1,3
21706,723533,63.33,1,3
21707,723566,61.62,1,3
21708,723600,59.4,1,3
21709,723633,56.18,1,3
21710,723666,53.36,1,3
21711,723700,53.14,1,3
21712,723733,52.91,1,3
21713,723766,53.2,1,3
21714,723800,54.57,1,3
21715,723833,55.93,1,3
21716,723866,56.01,1,3
21717,723900,56.65,1,3
21718,723933,57.49,1,3
21719,723966,58.26,1,3
21720,724000,59.03,1,3
21721,724033,60.9,1,3
21722,724066,62.22,1,3
21723,724100,63.33,1,3
21724,724133,65.66,1,3
21725,724166,67.99,1,3
21726,724200,69.21,1,3
21727,724233,70.35,1,3
21728,724266,71.48,1,3
21729,724300,71.4,1,3
21730,724333,71.94,1,3
21731,724366,72.48,1,3
21732,724400,73.1,1,3
21733,724433,73.95,1,3
21734,724466,74.81,1,3
21735,724500,73.7,1,3
21736,724533,72.37,1,3
21737,724566,71.04,1,3
21738,724600,69.28,1,3
21739,724633,67.34,1,3
21740,724666,66.74,1,3
21741,724700,65.96,1,3
21742,724733,64.58,1,3
21743,724766,63.98,1,3
21744,724800,62.97,1,3
21745,724833,61.39,1,3
21746,724866,60.22,1,3
21747,724900,59.32,1,3
21748,724933,55.27,1,3
21749,724966,51.82,1,3
21750,725000,49.39,1,2
21751,725033,46.97,1,2
21752,725066,44.86,1,2
21753,725100,44.91,1,2
21754,725133,43.65,1,2
21755,725166,41.93,1,2
21756,725200,41.49,1,2
21757,725233,41.04,1,2
21758,725266,41,1,2
21759,725300,45.78,1,2
21760,725333,50.56,1,3
21761,725366,54.06,1,3
21762,725400,58.77,1,3
21763,725433,63.49,1,3
21764,725466,64.43,1,3
21765,725500,65,1,3
21766,725533,65.27,1,3
21767,725566,64.34,1,3
21768,725600,63.4,1,3
21769,725633,64.04,1,3
21770,725666,65.07,1,3
21771,725700,66.4,1,3
21772,725733,67.64,1,3
21773,725766,68.88,1,3
21774,725800,68.79,1,3
21775,725833,69.09,1,3
21776,725866,69.4,1,3
21777,725900,69.74,1,3
21778,725933,69.96,1,3
21779,725966,70.18,1,3
21780,726000,69.45,1,3
21781,726033,68.57,1,3
21782,726066,67.74,1,3
21783,726100,66.08,1,3
21784,726133,64.14,1,3
21785,726166,63.03,1,3
21786,726200,62.14,1,3
21787,726233,62.02,1,3
21788,726266,63.46,1,3
21789,726300,64.57,1,3
21790,726333,62.87,1,3
21791,726366,61.12,1,3
21792,726400,58.34,1,3
21793,726433,52.96,1,3
21794,726466,48.18,1,2
21795,726500,45.7,1,2
21796,726533,43.22,1,2
21797,726566,40.98,1,2
21798,726600,41.28,1,2
21799,726633,41.57,1,2
21800,726666,42.1,1,2
21801,726700,42.35,1,2
21802,726733,42.6,1,2
21803,726766,42.32,1,2
21804,726800,43.06,1,2
21805,726833,43.8,1,2
21806,726866,44.82,1,2
21807,726900,47.35,1,2
21808,726933,49.88,1,2
21809,726966,51.15,1,3
21810,727000,52.42,1,3
21811,727033,55.08,1,3
21812,727066,56.22,1,3
21813,727100,57.37,1,3
21814,727133,60.72,1,3
21815,727166,64.07,1,3
21816,727200,66.04,1,3
21817,727233,69.73,1,3
21818,727266,73.52,1,3
21819,727300,77.27,1,4
21820,727333,81.02,1,4
21821,727366,84.63,1,4
21822,727400,86.52,1,4
21823,727433,88.11,1,4
21824,727466,87.79,1,4
21825,727500,87.46,1,4
21826,727533,86.7,1,4
21827,727566,85.94,1,4
21828,727600,83.96,1,4
21829,727633,81.32,1,4
21830,727666,78.67,1,4
21831,727700,74.92,1,3
21832,727733,70.63,1,3
21833,727766,67.74,1,3
21834,727800,65.52,1,3
21835,727833,61.77,1,3
21836,727866,60.67,1,3
21837,727900,59.14,1,3
21838,727933,57.36,1,3
21839,727966,55.57,1,3
21840,728000,54.9,1,3
21841,728033,51.23,1,3
21842,728066,48.53,1,2
21843,728100,47.29,1,2
21844,728133,46.06,1,2
21845,728166,45.24,1,2
21846,728200,46.31,1,2
21847,728233,47.38,1,2
21848,728266,47.25,1,2
21849,728300,46.8,1,2
21850,728333,46.36,1,2
21851,728366,46.05,1,2
21852,728400,47.75,1,2
21853,728433,49.45,1,2
21854,728466,51.46,1,3
21855,728500,53.99,1,3
21856,728533,58.08,1,3
21857,728566,60.16,1,3
21858,728600,62.24,1,3
21859,728633,64.37,1,3
21860,728666,65.99,1,3
21861,728700,66.04,1,3
21862,728733,66.35,1,3
21863,728766,66.66,1,3
21864,728800,66.9,1,3
21865,728833,67.33,1,3
21866,728866,67.76,1,3
21867,728900,67.94,1,3
21868,728933,67.99,1,3
21869,728966,68.05,1,3
21870,729000,67.93,1,3
21871,729033,67.67,1,3
21872,729066,67.41,1,3
21873,729100,67.28,1,3
21874,729133,68.72,1,3
21875,729166,70.16,1,3
21876,729200,69.88,1,3
21877,729233,68.79,1,3
21878,729266,67.69,1,3
21879,729300,64.89,1,3
21880,729333,61.71,1,3
21881,729366,60.77,1,3
21882,729400,60.27,1,3
21883,729433,58.69,1,3
21884,729466,57.24,1,3
21885,729500,55.69,1,3
21886,729533,52.36,1,3
21887,729566,49.41,1,2
21888,729600,47.17,1,2
21889,729633,44.31,1,2
21890,729666,41.91,1,2
21891,729700,41.02,1,2
21892,729733,40.13,1,2
21893,729766,39.61,1,2
21894,729800,39.93,1,2
21895,729833,40.24,1,2
21896,729866,40.45,1,2
21897,729900,41.06,1,2
21898,729933,41.67,1,2
21899,729966,42.08,1,2
21900,730000,44.76,1,2
21901,730033,47.44,1,2
21902,730066,49.73,1,2
21903,730100,52.03,1,3
21904,730133,55.85,1,3
21905,730166,57.38,1,3
21906,730200,58.91,1,3
21907,730233,61.11,1,3
21908,730266,63.29,1,3
21909,730300,63.95,1,3
21910,730333,66.12,1,3
21911,730366,68.29,1,3
21912,730400,69.79,1,3
21913,730433,71.8,1,3
21914,730466,73.81,1,3
21915,730500,73.34,1,3
21916,730533,72.8,1,3
21917,730566,72.27,1,3
21918,730600,71.23,1,3
21919,730633,69.98,1,3
21920,730666,69.72,1,3
21921,730700,69.52,1,3
21922,730733,69.18,1,3
21923,730766,68.84,1,3
21924,730800,67.32,1,3
21925,730833,65.49,1,3
21926,730866,63.67,1,3
21927,730900,61.76,1,3
21928,730933,59.54,1,3
21929,730966,59.02,1,3
21930,731000,58.48,1,3
21931,731033,57.08,1,3
21932,731066,55.9,1,3
21933,731100,54.51,1,3
21934,731133,51.34,1,3
21935,731166,48.47,1,2
21936,731200,46.15,1,2
21937,731233,43.02,1,2
21938,731266,40.4,1,2
21939,731300,44.01,1,2
21940,731333,47.62,1,2
21941,731366,51.56,1,3
21942,731400,55.67,1,3
21943,731433,59.54,1,3
21944,731466,58.67,1,3
21945,731500,59.37,1,3
21946,731533,60.08,1,3
21947,731566,61.42,1,3
21948,731600,63.86,1,3
21949,731633,66.3,1,3
21950,731666,66.05,1,3
21951,731700,65.8,1,3
21952,731733,66.08,1,3
21953,731766,65.5,1,3
21954,731800,64.93,1,3
21955,731833,65.86,1,3
21956,731866,66.78,1,3
21957,731900,67.17,1,3
21958,731933,67.98,1,3
21959,731966,68.78,1,3
21960,732000,69.2,1,3
21961,732033,69.46,1,3
21962,732066,69.72,1,3
21963,732100,68.56,1,3
21964,732133,67.15,1,3
21965,732166,65.75,1,3
21966,732200,64.5,1,3
21967,732233,65.59,1,3
21968,732266,67.69,1,3
21969,732300,69.41,1,3
21970,732333,70.85,1,3
21971,732366,72.29,1,3
21972,732400,69.73,1,3
21973,732433,66.73,1,3
21974,732466,64.35,1,3
21975,732500,61.69,1,3
21976,732533,57.69,1,3
21977,732566,55.35,1,3
21978,732600,53.11,1,3
21979,732633,49.62,1,2
21980,732666,46.69,1,2
21981,732700,44.72,1,2
21982,732733,42.02,1,2
21983,732766,39.65,1,2
21984,732800,39.5,1,2
21985,732833,39.35,1,2
21986,732866,39.59,1,2
21987,732900,40.41,1,2
21988,732933,41.23,1,2
21989,732966,41.08,1,2
21990,733000,41.71,1,2
21991,733033,42.34,1,2
21992,733066,43.11,1,2
21993,733100,46.35,1,2
21994,733133,49.58,1,2
21995,733166,52.04,1,3
21996,733200,56.73,1,3
21997,733233,61.43,1,3
21998,733266,63.39,1,3
21999,733300,65.35,1,3
22000,733333,67.8,1,3
22001,733366,68.01,1,3
22002,733400,68.3,1,3
22003,733433,69.14,1,3
22004,733466,69.98,1,3
22005,733500,70.33,1,3
22006,733533,71.62,1,3
22007,733566,72.82,1,3
22008,733600,73.38,1,3
22009,733633,73.46,1,3
22010,733666,73.53,1,3
22011,733700,72.19,1,3
22012,733733,70.54,1,3
22013,733766,69.27,1,3
22014,733800,68.49,1,3
22015,733833,68.04,1,3
22016,733866,68.07,1,3
22017,733900,67.9,1,3
22018,733933,67.56,1,3
22019,733966,67.22,1,3
22020,734000,65.46,1,3
22021,734033,62.64,1,3
22022,734066,60.32,1,3
22023,734100,57.72,1,3
22024,734133,54.33,1,3
22025,734166,52.03,1,3
22026,734200,50.47,1,3
22027,734233,48.91,1,2
22028,734266,47.82,1,2
22029,734300,47.23,1,2
22030,734333,44.83,1,2
22031,734366,42.75,1,2
22032,734400,41.14,1,2
22033,734433,39.53,1,2
22034,734466,38.19,1,2
22035,734500,40,1,2
22036,734533,41.8,1,2
22037,734566,43.14,1,2
22038,734600,45.64,1,2
22039,734633,48.14,1,2
22040,734666,49.3,1,2
22041,734700,50.92,1,3
22042,734733,53.78,1,3
22043,734766,55.48,1,3
22044,734800,57.18,1,3
22045,734833,60.82,1,3
22046,734866,64.02,1,3
22047,734900,65.97,1,3
22048,734933,67.95,1,3
22049,734966,69.93,1,3
22050,735000,69.97,1,3
22051,735033,69.94,1,3
22052,735066,69.91,1,3
22053,735100,69.85,1,3
22054,735133,71.06,1,3
22055,735166,72.27,1,3
22056,735200,73.14,1,3
22057,735233,73.87,1,3
22058,735266,74.74,1,3
22059,735300,75.14,1,4
22060,735333,77.51,1,4
22061,735366,80.29,1,4
22062,735400,82.57,1,4
22063,735433,84.06,1,4
22064,735466,84.74,1,4
22065,735500,81.92,1,4
22066,735533,78.09,1,4
22067,735566,74.88,1,3
22068,735600,71.72,1,3
22069,735633,65.14,1,3
22070,735666,60.09,1,3
22071,735700,55.93,1,3
22072,735733,51.78,1,3
22073,735766,48.25,1,2
22074,735800,47.61,1,2
22075,735833,46.07,1,2
22076,735866,44.64,1,2
22077,735900,42.85,1,2
22078,735933,41.06,1,2
22079,735966,39.79,1,2
22080,736000,41.96,1,2
22081,736033,44.12,1,2
22082,736066,46.65,1,2
22083,736100,50.98,1,3
22084,736133,55.3,1,3
22085,736166,57.1,1,3
22086,736200,58.66,1,3
22087,736233,60.14,1,3
22088,736266,59.55,1,3
22089,736300,58.96,1,3
22090,736333,59.12,1,3
22091,736366,59.53,1,3
22092,736400,59.99,1,3
22093,736433,61.26,1,3
22094,736466,62.52,1,3
22095,736500,63.04,1,3
22096,736533,64.34,1,3
22097,736566,65.64,1,3
22098,736600,66.42,1,3
22099,736633,67.8,1,3
22100,736666,69.17,1,3
22101,736700,69.76,1,3
22102,736733,70.93,1,3
22103,736766,72.11,1,3
22104,736800,72.23,1,3
22105,736833,72.26,1,3
22106,736866,72.3,1,3
22107,736900,71.55,1,3
22108,736933,70.61,1,3
22109,736966,70.12,1,3
22110,737000,69.73,1,3
22111,737033,69.91,1,3
22112,737066,70.28,1,3
22113,737100,70.64,1,3
22114,737133,69.65,1,3
22115,737166,68.66,1,3
22116,737200,66.6,1,3
22117,737233,61.78,1,3
22118,737266,57.18,1,3
22119,737300,53.43,1,3
22120,737333,49.18,1,2
22121,737366,45.43,1,2
22122,737400,44.17,1,2
22123,737433,42.9,1,2
22124,737466,42.14,1,2
22125,737500,41.4,1,2
22126,737533,40.64,1,2
22127,737566,40.16,1,2
22128,737600,41.18,1,2
22129,737633,42.21,1,2
22130,737666,43.71,1,2
22131,737700,46.95,1,2
22132,737733,50.18,1,3
22133,737766,51.91,1,3
22134,737800,54.25,1,3
22135,737833,58.2,1,3
22136,737866,60.43,1,3
22137,737900,62.65,1,3
22138,737933,65.75,1,3
22139,737966,68.23,1,3
22140,738000,69.1,1,3
22141,738033,71.5,1,3
22142,738066,73.89,1,3
22143,738100,74.33,1,3
22144,738133,74.62,1,3
22145,738166,74.9,1,3
22146,738200,73.66,1,3
22147,738233,72.42,1,3
22148,738266,72.26,1,3
22149,738300,72.25,1,3
22150,738333,72.14,1,3
22151,738366,72.03,1,3
22152,738400,70.86,1,3
22153,738433,69.06,1,3
22154,738466,67.25,1,3
22155,738500,64.65,1,3
22156,738533,61.69,1,3
22157,738566,59.91,1,3
22158,738600,58.65,1,3
22159,738633,56.49,1,3
22160,738666,55.23,1,3
22161,738700,53.86,1,3
22162,738733,50.45,1,3
22163,738766,47.16,1,2
22164,738800,44.99,1,2
22165,738833,42.83,1,2
22166,738866,41.15,1,2
22167,738900,43.41,1,2
22168,738933,45.68,1,2
22169,738966,47.71,1,2
22170,739000,49.34,1,2
22171,739033,49.14,1,2
22172,739066,46.92,1,2
22173,739100,45.25,1,2
22174,739133,43.58,1,2
22175,739166,42.31,1,2
22176,739200,44.95,1,2
22177,739233,47.58,1,2
22178,739266,49.66,1,2
22179,739300,55.97,1,3
22180,739333,62.28,1,3
22181,739366,66.35,1,3
22182,739400,70.41,1,3
22183,739433,74.43,1,3
22184,739466,74.22,1,3
22185,739500,74,1,3
22186,739533,74.61,1,3
22187,739566,75.22,1,4
22188,739600,75.08,1,4
22189,739633,74.42,1,3
22190,739666,73.76,1,3
22191,739700,72.45,1,3
22192,739733,71.3,1,3
22193,739766,70.94,1,3
22194,739800,71.09,1,3
22195,739833,72.5,1,3
22196,739866,73.91,1,3
22197,739900,75.16,1,4
22198,739933,76.21,1,4
22199,739966,77.25,1,4
22200,740000,75.82,1,4
22201,740033,74.27,1,3
22202,740066,72.71,1,3
22203,740100,71.36,1,3
22204,740133,69.71,1,3
22205,740166,69.29,1,3
22206,740200,69,1,3
22207,740233,68.66,1,3
22208,740266,68.62,1,3
22209,740300,68.58,1,3
22210,740333,64.81,1,3
22211,740366,61.05,1,3
22212,740400,56.94,1,3
22213,740433,50.99,1,3
22214,740466,45.33,1,2
22215,740500,43.3,1,2
22216,740533,41.27,1,2
22217,740566,39.63,1,2
22218,740600,39.22,1,2
22219,740633,38.81,1,2
22220,740666,38.49,1,2
22221,740700,39.56,1,2
22222,740733,40.64,1,2
22223,740766,42.02,1,2
22224,740800,45.95,1,2
22225,740833,49.87,1,2
22226,740866,52.4,1,3
22227,740900,55.51,1,3
22228,740933,59.73,1,3
22229,740966,61.41,1,3
22230,741000,63.1,1,3
22231,741033,65.25,1,3
22232,741066,66.83,1,3
22233,741100,67.3,1,3
22234,741133,69.63,1,3
22235,741166,71.96,1,3
22236,741200,73.83,1,3
22237,741233,76.02,1,4
22238,741266,78.21,1,4
22239,741300,77.19,1,4
22240,741333,75.92,1,4
22241,741366,74.64,1,3
22242,741400,72.85,1,3
22243,741433,70.94,1,3
22244,741466,70.39,1,3
22245,741500,69.17,1,3
22246,741533,67.74,1,3
22247,741566,66.5,1,3
22248,741600,64.94,1,3
22249,741633,63.12,1,3
22250,741666,62.49,1,3
22251,741700,61.8,1,3
22252,741733,59.75,1,3
22253,741766,58.13,1,3
22254,741800,57.31,1,3
22255,741833,56.21,1,3
22256,741866,55.39,1,3
22257,741900,55.57,1,3
22258,741933,52.93,1,3
22259,741966,49.77,1,2
22260,742000,47.2,1,2
22261,742033,44.63,1,2
22262,742066,42.41,1,2
22263,742100,43.74,1,2
22264,742133,45.07,1,2
22265,742166,45.8,1,2
22266,742200,46.31,1,2
22267,742233,46.67,1,2
22268,742266,46.29,1,2
22269,742300,46.92,1,2
22270,742333,47.55,1,2
22271,742366,48.4,1,2
22272,742400,50.63,1,3
22273,742433,52.86,1,3
22274,742466,53.72,1,3
22275,742500,54.58,1,3
22276,742533,56.47,1,3
22277,742566,57.14,1,3
22278,742600,57.81,1,3
22279,742633,60.08,1,3
22280,742666,62.36,1,3
22281,742700,63.6,1,3
22282,742733,66.06,1,3
22283,742766,68.52,1,3
22284,742800,69.61,1,3
22285,742833,70.6,1,3
22286,742866,71.59,1,3
22287,742900,71.18,1,3
22288,742933,70.62,1,3
22289,742966,70.18,1,3
22290,743000,69.84,1,3
22291,743033,70.37,1,3
22292,743066,71.09,1,3
22293,743100,71.85,1,3
22294,743133,72.27,1,3
22295,743166,72.69,1,3
22296,743200,70.13,1,3
22297,743233,67.01,1,3
22298,743266,64.56,1,3
22299,743300,65.53,1,3
22300,743333,66.49,1,3
22301,743366,69.55,1,3
22302,743400,72.84,1,3
22303,743433,73.2,1,3
22304,743466,70.5,1,3
22305,743500,67.07,1,3
22306,743533,62.36,1,3
22307,743566,57.99,1,3
22308,743600,55.39,1,3
22309,743633,51.5,1,3
22310,743666,48.35,1,2
22311,743700,47.36,1,2
22312,743733,46.38,1,2
22313,743766,46,1,2
22314,743800,47,1,2
22315,743833,48.01,1,2
22316,743866,48.12,1,2
22317,743900,50.68,1,3
22318,743933,53.24,1,3
22319,743966,55.69,1,3
22320,744000,58.64,1,3
22321,744033,63.42,1,3
22322,744066,65.74,1,3
22323,744100,67.73,1,3
22324,744133,69.57,1,3
22325,744166,70.91,1,3
22326,744200,70.42,1,3
22327,744233,70.5,1,3
22328,744266,70.9,1,3
22329,744300,71.46,1,3
22330,744333,71.99,1,3
22331,744366,72.52,1,3
22332,744400,71.97,1,3
22333,744433,71.15,1,3
22334,744466,70.33,1,3
22335,744500,69.29,1,3
22336,744533,67.81,1,3
22337,744566,66.85,1,3
22338,744600,66.16,1,3
22339,744633,65.26,1,3
22340,744666,64.62,1,3
22341,744700,64.24,1,3
22342,744733,62.42,1,3
22343,744766,60.84,1,3
22344,744800,59.46,1,3
22345,744833,58.07,1,3
22346,744866,56.97,1,3
22347,744900,57.32,1,3
22348,744933,57.43,1,3
22349,744966,57.54,1,3
22350,745000,57.25,1,3
22351,745033,55.27,1,3
22352,745066,53.27,1,3
22353,745100,50.8,1,3
22354,745133,46.97,1,2
22355,745166,43.55,1,2
22356,745200,41.42,1,2
22357,745233,39.29,1,2
22358,745266,37.63,1,2
22359,745300,38.02,1,2
22360,745333,38.4,1,2
22361,745366,39.08,1,2
22362,745400,41.11,1,2
22363,745433,43.14,1,2
22364,745466,44.48,1,2
22365,745500,46.86,1,2
22366,745533,49.25,1,2
22367,745566,50.29,1,3
22368,745600,53.97,1,3
22369,745633,57.66,1,3
22370,745666,60.3,1,3
22371,745700,62.94,1,3
22372,745733,65.48,1,3
22373,745766,65.37,1,3
22374,745800,65.26,1,3
22375,745833,66.06,1,3
22376,745866,66.86,1,3
22377,745900,67.75,1,3
22378,745933,69.31,1,3
22379,745966,70.86,1,3
22380,746000,71.44,1,3
22381,746033,71.67,1,3
22382,746066,71.89,1,3
22383,746100,71.24,1,3
22384,746133,70.3,1,3
22385,746166,69.45,1,3
22386,746200,68.84,1,3
22387,746233,67.93,1,3
22388,746266,67.24,1,3
22389,746300,66.21,1,3
22390,746333,64.94,1,3
22391,746366,63.78,1,3
22392,746400,61.26,1,3
22393,746433,57.95,1,3
22394,746466,55.26,1,3
22395,746500,52.42,1,3
22396,746533,49.14,1,2
22397,746566,47.53,1,2
22398,746600,46.35,1,2
22399,746633,43.93,1,2
22400,746666,41.89,1,2
22401,746700,40,1,2
22402,746733,37.97,1,2
22403,746766,36.3,1,2
22404,746800,38.17,1,2
22405,746833,40.04,1,2
22406,746866,42.2,1,2
22407,746900,46.11,1,2
22408,746933,50.02,1,3
22409,746966,51.62,1,3
22410,747000,53,1,3
22411,747033,54.38,1,3
22412,747066,54.16,1,3
22413,747100,54.45,1,3
22414,747133,55.22,1,3
22415,747166,56.22,1,3
22416,747200,57.21,1,3
22417,747233,59.23,1,3
22418,747266,60.86,1,3
22419,747300,65.21,1,3
22420,747333,70.45,1,3
22421,747366,75.69,1,4
22422,747400,79.89,1,4
22423,747433,83.9,1,4
22424,747466,84.71,1,4
22425,747500,84.63,1,4
22426,747533,84.41,1,4
22427,747566,84.2,1,4
22428,747600,82.41,1,4
22429,747633,80.06,1,4
22430,747666,77.7,1,4
22431,747700,75.49,1,4
22432,747733,74.02,1,3
22433,747766,74.2,1,3
22434,747800,74.96,1,3
22435,747833,75.53,1,4
22436,747866,76.11,1,4
22437,747900,74.11,1,3
22438,747933,71.72,1,3
22439,747966,69.35,1,3
22440,748000,67.14,1,3
22441,748033,63.71,1,3
22442,748066,62.11,1,3
22443,748100,60.36,1,3
22444,748133,56.47,1,3
22445,748166,52.6,1,3
22446,748200,49.43,1,2
22447,748233,46.26,1,2
22448,748266,43.62,1,2
22449,748300,42.66,1,2
22450,748333,40.86,1,2
22451,748366,39.58,1,2
22452,748400,38.33,1,2
22453,748433,37.08,1,2
22454,748466,36.26,1,2
22455,748500,37.44,1,2
22456,748533,38.62,1,2
22457,748566,39.77,1,2
22458,748600,41.84,1,2
22459,748633,43.91,1,2
22460,748666,44.84,1,2
22461,748700,48.63,1,2
22462,748733,52.86,1,3
22463,748766,56.49,1,3
22464,748800,61.47,1,3
22465,748833,66.45,1,3
22466,748866,68.25,1,3
22467,748900,69.21,1,3
22468,748933,69.68,1,3
22469,748966,68.79,1,3
22470,749000,67.9,1,3
22471,749033,68.54,1,3
22472,749066,69.59,1,3
22473,749100,70.63,1,3
22474,749133,71.55,1,3
22475,749166,72.47,1,3
22476,749200,71.23,1,3
22477,749233,69.62,1,3
22478,749266,68.18,1,3
22479,749300,66.77,1,3
22480,749333,65.21,1,3
22481,749366,64.59,1,3
22482,749400,64.34,1,3
22483,749433,63.92,1,3
22484,749466,63.59,1,3
22485,749500,62.81,1,3
22486,749533,61.24,1,3
22487,749566,60.46,1,3
22488,749600,59.1,1,3
22489,749633,57.74,1,3
22490,749666,56.98,1,3
22491,749700,56.64,1,3
22492,749733,55.51,1,3
22493,749766,55.14,1,3
22494,749800,54.39,1,3
22495,749833,51.26,1,3
22496,749866,48.5,1,2
22497,749900,45.98,1,2
22498,749933,43.47,1,2
22499,749966,41.34,1,2
22500,750000,44,1,2
22501,750033,46.66,1,2
22502,750066,49.07,1,2
22503,750100,52.08,1,3
22504,750133,55.09,1,3
22505,750166,55.68,1,3
22506,750200,56.96,1,3
22507,750233,58.25,1,3
22508,750266,58.47,1,3
22509,750300,58.7,1,3
22510,750333,60.01,1,3
22511,750366,60.63,1,3
22512,750400,61.25,1,3
22513,750433,63.14,1,3
22514,750466,65.02,1,3
22515,750500,65.82,1,3
22516,750533,67.1,1,3
22517,750566,68.38,1,3
22518,750600,68.85,1,3
22519,750633,70.65,1,3
22520,750666,72.45,1,3
22521,750700,73.55,1,3
22522,750733,74.21,1,3
22523,750766,74.87,1,3
22524,750800,74.03,1,3
22525,750833,73.05,1,3
22526,750866,72.28,1,3
22527,750900,71.96,1,3
22528,750933,71.99,1,3
22529,750966,72.22,1,3
22530,751000,72.58,1,3
22531,751033,72.68,1,3
22532,751066,72.79,1,3
22533,751100,69.65,1,3
22534,751133,65.41,1,3
22535,751166,61.16,1,3
22536,751200,56.94,1,3
22537,751233,52.65,1,3
22538,751266,51.24,1,3
22539,751300,53.43,1,3
22540,751333,55.61,1,3
22541,751366,58.03,1,3
22542,751400,59.56,1,3
22543,751433,60.71,1,3
22544,751466,59.38,1,3
22545,751500,57.46,1,3
22546,751533,55.54,1,3
22547,751566,54.56,1,3
22548,751600,53.7,1,3
22549,751633,52.83,1,3
22550,751666,52.56,1,3
22551,751700,53.12,1,3
22552,751733,53.67,1,3
22553,751766,54.5,1,3
22554,751800,55.61,1,3
22555,751833,56.72,1,3
22556,751866,57,1,3
22557,751900,58.3,1,3
22558,751933,61.18,1,3
22559,751966,63.77,1,3
22560,752000,66.36,1,3
22561,752033,69.87,1,3
22562,752066,72.36,1,3
22563,752100,72.66,1,3
22564,752133,72.77,1,3
22565,752166,72.87,1,3
22566,752200,72.06,1,3
22567,752233,71.14,1,3
22568,752266,70.82,1,3
22569,752300,70.39,1,3
22570,752333,69.8,1,3
22571,752366,69.2,1,3
22572,752400,68.46,1,3
22573,752433,67.4,1,3
22574,752466,66.66,1,3
22575,752500,66.02,1,3
22576,752533,65.12,1,3
22577,752566,64.48,1,3
22578,752600,64.15,1,3
22579,752633,64.08,1,3
22580,752666,64.07,1,3
22581,752700,63.36,1,3
22582,752733,61.51,1,3
22583,752766,59.65,1,3
22584,752800,57.4,1,3
22585,752833,55.14,1,3
22586,752866,53.86,1,3
22587,752900,53.65,1,3
22588,752933,53.45,1,3
22589,752966,53.39,1,3
22590,753000,52.8,1,3
22591,753033,50.61,1,3
22592,753066,48.48,1,2
22593,753100,45.97,1,2
22594,753133,43.42,1,2
22595,753166,41.41,1,2
22596,753200,43.2,1,2
22597,753233,44.99,1,2
22598,753266,47.15,1,2
22599,753300,49.63,1,2
22600,753333,52.11,1,3
22601,753366,52.38,1,3
22602,753400,53.67,1,3
22603,753433,54.96,1,3
22604,753466,55.66,1,3
22605,753500,56.36,1,3
22606,753533,58.99,1,3
22607,753566,60.61,1,3
22608,753600,62.23,1,3
22609,753633,64.94,1,3
22610,753666,67.65,1,3
22611,753700,68.43,1,3
22612,753733,69.7,1,3
22613,753766,70.96,1,3
22614,753800,71.45,1,3
22615,753833,73.21,1,3
22616,753866,74.97,1,3
22617,753900,75.66,1,4
22618,753933,76.18,1,4
22619,753966,76.7,1,4
22620,754000,74.38,1,3
22621,754033,71.92,1,3
22622,754066,70.04,1,3
22623,754100,68.33,1,3
22624,754133,66.91,1,3
22625,754166,67.05,1,3
22626,754200,66.9,1,3
22627,754233,66.32,1,3
22628,754266,65.73,1,3
22629,754300,63.07,1,3
22630,754333,60.04,1,3
22631,754366,57.45,1,3
22632,754400,55.02,1,3
22633,754433,52.6,1,3
22634,754466,51.97,1,3
22635,754500,51.3,1,3
22636,754533,49.05,1,2
22637,754566,47.06,1,2
22638,754600,44.73,1,2
22639,754633,42.02,1,2
22640,754666,39.71,1,2
22641,754700,39.44,1,2
22642,754733,39.17,1,2
22643,754766,39.24,1,2
22644,754800,42.13,1,2
22645,754833,45.02,1,2
22646,754866,47.45,1,2
22647,754900,49.54,1,2
22648,754933,51.62,1,3
22649,754966,51.28,1,3
22650,755000,52.66,1,3
22651,755033,54.26,1,3
22652,755066,56.2,1,3
22653,755100,58.15,1,3
22654,755133,61.22,1,3
22655,755166,62.57,1,3
22656,755200,63.7,1,3
22657,755233,65.2,1,3
22658,755266,66.83,1,3
22659,755300,69.55,1,3
22660,755333,73.5,1,3
22661,755366,77.45,1,4
22662,755400,80.94,1,4
22663,755433,83.77,1,4
22664,755466,84.37,1,4
22665,755500,83.46,1,4
22666,755533,81.91,1,4
22667,755566,80.46,1,4
22668,755600,77.39,1,4
22669,755633,73.82,1,3
22670,755666,70.53,1,3
22671,755700,67.88,1,3
22672,755733,67.93,1,3
22673,755766,70.11,1,3
22674,755800,70.93,1,3
22675,755833,70.14,1,3
22676,755866,69.34,1,3
22677,755900,65.26,1,3
22678,755933,57.88,1,3
22679,755966,52.36,1,3
22680,756000,48.11,1,2
22681,756033,43.63,1,2
22682,756066,39.76,1,2
22683,756100,39.41,1,2
22684,756133,39.07,1,2
22685,756166,39.08,1,2
22686,756200,39.66,1,2
22687,756233,40.25,1,2
22688,756266,40.6,1,2
22689,756300,42.4,1,2
22690,756333,44.19,1,2
22691,756366,45.63,1,2
22692,756400,49.53,1,2
22693,756433,53.43,1,3
22694,756466,55.6,1,3
22695,756500,57.78,1,3
22696,756533,60.19,1,3
22697,756566,60.15,1,3
22698,756600,60.11,1,3
22699,756633,62.07,1,3
22700,756666,64.03,1,3
22701,756700,65.74,1,3
22702,756733,67.86,1,3
22703,756766,69.99,1,3
22704,756800,70.3,1,3
22705,756833,70.47,1,3
22706,756866,70.63,1,3
22707,756900,70.38,1,3
22708,756933,70.28,1,3
22709,756966,70.28,1,3
22710,757000,70.42,1,3
22711,757033,70.93,1,3
22712,757066,71.44,1,3
22713,757100,70.77,1,3
22714,757133,69.91,1,3
22715,757166,69.06,1,3
22716,757200,66.79,1,3
22717,757233,64.29,1,3
22718,757266,62.82,1,3
22719,757300,61.54,1,3
22720,757333,59.81,1,3
22721,757366,59.72,1,3
22722,757400,59.27,1,3
22723,757433,57.73,1,3
22724,757466,56.19,1,3
22725,757500,54.66,1,3
22726,757533,50.92,1,3
22727,757566,47.77,1,2
22728,757600,45.84,1,2
22729,757633,43.91,1,2
22730,757666,42.41,1,2
22731,757700,43.57,1,2
22732,757733,44.74,1,2
22733,757766,45.77,1,2
22734,757800,46.55,1,2
22735,757833,45.55,1,2
22736,757866,43.52,1,2
22737,757900,42.99,1,2
22738,757933,42.46,1,2
22739,757966,42.19,1,2
22740,758000,45.57,1,2
22741,758033,48.96,1,2
22742,758066,50.57,1,3
22743,758100,52.18,1,3
22744,758133,55.45,1,3
22745,758166,56.84,1,3
22746,758200,58.23,1,3
22747,758233,61.29,1,3
22748,758266,64.35,1,3
22749,758300,65.75,1,3
22750,758333,68.29,1,3
22751,758366,70.83,1,3
22752,758400,71.56,1,3
22753,758433,72.09,1,3
22754,758466,72.63,1,3
22755,758500,72.03,1,3
22756,758533,71.24,1,3
22757,758566,70.87,1,3
22758,758600,70.68,1,3
22759,758633,71.46,1,3
22760,758666,72.24,1,3
22761,758700,72.06,1,3
22762,758733,71.64,1,3
22763,758766,71.23,1,3
22764,758800,68.35,1,3
22765,758833,63.75,1,3
22766,758866,60.29,1,3
22767,758900,56.72,1,3
22768,758933,52.92,1,3
22769,758966,50.62,1,3
22770,759000,49.65,1,2
22771,759033,47.84,1,2
22772,759066,46.37,1,2
22773,759100,44.83,1,2
22774,759133,42,1,2
22775,759166,39.57,1,2
22776,759200,39.06,1,2
22777,759233,38.56,1,2
22778,759266,38.36,1,2
22779,759300,44.69,1,2
22780,759333,51.02,1,3
22781,759366,56.27,1,3
22782,759400,62.87,1,3
22783,759433,69.48,1,3
22784,759466,70.57,1,3
22785,759500,71.65,1,3
22786,759533,74.44,1,3
22787,759566,75.86,1,4
22788,759600,77.29,1,4
22789,759633,79.41,1,4
22790,759666,81.54,1,4
22791,759700,80.58,1,4
22792,759733,79.35,1,4
22793,759766,78.12,1,4
22794,759800,76.46,1,4
22795,759833,74.69,1,3
22796,759866,74.31,1,3
22797,759900,74.19,1,3
22798,759933,74.41,1,3
22799,759966,74.63,1,3
22800,760000,74.32,1,3
22801,760033,73.76,1,3
22802,760066,73.19,1,3
22803,760100,71.16,1,3
22804,760133,68.63,1,3
22805,760166,66.74,1,3
22806,760200,65.11,1,3
22807,760233,63.35,1,3
22808,760266,62.73,1,3
22809,760300,61.92,1,3
22810,760333,60.06,1,3
22811,760366,59.26,1,3
22812,760400,57.45,1,3
22813,760433,55.59,1,3
22814,760466,54.4,1,3
22815,760500,53.61,1,3
22816,760533,51.77,1,3
22817,760566,51.05,1,3
22818,760600,49.78,1,2
22819,760633,47.16,1,2
22820,760666,45.19,1,2
22821,760700,42.94,1,2
22822,760733,40.69,1,2
22823,760766,39.05,1,2
22824,760800,40.17,1,2
22825,760833,41.29,1,2
22826,760866,42.69,1,2
22827,760900,45.45,1,2
22828,760933,48.21,1,2
22829,760966,49.56,1,2
22830,761000,51.44,1,3
22831,761033,53.32,1,3
22832,761066,53.53,1,3
22833,761100,53.75,1,3
22834,761133,54.74,1,3
22835,761166,55.21,1,3
22836,761200,55.68,1,3
22837,761233,58.53,1,3
22838,761266,61.37,1,3
22839,761300,63.44,1,3
22840,761333,65.65,1,3
22841,761366,67.86,1,3
22842,761400,68,1,3
22843,761433,68.38,1,3
22844,761466,68.76,1,3
22845,761500,69,1,3
22846,761533,70.94,1,3
22847,761566,72.89,1,3
22848,761600,72.88,1,3
22849,761633,72.54,1,3
22850,761666,72.2,1,3
22851,761700,69.97,1,3
22852,761733,66.86,1,3
22853,761766,65.8,1,3
22854,761800,65.01,1,3
22855,761833,64.22,1,3
22856,761866,63.62,1,3
22857,761900,63.37,1,3
22858,761933,61.36,1,3
22859,761966,59.41,1,3
22860,762000,57.08,1,3
22861,762033,52.04,1,3
22862,762066,47.53,1,2
22863,762100,44.2,1,2
22864,762133,40.75,1,2
22865,762166,37.68,1,2
22866,762200,37.28,1,2
22867,762233,36.87,1,2
22868,762266,36.7,1,2
22869,762300,37.83,1,2
22870,762333,38.96,1,2
22871,762366,40.15,1,2
22872,762400,43.55,1,2
22873,762433,46.96,1,2
22874,762466,48.82,1,2
22875,762500,50.69,1,3
22876,762533,54.01,1,3
22877,762566,55.12,1,3
22878,762600,56.23,1,3
22879,762633,58.96,1,3
22880,762666,61.68,1,3
22881,762700,62.95,1,3
22882,762733,66,1,3
22883,762766,69.05,1,3
22884,762800,70.83,1,3
22885,762833,72.71,1,3
22886,762866,74.59,1,3
22887,762900,73.68,1,3
22888,762933,72.61,1,3
22889,762966,71.55,1,3
22890,763000,69.82,1,3
22891,763033,67.75,1,3
22892,763066,66.71,1,3
22893,763100,65.8,1,3
22894,763133,65.18,1,3
22895,763166,65.13,1,3
22896,763200,64.95,1,3
22897,763233,64.58,1,3
22898,763266,64.4,1,3
22899,763300,67.5,1,3
22900,763333,70.59,1,3
22901,763366,73.65,1,3
22902,763400,75.68,1,4
22903,763433,77.11,1,4
22904,763466,75,1,3
22905,763500,72.52,1,3
22906,763533,67.27,1,3
22907,763566,63.24,1,3
22908,763600,59.08,1,3
22909,763633,53.71,1,3
22910,763666,48.7,1,2
22911,763700,48.07,1,2
22912,763733,47.43,1,2
22913,763766,47.34,1,2
22914,763800,48.03,1,2
22915,763833,47.05,1,2
22916,763866,44.95,1,2
22917,763900,44.37,1,2
22918,763933,43.79,1,2
22919,763966,43.62,1,2
22920,764000,46.91,1,2
22921,764033,50.2,1,3
22922,764066,51.98,1,3
22923,764100,54.12,1,3
22924,764133,56.63,1,3
22925,764166,57.37,1,3
22926,764200,58.11,1,3
22927,764233,60.02,1,3
22928,764266,61.56,1,3
22929,764300,62.72,1,3
22930,764333,64.71,1,3
22931,764366,66.71,1,3
22932,764400,67.54,1,3
22933,764433,68.71,1,3
22934,764466,69.89,1,3
22935,764500,69.61,1,3
22936,764533,69.17,1,3
22937,764566,68.74,1,3
22938,764600,67.96,1,3
22939,764633,67.67,1,3
22940,764666,68.01,1,3
22941,764700,68.49,1,3
22942,764733,69.08,1,3
22943,764766,69.67,1,3
22944,764800,67.64,1,3
22945,764833,65.55,1,3
22946,764866,63.45,1,3
22947,764900,60.98,1,3
22948,764933,55.79,1,3
22949,764966,52.72,1,3
22950,765000,49.25,1,2
22951,765033,44.8,1,2
22952,765066,40.63,1,2
22953,765100,38.89,1,2
22954,765133,36.71,1,2
22955,765166,35,1,2
22956,765200,34.23,1,2
22957,765233,33.45,1,2
22958,765266,32.95,1,2
22959,765300,36.23,1,2
22960,765333,39.51,1,2
22961,765366,42.84,1,2
22962,765400,46.99,1,2
22963,765433,51.14,1,3
22964,765466,51.52,1,3
22965,765500,51.9,1,3
22966,765533,53.96,1,3
22967,765566,55.2,1,3
22968,765600,56.44,1,3
22969,765633,59.41,1,3
22970,765666,62.38,1,3
22971,765700,63.67,1,3
22972,765733,65.63,1,3
22973,765766,67.58,1,3
22974,765800,68.24,1,3
22975,765833,69.13,1,3
22976,765866,70.02,1,3
22977,765900,69.95,1,3
22978,765933,69.44,1,3
22979,765966,68.93,1,3
22980,766000,68.19,1,3
22981,766033,67.35,1,3
22982,766066,66.8,1,3
22983,766100,66.14,1,3
22984,766133,65.24,1,3
22985,766166,64.34,1,3
22986,766200,63.55,1,3
22987,766233,64.07,1,3
22988,766266,65.16,1,3
22989,766300,64.16,1,3
22990,766333,62.72,1,3
22991,766366,61.73,1,3
22992,766400,58.97,1,3
22993,766433,55.88,1,3
22994,766466,55.1,1,3
22995,766500,53.73,1,3
22996,766533,51.06,1,3
22997,766566,48.83,1,2
22998,766600,47.24,1,2
22999,766633,45.65,1,2
23000,766666,45.09,1,2
23001,766700,45.12,1,2
23002,766733,43.96,1,2
23003,766766,42.5,1,2
23004,766800,41.2,1,2
23005,766833,39.91,1,2
23006,766866,38.87,1,2
23007,766900,40.03,1,2
23008,766933,41.19,1,2
23009,766966,42.18,1,2
23010,767000,45.4,1,2
23011,767033,48.62,1,2
23012,767066,50.79,1,3
23013,767100,52.95,1,3
23014,767133,56.07,1,3
23015,767166,56.97,1,3
23016,767200,57.87,1,3
23017,767233,60.94,1,3
23018,767266,64.17,1,3
23019,767300,68.95,1,3
23020,767333,74.85,1,3
23021,767366,80.74,1,4
23022,767400,83.96,1,4
23023,767433,86.81,1,4
23024,767466,87.16,1,4
23025,767500,86.4,1,4
23026,767533,85.46,1,4
23027,767566,85.08,1,4
23028,767600,83.8,1,4
23029,767633,81.97,1,4
23030,767666,80.14,1,4
23031,767700,77.25,1,4
23032,767733,74.03,1,3
23033,767766,71.9,1,3
23034,767800,68.4,1,3
23035,767833,63.48,1,3
23036,767866,59.8,1,3
23037,767900,55.84,1,3
23038,767933,51.89,1,3
23039,767966,49.86,1,2
23040,768000,48.88,1,2
23041,768033,46.37,1,2
23042,768066,44.48,1,2
23043,768100,42.05,1,2
23044,768133,39.33,1,2
23045,768166,36.98,1,2
23046,768200,37.71,1,2
23047,768233,38.44,1,2
23048,768266,39.69,1,2
23049,768300,41.82,1,2
23050,768333,43.95,1,2
23051,768366,44.54,1,2
23052,768400,47.43,1,2
23053,768433,50.32,1,3
23054,768466,52.62,1,3
23055,768500,55.99,1,3
23056,768533,60.36,1,3
23057,768566,62.43,1,3
23058,768600,64.5,1,3
23059,768633,67.49,1,3
23060,768666,69.42,1,3
23061,768700,69.8,1,3
23062,768733,69.58,1,3
23063,768766,69.36,1,3
23064,768800,68.21,1,3
23065,768833,67.59,1,3
23066,768866,67.52,1,3
23067,768900,68.05,1,3
23068,768933,68.53,1,3
23069,768966,69,1,3
23070,769000,68.52,1,3
23071,769033,67.92,1,3
23072,769066,67.33,1,3
23073,769100,66.78,1,3
23074,769133,66.69,1,3
23075,769166,67.02,1,3
23076,769200,66.67,1,3
23077,769233,66.03,1,3
23078,769266,65.4,1,3
23079,769300,62.46,1,3
23080,769333,59.45,1,3
23081,769366,57.24,1,3
23082,769400,55.28,1,3
23083,769433,52.93,1,3
23084,769466,52.43,1,3
23085,769500,52.62,1,3
23086,769533,52.81,1,3
23087,769566,53.03,1,3
23088,769600,53.01,1,3
23089,769633,49.46,1,2
23090,769666,45.29,1,2
23091,769700,41.6,1,2
23092,769733,37.92,1,2
23093,769766,34.87,1,2
23094,769800,36.51,1,2
23095,769833,38.15,1,2
23096,769866,39.3,1,2
23097,769900,41.6,1,2
23098,769933,43.9,1,2
23099,769966,45.05,1,2
23100,770000,47.55,1,2
23101,770033,50.27,1,3
23102,770066,51.85,1,3
23103,770100,53.43,1,3
23104,770133,55.58,1,3
23105,770166,56.37,1,3
23106,770200,56.95,1,3
23107,770233,58.72,1,3
23108,770266,60.5,1,3
23109,770300,61.71,1,3
23110,770333,63.6,1,3
23111,770366,65.49,1,3
23112,770400,66.17,1,3
23113,770433,69.21,1,3
23114,770466,72.25,1,3
23115,770500,74.16,1,3
23116,770533,75.95,1,4
23117,770566,77.74,1,4
23118,770600,75.05,1,4
23119,770633,72.13,1,3
23120,770666,69.66,1,3
23121,770700,67.1,1,3
23122,770733,63.99,1,3
23123,770766,63.14,1,3
23124,770800,62.39,1,3
23125,770833,60.89,1,3
23126,770866,59.59,1,3
23127,770900,58.84,1,3
23128,770933,55.07,1,3
23129,770966,51.43,1,3
23130,771000,48.19,1,2
23131,771033,44.5,1,2
23132,771066,40.82,1,2
23133,771100,39.74,1,2
23134,771133,38.54,1,2
23135,771166,37.69,1,2
23136,771200,37.69,1,2
23137,771233,37.69,1,2
23138,771266,37.97,1,2
23139,771300,45.11,1,2
23140,771333,52.24,1,3
23141,771366,58.97,1,3
23142,771400,66.98,1,3
23143,771433,75,1,3
23144,771466,76.07,1,4
23145,771500,77.15,1,4
23146,771533,78.73,1,4
23147,771566,79.01,1,4
23148,771600,79.3,1,4
23149,771633,79.33,1,4
23150,771666,79.36,1,4
23151,771700,78.89,1,4
23152,771733,78.37,1,4
23153,771766,77.85,1,4
23154,771800,76.44,1,4
23155,771833,74.8,1,3
23156,771866,73.15,1,3
23157,771900,70.65,1,3
23158,771933,67.62,1,3
23159,771966,65.94,1,3
23160,772000,64.51,1,3
23161,772033,62.99,1,3
23162,772066,62.37,1,3
23163,772100,61.31,1,3
23164,772133,59.97,1,3
23165,772166,58.9,1,3
23166,772200,57.35,1,3
23167,772233,54.66,1,3
23168,772266,52.95,1,3
23169,772300,51.8,1,3
23170,772333,50.37,1,3
23171,772366,49.51,1,2
23172,772400,49.38,1,2
23173,772433,46.65,1,2
23174,772466,43.63,1,2
23175,772500,41.19,1,2
23176,772533,38.76,1,2
23177,772566,36.73,1,2
23178,772600,38.38,1,2
23179,772633,40.04,1,2
23180,772666,41.11,1,2
23181,772700,42.59,1,2
23182,772733,44.07,1,2
23183,772766,44.47,1,2
23184,772800,46.38,1,2
23185,772833,48.29,1,2
23186,772866,49.36,1,2
23187,772900,50.43,1,3
23188,772933,53.97,1,3
23189,772966,56,1,3
23190,773000,58.04,1,3
23191,773033,60.81,1,3
23192,773066,63.58,1,3
23193,773100,63.88,1,3
23194,773133,64.71,1,3
23195,773166,65.54,1,3
23196,773200,66.07,1,3
23197,773233,68.22,1,3
23198,773266,70.37,1,3
23199,773300,71.51,1,3
23200,773333,72.56,1,3
23201,773366,73.62,1,3
23202,773400,71.58,1,3
23203,773433,69.27,1,3
23204,773466,67.45,1,3
23205,773500,65.7,1,3
23206,773533,64.2,1,3
23207,773566,64.17,1,3
23208,773600,62.92,1,3
23209,773633,61.49,1,3
23210,773666,60.06,1,3
23211,773700,57.84,1,3
23212,773733,53.8,1,3
23213,773766,51.25,1,3
23214,773800,48.64,1,2
23215,773833,44.92,1,2
23216,773866,41.77,1,2
23217,773900,40.06,1,2
23218,773933,37.52,1,2
23219,773966,35.24,1,2
23220,774000,34.93,1,2
23221,774033,34.63,1,2
23222,774066,34.7,1,2
23223,774100,37.5,1,2
23224,774133,40.3,1,2
23225,774166,42.22,1,2
23226,774200,47.9,1,2
23227,774233,53.58,1,3
23228,774266,57.05,1,3
23229,774300,60.07,1,3
23230,774333,62.83,1,3
23231,774366,61.83,1,3
23232,774400,60.83,1,3
23233,774433,61.34,1,3
23234,774466,62.32,1,3
23235,774500,63.54,1,3
23236,774533,65.53,1,3
23237,774566,67.52,1,3
23238,774600,68.29,1,3
23239,774633,69.19,1,3
23240,774666,70.09,1,3
23241,774700,69.73,1,3
23242,774733,69.34,1,3
23243,774766,68.96,1,3
23244,774800,68.34,1,3
23245,774833,67.59,1,3
23246,774866,67.34,1,3
23247,774900,66.77,1,3
23248,774933,65.78,1,3
23249,774966,64.91,1,3
23250,775000,64.15,1,3
23251,775033,63.35,1,3
23252,775066,62.9,1,3
23253,775100,62.86,1,3
23254,775133,62.67,1,3
23255,775166,62.82,1,3
23256,775200,62.67,1,3
23257,775233,60.68,1,3
23258,775266,58.69,1,3
23259,775300,58.09,1,3
23260,775333,57.13,1,3
23261,775366,56.53,1,3
23262,775400,57.96,1,3
23263,775433,59.39,1,3
23264,775466,59.59,1,3
23265,775500,59.56,1,3
23266,775533,58.95,1,3
23267,775566,58.14,1,3
23268,775600,56.53,1,3
23269,775633,54.16,1,3
23270,775666,52.01,1,3
23271,775700,50.74,1,3
23272,775733,49.46,1,2
23273,775766,48.98,1,2
23274,775800,50.47,1,3
23275,775833,51.96,1,3
23276,775866,52.47,1,3
23277,775900,52.97,1,3
23278,775933,54.68,1,3
23279,775966,55.18,1,3
23280,776000,55.68,1,3
23281,776033,58.75,1,3
23282,776066,61.82,1,3
23283,776100,63.69,1,3
23284,776133,67.8,1,3
23285,776166,71.91,1,3
23286,776200,74.13,1,3
23287,776233,77.03,1,4
23288,776266,79.93,1,4
23289,776300,78.72,1,4
23290,776333,77.41,1,4
23291,776366,76.09,1,4
23292,776400,74.1,1,3
23293,776433,72.1,1,3
23294,776466,71.98,1,3
23295,776500,71.96,1,3
23296,776533,71.75,1,3
23297,776566,71.54,1,3
23298,776600,68.73,1,3
23299,776633,65.84,1,3
23300,776666,63.03,1,3
23301,776700,59.76,1,3
23302,776733,56.48,1,3
23303,776766,55.82,1,3
23304,776800,54.77,1,3
23305,776833,52.07,1,3
23306,776866,50.05,1,3
23307,776900,47.32,1,2
23308,776933,43.78,1,2
23309,776966,40.7,1,2
23310,777000,40,1,2
23311,777033,39.31,1,2
23312,777066,39.32,1,2
23313,777100,42.07,1,2
23314,777133,44.82,1,2
23315,777166,46.75,1,2
23316,777200,48.12,1,2
23317,777233,49.46,1,2
23318,777266,48.86,1,2
23319,777300,50.69,1,3
23320,777333,52.53,1,3
23321,777366,54.94,1,3
23322,777400,58.29,1,3
23323,777433,62.8,1,3
23324,777466,64.88,1,3
23325,777500,66.62,1,3
23326,777533,68.18,1,3
23327,777566,68.82,1,3
23328,777600,68.31,1,3
23329,777633,67.77,1,3
23330,777666,67.57,1,3
23331,777700,67.49,1,3
23332,777733,67.2,1,3
23333,777766,66.91,1,3
23334,777800,66.19,1,3
23335,777833,65.24,1,3
23336,777866,64.36,1,3
23337,777900,63.69,1,3
23338,777933,63.08,1,3
23339,777966,62.93,1,3
23340,778000,62.99,1,3
23341,778033,64.27,1,3
23342,778066,65.54,1,3
23343,778100,65.38,1,3
23344,778133,65.04,1,3
23345,778166,64.87,1,3
23346,778200,63.31,1,3
23347,778233,59.33,1,3
23348,778266,56.73,1,3
23349,778300,55.57,1,3
23350,778333,54.24,1,3
23351,778366,53.08,1,3
23352,778400,54.13,1,3
23353,778433,52.48,1,3
23354,778466,49.56,1,2
23355,778500,46.27,1,2
23356,778533,42.5,1,2
23357,778566,38.96,1,2
23358,778600,38.19,1,2
23359,778633,37.42,1,2
23360,778666,37.01,1,2
23361,778700,38.5,1,2
23362,778733,39.98,1,2
23363,778766,41.4,1,2
23364,778800,42.75,1,2
23365,778833,44.11,1,2
23366,778866,43.9,1,2
23367,778900,43.7,1,2
23368,778933,45.62,1,2
23369,778966,48.04,1,2
23370,779000,50.56,1,3
23371,779033,54.72,1,3
23372,779066,58.87,1,3
23373,779100,60.89,1,3
23374,779133,63.3,1,3
23375,779166,65.61,1,3
23376,779200,66.25,1,3
23377,779233,66.54,1,3
23378,779266,67.19,1,3
23379,779300,68,1,3
23380,779333,72.18,1,3
23381,779366,76.54,1,4
23382,779400,80.85,1,4
23383,779433,84.44,1,4
23384,779466,87.05,1,4
23385,779500,85.08,1,4
23386,779533,82.8,1,4
23387,779566,80.92,1,4
23388,779600,77.55,1,4
23389,779633,73.37,1,3
23390,779666,70.39,1,3
23391,779700,66.79,1,3
23392,779733,62.32,1,3
23393,779766,59.7,1,3
23394,779800,57.53,1,3
23395,779833,54.16,1,3
23396,779866,51.72,1,3
23397,779900,49.81,1,2
23398,779933,46.37,1,2
23399,779966,43.31,1,2
23400,780000,42.19,1,2
23401,780033,41.07,1,2
23402,780066,40.3,1,2
23403,780100,40.61,1,2
23404,780133,40.57,1,2
23405,780166,39.78,1,2
23406,780200,40.14,1,2
23407,780233,40.5,1,2
23408,780266,41.3,1,2
23409,780300,45.27,1,2
23410,780333,49.25,1,2
23411,780366,52.07,1,3
23412,780400,55.75,1,3
23413,780433,59.43,1,3
23414,780466,60.29,1,3
23415,780500,61.15,1,3
23416,780533,62.49,1,3
23417,780566,62.98,1,3
23418,780600,63.46,1,3
23419,780633,64.23,1,3
23420,780666,65,1,3
23421,780700,65.3,1,3
23422,780733,66.01,1,3
23423,780766,66.72,1,3
23424,780800,67.13,1,3
23425,780833,67.53,1,3
23426,780866,67.92,1,3
23427,780900,67.91,1,3
23428,780933,68.25,1,3
23429,780966,68.58,1,3
23430,781000,68.41,1,3
23431,781033,67.93,1,3
23432,781066,67.45,1,3
23433,781100,66.01,1,3
23434,781133,64.43,1,3
23435,781166,63.46,1,3
23436,781200,62.74,1,3
23437,781233,62.01,1,3
23438,781266,61.76,1,3
23439,781300,61.52,1,3
23440,781333,58.95,1,3
23441,781366,56.45,1,3
23442,781400,53.53,1,3
23443,781433,48.56,1,2
23444,781466,43.72,1,2
23445,781500,40.81,1,2
23446,781533,37.61,1,2
23447,781566,34.84,1,2
23448,781600,34.54,1,2
23449,781633,34.25,1,2
23450,781666,34.28,1,2
23451,781700,35.46,1,2
23452,781733,36.64,1,2
23453,781766,37.51,1,2
23454,781800,40.51,1,2
23455,781833,43.51,1,2
23456,781866,45.65,1,2
23457,781900,49.66,1,2
23458,781933,54.14,1,3
23459,781966,56.49,1,3
23460,782000,58.83,1,3
23461,782033,61.81,1,3
23462,782066,62.91,1,3
23463,782100,63.55,1,3
23464,782133,64.5,1,3
23465,782166,65.46,1,3
23466,782200,65.77,1,3
23467,782233,66.93,1,3
23468,782266,68.1,1,3
23469,782300,68.21,1,3
23470,782333,68.18,1,3
23471,782366,68.14,1,3
23472,782400,67.05,1,3
23473,782433,65.88,1,3
23474,782466,65.43,1,3
23475,782500,65.13,1,3
23476,782533,64.72,1,3
23477,782566,64.53,1,3
23478,782600,64.27,1,3
23479,782633,63.53,1,3
23480,782666,62.79,1,3
23481,782700,61.25,1,3
23482,782733,59.46,1,3
23483,782766,58.07,1,3
23484,782800,56.92,1,3
23485,782833,54.7,1,3
23486,782866,53.37,1,3
23487,782900,52.14,1,3
23488,782933,50.39,1,3
23489,782966,48.89,1,2
23490,783000,47.46,1,2
23491,783033,44.92,1,2
23492,783066,42.54,1,2
23493,783100,41.97,1,2
23494,783133,41.4,1,2
23495,783166,41.85,1,2
23496,783200,46.12,1,2
23497,783233,50.39,1,3
23498,783266,53.11,1,3
23499,783300,58.9,1,3
23500,783333,65.18,1,3
23501,783366,68.25,1,3
23502,783400,71.81,1,3
23503,783433,75.57,1,4
23504,783466,76.26,1,4
23505,783500,76.46,1,4
23506,783533,78,1,4
23507,783566,79.05,1,4
23508,783600,78.92,1,4
23509,783633,77.72,1,4
23510,783666,76.52,1,4
23511,783700,74.47,1,3
23512,783733,72.22,1,3
23513,783766,70.94,1,3
23514,783800,70.74,1,3
23515,783833,72.32,1,3
23516,783866,73.9,1,3
23517,783900,74.42,1,3
23518,783933,74.66,1,3
23519,783966,74.89,1,3
23520,784000,73.34,1,3
23521,784033,71.72,1,3
23522,784066,71.36,1,3
23523,784100,71.29,1,3
23524,784133,72.4,1,3
23525,784166,73.51,1,3
23526,784200,72.97,1,3
23527,784233,71.47,1,3
23528,784266,69.98,1,3
23529,784300,66.5,1,3
23530,784333,60.83,1,3
23531,784366,56.88,1,3
23532,784400,53.45,1,3
23533,784433,48.56,1,2
23534,784466,44.45,1,2
23535,784500,42.24,1,2
23536,784533,39.7,1,2
23537,784566,37.6,1,2
23538,784600,36.71,1,2
23539,784633,35.49,1,2
23540,784666,34.57,1,2
23541,784700,35.35,1,2
23542,784733,36.12,1,2
23543,784766,37.16,1,2
23544,784800,40.54,1,2
23545,784833,43.91,1,2
23546,784866,45.93,1,2
23547,784900,48.83,1,2
23548,784933,51.72,1,3
23549,784966,52.6,1,3
23550,785000,54.09,1,3
23551,785033,57.92,1,3
23552,785066,60.87,1,3
23553,785100,63.82,1,3
23554,785133,67.1,1,3
23555,785166,69.76,1,3
23556,785200,70.08,1,3
23557,785233,70.42,1,3
23558,785266,70.76,1,3
23559,785300,70.25,1,3
23560,785333,69.47,1,3
23561,785366,68.68,1,3
23562,785400,67.88,1,3
23563,785433,67.36,1,3
23564,785466,67.36,1,3
23565,785500,66.8,1,3
23566,785533,66.05,1,3
23567,785566,65.3,1,3
23568,785600,64.27,1,3
23569,785633,63.38,1,3
23570,785666,63.33,1,3
23571,785700,62.83,1,3
23572,785733,61.79,1,3
23573,785766,61.29,1,3
23574,785800,60.11,1,3
23575,785833,57.01,1,3
23576,785866,54.54,1,3
23577,785900,52.21,1,3
23578,785933,48.12,1,2
23579,785966,44.57,1,2
23580,786000,43.61,1,2
23581,786033,42.65,1,2
23582,786066,42.09,1,2
23583,786100,43.69,1,2
23584,786133,45.3,1,2
23585,786166,46.24,1,2
23586,786200,46.47,1,2
23587,786233,46.61,1,2
23588,786266,45.8,1,2
23589,786300,46.92,1,2
23590,786333,48.05,1,2
23591,786366,50.04,1,3
23592,786400,52.68,1,3
23593,786433,55.32,1,3
23594,786466,55.72,1,3
23595,786500,56.12,1,3
23596,786533,57.44,1,3
23597,786566,58.2,1,3
23598,786600,58.96,1,3
23599,786633,61.15,1,3
23600,786666,63.34,1,3
23601,786700,64.19,1,3
23602,786733,64.75,1,3
23603,786766,65.32,1,3
23604,786800,64.75,1,3
23605,786833,64.66,1,3
23606,786866,64.84,1,3
23607,786900,65.31,1,3
23608,786933,66.72,1,3
23609,786966,68.14,1,3
23610,787000,69.08,1,3
23611,787033,70.62,1,3
23612,787066,72.17,1,3
23613,787100,71.18,1,3
23614,787133,69.88,1,3
23615,787166,68.59,1,3
23616,787200,64.99,1,3
23617,787233,61,1,3
23618,787266,58.61,1,3
23619,787300,60.95,1,3
23620,787333,63.29,1,3
23621,787366,67.33,1,3
23622,787400,70.73,1,3
23623,787433,71.94,1,3
23624,787466,68.72,1,3
23625,787500,64.95,1,3
23626,787533,60.66,1,3
23627,787566,57.41,1,3
23628,787600,55.79,1,3
23629,787633,53.2,1,3
23630,787666,51.16,1,3
23631,787700,48.96,1,2
23632,787733,46.68,1,2
23633,787766,44.94,1,2
23634,787800,44.4,1,2
23635,787833,43.86,1,2
23636,787866,44,1,2
23637,787900,46.96,1,2
23638,787933,49.92,1,2
23639,787966,52.66,1,3
23640,788000,56.75,1,3
23641,788033,60.85,1,3
23642,788066,61.89,1,3
23643,788100,62.93,1,3
23644,788133,64.51,1,3
23645,788166,64.74,1,3
23646,788200,64.96,1,3
23647,788233,65.99,1,3
23648,788266,67.02,1,3
23649,788300,67.52,1,3
23650,788333,68.92,1,3
23651,788366,70.32,1,3
23652,788400,70.31,1,3
23653,788433,70.11,1,3
23654,788466,69.91,1,3
23655,788500,68.61,1,3
23656,788533,67.11,1,3
23657,788566,66.53,1,3
23658,788600,66.14,1,3
23659,788633,65.99,1,3
23660,788666,66.02,1,3
23661,788700,65.2,1,3
23662,788733,64.05,1,3
23663,788766,62.9,1,3
23664,788800,61.06,1,3
23665,788833,58.85,1,3
23666,788866,58.05,1,3
23667,788900,57.21,1,3
23668,788933,55.9,1,3
23669,788966,55.06,1,3
23670,789000,54.13,1,3
23671,789033,51.74,1,3
23672,789066,49.72,1,2
23673,789100,47.77,1,2
23674,789133,43.71,1,2
23675,789166,40.12,1,2
23676,789200,39.15,1,2
23677,789233,38.17,1,2
23678,789266,37.6,1,2
23679,789300,40.43,1,2
23680,789333,43.25,1,2
23681,789366,44.55,1,2
23682,789400,46.81,1,2
23683,789433,49.08,1,2
23684,789466,50.06,1,3
23685,789500,51.29,1,3
23686,789533,53.77,1,3
23687,789566,55.28,1,3
23688,789600,56.78,1,3
23689,789633,59.03,1,3
23690,789666,61.03,1,3
23691,789700,61.77,1,3
23692,789733,62.99,1,3
23693,789766,64.2,1,3
23694,789800,64.67,1,3
23695,789833,65.71,1,3
23696,789866,66.75,1,3
23697,789900,67.32,1,3
23698,789933,69.04,1,3
23699,789966,70.75,1,3
23700,790000,70.75,1,3
23701,790033,70.6,1,3
23702,790066,70.44,1,3
23703,790100,68.8,1,3
23704,790133,66.87,1,3
23705,790166,66.08,1,3
23706,790200,65.01,1,3
23707,790233,63.73,1,3
23708,790266,62.78,1,3
23709,790300,60.75,1,3
23710,790333,58.64,1,3
23711,790366,56.98,1,3
23712,790400,55.17,1,3
23713,790433,52.49,1,3
23714,790466,51.18,1,3
23715,790500,49.7,1,2
23716,790533,48.22,1,2
23717,790566,47.08,1,2
23718,790600,46.4,1,2
23719,790633,44.43,1,2
23720,790666,42.71,1,2
23721,790700,40.67,1,2
23722,790733,38.35,1,2
23723,790766,36.46,1,2
23724,790800,37.62,1,2
23725,790833,38.79,1,2
23726,790866,40.28,1,2
23727,790900,43.03,1,2
23728,790933,45.77,1,2
23729,790966,46.75,1,2
23730,791000,49,1,2
23731,791033,51.24,1,3
23732,791066,51.96,1,3
23733,791100,52.69,1,3
23734,791133,54.1,1,3
23735,791166,54.25,1,3
23736,791200,54.41,1,3
23737,791233,56.18,1,3
23738,791266,58.19,1,3
23739,791300,64.21,1,3
23740,791333,70.33,1,3
23741,791366,76.45,1,4
23742,791400,81.49,1,4
23743,791433,86.29,1,4
23744,791466,86.4,1,4
23745,791500,85.96,1,4
23746,791533,85.24,1,4
23747,791566,84.52,1,4
23748,791600,82.34,1,4
23749,791633,79.8,1,4
23750,791666,77.7,1,4
23751,791700,75.88,1,4
23752,791733,75.05,1,4
23753,791766,75.67,1,4
23754,791800,76.56,1,4
23755,791833,76.9,1,4
23756,791866,77.24,1,4
23757,791900,76.35,1,4
23758,791933,75.24,1,4
23759,791966,74.45,1,3
23760,792000,73.48,1,3
23761,792033,68.04,1,3
23762,792066,62.83,1,3
23763,792100,57.42,1,3
23764,792133,51.49,1,3
23765,792166,46.3,1,2
23766,792200,45.16,1,2
23767,792233,43.23,1,2
23768,792266,41.72,1,2
23769,792300,40.6,1,2
23770,792333,39.47,1,2
23771,792366,38.77,1,2
23772,792400,39.97,1,2
23773,792433,41.17,1,2
23774,792466,42.28,1,2
23775,792500,45.26,1,2
23776,792533,48.23,1,2
23777,792566,50.1,1,3
23778,792600,52.28,1,3
23779,792633,55.73,1,3
23780,792666,57.33,1,3
23781,792700,58.92,1,3
23782,792733,62.44,1,3
23783,792766,65.65,1,3
23784,792800,67.58,1,3
23785,792833,71.11,1,3
23786,792866,74.64,1,3
23787,792900,74.81,1,3
23788,792933,74.93,1,3
23789,792966,75.05,1,4
23790,793000,73.55,1,3
23791,793033,71.94,1,3
23792,793066,71.75,1,3
23793,793100,71.62,1,3
23794,793133,71.56,1,3
23795,793166,71.52,1,3
23796,793200,69.96,1,3
23797,793233,68.01,1,3
23798,793266,66.05,1,3
23799,793300,64.02,1,3
23800,793333,61.9,1,3
23801,793366,61.41,1,3
23802,793400,60.38,1,3
23803,793433,59.31,1,3
23804,793466,58.24,1,3
23805,793500,56.93,1,3
23806,793533,54.18,1,3
23807,793566,52.36,1,3
23808,793600,50.23,1,3
23809,793633,47.13,1,2
23810,793666,44.36,1,2
23811,793700,43.99,1,2
23812,793733,43.61,1,2
23813,793766,43.59,1,2
23814,793800,44.07,1,2
23815,793833,43.96,1,2
23816,793866,42.89,1,2
23817,793900,41.57,1,2
23818,793933,40.26,1,2
23819,793966,39.43,1,2
23820,794000,40.89,1,2
23821,794033,42.36,1,2
23822,794066,44.06,1,2
23823,794100,47.82,1,2
23824,794133,51.58,1,3
23825,794166,53.55,1,3
23826,794200,55.53,1,3
23827,794233,57.66,1,3
23828,794266,57.74,1,3
23829,794300,57.82,1,3
23830,794333,58.92,1,3
23831,794366,60.02,1,3
23832,794400,60.96,1,3
23833,794433,62.47,1,3
23834,794466,63.97,1,3
23835,794500,64.54,1,3
23836,794533,65.49,1,3
23837,794566,66.45,1,3
23838,794600,66.84,1,3
23839,794633,67.87,1,3
23840,794666,68.9,1,3
23841,794700,69.53,1,3
23842,794733,70.57,1,3
23843,794766,71.6,1,3
23844,794800,71.99,1,3
23845,794833,72.72,1,3
23846,794866,73.45,1,3
23847,794900,71.62,1,3
23848,794933,69.62,1,3
23849,794966,67.62,1,3
23850,795000,65.29,1,3
23851,795033,62.86,1,3
23852,795066,62.76,1,3
23853,795100,62.51,1,3
23854,795133,60.65,1,3
23855,795166,58.79,1,3
23856,795200,56.67,1,3
23857,795233,52.17,1,3
23858,795266,47.99,1,2
23859,795300,49,1,2
23860,795333,50.01,1,3
23861,795366,51.39,1,3
23862,795400,55.55,1,3
23863,795433,59.7,1,3
23864,795466,60.28,1,3
23865,795500,60.99,1,3
23866,795533,61.7,1,3
23867,795566,61.83,1,3
23868,795600,62.25,1,3
23869,795633,62.66,1,3
23870,795666,62.5,1,3
23871,795700,62.34,1,3
23872,795733,63.27,1,3
23873,795766,63.92,1,3
23874,795800,64.56,1,3
23875,795833,66.47,1,3
23876,795866,68.37,1,3
23877,795900,69.17,1,3
23878,795933,71.48,1,3
23879,795966,73.79,1,3
23880,796000,75.3,1,4
23881,796033,77.33,1,4
23882,796066,79.37,1,4
23883,796100,79.07,1,4
23884,796133,78.54,1,4
23885,796166,78.01,1,4
23886,796200,75.53,1,4
23887,796233,72.72,1,3
23888,796266,70.75,1,3
23889,796300,68.83,1,3
23890,796333,66.56,1,3
23891,796366,65.72,1,3
23892,796400,64.73,1,3
23893,796433,62.86,1,3
23894,796466,61.16,1,3
23895,796500,58.94,1,3
23896,796533,56.29,1,3
23897,796566,54.53,1,3
23898,796600,53.23,1,3
23899,796633,51.74,1,3
23900,796666,51.11,1,3
23901,796700,50.05,1,3
23902,796733,47.79,1,2
23903,796766,45.95,1,2
23904,796800,43.95,1,2
23905,796833,40.75,1,2
23906,796866,38.42,1,2
23907,796900,38.14,1,2
23908,796933,37.86,1,2
23909,796966,37.93,1,2
23910,797000,41.46,1,2
23911,797033,44.98,1,2
23912,797066,47.24,1,2
23913,797100,49.12,1,2
23914,797133,50.72,1,3
23915,797166,50.06,1,3
23916,797200,50.68,1,3
23917,797233,51.3,1,3
23918,797266,52.28,1,3
23919,797300,54.02,1,3
23920,797333,56.58,1,3
23921,797366,57.87,1,3
23922,797400,59.16,1,3
23923,797433,60.9,1,3
23924,797466,62.18,1,3
23925,797500,62.63,1,3
23926,797533,63.57,1,3
23927,797566,64.5,1,3
23928,797600,64.98,1,3
23929,797633,65.56,1,3
23930,797666,66.14,1,3
23931,797700,66.25,1,3
23932,797733,66.37,1,3
23933,797766,66.5,1,3
23934,797800,65.87,1,3
23935,797833,65.13,1,3
23936,797866,64.4,1,3
23937,797900,63.64,1,3
23938,797933,64.4,1,3
23939,797966,65.83,1,3
23940,798000,66.34,1,3
23941,798033,66.29,1,3
23942,798066,66.24,1,3
23943,798100,64.55,1,3
23944,798133,59.95,1,3
23945,798166,56.36,1,3
23946,798200,53.06,1,3
23947,798233,48.51,1,2
23948,798266,44.07,1,2
23949,798300,42.29,1,2
23950,798333,40.46,1,2
23951,798366,38.91,1,2
23952,798400,38.24,1,2
23953,798433,37.49,1,2
23954,798466,37,1,2
23955,798500,37.68,1,2
23956,798533,38.37,1,2
23957,798566,39.43,1,2
23958,798600,42.12,1,2
23959,798633,44.81,1,2
23960,798666,46.37,1,2
23961,798700,48.53,1,2
23962,798733,51.18,1,3
23963,798766,52.28,1,3
23964,798800,53.38,1,3
23965,798833,56.63,1,3
23966,798866,59.27,1,3
23967,798900,61.42,1,3
23968,798933,63.63,1,3
23969,798966,65.84,1,3
23970,799000,65.9,1,3
23971,799033,65.77,1,3
23972,799066,65.64,1,3
23973,799100,65.45,1,3
23974,799133,65.52,1,3
23975,799166,65.59,1,3
23976,799200,65.85,1,3
23977,799233,66.16,1,3
23978,799266,66.65,1,3
23979,799300,68.46,1,3
23980,799333,71.92,1,3
23981,799366,75.39,1,4
23982,799400,78.66,1,4
23983,799433,81.22,1,4
23984,799466,82.18,1,4
23985,799500,80.95,1,4
23986,799533,79.29,1,4
23987,799566,77.81,1,4
23988,799600,76.84,1,4
23989,799633,71.54,1,3
23990,799666,66.8,1,3
23991,799700,61.61,1,3
23992,799733,55.25,1,3
23993,799766,48.94,1,2
23994,799800,46.61,1,2
23995,799833,44.18,1,2
23996,799866,42.63,1,2
23997,799900,43.31,1,2
23998,799933,43.99,1,2
23999,799966,45.01,1,2
24000,800000,46.39,1,2
24001,800033,47.76,1,2
24002,800066,48.03,1,2
24003,800100,49.32,1,2
24004,800133,50.6,1,3
24005,800166,51.63,1,3
24006,800200,53.71,1,3
24007,800233,55.79,1,3
24008,800266,56.37,1,3
24009,800300,56.95,1,3
24010,800333,58.32,1,3
24011,800366,58.64,1,3
24012,800400,58.96,1,3
24013,800433,60.09,1,3
24014,800466,61.22,1,3
24015,800500,61.56,1,3
24016,800533,63.16,1,3
24017,800566,64.75,1,3
24018,800600,65.58,1,3
24019,800633,66.27,1,3
24020,800666,66.95,1,3
24021,800700,66.37,1,3
24022,800733,65.82,1,3
24023,800766,65.69,1,3
24024,800800,65.71,1,3
24025,800833,67.35,1,3
24026,800866,68.99,1,3
24027,800900,69.62,1,3
24028,800933,70.04,1,3
24029,800966,70.46,1,3
24030,801000,67.42,1,3
24031,801033,63.33,1,3
24032,801066,60.24,1,3
24033,801100,56.95,1,3
24034,801133,52.58,1,3
24035,801166,50.06,1,3
24036,801200,48.24,1,2
24037,801233,45.62,1,2
24038,801266,43.4,1,2
24039,801300,41.9,1,2
24040,801333,38.69,1,2
24041,801366,35.82,1,2
24042,801400,34.51,1,2
24043,801433,33.2,1,2
24044,801466,32.26,1,2
24045,801500,34.32,1,2
24046,801533,36.38,1,2
24047,801566,37.67,1,2
24048,801600,40.95,1,2
24049,801633,44.22,1,2
24050,801666,46.2,1,2
24051,801700,50.3,1,3
24052,801733,55.6,1,3
24053,801766,58.93,1,3
24054,801800,62.25,1,3
24055,801833,66.86,1,3
24056,801866,69.35,1,3
24057,801900,69.61,1,3
24058,801933,69.65,1,3
24059,801966,69.69,1,3
24060,802000,68.46,1,3
24061,802033,67.23,1,3
24062,802066,67.01,1,3
24063,802100,67.02,1,3
24064,802133,67.89,1,3
24065,802166,68.76,1,3
24066,802200,68.41,1,3
24067,802233,67.94,1,3
24068,802266,67.46,1,3
24069,802300,66.13,1,3
24070,802333,64.73,1,3
24071,802366,64.53,1,3
24072,802400,63.8,1,3
24073,802433,62.82,1,3
24074,802466,61.84,1,3
24075,802500,59.95,1,3
24076,802533,57.63,1,3
24077,802566,56.41,1,3
24078,802600,55.82,1,3
24079,802633,55.23,1,3
24080,802666,55.84,1,3
24081,802700,56.61,1,3
24082,802733,56.97,1,3
24083,802766,56.93,1,3
24084,802800,56.45,1,3
24085,802833,54.08,1,3
24086,802866,51.96,1,3
24087,802900,49.49,1,2
24088,802933,46.04,1,2
24089,802966,43.04,1,2
24090,803000,42.12,1,2
24091,803033,41.21,1,2
24092,803066,40.65,1,2
24093,803100,41.92,1,2
24094,803133,43.19,1,2
24095,803166,44.05,1,2
24096,803200,45.18,1,2
24097,803233,46.31,1,2
24098,803266,46.58,1,2
24099,803300,53.68,1,3
24100,803333,60.78,1,3
24101,803366,66.87,1,3
24102,803400,72.97,1,3
24103,803433,80.29,1,4
24104,803466,80.79,1,4
24105,803500,80.97,1,4
24106,803533,81.48,1,4
24107,803566,81.99,1,4
24108,803600,80.13,1,4
24109,803633,77.89,1,4
24110,803666,75.96,1,4
24111,803700,74.45,1,3
24112,803733,74.8,1,3
24113,803766,76.3,1,4
24114,803800,77.28,1,4
24115,803833,77.8,1,4
24116,803866,78.33,1,4
24117,803900,75.82,1,4
24118,803933,73.01,1,3
24119,803966,71.09,1,3
24120,804000,69.63,1,3
24121,804033,68.18,1,3
24122,804066,67.89,1,3
24123,804100,67.9,1,3
24124,804133,68.31,1,3
24125,804166,68.71,1,3
24126,804200,68.75,1,3
24127,804233,63.39,1,3
24128,804266,58.04,1,3
24129,804300,51.9,1,3
24130,804333,45,1,2
24131,804366,38.46,1,2
24132,804400,37.24,1,2
24133,804433,36.03,1,2
24134,804466,35.21,1,2
24135,804500,35.76,1,2
24136,804533,36.31,1,2
24137,804566,36.92,1,2
24138,804600,40.47,1,2
24139,804633,44.02,1,2
24140,804666,46.96,1,2
24141,804700,50.71,1,3
24142,804733,54.8,1,3
24143,804766,56.54,1,3
24144,804800,58.88,1,3
24145,804833,61.22,1,3
24146,804866,62.5,1,3
24147,804900,63.43,1,3
24148,804933,64.12,1,3
24149,804966,64.21,1,3
24150,805000,64.29,1,3
24151,805033,66.77,1,3
24152,805066,69.24,1,3
24153,805100,70.06,1,3
24154,805133,70.65,1,3
24155,805166,71.25,1,3
24156,805200,69.56,1,3
24157,805233,67.29,1,3
24158,805266,66.33,1,3
24159,805300,65.6,1,3
24160,805333,64.72,1,3
24161,805366,64,1,3
24162,805400,63.86,1,3
24163,805433,63.61,1,3
24164,805466,63.35,1,3
24165,805500,62.28,1,3
24166,805533,60.97,1,3
24167,805566,59.67,1,3
24168,805600,57.75,1,3
24169,805633,54.74,1,3
24170,805666,52.69,1,3
24171,805700,50.89,1,3
24172,805733,49.1,1,2
24173,805766,48.05,1,2
24174,805800,47.75,1,2
24175,805833,44.83,1,2
24176,805866,41.88,1,2
24177,805900,40.31,1,2
24178,805933,38.74,1,2
24179,805966,37.49,1,2
24180,806000,39.17,1,2
24181,806033,40.85,1,2
24182,806066,41.15,1,2
24183,806100,41.79,1,2
24184,806133,42.43,1,2
24185,806166,42.77,1,2
24186,806200,43.93,1,2
24187,806233,45.08,1,2
24188,806266,45.89,1,2
24189,806300,46.72,1,2
24190,806333,49.23,1,2
24191,806366,50.92,1,3
24192,806400,52.62,1,3
24193,806433,55.24,1,3
24194,806466,57.85,1,3
24195,806500,58.78,1,3
24196,806533,59.91,1,3
24197,806566,61.04,1,3
24198,806600,61.24,1,3
24199,806633,63.68,1,3
24200,806666,66.11,1,3
24201,806700,67.37,1,3
24202,806733,68.55,1,3
24203,806766,69.74,1,3
24204,806800,67.79,1,3
24205,806833,65.63,1,3
24206,806866,64.45,1,3
24207,806900,63.35,1,3
24208,806933,62.7,1,3
24209,806966,62.96,1,3
24210,807000,62.92,1,3
24211,807033,62.59,1,3
24212,807066,62.26,1,3
24213,807100,60,1,3
24214,807133,55.52,1,3
24215,807166,51.53,1,3
24216,807200,47.56,1,2
24217,807233,43.17,1,2
24218,807266,40.26,1,2
24219,807300,43.57,1,2
24220,807333,46.87,1,2
24221,807366,50.45,1,3
24222,807400,53.83,1,3
24223,807433,56.9,1,3
24224,807466,55.97,1,3
24225,807500,56.46,1,3
24226,807533,56.95,1,3
24227,807566,58.06,1,3
24228,807600,58.98,1,3
24229,807633,59.65,1,3
24230,807666,58.9,1,3
24231,807700,58.58,1,3
24232,807733,58.27,1,3
24233,807766,57.99,1,3
24234,807800,57.96,1,3
24235,807833,58.46,1,3
24236,807866,58.52,1,3
24237,807900,58.59,1,3
24238,807933,62.16,1,3
24239,807966,65.73,1,3
24240,808000,67.67,1,3
24241,808033,69.49,1,3
24242,808066,71.31,1,3
24243,808100,69.56,1,3
24244,808133,67.59,1,3
24245,808166,66.71,1,3
24246,808200,65.96,1,3
24247,808233,65.11,1,3
24248,808266,64.78,1,3
24249,808300,64.68,1,3
24250,808333,64.63,1,3
24251,808366,64.58,1,3
24252,808400,64.26,1,3
24253,808433,63.32,1,3
24254,808466,62.38,1,3
24255,808500,61.38,1,3
24256,808533,59.93,1,3
24257,808566,59.56,1,3
24258,808600,59.1,1,3
24259,808633,58.5,1,3
24260,808666,57.9,1,3
24261,808700,56.84,1,3
24262,808733,53.07,1,3
24263,808766,50,1,2
24264,808800,47.57,1,2
24265,808833,45.13,1,2
24266,808866,43.61,1,2
24267,808900,43.56,1,2
24268,808933,43.39,1,2
24269,808966,42.73,1,2
24270,809000,41.66,1,2
24271,809033,40.01,1,2
24272,809066,38.9,1,2
24273,809100,38.45,1,2
24274,809133,38,1,2
24275,809166,37.97,1,2
24276,809200,40.16,1,2
24277,809233,42.35,1,2
24278,809266,44,1,2
24279,809300,46.49,1,2
24280,809333,49.89,1,2
24281,809366,51.65,1,3
24282,809400,53.4,1,3
24283,809433,56.71,1,3
24284,809466,59.17,1,3
24285,809500,60.72,1,3
24286,809533,63.92,1,3
24287,809566,67.11,1,3
24288,809600,68.75,1,3
24289,809633,70.32,1,3
24290,809666,71.88,1,3
24291,809700,70.89,1,3
24292,809733,69.68,1,3
24293,809766,68.47,1,3
24294,809800,67.34,1,3
24295,809833,67.4,1,3
24296,809866,68.37,1,3
24297,809900,69.56,1,3
24298,809933,71.02,1,3
24299,809966,72.49,1,3
24300,810000,69.99,1,3
24301,810033,67.1,1,3
24302,810066,64.22,1,3
24303,810100,59.73,1,3
24304,810133,55.02,1,3
24305,810166,53.31,1,3
24306,810200,51.76,1,3
24307,810233,49.04,1,2
24308,810266,47.66,1,2
24309,810300,46.28,1,2
24310,810333,43.58,1,2
24311,810366,41.1,1,2
24312,810400,39.84,1,2
24313,810433,38.57,1,2
24314,810466,37.53,1,2
24315,810500,37.49,1,2
24316,810533,37.45,1,2
24317,810566,37.36,1,2
24318,810600,38.76,1,2
24319,810633,40.15,1,2
24320,810666,41.65,1,2
24321,810700,44.67,1,2
24322,810733,48.75,1,2
24323,810766,51.6,1,3
24324,810800,56.01,1,3
24325,810833,61.15,1,3
24326,810866,64.76,1,3
24327,810900,67.13,1,3
24328,810933,69.09,1,3
24329,810966,69.51,1,3
24330,811000,68.65,1,3
24331,811033,67.46,1,3
24332,811066,66.45,1,3
24333,811100,65.58,1,3
24334,811133,65.47,1,3
24335,811166,65.91,1,3
24336,811200,66.09,1,3
24337,811233,65.95,1,3
24338,811266,66.12,1,3
24339,811300,66.66,1,3
24340,811333,69.75,1,3
24341,811366,73.44,1,3
24342,811400,77.43,1,4
24343,811433,81.29,1,4
24344,811466,84.01,1,4
24345,811500,82.47,1,4
24346,811533,80.25,1,4
24347,811566,78.34,1,4
24348,811600,75.95,1,4
24349,811633,70.09,1,3
24350,811666,65.95,1,3
24351,811700,63.46,1,3
24352,811733,60.66,1,3
24353,811766,58.17,1,3
24354,811800,58.56,1,3
24355,811833,58.06,1,3
24356,811866,56.58,1,3
24357,811900,54.56,1,3
24358,811933,50.04,1,3
24359,811966,46.1,1,2
24360,812000,43.66,1,2
24361,812033,41.22,1,2
24362,812066,39.32,1,2
24363,812100,41.48,1,2
24364,812133,43.63,1,2
24365,812166,45.17,1,2
24366,812200,46.87,1,2
24367,812233,48.56,1,2
24368,812266,48.48,1,2
24369,812300,48.39,1,2
24370,812333,48.85,1,2
24371,812366,49.6,1,2
24372,812400,50.51,1,3
24373,812433,53.32,1,3
24374,812466,56.13,1,3
24375,812500,58.4,1,3
24376,812533,60.07,1,3
24377,812566,61.57,1,3
24378,812600,61.42,1,3
24379,812633,62.39,1,3
24380,812666,63.36,1,3
24381,812700,64.48,1,3
24382,812733,67.52,1,3
24383,812766,70.56,1,3
24384,812800,72.48,1,3
24385,812833,75.27,1,4
24386,812866,78.06,1,4
24387,812900,76.23,1,4
24388,812933,74.11,1,3
24389,812966,71.98,1,3
24390,813000,65.96,1,3
24391,813033,59.94,1,3
24392,813066,57.71,1,3
24393,813100,56.06,1,3
24394,813133,54.89,1,3
24395,813166,57.14,1,3
24396,813200,59.39,1,3
24397,813233,60.56,1,3
24398,813266,61.33,1,3
24399,813300,61.64,1,3
24400,813333,61.54,1,3
24401,813366,61.99,1,3
24402,813400,62.45,1,3
24403,813433,63.01,1,3
24404,813466,63.6,1,3
24405,813500,64.18,1,3
24406,813533,64.18,1,3
24407,813566,63.85,1,3
24408,813600,63.53,1,3
24409,813633,63.18,1,3
24410,813666,63.32,1,3
24411,813700,63.48,1,3
24412,813733,63.96,1,3
24413,813766,65.29,1,3
24414,813800,66.61,1,3
24415,813833,65.37,1,3
24416,813866,62.31,1,3
24417,813900,59.25,1,3
24418,813933,55.91,1,3
24419,813966,52.58,1,3
24420,814000,51.33,1,3
24421,814033,51.61,1,3
24422,814066,49.69,1,2
24423,814100,47.19,1,2
24424,814133,44.37,1,2
24425,814166,40.87,1,2
24426,814200,37.65,1,2
24427,814233,36.32,1,2
24428,814266,34.68,1,2
24429,814300,33.35,1,2
24430,814333,34.66,1,2
24431,814366,35.98,1,2
24432,814400,37.61,1,2
24433,814433,41.73,1,2
24434,814466,45.85,1,2
24435,814500,48.01,1,2
24436,814533,50.73,1,3
24437,814566,53.45,1,3
24438,814600,53.84,1,3
24439,814633,54.22,1,3
24440,814666,57.3,1,3
24441,814700,59.83,1,3
24442,814733,62.35,1,3
24443,814766,64.9,1,3
24444,814800,67.46,1,3
24445,814833,67.32,1,3
24446,814866,67.44,1,3
24447,814900,67.56,1,3
24448,814933,67.82,1,3
24449,814966,68.79,1,3
24450,815000,69.77,1,3
24451,815033,69.6,1,3
24452,815066,69.14,1,3
24453,815100,68.67,1,3
24454,815133,67.11,1,3
24455,815166,65.28,1,3
24456,815200,64.34,1,3
24457,815233,63.7,1,3
24458,815266,69.03,1,3
24459,815300,74.72,1,3
24460,815333,79.21,1,4
24461,815366,83.36,1,4
24462,815400,87.51,1,4
24463,815433,83.06,1,4
24464,815466,78.54,1,4
24465,815500,75.5,1,4
24466,815533,71.86,1,3
24467,815566,68.22,1,3
24468,815600,67.21,1,3
24469,815633,63.96,1,3
24470,815666,60.21,1,3
24471,815700,57.39,1,3
24472,815733,54.08,1,3
24473,815766,50.02,1,3
24474,815800,48.27,1,2
24475,815833,46.55,1,2
24476,815866,43.93,1,2
24477,815900,41.82,1,2
24478,815933,42.26,1,2
24479,815966,42.7,1,2
24480,816000,43.62,1,2
24481,816033,46.75,1,2
24482,816066,49.88,1,2
24483,816100,51.21,1,3
24484,816133,52.61,1,3
24485,816166,54.6,1,3
24486,816200,55.26,1,3
24487,816233,55.92,1,3
24488,816266,57.13,1,3
24489,816300,58.25,1,3
24490,816333,58.79,1,3
24491,816366,60.93,1,3
24492,816400,63.06,1,3
24493,816433,64.19,1,3
24494,816466,65.03,1,3
24495,816500,65.87,1,3
24496,816533,65.12,1,3
24497,816566,65.52,1,3
24498,816600,66.39,1,3
24499,816633,67.55,1,3
24500,816666,70.46,1,3
24501,816700,73.38,1,3
24502,816733,72.34,1,3
24503,816766,70.99,1,3
24504,816800,69.65,1,3
24505,816833,65.2,1,3
24506,816866,59.8,1,3
24507,816900,58.15,1,3
24508,816933,55.92,1,3
24509,816966,53.7,1,3
24510,817000,52.82,1,3
24511,817033,52.25,1,3
24512,817066,48.3,1,2
24513,817100,45.23,1,2
24514,817133,41.87,1,2
24515,817166,37.86,1,2
24516,817200,34.47,1,2
24517,817233,33.71,1,2
24518,817266,32.94,1,2
24519,817300,32.45,1,2
24520,817333,34.27,1,2
24521,817366,36.1,1,2
24522,817400,37.74,1,2
24523,817433,40.93,1,2
24524,817466,44.12,1,2
24525,817500,45.67,1,2
24526,817533,49.3,1,2
24527,817566,52.94,1,3
24528,817600,55,1,3
24529,817633,57.06,1,3
24530,817666,61.31,1,3
24531,817700,63.45,1,3
24532,817733,64.89,1,3
24533,817766,66.28,1,3
24534,817800,67.67,1,3
24535,817833,66.88,1,3
24536,817866,66.13,1,3
24537,817900,66.09,1,3
24538,817933,66.13,1,3
24539,817966,66.54,1,3
24540,818000,66.96,1,3
24541,818033,66.46,1,3
24542,818066,65.8,1,3
24543,818100,65.13,1,3
24544,818133,64.09,1,3
24545,818166,63.13,1,3
24546,818200,63.04,1,3
24547,818233,62.98,1,3
24548,818266,62.65,1,3
24549,818300,62.32,1,3
24550,818333,61.23,1,3
24551,818366,59.71,1,3
24552,818400,58.32,1,3
24553,818433,56.46,1,3
24554,818466,53.87,1,3
24555,818500,51.96,1,3
24556,818533,51.18,1,3
24557,818566,50.4,1,3
24558,818600,50.36,1,3
24559,818633,50.67,1,3
24560,818666,50.21,1,3
24561,818700,49.06,1,2
24562,818733,47.59,1,2
24563,818766,44.26,1,2
24564,818800,41.31,1,2
24565,818833,39.13,1,2
24566,818866,36.94,1,2
24567,818900,35.08,1,2
24568,818933,37.13,1,2
24569,818966,39.18,1,2
24570,819000,41.24,1,2
24571,819033,43.81,1,2
24572,819066,46.38,1,2
24573,819100,46.9,1,2
24574,819133,48.33,1,2
24575,819166,49.92,1,2
24576,819200,50.99,1,3
24577,819233,52.06,1,3
24578,819266,60.12,1,3
24579,819300,67.27,1,3
24580,819333,73.21,1,3
24581,819366,78.82,1,4
24582,819400,84.42,1,4
24583,819433,83.04,1,4
24584,819466,81.71,1,4
24585,819500,81.42,1,4
24586,819533,81.47,1,4
24587,819566,81.13,1,4
24588,819600,80.79,1,4
24589,819633,80.4,1,4
24590,819666,79.77,1,4
24591,819699,79.15,1,4
24592,819733,77.17,1,4
24593,819766,74.93,1,3
24594,819800,72.68,1,3
24595,819833,70.68,1,3
24596,819866,68.99,1,3
24597,819900,69.08,1,3
24598,819933,69.4,1,3
24599,819966,69.35,1,3
24600,820000,69.29,1,3
24601,820033,68.6,1,3
24602,820066,63.6,1,3
24603,820100,58.63,1,3
24604,820133,53.66,1,3
24605,820166,47.72,1,2
24606,820199,42.09,1,2
24607,820233,40.42,1,2
24608,820266,38.21,1,2
24609,820300,36.4,1,2
24610,820333,35.98,1,2
24611,820366,35.56,1,2
24612,820400,35.48,1,2
24613,820433,37.1,1,2
24614,820466,38.72,1,2
24615,820500,39.91,1,2
24616,820533,43.27,1,2
24617,820566,46.63,1,2
24618,820600,48.81,1,2
24619,820633,51.55,1,3
24620,820666,54.57,1,3
24621,820699,55.4,1,3
24622,820733,56.24,1,3
24623,820766,58.41,1,3
24624,820800,60.02,1,3
24625,820833,61.36,1,3
24626,820866,65.37,1,3
24627,820900,69.38,1,3
24628,820933,71.27,1,3
24629,820966,72.79,1,3
24630,821000,74.3,1,3
24631,821033,72.27,1,3
24632,821066,70.11,1,3
24633,821100,68.72,1,3
24634,821133,67.66,1,3
24635,821166,66.46,1,3
24636,821199,66.15,1,3
24637,821233,65.39,1,3
24638,821266,64.04,1,3
24639,821300,62.75,1,3
24640,821333,61.37,1,3
24641,821366,59.76,1,3
24642,821400,58.73,1,3
24643,821433,58.28,1,3
24644,821466,57.54,1,3
24645,821500,57.09,1,3
24646,821533,56.86,1,3
24647,821566,56.64,1,3
24648,821600,56.51,1,3
24649,821633,56.39,1,3
24650,821666,53.54,1,3
24651,821699,50.7,1,3
24652,821733,47.55,1,2
24653,821766,43.52,1,2
24654,821800,39.78,1,2
24655,821833,39.49,1,2
24656,821866,39.2,1,2
24657,821900,39.23,1,2
24658,821933,39.72,1,2
24659,821966,40.18,1,2
24660,822000,39.82,1,2
24661,822033,40.21,1,2
24662,822066,40.6,1,2
24663,822100,41.3,1,2
24664,822133,44,1,2
24665,822166,46.7,1,2
24666,822199,48.41,1,2
24667,822233,50.12,1,3
24668,822266,52.81,1,3
24669,822300,53.54,1,3
24670,822333,54.26,1,3
24671,822366,56.3,1,3
24672,822400,58.34,1,3
24673,822433,59.41,1,3
24674,822466,60.8,1,3
24675,822500,62.2,1,3
24676,822533,62.53,1,3
24677,822566,63.11,1,3
24678,822600,63.69,1,3
24679,822633,63.94,1,3
24680,822666,64.02,1,3
24681,822699,64.09,1,3
24682,822733,63.92,1,3
24683,822766,64.13,1,3
24684,822800,64.34,1,3
24685,822833,64.72,1,3
24686,822866,66.37,1,3
24687,822900,68.03,1,3
24688,822933,66.93,1,3
24689,822966,65.55,1,3
24690,823000,63.94,1,3
24691,823033,60.66,1,3
24692,823066,55.16,1,3
24693,823100,52.03,1,3
24694,823133,48.79,1,2
24695,823166,44.75,1,2
24696,823199,41.1,1,2
24697,823233,45.76,1,2
24698,823266,52.87,1,3
24699,823300,60.99,1,3
24700,823333,69.53,1,3
24701,823366,73.2,1,3
24702,823400,70.8,1,3
24703,823433,67.13,1,3
24704,823466,62.85,1,3
24705,823500,59.18,1,3
24706,823533,60.56,1,3
24707,823566,61.93,1,3
24708,823600,61.34,1,3
24709,823633,59.79,1,3
24710,823666,58.02,1,3
24711,823699,56.06,1,3
24712,823733,54.68,1,3
24713,823766,55.74,1,3
24714,823800,57.76,1,3
24715,823833,59.99,1,3
24716,823866,63.69,1,3
24717,823900,66.82,1,3
24718,823933,67.76,1,3
24719,823966,68.59,1,3
24720,824000,69.42,1,3
24721,824033,68.75,1,3
24722,824066,67.35,1,3
24723,824100,66.48,1,3
24724,824133,65.72,1,3
24725,824166,65.75,1,3
24726,824199,65.82,1,3
24727,824233,66.17,1,3
24728,824266,66.13,1,3
24729,824300,66.09,1,3
24730,824333,65.22,1,3
24731,824366,64.06,1,3
24732,824400,63.34,1,3
24733,824433,63.01,1,3
24734,824466,62.56,1,3
24735,824500,62.14,1,3
24736,824533,61.61,1,3
24737,824566,60.82,1,3
24738,824600,60.02,1,3
24739,824633,59.27,1,3
24740,824666,57.18,1,3
24741,824699,55.51,1,3
24742,824733,53.82,1,3
24743,824766,51.82,1,3
24744,824800,49.9,1,2
24745,824833,48.98,1,2
24746,824866,46.97,1,2
24747,824900,45.22,1,2
24748,824933,43.28,1,2
24749,824966,41.17,1,2
24750,825000,39.4,1,2
24751,825033,38.63,1,2
24752,825066,37.85,1,2
24753,825100,37.58,1,2
24754,825133,39.06,1,2
24755,825166,40.53,1,2
24756,825199,42.11,1,2
24757,825233,44.7,1,2
24758,825266,47.29,1,2
24759,825300,48.06,1,2
24760,825333,48.82,1,2
24761,825366,50.67,1,3
24762,825400,51.5,1,3
24763,825433,52.33,1,3
24764,825466,56.62,1,3
24765,825500,60.92,1,3
24766,825533,63.43,1,3
24767,825566,65.75,1,3
24768,825600,68.06,1,3
24769,825633,67.16,1,3
24770,825666,66.64,1,3
24771,825699,66.83,1,3
24772,825733,67.22,1,3
24773,825766,68.12,1,3
24774,825800,69.03,1,3
24775,825833,69.55,1,3
24776,825866,70.35,1,3
24777,825900,71.16,1,3
24778,825933,69.48,1,3
24779,825966,67.64,1,3
24780,826000,65.8,1,3
24781,826033,61.76,1,3
24782,826066,57.35,1,3
24783,826100,55.26,1,3
24784,826133,52.99,1,3
24785,826166,49.42,1,2
24786,826199,47.77,1,2
24787,826233,46.17,1,2
24788,826266,43.15,1,2
24789,826300,40.48,1,2
24790,826333,38.72,1,2
24791,826366,36.61,1,2
24792,826400,34.81,1,2
24793,826433,34.41,1,2
24794,826466,34,1,2
24795,826500,33.98,1,2
24796,826533,34.86,1,2
24797,826566,35.74,1,2
24798,826600,36.29,1,2
24799,826633,38.65,1,2
24800,826666,41.01,1,2
24801,826699,42.83,1,2
24802,826733,47.53,1,2
24803,826766,52.23,1,3
24804,826800,55.12,1,3
24805,826833,58.5,1,3
24806,826866,61.99,1,3
24807,826900,62.6,1,3
24808,826933,62.85,1,3
24809,826966,62.93,1,3
24810,827000,62.53,1,3
24811,827033,62.01,1,3
24812,827066,61.9,1,3
24813,827100,62.14,1,3
24814,827133,62.55,1,3
24815,827166,63.25,1,3
24816,827199,63.94,1,3
24817,827233,64.23,1,3
24818,827266,69.94,1,3
24819,827300,75.65,1,4
24820,827333,79.69,1,4
24821,827366,83.48,1,4
24822,827400,87.26,1,4
24823,827433,85.62,1,4
24824,827466,84.06,1,4
24825,827500,83.88,1,4
24826,827533,82.76,1,4
24827,827566,79.61,1,4
24828,827600,76.46,1,4
24829,827633,73.23,1,3
24830,827666,69.68,1,3
24831,827699,68.03,1,3
24832,827733,68.17,1,3
24833,827766,68.32,1,3
24834,827800,68.46,1,3
24835,827833,68.56,1,3
24836,827866,67.15,1,3
24837,827900,65.97,1,3
24838,827933,63.89,1,3
24839,827966,57.95,1,3
24840,828000,52.36,1,3
24841,828033,47.38,1,2
24842,828066,42.4,1,2
24843,828100,38.32,1,2
24844,828133,38.66,1,2
24845,828166,38.99,1,2
24846,828199,39.55,1,2
24847,828233,40.42,1,2
24848,828266,41.29,1,2
24849,828300,41.6,1,2
24850,828333,43,1,2
24851,828366,44.39,1,2
24852,828400,45.4,1,2
24853,828433,46.4,1,2
24854,828466,49.5,1,2
24855,828500,51.52,1,3
24856,828533,53.54,1,3
24857,828566,56.03,1,3
24858,828600,58.52,1,3
24859,828633,58.92,1,3
24860,828666,60.65,1,3
24861,828699,62.38,1,3
24862,828733,63.71,1,3
24863,828766,67.9,1,3
24864,828800,72.09,1,3
24865,828833,73.69,1,3
24866,828866,75,1,3
24867,828900,76.31,1,4
24868,828933,73.33,1,3
24869,828966,69.98,1,3
24870,829000,67.9,1,3
24871,829033,66.1,1,3
24872,829066,63.98,1,3
24873,829100,63.29,1,3
24874,829133,62.96,1,3
24875,829166,62.54,1,3
24876,829199,62.13,1,3
24877,829233,60.4,1,3
24878,829266,57.66,1,3
24879,829300,54.93,1,3
24880,829333,51.83,1,3
24881,829366,47.21,1,2
24882,829400,44.22,1,2
24883,829433,41.93,1,2
24884,829466,38.86,1,2
24885,829500,36.24,1,2
24886,829533,34.81,1,2
24887,829566,33.32,1,2
24888,829600,32.16,1,2
24889,829633,33.71,1,2
24890,829666,35.26,1,2
24891,829699,37.15,1,2
24892,829733,40.4,1,2
24893,829766,43.66,1,2
24894,829800,44.97,1,2
24895,829833,46.49,1,2
24896,829866,48.01,1,2
24897,829900,48.21,1,2
24898,829933,49.65,1,2
24899,829966,51.09,1,3
24900,830000,51.92,1,3
24901,830033,52.75,1,3
24902,830066,55.6,1,3
24903,830100,57.2,1,3
24904,830133,58.81,1,3
24905,830166,61.28,1,3
24906,830199,63.76,1,3
24907,830233,64.22,1,3
24908,830266,64.51,1,3
24909,830300,64.8,1,3
24910,830333,64.63,1,3
24911,830366,64.44,1,3
24912,830400,64.26,1,3
24913,830433,64.18,1,3
24914,830466,63.97,1,3
24915,830500,63.76,1,3
24916,830533,63.12,1,3
24917,830566,62.3,1,3
24918,830600,61.54,1,3
24919,830633,60.91,1,3
24920,830666,60.78,1,3
24921,830699,61.11,1,3
24922,830733,61.61,1,3
24923,830766,62.74,1,3
24924,830800,63.86,1,3
24925,830833,62.36,1,3
24926,830866,60.34,1,3
24927,830900,58.32,1,3
24928,830933,55.19,1,3
24929,830966,51.53,1,3
24930,831000,49.99,1,2
24931,831033,48.35,1,2
24932,831066,45.99,1,2
24933,831100,44.1,1,2
24934,831133,42.43,1,2
24935,831166,40.35,1,2
24936,831199,38.89,1,2
24937,831233,43.3,1,2
24938,831266,49.42,1,2
24939,831300,57,1,3
24940,831333,63.85,1,3
24941,831366,69,1,3
24942,831400,69,1,3
24943,831433,68.52,1,3
24944,831466,66.93,1,3
24945,831500,66.46,1,3
24946,831533,68.2,1,3
24947,831566,69.94,1,3
24948,831600,68.36,1,3
24949,831633,66.79,1,3
24950,831666,67.52,1,3
24951,831699,67.74,1,3
24952,831733,67.96,1,3
24953,831766,69.9,1,3
24954,831800,71.83,1,3
24955,831833,71.19,1,3
24956,831866,70.28,1,3
24957,831900,69.37,1,3
24958,831933,68.83,1,3
24959,831966,68.29,1,3
24960,832000,68.03,1,3
24961,832033,68.04,1,3
24962,832066,69.63,1,3
24963,832100,71.22,1,3
24964,832133,71.26,1,3
24965,832166,71.07,1,3
24966,832199,70.87,1,3
24967,832233,67.9,1,3
24968,832266,64.38,1,3
24969,832300,62.95,1,3
24970,832333,61.21,1,3
24971,832366,58.44,1,3
24972,832400,56.85,1,3
24973,832433,55.62,1,3
24974,832466,52.09,1,3
24975,832500,49.12,1,2
24976,832533,46.83,1,2
24977,832566,43.67,1,2
24978,832600,40.71,1,2
24979,832633,39.12,1,2
24980,832666,37.34,1,2
24981,832699,35.91,1,2
24982,832733,36.68,1,2
24983,832766,37.46,1,2
24984,832800,38.61,1,2
24985,832833,39.54,1,2
24986,832866,40.21,1,2
24987,832900,39.55,1,2
24988,832933,40.84,1,2
24989,832966,42.12,1,2
24990,833000,43.81,1,2
24991,833033,46.79,1,2
24992,833066,49.76,1,2
24993,833100,50.79,1,3
24994,833133,53.09,1,3
24995,833166,55.4,1,3
24996,833199,56.28,1,3
24997,833233,57.15,1,3
24998,833266,59.03,1,3
24999,833300,59.63,1,3
25000,833333,60.23,1,3
25001,833366,62.2,1,3
25002,833400,64.17,1,3
25003,833433,65.14,1,3
25004,833466,66.05,1,3
25005,833500,66.95,1,3
25006,833533,66.26,1,3
25007,833566,65.42,1,3
25008,833600,64.58,1,3
25009,833633,63.8,1,3
25010,833666,64.47,1,3
25011,833699,65.76,1,3
25012,833733,66.96,1,3
25013,833766,68.08,1,3
25014,833800,69.19,1,3
25015,833833,67.52,1,3
25016,833866,65.5,1,3
25017,833900,63.71,1,3
25018,833933,61.41,1,3
25019,833966,58.86,1,3
25020,834000,57.73,1,3
25021,834033,56.96,1,3
25022,834066,56.2,1,3
25023,834100,56.14,1,3
25024,834133,55.28,1,3
25025,834166,52.42,1,3
25026,834199,49.55,1,2
25027,834233,46.4,1,2
25028,834266,42.06,1,2
25029,834300,38.77,1,2
25030,834333,37.46,1,2
25031,834366,36.15,1,2
25032,834400,35.12,1,2
25033,834433,35.97,1,2
25034,834466,36.81,1,2
25035,834500,37.59,1,2
25036,834533,39.54,1,2
25037,834566,41.49,1,2
25038,834600,42.66,1,2
25039,834633,44.94,1,2
25040,834666,48.62,1,2
25041,834699,51.36,1,3
25042,834733,54.72,1,3
25043,834766,59.24,1,3
25044,834800,62.64,1,3
25045,834833,64.37,1,3
25046,834866,65.66,1,3
25047,834900,66.33,1,3
25048,834933,65.85,1,3
25049,834966,67.08,1,3
25050,835000,68.6,1,3
25051,835033,69.84,1,3
25052,835066,70.96,1,3
25053,835100,72.08,1,3
25054,835133,70.51,1,3
25055,835166,68.68,1,3
25056,835199,67.32,1,3
25057,835233,66.09,1,3
25058,835266,69.87,1,3
25059,835300,74.61,1,3
25060,835333,78.18,1,4
25061,835366,81.45,1,4
25062,835400,84.71,1,4
25063,835433,82.58,1,4
25064,835466,80.01,1,4
25065,835500,78.86,1,4
25066,835533,77.71,1,4
25067,835566,73.97,1,3
25068,835600,70.62,1,3
25069,835633,66.55,1,3
25070,835666,62.48,1,3
25071,835699,58.73,1,3
25072,835733,57.09,1,3
25073,835766,53.62,1,3
25074,835800,51.31,1,3
25075,835833,48.7,1,2
25076,835866,46.1,1,2
25077,835900,43.96,1,2
25078,835933,44.81,1,2
25079,835966,45.66,1,2
25080,836000,46.82,1,2
25081,836033,48.6,1,2
25082,836066,50.38,1,3
25083,836100,51.02,1,3
25084,836133,51.15,1,3
25085,836166,50.53,1,3
25086,836199,49.29,1,2
25087,836233,48.47,1,2
25088,836266,48.81,1,2
25089,836300,49.66,1,2
25090,836333,51.24,1,3
25091,836366,53.51,1,3
25092,836400,55.36,1,3
25093,836433,56.04,1,3
25094,836466,56.91,1,3
25095,836500,57.79,1,3
25096,836533,57.98,1,3
25097,836566,60.21,1,3
25098,836600,62.44,1,3
25099,836633,64.48,1,3
25100,836666,67.45,1,3
25101,836699,70.41,1,3
25102,836733,71.05,1,3
25103,836766,71.5,1,3
25104,836800,71.96,1,3
25105,836833,70.57,1,3
25106,836866,69.06,1,3
25107,836900,67.85,1,3
25108,836933,66.8,1,3
25109,836966,66.85,1,3
25110,837000,67.83,1,3
25111,837033,68.93,1,3
25112,837066,70.18,1,3
25113,837100,71.42,1,3
25114,837133,69.78,1,3
25115,837166,66.47,1,3
25116,837199,63.17,1,3
25117,837233,59.5,1,3
25118,837266,53.16,1,3
25119,837300,48.61,1,2
25120,837333,45.36,1,2
25121,837366,41.09,1,2
25122,837400,37.05,1,2
25123,837433,35.3,1,2
25124,837466,33.35,1,2
25125,837500,31.77,1,2
25126,837533,32.05,1,2
25127,837566,32.33,1,2
25128,837600,32.98,1,2
25129,837633,36.6,1,2
25130,837666,40.21,1,2
25131,837699,42.96,1,2
25132,837733,45.89,1,2
25133,837766,48.83,1,2
25134,837800,49.01,1,2
25135,837833,49.97,1,2
25136,837866,51.99,1,3
25137,837900,53.84,1,3
25138,837933,55.68,1,3
25139,837966,60.02,1,3
25140,838000,63.59,1,3
25141,838033,66.09,1,3
25142,838066,68.79,1,3
25143,838100,71.5,1,3
25144,838133,70.08,1,3
25145,838166,68.33,1,3
25146,838199,66.59,1,3
25147,838233,64.63,1,3
25148,838266,63.27,1,3
25149,838300,63.53,1,3
25150,838333,64.12,1,3
25151,838366,64.6,1,3
25152,838400,65.07,1,3
25153,838433,63.65,1,3
25154,838466,62.02,1,3
25155,838500,60.38,1,3
25156,838533,57.96,1,3
25157,838566,55.28,1,3
25158,838600,53.92,1,3
25159,838633,52.76,1,3
25160,838666,51.58,1,3
25161,838699,51.58,1,3
25162,838733,51.57,1,3
25163,838766,50.31,1,3
25164,838800,49.06,1,2
25165,838833,47.3,1,2
25166,838866,44.65,1,2
25167,838900,42.27,1,2
25168,838933,43.47,1,2
25169,838966,44.67,1,2
25170,839000,46.4,1,2
25171,839033,48.14,1,2
25172,839066,48.51,1,2
25173,839100,46.54,1,2
25174,839133,44.06,1,2
25175,839166,41.42,1,2
25176,839199,39.39,1,2
25177,839233,42.96,1,2
25178,839266,51.37,1,3
25179,839300,60.54,1,3
25180,839333,69.62,1,3
25181,839366,77.57,1,4
25182,839400,80.9,1,4
25183,839433,79.37,1,4
25184,839466,77.78,1,4
25185,839500,76.44,1,4
25186,839533,76.23,1,4
25187,839566,74.33,1,3
25188,839600,72.44,1,3
25189,839633,70.37,1,3
25190,839666,68.95,1,3
25191,839699,67.52,1,3
25192,839733,67.97,1,3
25193,839766,68.21,1,3
25194,839800,68.45,1,3
25195,839833,68.04,1,3
25196,839866,70.03,1,3
25197,839900,72.21,1,3
25198,839933,73.71,1,3
25199,839966,74.9,1,3
25200,840000,76.08,1,4
25201,840033,72.78,1,3
25202,840066,69.08,1,3
25203,840100,66.28,1,3
25204,840133,63.49,1,3
25205,840166,60.09,1,3
25206,840199,58.77,1,3
25207,840233,58.07,1,3
25208,840266,57.37,1,3
25209,840300,56.96,1,3
25210,840333,56.8,1,3
25211,840366,53.52,1,3
25212,840400,50.03,1,3
25213,840433,46.05,1,2
25214,840466,41.42,1,2
25215,840500,37.15,1,2
25216,840533,36.82,1,2
25217,840566,36.48,1,2
25218,840600,36.63,1,2
25219,840633,38.17,1,2
25220,840666,39.71,1,2
25221,840699,40.44,1,2
25222,840733,41.92,1,2
25223,840766,43.4,1,2
25224,840800,44.15,1,2
25225,840833,46.93,1,2
25226,840866,50.15,1,3
25227,840900,52.62,1,3
25228,840933,55.1,1,3
25229,840966,59.84,1,3
25230,841000,62.57,1,3
25231,841033,63.94,1,3
25232,841066,65.14,1,3
25233,841100,66.33,1,3
25234,841133,65.25,1,3
25235,841166,65.22,1,3
25236,841199,66.09,1,3
25237,841233,67.13,1,3
25238,841266,68.16,1,3
25239,841300,69.18,1,3
25240,841333,68.88,1,3
25241,841366,68.27,1,3
25242,841400,67.66,1,3
25243,841433,66.32,1,3
25244,841466,64.68,1,3
25245,841500,63.33,1,3
25246,841533,62.28,1,3
25247,841566,61.93,1,3
25248,841600,62.35,1,3
25249,841633,60.86,1,3
25250,841666,59.36,1,3
25251,841699,58.08,1,3
25252,841733,56.1,1,3
25253,841766,51.89,1,3
25254,841800,49.89,1,2
25255,841833,49.1,1,2
25256,841866,48.09,1,2
25257,841900,47.08,1,2
25258,841933,47.86,1,2
25259,841966,46.89,1,2
25260,842000,44.71,1,2
25261,842033,42.32,1,2
25262,842066,39,1,2
25263,842100,36.12,1,2
25264,842133,35.88,1,2
25265,842166,35.65,1,2
25266,842199,35.63,1,2
25267,842233,37.96,1,2
25268,842266,40.29,1,2
25269,842300,41.72,1,2
25270,842333,43.9,1,2
25271,842366,46.08,1,2
25272,842400,46.52,1,2
25273,842433,46.96,1,2
25274,842466,48.68,1,2
25275,842500,49.8,1,2
25276,842533,51.85,1,3
25277,842566,54.65,1,3
25278,842600,57.45,1,3
25279,842633,58.97,1,3
25280,842666,61.03,1,3
25281,842699,62.15,1,3
25282,842733,62.84,1,3
25283,842766,63.7,1,3
25284,842800,64.57,1,3
25285,842833,64.74,1,3
25286,842866,66.51,1,3
25287,842900,68.27,1,3
25288,842933,69.16,1,3
25289,842966,69.92,1,3
25290,843000,70.68,1,3
25291,843033,68.55,1,3
25292,843066,66.29,1,3
25293,843100,64.73,1,3
25294,843133,63.31,1,3
25295,843166,61.46,1,3
25296,843199,60.9,1,3
25297,843233,60.46,1,3
25298,843266,66.58,1,3
25299,843300,72.7,1,3
25300,843333,77.21,1,4
25301,843366,80.39,1,4
25302,843400,83.57,1,4
25303,843433,78.62,1,4
25304,843466,71.24,1,3
25305,843500,65.91,1,3
25306,843533,61.58,1,3
25307,843566,57.24,1,3
25308,843600,54.5,1,3
25309,843633,52.15,1,3
25310,843666,49.08,1,2
25311,843699,46.35,1,2
25312,843733,45.02,1,2
25313,843766,43.69,1,2
25314,843800,44.38,1,2
25315,843833,48.79,1,2
25316,843866,53.2,1,3
25317,843900,56.21,1,3
25318,843933,61.29,1,3
25319,843966,66.61,1,3
25320,844000,68.93,1,3
25321,844033,69.92,1,3
25322,844066,70.65,1,3
25323,844100,69.32,1,3
25324,844133,67.74,1,3
25325,844166,66.74,1,3
25326,844199,67.08,1,3
25327,844233,67.66,1,3
25328,844266,68.77,1,3
25329,844300,69.89,1,3
25330,844333,69.47,1,3
25331,844366,68.99,1,3
25332,844400,68.5,1,3
25333,844433,67.48,1,3
25334,844466,66.42,1,3
25335,844500,66.32,1,3
25336,844533,65.93,1,3
25337,844566,65.27,1,3
25338,844600,64.61,1,3
25339,844633,63.86,1,3
25340,844666,62.63,1,3
25341,844699,61.75,1,3
25342,844733,61.12,1,3
25343,844766,60.09,1,3
25344,844800,59.59,1,3
25345,844833,60.62,1,3
25346,844866,61.66,1,3
25347,844900,63.07,1,3
25348,844933,63.54,1,3
25349,844966,61.46,1,3
25350,845000,58.35,1,3
25351,845033,54.82,1,3
25352,845066,48.55,1,2
25353,845100,43.62,1,2
25354,845133,41.59,1,2
25355,845166,39.55,1,2
25356,845199,37.92,1,2
25357,845233,38.83,1,2
25358,845266,39.74,1,2
25359,845300,39.89,1,2
25360,845333,39.8,1,2
25361,845366,39.7,1,2
25362,845400,39.46,1,2
25363,845433,40.69,1,2
25364,845466,41.92,1,2
25365,845500,43.4,1,2
25366,845533,46.39,1,2
25367,845566,49.37,1,2
25368,845600,50.56,1,3
25369,845633,51.74,1,3
25370,845666,53.85,1,3
25371,845699,54.45,1,3
25372,845733,55.05,1,3
25373,845766,58.17,1,3
25374,845800,61.29,1,3
25375,845833,63.51,1,3
25376,845866,66.78,1,3
25377,845900,70.06,1,3
25378,845933,70.93,1,3
25379,845966,71.64,1,3
25380,846000,72.33,1,3
25381,846033,71.06,1,3
25382,846066,69.66,1,3
25383,846100,68.47,1,3
25384,846133,67.22,1,3
25385,846166,65.77,1,3
25386,846199,65.24,1,3
25387,846233,64.83,1,3
25388,846266,65.69,1,3
25389,846300,66.77,1,3
25390,846333,64.9,1,3
25391,846366,62.97,1,3
25392,846400,60.63,1,3
25393,846433,56.78,1,3
25394,846466,52.42,1,3
25395,846500,51.2,1,3
25396,846533,49.54,1,2
25397,846566,46.67,1,2
25398,846600,44.02,1,2
25399,846633,41.49,1,2
25400,846666,38.3,1,2
25401,846699,35.61,1,2
25402,846733,34.59,1,2
25403,846766,33.58,1,2
25404,846800,32.95,1,2
25405,846833,35.19,1,2
25406,846866,37.42,1,2
25407,846900,39.62,1,2
25408,846933,42.99,1,2
25409,846966,46.35,1,2
25410,847000,47.53,1,2
25411,847033,49.55,1,2
25412,847066,52.03,1,3
25413,847100,53.34,1,3
25414,847133,54.65,1,3
25415,847166,58.28,1,3
25416,847199,61.07,1,3
25417,847233,63.4,1,3
25418,847266,71.31,1,3
25419,847300,79.23,1,4
25420,847333,83.21,1,4
25421,847366,86.91,1,4
25422,847400,90.6,1,4
25423,847433,87.98,1,4
25424,847466,84.97,1,4
25425,847500,83.56,1,4
25426,847533,82.25,1,4
25427,847566,79.65,1,4
25428,847600,77.76,1,4
25429,847633,75.23,1,4
25430,847666,72.15,1,3
25431,847699,69.26,1,3
25432,847733,67.55,1,3
25433,847766,65.54,1,3
25434,847800,64.58,1,3
25435,847833,64.16,1,3
25436,847866,63.4,1,3
25437,847900,62.76,1,3
25438,847933,62.12,1,3
25439,847966,59.29,1,3
25440,848000,56.47,1,3
25441,848033,53.56,1,3
25442,848066,50.47,1,3
25443,848100,47.68,1,2
25444,848133,47.7,1,2
25445,848166,47.73,1,2
25446,848199,48.17,1,2
25447,848233,48.4,1,2
25448,848266,47.48,1,2
25449,848300,45.93,1,2
25450,848333,43.84,1,2
25451,848366,41.07,1,2
25452,848400,38.72,1,2
25453,848433,39.48,1,2
25454,848466,40.25,1,2
25455,848500,41.56,1,2
25456,848533,44.07,1,2
25457,848566,46.58,1,2
25458,848600,47.11,1,2
25459,848633,47.75,1,2
25460,848666,48.87,1,2
25461,848699,49.47,1,2
25462,848733,50.06,1,3
25463,848766,52.13,1,3
25464,848800,54.08,1,3
25465,848833,55.56,1,3
25466,848866,57.78,1,3
25467,848900,60,1,3
25468,848933,60.74,1,3
25469,848966,61.75,1,3
25470,849000,62.76,1,3
25471,849033,63.03,1,3
25472,849066,64.73,1,3
25473,849100,66.43,1,3
25474,849133,67.87,1,3
25475,849166,70.58,1,3
25476,849199,73.3,1,3
25477,849233,72.46,1,3
25478,849266,71.37,1,3
25479,849300,70.27,1,3
25480,849333,66.49,1,3
25481,849366,62.42,1,3
25482,849400,60.48,1,3
25483,849433,57.29,1,3
25484,849466,53.86,1,3
25485,849500,51.86,1,3
25486,849533,49.53,1,2
25487,849566,46.5,1,2
25488,849600,44.98,1,2
25489,849633,43.41,1,2
25490,849666,40.47,1,2
25491,849699,38.13,1,2
25492,849733,36.68,1,2
25493,849766,35.23,1,2
25494,849800,34.05,1,2
25495,849833,34.42,1,2
25496,849866,34.78,1,2
25497,849900,34.95,1,2
25498,849933,36.47,1,2
25499,849966,37.99,1,2
25500,850000,39.33,1,2
25501,850033,42.57,1,2
25502,850066,45.81,1,2
25503,850100,47.71,1,2
25504,850133,51.81,1,3
25505,850166,56.09,1,3
25506,850199,58.46,1,3
25507,850233,60.82,1,3
25508,850266,62.81,1,3
25509,850300,62.59,1,3
25510,850333,62.2,1,3
25511,850366,61.94,1,3
25512,850400,61.7,1,3
25513,850433,61.83,1,3
25514,850466,62.79,1,3
25515,850500,63.75,1,3
25516,850533,63.99,1,3
25517,850566,64.06,1,3
25518,850600,64.12,1,3
25519,850633,63.34,1,3
25520,850666,62.26,1,3
25521,850699,61.76,1,3
25522,850733,61.44,1,3
25523,850766,61.56,1,3
25524,850800,61.7,1,3
25525,850833,61.02,1,3
25526,850866,60.06,1,3
25527,850900,59.11,1,3
25528,850933,56.54,1,3
25529,850966,53.86,1,3
25530,851000,52.3,1,3
25531,851033,50.69,1,3
25532,851066,49.09,1,2
25533,851100,48.66,1,2
25534,851133,48.07,1,2
25535,851166,46.79,1,2
25536,851199,45.84,1,2
25537,851233,48.49,1,2
25538,851266,55.48,1,3
25539,851300,63.01,1,3
25540,851333,70.95,1,3
25541,851366,73.57,1,3
25542,851400,72.6,1,3
25543,851433,67.35,1,3
25544,851466,61.82,1,3
25545,851500,56.57,1,3
25546,851533,56.52,1,3
25547,851566,56.46,1,3
25548,851600,56.35,1,3
25549,851633,56.32,1,3
25550,851666,56.3,1,3
25551,851699,56.4,1,3
25552,851733,57.84,1,3
25553,851766,60.68,1,3
25554,851800,63.42,1,3
25555,851833,65.9,1,3
25556,851866,68.16,1,3
25557,851900,69.08,1,3
25558,851933,68.42,1,3
25559,851966,67.62,1,3
25560,852000,67.08,1,3
25561,852033,66.75,1,3
25562,852066,67.73,1,3
25563,852100,68.89,1,3
25564,852133,70.19,1,3
25565,852166,71.63,1,3
25566,852199,73.07,1,3
25567,852233,71.4,1,3
25568,852266,69.39,1,3
25569,852300,67.37,1,3
25570,852333,64.74,1,3
25571,852366,61.78,1,3
25572,852400,60.64,1,3
25573,852433,59.75,1,3
25574,852466,58.18,1,3
25575,852500,57.65,1,3
25576,852533,56.89,1,3
25577,852566,53.53,1,3
25578,852600,50.24,1,3
25579,852633,47.2,1,2
25580,852666,43.2,1,2
25581,852699,39.75,1,2
25582,852733,38.64,1,2
25583,852766,36.74,1,2
25584,852800,35.29,1,2
25585,852833,34.92,1,2
25586,852866,34.55,1,2
25587,852900,34.46,1,2
25588,852933,36.51,1,2
25589,852966,38.57,1,2
25590,853000,39.94,1,2
25591,853033,44.57,1,2
25592,853066,49.19,1,2
25593,853100,52.45,1,3
25594,853133,57.33,1,3
25595,853166,62.21,1,3
25596,853199,63.58,1,3
25597,853233,63.84,1,3
25598,853266,63.93,1,3
25599,853300,62.4,1,3
25600,853333,60.86,1,3
25601,853366,60.89,1,3
25602,853400,62.04,1,3
25603,853433,63.29,1,3
25604,853466,64.39,1,3
25605,853500,65.5,1,3
25606,853533,64.9,1,3
25607,853566,64.15,1,3
25608,853600,63.46,1,3
25609,853633,62.7,1,3
25610,853666,61.78,1,3
25611,853699,61.26,1,3
25612,853733,60.89,1,3
25613,853766,60.71,1,3
25614,853800,60.75,1,3
25615,853833,59.79,1,3
25616,853866,58.45,1,3
25617,853900,57.12,1,3
25618,853933,55.59,1,3
25619,853966,54.21,1,3
25620,854000,54.26,1,3
25621,854033,54.4,1,3
25622,854066,54.48,1,3
25623,854100,54.56,1,3
25624,854133,54.12,1,3
25625,854166,52.54,1,3
25626,854199,51.24,1,3
25627,854233,49.42,1,2
25628,854266,45.43,1,2
25629,854300,41.82,1,2
25630,854333,39.14,1,2
25631,854366,36.46,1,2
25632,854400,34.36,1,2
25633,854433,35.26,1,2
25634,854466,36.16,1,2
25635,854500,36.99,1,2
25636,854533,38.02,1,2
25637,854566,39.06,1,2
25638,854600,39.27,1,2
25639,854633,41.67,1,2
25640,854666,44.06,1,2
25641,854699,46.25,1,2
25642,854733,49.27,1,2
25643,854766,52.29,1,3
25644,854800,52.99,1,3
25645,854833,53.69,1,3
25646,854866,55.57,1,3
25647,854900,56.61,1,3
25648,854933,57.65,1,3
25649,854966,59.68,1,3
25650,855000,61.7,1,3
25651,855033,62.54,1,3
25652,855066,64.78,1,3
25653,855100,67.03,1,3
25654,855133,68.42,1,3
25655,855166,70.11,1,3
25656,855199,71.79,1,3
25657,855233,72.07,1,3
25658,855266,75.99,1,4
25659,855300,79.91,1,4
25660,855333,83.11,1,4
25661,855366,85.68,1,4
25662,855400,88.25,1,4
25663,855433,86,1,4
25664,855466,82.53,1,4
25665,855500,80.51,1,4
25666,855533,78.1,1,4
25667,855566,73.62,1,3
25668,855600,69.96,1,3
25669,855633,66.33,1,3
25670,855666,59.26,1,3
25671,855699,53.22,1,3
25672,855733,48.52,1,2
25673,855766,43.74,1,2
25674,855800,40.16,1,2
25675,855833,38.64,1,2
25676,855866,36.56,1,2
25677,855900,35.21,1,2
25678,855933,36.2,1,2
25679,855966,37.19,1,2
25680,856000,38.53,1,2
25681,856033,42.79,1,2
25682,856066,47.06,1,2
25683,856100,49.43,1,2
25684,856133,53.2,1,3
25685,856166,56.98,1,3
25686,856199,57.86,1,3
25687,856233,58.74,1,3
25688,856266,60.93,1,3
25689,856300,61.72,1,3
25690,856333,62.5,1,3
25691,856366,64.79,1,3
25692,856400,67.09,1,3
25693,856433,68.07,1,3
25694,856466,69.51,1,3
25695,856500,70.96,1,3
25696,856533,70.09,1,3
25697,856566,68.77,1,3
25698,856600,67.44,1,3
25699,856633,65.64,1,3
25700,856666,64.53,1,3
25701,856699,64.74,1,3
25702,856733,64.33,1,3
25703,856766,63.55,1,3
25704,856800,62.76,1,3
25705,856833,60.19,1,3
25706,856866,57.39,1,3
25707,856900,55.69,1,3
25708,856933,53.36,1,3
25709,856966,50.95,1,3
25710,857000,49.75,1,2
25711,857033,49.95,1,2
25712,857066,50.16,1,3
25713,857100,51.35,1,3
25714,857133,52.2,1,3
25715,857166,50.51,1,3
25716,857199,47.64,1,2
25717,857233,44.42,1,2
25718,857266,40.55,1,2
25719,857300,37.11,1,2
25720,857333,36.6,1,2
25721,857366,36.1,1,2
25722,857400,35.94,1,2
25723,857433,36.21,1,2
25724,857466,36.27,1,2
25725,857500,35.83,1,2
25726,857533,36.02,1,2
25727,857566,36.21,1,2
25728,857600,36.62,1,2
25729,857633,39.4,1,2
25730,857666,42.18,1,2
25731,857699,44.32,1,2
25732,857733,47.93,1,2
25733,857766,51.53,1,3
25734,857800,52.66,1,3
25735,857833,53.78,1,3
25736,857866,55.9,1,3
25737,857900,56.55,1,3
25738,857933,57.21,1,3
25739,857966,59.39,1,3
25740,858000,61.57,1,3
25741,858033,62.77,1,3
25742,858066,64.55,1,3
25743,858100,66.34,1,3
25744,858133,66.56,1,3
25745,858166,66.79,1,3
25746,858199,67.02,1,3
25747,858233,65.77,1,3
25748,858266,64.4,1,3
25749,858300,63.38,1,3
25750,858333,62.36,1,3
25751,858366,62.17,1,3
25752,858400,62.88,1,3
25753,858433,63.71,1,3
25754,858466,64.31,1,3
25755,858500,64.91,1,3
25756,858533,62.87,1,3
25757,858566,58.52,1,3
25758,858600,54.17,1,3
25759,858633,49.73,1,2
25760,858666,44.52,1,2
25761,858699,41.12,1,2
25762,858733,39.58,1,2
25763,858766,37.39,1,2
25764,858800,35.51,1,2
25765,858833,34.71,1,2
25766,858866,33.92,1,2
25767,858900,33.58,1,2
25768,858933,36.07,1,2
25769,858966,38.56,1,2
25770,859000,40.75,1,2
25771,859033,45.76,1,2
25772,859066,50.77,1,3
25773,859100,53.67,1,3
25774,859133,56.91,1,3
25775,859166,60.14,1,3
25776,859199,60.33,1,3
25777,859233,60.53,1,3
25778,859266,67.15,1,3
25779,859300,73.43,1,3
25780,859333,79.54,1,4
25781,859366,85.6,1,4
25782,859400,91.66,1,4
25783,859433,90.96,1,4
25784,859466,90.06,1,4
25785,859500,89.33,1,4
25786,859533,87.63,1,4
25787,859566,84.1,1,4
25788,859600,80.82,1,4
25789,859633,77.19,1,4
25790,859666,72.98,1,3
25791,859699,70.01,1,3
25792,859733,68.86,1,3
25793,859766,67.7,1,3
25794,859800,67.1,1,3
25795,859833,65.83,1,3
25796,859866,64.27,1,3
25797,859900,62.71,1,3
25798,859933,61.17,1,3
25799,859966,60.69,1,3
25800,860000,61.79,1,3
25801,860033,62.86,1,3
25802,860066,63.5,1,3
25803,860100,64.13,1,3
25804,860133,63.04,1,3
25805,860166,58.88,1,3
25806,860199,55.03,1,3
25807,860233,51.18,1,3
25808,860266,45.97,1,2
25809,860300,41.41,1,2
25810,860333,41.07,1,2
25811,860366,40.72,1,2
25812,860400,40.82,1,2
25813,860433,41.98,1,2
25814,860466,42.59,1,2
25815,860500,41.74,1,2
25816,860533,41.29,1,2
25817,860566,40.84,1,2
25818,860600,40.68,1,2
25819,860633,42.44,1,2
25820,860666,44.21,1,2
25821,860699,45.57,1,2
25822,860733,48.45,1,2
25823,860766,51.33,1,3
25824,860800,52.66,1,3
25825,860833,53.98,1,3
25826,860866,56.24,1,3
25827,860900,56.98,1,3
25828,860933,57.73,1,3
25829,860966,60.25,1,3
25830,861000,62.76,1,3
25831,861033,64.35,1,3
25832,861066,67.96,1,3
25833,861100,71.56,1,3
25834,861133,71.78,1,3
25835,861166,71.87,1,3
25836,861199,71.96,1,3
25837,861233,69.93,1,3
25838,861266,67.74,1,3
25839,861300,67.35,1,3
25840,861333,67.09,1,3
25841,861366,67.46,1,3
25842,861400,67.93,1,3
25843,861433,67.26,1,3
25844,861466,65.79,1,3
25845,861500,64.33,1,3
25846,861533,62.1,1,3
25847,861566,57.87,1,3
25848,861600,54.95,1,3
25849,861633,52.14,1,3
25850,861666,47.54,1,2
25851,861699,43.07,1,2
25852,861733,40.17,1,2
25853,861766,37.22,1,2
25854,861800,34.97,1,2
25855,861833,34.2,1,2
25856,861866,33.41,1,2
25857,861900,33.05,1,2
25858,861933,33.88,1,2
25859,861966,34.71,1,2
25860,862000,35.85,1,2
25861,862033,38.63,1,2
25862,862066,41.42,1,2
25863,862100,43.04,1,2
25864,862133,46.77,1,2
25865,862166,50.5,1,3
25866,862199,52.31,1,3
25867,862233,54.11,1,3
25868,862266,57.92,1,3
25869,862300,59.63,1,3
25870,862333,61.33,1,3
25871,862366,65.73,1,3
25872,862400,70.14,1,3
25873,862433,71.44,1,3
25874,862466,72.56,1,3
25875,862500,73.68,1,3
25876,862533,71.35,1,3
25877,862566,68.95,1,3
25878,862600,67.65,1,3
25879,862633,66.34,1,3
25880,862666,64.89,1,3
25881,862699,64.51,1,3
25882,862733,63.89,1,3
25883,862766,62.97,1,3
25884,862800,62.22,1,3
25885,862833,60.7,1,3
25886,862866,58.89,1,3
25887,862900,57.38,1,3
25888,862933,55.54,1,3
25889,862966,53.35,1,3
25890,863000,52.42,1,3
25891,863033,51.44,1,3
25892,863066,49.94,1,2
25893,863100,49.07,1,2
25894,863133,48.09,1,2
25895,863166,45.31,1,2
25896,863199,42.88,1,2
25897,863233,46.05,1,2
25898,863266,53.43,1,3
25899,863300,61.5,1,3
25900,863333,70.79,1,3
25901,863366,75.55,1,4
25902,863400,75.23,1,4
25903,863433,70.36,1,3
25904,863466,64.54,1,3
25905,863500,58.95,1,3
25906,863533,58.64,1,3
25907,863566,58.33,1,3
25908,863600,58.37,1,3
25909,863633,58.78,1,3
25910,863666,59.19,1,3
25911,863699,58.84,1,3
25912,863733,58.44,1,3
25913,863766,58.03,1,3
25914,863800,57.42,1,3
25915,863833,56.81,1,3
25916,863866,57.59,1,3
25917,863900,58.43,1,3
25918,863933,59.27,1,3
25919,863966,61.07,1,3
25920,864000,62.87,1,3
25921,864033,63.28,1,3
25922,864066,63.54,1,3
25923,864100,63.8,1,3
25924,864133,63.65,1,3
25925,864166,63.82,1,3
25926,864199,63.99,1,3
25927,864233,64.31,1,3
25928,864266,65.15,1,3
25929,864300,65.99,1,3
25930,864333,66.52,1,3
25931,864366,67.87,1,3
25932,864400,69.22,1,3
25933,864433,68.16,1,3
25934,864466,66.63,1,3
25935,864500,65.1,1,3
25936,864533,61.49,1,3
25937,864566,57.29,1,3
25938,864600,54.97,1,3
25939,864633,52.73,1,3
25940,864666,50.43,1,3
25941,864699,49.37,1,2
25942,864733,48.58,1,2
25943,864766,45.86,1,2
25944,864800,43.53,1,2
25945,864833,40.95,1,2
25946,864866,37.84,1,2
25947,864900,35.06,1,2
25948,864933,35.78,1,2
25949,864966,36.5,1,2
25950,865000,37.54,1,2
25951,865033,39.95,1,2
25952,865066,42.36,1,2
25953,865100,43.2,1,2
25954,865133,45.13,1,2
25955,865166,47.06,1,2
25956,865199,47.61,1,2
25957,865233,48.15,1,2
25958,865266,50.57,1,3
25959,865300,51.88,1,3
25960,865333,53.19,1,3
25961,865366,56.83,1,3
25962,865400,60.47,1,3
25963,865433,62.25,1,3
25964,865466,64.18,1,3
25965,865500,66.11,1,3
25966,865533,66.27,1,3
25967,865566,66.53,1,3
25968,865600,66.8,1,3
25969,865633,66.64,1,3
25970,865666,66.35,1,3
25971,865699,66.05,1,3
25972,865733,65.64,1,3
25973,865766,64.97,1,3
25974,865800,64.58,1,3
25975,865833,63.22,1,3
25976,865866,61.34,1,3
25977,865900,59.47,1,3
25978,865933,57.85,1,3
25979,865966,57.31,1,3
25980,866000,57.88,1,3
25981,866033,57.45,1,3
25982,866066,56.39,1,3
25983,866100,55.33,1,3
25984,866133,52.83,1,3
25985,866166,48.95,1,2
25986,866199,46.6,1,2
25987,866233,45.2,1,2
25988,866266,43.8,1,2
25989,866300,42.77,1,2
25990,866333,44.09,1,2
25991,866366,45.42,1,2
25992,866400,46.41,1,2
25993,866433,47.15,1,2
25994,866466,45.18,1,2
25995,866500,42.23,1,2
25996,866533,39.87,1,2
25997,866566,37.5,1,2
25998,866600,35.39,1,2
25999,866633,38.02,1,2
26000,866666,40.94,1,2
26001,866699,43.27,1,2
26002,866733,46.65,1,2
26003,866766,50.03,1,3
26004,866800,51.28,1,3
26005,866833,52.25,1,3
26006,866866,54.56,1,3
26007,866900,55.82,1,3
26008,866933,57.08,1,3
26009,866966,59.8,1,3
26010,867000,62.52,1,3
26011,867033,63.9,1,3
26012,867066,65.9,1,3
26013,867100,67.9,1,3
26014,867133,67.68,1,3
26015,867166,67.35,1,3
26016,867199,67.02,1,3
26017,867233,66.07,1,3
26018,867266,71.14,1,3
26019,867300,77.06,1,4
26020,867333,82.22,1,4
26021,867366,87.3,1,4
26022,867400,92.38,1,4
26023,867433,90.9,1,4
26024,867466,88.86,1,4
26025,867500,87.68,1,4
26026,867533,84.41,1,4
26027,867566,79.94,1,4
26028,867600,75.16,1,4
26029,867633,70.29,1,3
26030,867666,64.73,1,3
26031,867699,61.36,1,3
26032,867733,58.56,1,3
26033,867766,54.32,1,3
26034,867800,50.72,1,3
26035,867833,47.21,1,2
26036,867866,43,1,2
26037,867900,39.42,1,2
26038,867933,38.04,1,2
26039,867966,36.66,1,2
26040,868000,35.89,1,2
26041,868033,37.19,1,2
26042,868066,38.49,1,2
26043,868100,39.87,1,2
26044,868133,42.83,1,2
26045,868166,45.79,1,2
26046,868199,47.36,1,2
26047,868233,50.06,1,3
26048,868266,54.16,1,3
26049,868300,56.68,1,3
26050,868333,59.2,1,3
26051,868366,63.97,1,3
26052,868400,67.61,1,3
26053,868433,68.46,1,3
26054,868466,69,1,3
26055,868500,69.54,1,3
26056,868533,67.83,1,3
26057,868566,66.47,1,3
26058,868600,66.5,1,3
26059,868633,66.84,1,3
26060,868666,68.16,1,3
26061,868699,69.47,1,3
26062,868733,69.06,1,3
26063,868766,68.23,1,3
26064,868800,67.4,1,3
26065,868833,64.73,1,3
26066,868866,61.86,1,3
26067,868900,60.39,1,3
26068,868933,59.33,1,3
26069,868966,58.14,1,3
26070,869000,57.8,1,3
26071,869033,57.67,1,3
26072,869066,57.39,1,3
26073,869100,57.1,1,3
26074,869133,56.65,1,3
26075,869166,54.55,1,3
26076,869199,52.45,1,3
26077,869233,50.93,1,3
26078,869266,49.41,1,2
26079,869300,48.19,1,2
26080,869333,48.26,1,2
26081,869366,47.34,1,2
26082,869400,45.99,1,2
26083,869433,44.27,1,2
26084,869466,42.4,1,2
26085,869500,40.88,1,2
26086,869533,39.96,1,2
26087,869566,38.89,1,2
26088,869600,38.18,1,2
26089,869633,39.98,1,2
26090,869666,41.79,1,2
26091,869699,43.99,1,2
26092,869733,47.29,1,2
26093,869766,50.58,1,3
26094,869800,51.07,1,3
26095,869833,51.56,1,3
26096,869866,53.14,1,3
26097,869900,53.76,1,3
26098,869933,54.39,1,3
26099,869966,56.19,1,3
26100,870000,57.99,1,3
26101,870033,58.72,1,3
26102,870066,59.63,1,3
26103,870100,60.54,1,3
26104,870133,60.73,1,3
26105,870166,61.49,1,3
26106,870199,62.25,1,3
26107,870233,62.82,1,3
26108,870266,64.1,1,3
26109,870300,65.37,1,3
26110,870333,66.07,1,3
26111,870366,67.91,1,3
26112,870400,69.74,1,3
26113,870433,69.43,1,3
26114,870466,68.86,1,3
26115,870500,68.3,1,3
26116,870533,65.75,1,3
26117,870566,62.89,1,3
26118,870600,61.47,1,3
26119,870633,60.18,1,3
26120,870666,58.17,1,3
26121,870699,57.01,1,3
26122,870733,55.46,1,3
26123,870766,53.2,1,3
26124,870800,51.06,1,3
26125,870833,49.25,1,2
26126,870866,45.27,1,2
26127,870900,41.98,1,2
26128,870933,39.05,1,2
26129,870966,36.06,1,2
26130,871000,33.47,1,2
26131,871033,33.32,1,2
26132,871066,33.17,1,2
26133,871100,33.37,1,2
26134,871133,35.03,1,2
26135,871166,36.69,1,2
26136,871199,38.08,1,2
26137,871233,40.93,1,2
26138,871266,50.59,1,3
26139,871300,58.85,1,3
26140,871333,67.11,1,3
26141,871366,74.62,1,3
26142,871400,80.24,1,4
26143,871433,79.06,1,4
26144,871466,78.19,1,4
26145,871500,77.33,1,4
26146,871533,77.2,1,4
26147,871566,77.46,1,4
26148,871600,77.71,1,4
26149,871633,77.66,1,4
26150,871666,78.69,1,4
26151,871699,79.71,1,4
26152,871733,79.89,1,4
26153,871766,79.77,1,4
26154,871800,79.64,1,4
26155,871833,76.91,1,4
26156,871866,73.89,1,3
26157,871900,71.77,1,3
26158,871933,69.65,1,3
26159,871966,67.23,1,3
26160,872000,66.34,1,3
26161,872033,65.04,1,3
26162,872066,63.3,1,3
26163,872100,61.85,1,3
26164,872133,59.65,1,3
26165,872166,57.33,1,3
26166,872199,55.7,1,3
26167,872233,53.97,1,3
26168,872266,51.38,1,3
26169,872300,49.86,1,2
26170,872333,48.72,1,2
26171,872366,47.58,1,2
26172,872400,46.97,1,2
26173,872433,46.9,1,2
26174,872466,44.65,1,2
26175,872500,42.13,1,2
26176,872533,39.28,1,2
26177,872566,36.44,1,2
26178,872600,33.92,1,2
26179,872633,35.17,1,2
26180,872666,36.43,1,2
26181,872699,38.01,1,2
26182,872733,39.6,1,2
26183,872766,41.2,1,2
26184,872800,41.2,1,2
26185,872833,43.04,1,2
26186,872866,44.87,1,2
26187,872900,46.7,1,2
26188,872933,49.19,1,2
26189,872966,51.76,1,3
26190,873000,52.5,1,3
26191,873033,53.25,1,3
26192,873066,56.06,1,3
26193,873100,58.21,1,3
26194,873133,60.06,1,3
26195,873166,61.63,1,3
26196,873199,63.19,1,3
26197,873233,62.69,1,3
26198,873266,63.42,1,3
26199,873300,64.38,1,3
26200,873333,65.33,1,3
26201,873366,66.13,1,3
26202,873400,66.93,1,3
26203,873433,66.22,1,3
26204,873466,64.89,1,3
26205,873500,63.84,1,3
26206,873533,62.48,1,3
26207,873566,60.83,1,3
26208,873600,59.46,1,3
26209,873633,58.7,1,3
26210,873666,59.46,1,3
26211,873699,60.69,1,3
26212,873733,61.06,1,3
26213,873766,59.26,1,3
26214,873800,57.47,1,3
26215,873833,53.83,1,3
26216,873866,48.44,1,2
26217,873900,44.2,1,2
26218,873933,41.81,1,2
26219,873966,38.86,1,2
26220,874000,36.22,1,2
26221,874033,34.98,1,2
26222,874066,33.67,1,2
26223,874100,32.68,1,2
26224,874133,32.65,1,2
26225,874166,32.62,1,2
26226,874199,32.96,1,2
26227,874233,36.25,1,2
26228,874266,39.55,1,2
26229,874300,42.45,1,2
26230,874333,47.43,1,2
26231,874366,52.41,1,3
26232,874400,54.27,1,3
26233,874433,56.14,1,3
26234,874466,58.34,1,3
26235,874500,58.47,1,3
26236,874533,58.6,1,3
26237,874566,60.27,1,3
26238,874600,61.93,1,3
26239,874633,63.26,1,3
26240,874666,65.11,1,3
26241,874699,66.97,1,3
26242,874733,67.49,1,3
26243,874766,67.74,1,3
26244,874800,67.99,1,3
26245,874833,66.35,1,3
26246,874866,64.58,1,3
26247,874900,62.81,1,3
26248,874933,61.31,1,3
26249,874966,60.26,1,3
26250,875000,60.57,1,3
26251,875033,61.01,1,3
26252,875066,61.18,1,3
26253,875100,61.34,1,3
26254,875133,60.52,1,3
26255,875166,59.51,1,3
26256,875199,58.5,1,3
26257,875233,57.76,1,3
26258,875266,64.1,1,3
26259,875300,70.99,1,3
26260,875333,77.05,1,4
26261,875366,80.58,1,4
26262,875400,84.1,1,4
26263,875433,80.27,1,4
26264,875466,73.46,1,3
26265,875500,67.66,1,3
26266,875533,63.84,1,3
26267,875566,59.59,1,3
26268,875600,55.61,1,3
26269,875633,53.83,1,3
26270,875666,52.05,1,3
26271,875699,50.84,1,3
26272,875733,49.46,1,2
26273,875766,48.01,1,2
26274,875800,47.35,1,2
26275,875833,47.13,1,2
26276,875866,46.9,1,2
26277,875900,47.26,1,2
26278,875933,48.95,1,2
26279,875966,50.64,1,3
26280,876000,51.64,1,3
26281,876033,52.63,1,3
26282,876066,54.46,1,3
26283,876100,55.03,1,3
26284,876133,55.6,1,3
26285,876166,57.2,1,3
26286,876199,58.8,1,3
26287,876233,59.57,1,3
26288,876266,61.61,1,3
26289,876300,63.65,1,3
26290,876333,64.91,1,3
26291,876366,67.64,1,3
26292,876400,70.37,1,3
26293,876433,70.68,1,3
26294,876466,70.53,1,3
26295,876500,70.38,1,3
26296,876533,68.77,1,3
26297,876566,67.52,1,3
26298,876600,67.43,1,3
26299,876633,67.79,1,3
26300,876666,68.74,1,3
26301,876699,69.69,1,3
26302,876733,69.48,1,3
26303,876766,69.05,1,3
26304,876800,68.12,1,3
26305,876833,65.07,1,3
26306,876866,59.73,1,3
26307,876900,55.2,1,3
26308,876933,50.5,1,3
26309,876966,45.92,1,2
26310,877000,42.86,1,2
26311,877033,41.73,1,2
26312,877066,39.26,1,2
26313,877100,37.18,1,2
26314,877133,35.2,1,2
26315,877166,32.95,1,2
26316,877199,31.08,1,2
26317,877233,32.33,1,2
26318,877266,33.59,1,2
26319,877300,35.12,1,2
26320,877333,38.75,1,2
26321,877366,42.38,1,2
26322,877400,44.15,1,2
26323,877433,45.92,1,2
26324,877466,48.49,1,2
26325,877500,49.59,1,2
26326,877533,51.09,1,3
26327,877566,53.88,1,3
26328,877600,56.68,1,3
26329,877633,58.67,1,3
26330,877666,64.26,1,3
26331,877699,69.44,1,3
26332,877733,71.79,1,3
26333,877766,73.96,1,3
26334,877800,76.12,1,4
26335,877833,72.75,1,3
26336,877866,69.04,1,3
26337,877900,66.93,1,3
26338,877933,65,1,3
26339,877966,63.92,1,3
26340,878000,64.42,1,3
26341,878033,64.79,1,3
26342,878066,64.96,1,3
26343,878100,65.12,1,3
26344,878133,63,1,3
26345,878166,60.62,1,3
26346,878199,58.71,1,3
26347,878233,56.33,1,3
26348,878266,53.45,1,3
26349,878300,52.52,1,3
26350,878333,51.33,1,3
26351,878366,49.05,1,2
26352,878400,47.44,1,2
26353,878433,45.97,1,2
26354,878466,43.02,1,2
26355,878500,40.58,1,2
26356,878533,40.17,1,2
26357,878566,39.76,1,2
26358,878600,39.72,1,2
26359,878633,40.39,1,2
26360,878666,40.62,1,2
26361,878699,39.92,1,2
26362,878733,39.07,1,2
26363,878766,38.23,1,2
26364,878800,37.64,1,2
26365,878833,37.27,1,2
26366,878866,36.9,1,2
26367,878900,36.68,1,2
26368,878933,39.13,1,2
26369,878966,41.58,1,2
26370,879000,44.26,1,2
26371,879033,47.97,1,2
26372,879066,51.76,1,3
26373,879100,52.87,1,3
26374,879133,53.98,1,3
26375,879166,55.55,1,3
26376,879199,56.09,1,3
26377,879233,56.55,1,3
26378,879266,64.34,1,3
26379,879300,72.12,1,3
26380,879333,78.94,1,4
26381,879366,85.71,1,4
26382,879400,92.47,1,4
26383,879433,90.76,1,4
26384,879466,88.67,1,4
26385,879500,87.09,1,4
26386,879533,85.49,1,4
26387,879566,81.36,1,4
26388,879600,78.38,1,4
26389,879633,75.78,1,4
26390,879666,74.99,1,3
26391,879699,74.27,1,3
26392,879733,73.81,1,3
26393,879766,72.97,1,3
26394,879800,72.12,1,3
26395,879833,67.92,1,3
26396,879866,63.38,1,3
26397,879900,61.13,1,3
26398,879933,58.47,1,3
26399,879966,54.48,1,3
26400,880000,52.04,1,3
26401,880033,49.49,1,2
26402,880066,46.45,1,2
26403,880100,44.21,1,2
26404,880133,42.89,1,2
26405,880166,40.14,1,2
26406,880199,37.84,1,2
26407,880233,36.71,1,2
26408,880266,35.58,1,2
26409,880300,34.86,1,2
26410,880333,37.84,1,2
26411,880366,40.83,1,2
26412,880400,43.11,1,2
26413,880433,45.96,1,2
26414,880466,48.84,1,2
26415,880500,49.44,1,2
26416,880533,50.04,1,3
26417,880566,52.3,1,3
26418,880600,54,1,3
26419,880633,55.67,1,3
26420,880666,59.25,1,3
26421,880699,62.82,1,3
26422,880733,64.73,1,3
26423,880766,66.45,1,3
26424,880800,68.18,1,3
26425,880833,67.8,1,3
26426,880866,67.38,1,3
26427,880900,66.96,1,3
26428,880933,66.72,1,3
26429,880966,66.7,1,3
26430,881000,66.89,1,3
26431,881033,66.43,1,3
26432,881066,65.76,1,3
26433,881100,65.08,1,3
26434,881133,63.65,1,3
26435,881166,61.87,1,3
26436,881199,60.77,1,3
26437,881233,59.76,1,3
26438,881266,58.56,1,3
26439,881300,57.9,1,3
26440,881333,56.54,1,3
26441,881366,54.36,1,3
26442,881400,52.3,1,3
26443,881433,50.02,1,3
26444,881466,46.01,1,2
26445,881500,43.05,1,2
26446,881533,40.67,1,2
26447,881566,37.77,1,2
26448,881600,35.28,1,2
26449,881633,37.03,1,2
26450,881666,38.78,1,2
26451,881699,40.78,1,2
26452,881733,43.04,1,2
26453,881766,43.88,1,2
26454,881800,42.2,1,2
26455,881833,40.56,1,2
26456,881866,38.93,1,2
26457,881900,37.54,1,2
26458,881933,38.81,1,2
26459,881966,40.08,1,2
26460,882000,41.31,1,2
26461,882033,44.18,1,2
26462,882066,47.68,1,2
26463,882100,49.96,1,2
26464,882133,52.23,1,3
26465,882166,55.19,1,3
26466,882199,56.5,1,3
26467,882233,57.17,1,3
26468,882266,58.28,1,3
26469,882300,59.4,1,3
26470,882333,59.83,1,3
26471,882366,61.24,1,3
26472,882400,62.65,1,3
26473,882433,63.62,1,3
26474,882466,64.35,1,3
26475,882500,65.08,1,3
26476,882533,64.83,1,3
26477,882566,64.27,1,3
26478,882600,63.72,1,3
26479,882633,63.41,1,3
26480,882666,64.25,1,3
26481,882699,65.09,1,3
26482,882733,65.02,1,3
26483,882766,64.4,1,3
26484,882800,63.78,1,3
26485,882833,60.6,1,3
26486,882866,56.04,1,3
26487,882900,52.68,1,3
26488,882933,49.67,1,2
26489,882966,46.61,1,2
26490,883000,44.96,1,2
26491,883033,44.39,1,2
26492,883066,42.51,1,2
26493,883100,40.85,1,2
26494,883133,38.95,1,2
26495,883166,36.48,1,2
26496,883199,34.33,1,2
26497,883233,38.69,1,2
26498,883266,45.83,1,2
26499,883300,53.79,1,3
26500,883333,61.78,1,3
26501,883366,68.95,1,3
26502,883400,70.91,1,3
26503,883433,70.3,1,3
26504,883466,69.41,1,3
26505,883500,69.04,1,3
26506,883533,69.48,1,3
26507,883566,70.02,1,3
26508,883600,70.34,1,3
26509,883633,70.43,1,3
26510,883666,71.43,1,3
26511,883699,72.43,1,3
26512,883733,73.04,1,3
26513,883766,73.34,1,3
26514,883800,73.64,1,3
26515,883833,72.75,1,3
26516,883866,71.37,1,3
26517,883900,70.3,1,3
26518,883933,69.54,1,3
26519,883966,69.06,1,3
26520,884000,68.87,1,3
26521,884033,68.77,1,3
26522,884066,68.39,1,3
26523,884100,68.01,1,3
26524,884133,66.3,1,3
26525,884166,64.34,1,3
26526,884199,62.77,1,3
26527,884233,60.08,1,3
26528,884266,56.91,1,3
26529,884300,54.77,1,3
26530,884333,52.84,1,3
26531,884366,49.53,1,2
26532,884400,47.61,1,2
26533,884433,45.72,1,2
26534,884466,43.09,1,2
26535,884500,40.49,1,2
26536,884533,39,1,2
26537,884566,37.52,1,2
26538,884600,36.49,1,2
26539,884633,36.89,1,2
26540,884666,37.29,1,2
26541,884699,37.98,1,2
26542,884733,38.36,1,2
26543,884766,38.48,1,2
26544,884800,37.92,1,2
26545,884833,38.08,1,2
26546,884866,38.25,1,2
26547,884900,38.72,1,2
26548,884933,42.06,1,2
26549,884966,45.4,1,2
26550,885000,48.01,1,2
26551,885033,52.44,1,3
26552,885066,56.87,1,3
26553,885100,58.28,1,3
26554,885133,59.68,1,3
26555,885166,61.03,1,3
26556,885199,60.57,1,3
26557,885233,60.1,1,3
26558,885266,60.27,1,3
26559,885300,60.44,1,3
26560,885333,60.67,1,3
26561,885366,60.98,1,3
26562,885400,61.29,1,3
26563,885433,61.38,1,3
26564,885466,61.55,1,3
26565,885500,61.72,1,3
26566,885533,61.52,1,3
26567,885566,61.23,1,3
26568,885600,60.93,1,3
26569,885633,59.95,1,3
26570,885666,58.5,1,3
26571,885699,57.32,1,3
26572,885733,56.24,1,3
26573,885766,55.27,1,3
26574,885800,54.9,1,3
26575,885833,54.63,1,3
26576,885866,53.08,1,3
26577,885900,51.52,1,3
26578,885933,49.51,1,2
26579,885966,47.31,1,2
26580,886000,45.49,1,2
26581,886033,44.78,1,2
26582,886066,44.07,1,2
26583,886100,43.71,1,2
26584,886133,43.06,1,2
26585,886166,40.56,1,2
26586,886199,38.24,1,2
26587,886233,37.39,1,2
26588,886266,36.54,1,2
26589,886300,36.16,1,2
26590,886333,38.81,1,2
26591,886366,41.46,1,2
26592,886400,42.65,1,2
26593,886433,44.93,1,2
26594,886466,47.22,1,2
26595,886500,48.14,1,2
26596,886533,49.05,1,2
26597,886566,50.96,1,3
26598,886600,51.76,1,3
26599,886633,52.57,1,3
26600,886666,54.36,1,3
26601,886699,56.15,1,3
26602,886733,56.96,1,3
26603,886766,58.57,1,3
26604,886800,60.18,1,3
26605,886833,60.98,1,3
26606,886866,62.28,1,3
26607,886900,63.59,1,3
26608,886933,64.09,1,3
26609,886966,66.24,1,3
26610,887000,68.39,1,3
26611,887033,69.72,1,3
26612,887066,70.58,1,3
26613,887100,71.45,1,3
26614,887133,69.4,1,3
26615,887166,67.03,1,3
26616,887199,64.99,1,3
26617,887233,63.41,1,3
26618,887266,67.69,1,3
26619,887300,73.23,1,3
26620,887333,77.63,1,4
26621,887366,79.91,1,4
26622,887400,82.18,1,4
26623,887433,78.36,1,4
26624,887466,71.7,1,3
26625,887500,66.49,1,3
26626,887533,62.84,1,3
26627,887566,57.85,1,3
26628,887600,53.1,1,3
26629,887633,50.01,1,3
26630,887666,46.92,1,2
26631,887699,44.41,1,2
26632,887733,42.77,1,2
26633,887766,41.09,1,2
26634,887800,40.59,1,2
26635,887833,41.65,1,2
26636,887866,42.71,1,2
26637,887900,44.24,1,2
26638,887933,47.14,1,2
26639,887966,50.04,1,3
26640,888000,51.37,1,3
26641,888033,55.42,1,3
26642,888066,59.47,1,3
26643,888100,61.5,1,3
26644,888133,63.53,1,3
26645,888166,65.48,1,3
26646,888199,64.72,1,3
26647,888233,63.96,1,3
26648,888266,64.08,1,3
26649,888300,64.2,1,3
26650,888333,64.41,1,3
26651,888366,64.84,1,3
26652,888400,65.28,1,3
26653,888433,65.29,1,3
26654,888466,65.01,1,3
26655,888500,64.72,1,3
26656,888533,64.21,1,3
26657,888566,63.26,1,3
26658,888600,62.51,1,3
26659,888633,62.07,1,3
26660,888666,62.45,1,3
26661,888699,62.84,1,3
26662,888733,61.63,1,3
26663,888766,59.97,1,3
26664,888800,58.42,1,3
26665,888833,55.93,1,3
26666,888866,51.21,1,3
26667,888900,48.52,1,2
26668,888933,45.89,1,2
26669,888966,42.82,1,2
26670,889000,39.86,1,2
26671,889033,40.14,1,2
26672,889066,40.42,1,2
26673,889100,41.08,1,2
26674,889133,41.61,1,2
26675,889166,41.44,1,2
26676,889199,40.27,1,2
26677,889233,39.42,1,2
26678,889266,38.57,1,2
26679,889300,38.19,1,2
26680,889333,40.98,1,2
26681,889366,43.77,1,2
26682,889400,45.95,1,2
26683,889433,48.14,1,2
26684,889466,51.26,1,3
26685,889500,51.9,1,3
26686,889533,52.55,1,3
26687,889566,54.29,1,3
26688,889600,56.03,1,3
26689,889633,56.84,1,3
26690,889666,58.42,1,3
26691,889699,60.01,1,3
26692,889733,60.79,1,3
26693,889766,62.01,1,3
26694,889800,63.24,1,3
26695,889833,63.56,1,3
26696,889866,63.63,1,3
26697,889900,63.7,1,3
26698,889933,63.32,1,3
26699,889966,63.7,1,3
26700,890000,64.21,1,3
26701,890033,64.97,1,3
26702,890066,66.87,1,3
26703,890100,68.77,1,3
26704,890133,67.68,1,3
26705,890166,66.32,1,3
26706,890199,64.96,1,3
26707,890233,60.66,1,3
26708,890266,56.3,1,3
26709,890300,54.23,1,3
26710,890333,52.06,1,3
26711,890366,47.99,1,2
26712,890400,45.71,1,2
26713,890433,43.25,1,2
26714,890466,40.21,1,2
26715,890500,37.54,1,2
26716,890533,36.45,1,2
26717,890566,34.95,1,2
26718,890600,33.7,1,2
26719,890633,33.72,1,2
26720,890666,33.73,1,2
26721,890699,34.07,1,2
26722,890733,35.51,1,2
26723,890766,36.94,1,2
26724,890800,37.63,1,2
26725,890833,39.23,1,2
26726,890866,40.82,1,2
26727,890900,41.73,1,2
26728,890933,45.16,1,2
26729,890966,48.6,1,2
26730,891000,51.13,1,3
26731,891033,54.71,1,3
26732,891066,59.51,1,3
26733,891100,61.78,1,3
26734,891133,63.47,1,3
26735,891166,64.99,1,3
26736,891199,65.47,1,3
26737,891233,64.73,1,3
26738,891266,69.59,1,3
26739,891300,75.03,1,4
26740,891333,80.24,1,4
26741,891366,85.09,1,4
26742,891400,89.94,1,4
26743,891433,89.18,1,4
26744,891466,87.85,1,4
26745,891500,86.91,1,4
26746,891533,84.58,1,4
26747,891566,80.19,1,4
26748,891600,75.79,1,4
26749,891633,71.17,1,3
26750,891666,66.56,1,3
26751,891699,63.7,1,3
26752,891733,61.31,1,3
26753,891766,58.86,1,3
26754,891800,57.2,1,3
26755,891833,54.9,1,3
26756,891866,51.05,1,3
26757,891900,48.8,1,2
26758,891933,47.01,1,2
26759,891966,45.22,1,2
26760,892000,44.08,1,2
26761,892033,45.35,1,2
26762,892066,46.61,1,2
26763,892100,47.46,1,2
26764,892133,47.79,1,2
26765,892166,47.44,1,2
26766,892199,46.24,1,2
26767,892233,45.53,1,2
26768,892266,44.82,1,2
26769,892300,44.65,1,2
26770,892333,47.44,1,2
26771,892366,50.23,1,3
26772,892400,52.1,1,3
26773,892433,53.97,1,3
26774,892466,57.02,1,3
26775,892500,57.78,1,3
26776,892533,58.53,1,3
26777,892566,59.77,1,3
26778,892600,61,1,3
26779,892633,61.04,1,3
26780,892666,61.16,1,3
26781,892699,61.28,1,3
26782,892733,61.36,1,3
26783,892766,61.78,1,3
26784,892800,62.21,1,3
26785,892833,62.37,1,3
26786,892866,62.24,1,3
26787,892900,62.12,1,3
26788,892933,61.65,1,3
26789,892966,61.39,1,3
26790,893000,61.32,1,3
26791,893033,61.53,1,3
26792,893066,63.12,1,3
26793,893100,64.71,1,3
26794,893133,65.2,1,3
26795,893166,65.45,1,3
26796,893199,65.69,1,3
26797,893233,61.98,1,3
26798,893266,58.01,1,3
26799,893300,55.19,1,3
26800,893333,52.53,1,3
26801,893366,49.86,1,2
26802,893400,49.76,1,2
26803,893433,49.57,1,2
26804,893466,47.65,1,2
26805,893500,45.83,1,2
26806,893533,43.53,1,2
26807,893566,40.3,1,2
26808,893600,37.42,1,2
26809,893633,35.98,1,2
26810,893666,34.54,1,2
26811,893699,33.57,1,2
26812,893733,34.29,1,2
26813,893766,35.01,1,2
26814,893800,35.76,1,2
26815,893833,38.6,1,2
26816,893866,41.44,1,2
26817,893900,43.53,1,2
26818,893933,46.23,1,2
26819,893966,48.93,1,2
26820,894000,49.35,1,2
26821,894033,49.78,1,2
26822,894066,52.66,1,3
26823,894100,54.93,1,3
26824,894133,57.2,1,3
26825,894166,60.25,1,3
26826,894199,63.3,1,3
26827,894233,63.65,1,3
26828,894266,63.57,1,3
26829,894300,63.49,1,3
26830,894333,62.82,1,3
26831,894366,63.1,1,3
26832,894400,63.62,1,3
26833,894433,64.56,1,3
26834,894466,65.76,1,3
26835,894500,66.95,1,3
26836,894533,66.23,1,3
26837,894566,65.18,1,3
26838,894600,64.14,1,3
26839,894633,61.87,1,3
26840,894666,59.23,1,3
26841,894699,57.56,1,3
26842,894733,55.86,1,3
26843,894766,53.51,1,3
26844,894800,52.13,1,3
26845,894833,50.88,1,3
26846,894866,47.53,1,2
26847,894900,44.53,1,2
26848,894933,41.95,1,2
26849,894966,38.16,1,2
26850,895000,34.61,1,2
26851,895033,34.78,1,2
26852,895066,34.94,1,2
26853,895100,35.34,1,2
26854,895133,37.43,1,2
26855,895166,39.51,1,2
26856,895199,39.99,1,2
26857,895233,42.9,1,2
26858,895266,51.23,1,3
26859,895300,59.3,1,3
26860,895333,67.16,1,3
26861,895366,73.8,1,3
26862,895400,78.01,1,4
26863,895433,77.17,1,4
26864,895466,76.63,1,4
26865,895500,76.3,1,4
26866,895533,77.19,1,4
26867,895566,76.83,1,4
26868,895600,76.09,1,4
26869,895633,74.07,1,3
26870,895666,71.35,1,3
26871,895699,68.62,1,3
26872,895733,67.15,1,3
26873,895766,66.25,1,3
26874,895800,66.12,1,3
26875,895833,65.53,1,3
26876,895866,64.69,1,3
26877,895900,63.86,1,3
26878,895933,62.45,1,3
26879,895966,61.56,1,3
26880,896000,61.83,1,3
26881,896033,62.35,1,3
26882,896066,63.29,1,3
26883,896100,64.22,1,3
26884,896133,64.39,1,3
26885,896166,64.31,1,3
26886,896199,64.24,1,3
26887,896233,61.99,1,3
26888,896266,58.04,1,3
26889,896300,54.35,1,3
26890,896333,51.28,1,3
26891,896366,48.2,1,2
26892,896400,46.89,1,2
26893,896433,46.93,1,2
26894,896466,46.28,1,2
26895,896500,45.26,1,2
26896,896533,43.75,1,2
26897,896566,41.2,1,2
26898,896600,39.01,1,2
26899,896633,37.13,1,2
26900,896666,35.02,1,2
26901,896699,33.4,1,2
26902,896733,33.87,1,2
26903,896766,34.35,1,2
26904,896800,35.17,1,2
26905,896833,38.21,1,2
26906,896866,41.25,1,2
26907,896900,43.22,1,2
26908,896933,46.35,1,2
26909,896966,49.49,1,2
26910,897000,50.46,1,3
26911,897033,51.43,1,3
26912,897066,54.85,1,3
26913,897100,57.1,1,3
26914,897133,59.35,1,3
26915,897166,62.22,1,3
26916,897199,65.09,1,3
26917,897233,65,1,3
26918,897266,64.79,1,3
26919,897300,64.58,1,3
26920,897333,63.95,1,3
26921,897366,64.1,1,3
26922,897400,64.75,1,3
26923,897433,65.53,1,3
26924,897466,67.04,1,3
26925,897500,68.55,1,3
26926,897533,67.85,1,3
26927,897566,66.54,1,3
26928,897600,65.23,1,3
26929,897633,63.11,1,3
26930,897666,60.66,1,3
26931,897699,59.64,1,3
26932,897733,57.8,1,3
26933,897766,55.43,1,3
26934,897800,53.14,1,3
26935,897833,50.87,1,3
26936,897866,46.94,1,2
26937,897900,44.43,1,2
26938,897933,42.18,1,2
26939,897966,39.08,1,2
26940,898000,36.3,1,2
26941,898033,35.44,1,2
26942,898066,34.59,1,2
26943,898100,34.01,1,2
26944,898133,35.92,1,2
26945,898166,37.83,1,2
26946,898199,39.47,1,2
26947,898233,41.82,1,2
26948,898266,44.16,1,2
26949,898300,44.87,1,2
26950,898333,47.32,1,2
26951,898366,49.77,1,2
26952,898400,51.51,1,3
26953,898433,53.96,1,3
26954,898466,58.93,1,3
26955,898500,62.17,1,3
26956,898533,65.4,1,3
26957,898566,68.8,1,3
26958,898600,71.48,1,3
26959,898633,70.32,1,3
26960,898666,68.94,1,3
26961,898699,67.56,1,3
26962,898733,66.01,1,3
26963,898766,64.53,1,3
26964,898800,64.37,1,3
26965,898833,64.44,1,3
26966,898866,64.58,1,3
26967,898900,64.73,1,3
26968,898933,63.99,1,3
26969,898966,62.97,1,3
26970,899000,61.96,1,3
26971,899033,60.86,1,3
26972,899066,60.25,1,3
26973,899100,60.45,1,3
26974,899133,60.02,1,3
26975,899166,59.29,1,3
26976,899199,58.56,1,3
26977,899233,57.34,1,3
26978,899266,64.18,1,3
26979,899300,71.94,1,3
26980,899333,79.08,1,4
26981,899366,82.04,1,4
26982,899400,84.99,1,4
26983,899433,79.26,1,4
26984,899466,73.25,1,3
26985,899500,68.17,1,3
26986,899533,66.91,1,3
26987,899566,64.08,1,3
26988,899600,61.89,1,3
26989,899633,58.6,1,3
26990,899666,54.61,1,3
26991,899699,50.97,1,3
26992,899733,48.83,1,2
26993,899766,46.68,1,2
26994,899800,45.9,1,2
26995,899833,46.9,1,2
26996,899866,47.9,1,2
26997,899900,48.97,1,2
26998,899933,50.69,1,3
26999,899966,52.41,1,3
27000,900000,52.75,1,3
27001,900033,53.09,1,3
27002,900066,54.84,1,3
27003,900100,55.93,1,3
27004,900133,57.03,1,3
27005,900166,59.55,1,3
27006,900199,62.08,1,3
27007,900233,63.1,1,3
27008,900266,63.81,1,3
27009,900300,64.53,1,3
27010,900333,64.12,1,3
27011,900366,63.59,1,3
27012,900400,63.18,1,3
27013,900433,63.06,1,3
27014,900466,64.42,1,3
27015,900500,65.79,1,3
27016,900533,67.26,1,3
27017,900566,68.8,1,3
27018,900600,70.34,1,3
27019,900633,68.47,1,3
27020,900666,66.24,1,3
27021,900699,64.02,1,3
27022,900733,61.65,1,3
27023,900766,59.12,1,3
27024,900800,58.52,1,3
27025,900833,57.96,1,3
27026,900866,54.84,1,3
27027,900900,51.81,1,3
27028,900933,48.56,1,2
27029,900966,44.15,1,2
27030,901000,40.05,1,2
27031,901033,38.22,1,2
27032,901066,35.39,1,2
27033,901100,32.94,1,2
27034,901133,32.7,1,2
27035,901166,32.47,1,2
27036,901199,32.52,1,2
27037,901233,35.68,1,2
27038,901266,38.84,1,2
27039,901300,40.95,1,2
27040,901333,43.05,1,2
27041,901366,45.16,1,2
27042,901400,44.85,1,2
27043,901433,44.54,1,2
27044,901466,47.39,1,2
27045,901500,50.25,1,3
27046,901533,53.11,1,3
27047,901566,57.02,1,3
27048,901600,60.94,1,3
27049,901633,61.69,1,3
27050,901666,62.87,1,3
27051,901699,64.05,1,3
27052,901733,64.47,1,3
27053,901766,64.74,1,3
27054,901800,65,1,3
27055,901833,64.85,1,3
27056,901866,65.35,1,3
27057,901900,65.84,1,3
27058,901933,65.86,1,3
27059,901966,65.74,1,3
27060,902000,65.63,1,3
27061,902033,64.42,1,3
27062,902066,62.93,1,3
27063,902100,62.07,1,3
27064,902133,61.02,1,3
27065,902166,59.5,1,3
27066,902199,58.43,1,3
27067,902233,57.17,1,3
27068,902266,54.85,1,3
27069,902300,52.86,1,3
27070,902333,50.72,1,3
27071,902366,47.05,1,2
27072,902400,43.86,1,2
27073,902433,41.27,1,2
27074,902466,38.45,1,2
27075,902500,36.24,1,2
27076,902533,36.09,1,2
27077,902566,35.95,1,2
27078,902600,36.26,1,2
27079,902633,36.52,1,2
27080,902666,36.76,1,2
27081,902699,36.46,1,2
27082,902733,37,1,2
27083,902766,37.55,1,2
27084,902800,38.37,1,2
27085,902833,40.2,1,2
27086,902866,42.03,1,2
27087,902900,43,1,2
27088,902933,45.41,1,2
27089,902966,47.82,1,2
27090,903000,48.98,1,2
27091,903033,50.15,1,3
27092,903066,52.23,1,3
27093,903100,52.87,1,3
27094,903133,53.52,1,3
27095,903166,55.75,1,3
27096,903199,57.98,1,3
27097,903233,59.3,1,3
27098,903266,66.66,1,3
27099,903300,74.02,1,3
27100,903333,79.26,1,4
27101,903366,84.27,1,4
27102,903400,89.28,1,4
27103,903433,88.17,1,4
27104,903466,86.48,1,4
27105,903500,85.61,1,4
27106,903533,84.96,1,4
27107,903566,83.34,1,4
27108,903600,81.81,1,4
27109,903633,79.8,1,4
27110,903666,77.59,1,4
27111,903699,75.38,1,4
27112,903733,71.09,1,3
27113,903766,65.78,1,3
27114,903800,61.51,1,3
27115,903833,57,1,3
27116,903866,52.35,1,3
27117,903900,50.75,1,3
27118,903933,49.34,1,2
27119,903966,46.82,1,2
27120,904000,44.75,1,2
27121,904033,42.39,1,2
27122,904066,38.8,1,2
27123,904100,36.03,1,2
27124,904133,34.91,1,2
27125,904166,33.79,1,2
27126,904199,33.11,1,2
27127,904233,35,1,2
27128,904266,36.89,1,2
27129,904300,38.23,1,2
27130,904333,41.24,1,2
27131,904366,44.24,1,2
27132,904400,45.59,1,2
27133,904433,46.95,1,2
27134,904466,50.62,1,3
27135,904500,52.64,1,3
27136,904533,54.65,1,3
27137,904566,59.45,1,3
27138,904600,64.26,1,3
27139,904633,66.32,1,3
27140,904666,67.82,1,3
27141,904699,69.33,1,3
27142,904733,68.36,1,3
27143,904766,67.59,1,3
27144,904800,67.25,1,3
27145,904833,67.47,1,3
27146,904866,68.03,1,3
27147,904900,68.6,1,3
27148,904933,68.95,1,3
27149,904966,69.29,1,3
27150,905000,69.62,1,3
27151,905033,68.06,1,3
27152,905066,66.17,1,3
27153,905100,64.28,1,3
27154,905133,61.4,1,3
27155,905166,58.17,1,3
27156,905199,56.55,1,3
27157,905233,55.19,1,3
27158,905266,52.1,1,3
27159,905300,50.01,1,3
27160,905333,47.95,1,2
27161,905366,45.15,1,2
27162,905400,42.43,1,2
27163,905433,41.12,1,2
27164,905466,39.44,1,2
27165,905500,38.09,1,2
27166,905533,37.94,1,2
27167,905566,37.8,1,2
27168,905600,37.97,1,2
27169,905633,39.02,1,2
27170,905666,40.07,1,2
27171,905699,40.58,1,2
27172,905733,40.81,1,2
27173,905766,40.7,1,2
27174,905800,40.07,1,2
27175,905833,41.8,1,2
27176,905866,43.52,1,2
27177,905900,45.52,1,2
27178,905933,49.76,1,2
27179,905966,54.01,1,3
27180,906000,55.54,1,3
27181,906033,57.08,1,3
27182,906066,58.84,1,3
27183,906100,58.71,1,3
27184,906133,58.58,1,3
27185,906166,58.85,1,3
27186,906199,59.12,1,3
27187,906233,59.16,1,3
27188,906266,59.58,1,3
27189,906300,59.99,1,3
27190,906333,60.36,1,3
27191,906366,61.17,1,3
27192,906400,61.99,1,3
27193,906433,62.31,1,3
27194,906466,62.36,1,3
27195,906500,62.42,1,3
27196,906533,62.02,1,3
27197,906566,62.24,1,3
27198,906600,62.58,1,3
27199,906633,62.36,1,3
27200,906666,61.73,1,3
27201,906699,61.11,1,3
27202,906733,58.82,1,3
27203,906766,56.5,1,3
27204,906800,54.96,1,3
27205,906833,53.52,1,3
27206,906866,50.64,1,3
27207,906900,48.8,1,2
27208,906933,47.49,1,2
27209,906966,46.23,1,2
27210,907000,45.3,1,2
27211,907033,45.29,1,2
27212,907066,43.96,1,2
27213,907100,42.15,1,2
27214,907133,39.99,1,2
27215,907166,37.57,1,2
27216,907199,35.65,1,2
27217,907233,40.01,1,2
27218,907266,48.31,1,2
27219,907300,57.24,1,3
27220,907333,66.14,1,3
27221,907366,73.88,1,3
27222,907400,76.46,1,4
27223,907433,75.11,1,4
27224,907466,73.75,1,3
27225,907500,72.67,1,3
27226,907533,72.76,1,3
27227,907566,71.32,1,3
27228,907600,69.89,1,3
27229,907633,68.18,1,3
27230,907666,66.93,1,3
27231,907699,65.68,1,3
27232,907733,66.13,1,3
27233,907766,66.48,1,3
27234,907800,66.83,1,3
27235,907833,66.73,1,3
27236,907866,67.48,1,3
27237,907900,68.22,1,3
27238,907933,69.06,1,3
27239,907966,70.79,1,3
27240,908000,72.52,1,3
27241,908033,72.66,1,3
27242,908066,72.19,1,3
27243,908100,71.72,1,3
27244,908133,69.11,1,3
27245,908166,66.26,1,3
27246,908199,64.16,1,3
27247,908233,60.86,1,3
27248,908266,57.34,1,3
27249,908300,55.29,1,3
27250,908333,52.87,1,3
27251,908366,50.2,1,3
27252,908400,49.34,1,2
27253,908433,48.06,1,2
27254,908466,44.54,1,2
27255,908500,41.63,1,2
27256,908533,38.72,1,2
27257,908566,35.8,1,2
27258,908600,33.53,1,2
27259,908633,33.79,1,2
27260,908666,34.05,1,2
27261,908699,34.56,1,2
27262,908733,36.05,1,2
27263,908766,37.55,1,2
27264,908800,38.53,1,2
27265,908833,40.28,1,2
27266,908866,42.03,1,2
27267,908900,42.8,1,2
27268,908933,45.57,1,2
27269,908966,48.34,1,2
27270,909000,50.34,1,3
27271,909033,52.92,1,3
27272,909066,56.23,1,3
27273,909100,57.54,1,3
27274,909133,58.85,1,3
27275,909166,60.78,1,3
27276,909199,62.14,1,3
27277,909233,62.68,1,3
27278,909266,63.08,1,3
27279,909300,63.48,1,3
27280,909333,63.26,1,3
27281,909366,63.69,1,3
27282,909400,64.2,1,3
27283,909433,64.1,1,3
27284,909466,63.79,1,3
27285,909500,63.47,1,3
27286,909533,62.35,1,3
27287,909566,61.01,1,3
27288,909600,60.43,1,3
27289,909633,60.06,1,3
27290,909666,59.76,1,3
27291,909699,59.62,1,3
27292,909733,58.33,1,3
27293,909766,56.72,1,3
27294,909800,55.43,1,3
27295,909833,53.74,1,3
27296,909866,50.41,1,3
27297,909900,48.43,1,2
27298,909933,46.39,1,2
27299,909966,43.69,1,2
27300,910000,41.32,1,2
27301,910033,41.29,1,2
27302,910066,41.25,1,2
27303,910100,41.61,1,2
27304,910133,41.78,1,2
27305,910166,40.86,1,2
27306,910199,39.24,1,2
27307,910233,37.97,1,2
27308,910266,36.7,1,2
27309,910300,35.95,1,2
27310,910333,38.57,1,2
27311,910366,41.19,1,2
27312,910400,43.48,1,2
27313,910433,46.24,1,2
27314,910466,49.79,1,2
27315,910500,51.06,1,3
27316,910533,52.32,1,3
27317,910566,54.43,1,3
27318,910600,56.06,1,3
27319,910633,56.9,1,3
27320,910666,58.87,1,3
27321,910699,60.84,1,3
27322,910733,61.97,1,3
27323,910766,63.66,1,3
27324,910800,65.34,1,3
27325,910833,65.74,1,3
27326,910866,66.06,1,3
27327,910900,66.38,1,3
27328,910933,66.14,1,3
27329,910966,66.88,1,3
27330,911000,67.78,1,3
27331,911033,68.75,1,3
27332,911066,70.14,1,3
27333,911100,71.53,1,3
27334,911133,69.82,1,3
27335,911166,67.46,1,3
27336,911199,65.1,1,3
27337,911233,62.33,1,3
27338,911266,66.01,1,3
27339,911300,71.81,1,3
27340,911333,76.81,1,4
27341,911366,75.58,1,4
27342,911400,74.36,1,3
27343,911433,66.27,1,3
27344,911466,57.85,1,3
27345,911500,50.89,1,3
27346,911533,49.7,1,2
27347,911566,47.76,1,2
27348,911600,46.23,1,2
27349,911633,43.67,1,2
27350,911666,41.11,1,2
27351,911699,39,1,2
27352,911733,39.25,1,2
27353,911766,39.5,1,2
27354,911800,41.11,1,2
27355,911833,43.83,1,2
27356,911866,46.54,1,2
27357,911900,47.65,1,2
27358,911933,49.01,1,2
27359,911966,52.14,1,3
27360,912000,54.4,1,3
27361,912033,58.82,1,3
27362,912066,63.24,1,3
27363,912100,67.24,1,3
27364,912133,69.48,1,3
27365,912166,73.13,1,3
27366,912199,74.62,1,3
27367,912233,76.11,1,4
27368,912266,77.88,1,4
27369,912300,79.64,1,4
27370,912333,79.75,1,4
27371,912366,80.1,1,4
27372,912400,80.45,1,4
27373,912433,80.68,1,4
27374,912466,80.96,1,4
27375,912500,81.24,1,4
27376,912533,81.19,1,4
27377,912566,81.05,1,4
27378,912600,80.9,1,4
27379,912633,80.27,1,4
27380,912666,79.5,1,4
27381,912699,78.83,1,4
27382,912733,78.06,1,4
27383,912766,77.03,1,4
27384,912800,76.43,1,4
27385,912833,75.85,1,4
27386,912866,74.97,1,3
27387,912900,74.58,1,3
27388,912933,74.05,1,3
27389,912966,72.86,1,3
27390,913000,71.79,1,3
27391,913033,71.16,1,3
27392,913066,70.21,1,3
27393,913100,69.67,1,3
27394,913133,69.64,1,3
27395,913166,69.35,1,3
27396,913199,68.95,1,3
27397,913233,69.41,1,3
27398,913266,69.87,1,3
27399,913300,70.48,1,3
27400,913333,72.18,1,3
27401,913366,73.89,1,3
27402,913400,74.73,1,3
27403,913433,76.43,1,4
27404,913466,78.37,1,4
27405,913500,79.46,1,4
27406,913533,80.45,1,4
27407,913566,81.24,1,4
27408,913600,81.17,1,4
27409,913633,80.74,1,4
27410,913666,80.12,1,4
27411,913699,79.61,1,4
27412,913733,79.31,1,4
27413,913766,79.53,1,4
27414,913800,79.89,1,4
27415,913833,80.18,1,4
27416,913866,80.33,1,4
27417,913900,80.48,1,4
27418,913933,78.85,1,4
27419,913966,76.99,1,4
27420,914000,75.36,1,4
27421,914033,73.89,1,3
27422,914066,74.01,1,3
27423,914100,75.37,1,4
27424,914133,76.97,1,4
27425,914166,76.92,1,4
27426,914199,76.96,1,4
27427,914233,75.39,1,4
27428,914266,74.55,1,3
27429,914300,73.85,1,3
27430,914333,74.66,1,3
27431,914366,75.27,1,4
27432,914400,75.88,1,4
27433,914433,75.6,1,4
27434,914466,74.62,1,3
27435,914500,73.77,1,3
27436,914533,72.92,1,3
27437,914566,70.57,1,3
27438,914600,68.39,1,3
27439,914633,66.55,1,3
27440,914666,63.5,1,3
27441,914699,60.57,1,3
27442,914733,61.17,1,3
27443,914766,61.77,1,3
27444,914800,62.59,1,3
27445,914833,65.23,1,3
27446,914866,67.88,1,3
27447,914900,68.5,1,3
27448,914933,69.09,1,3
27449,914966,69.69,1,3
27450,915000,69.57,1,3
27451,915033,69.44,1,3
27452,915066,70.49,1,3
27453,915100,71.56,1,3
27454,915133,72.62,1,3
27455,915166,74.17,1,3
27456,915199,75.71,1,4
27457,915233,76.08,1,4
27458,915266,80.28,1,4
27459,915300,84.47,1,4
27460,915333,87.78,1,4
27461,915366,91.05,1,4
27462,915400,94.32,1,4
27463,915433,93.78,1,4
27464,915466,92.87,1,4
27465,915500,92.49,1,4
27466,915533,91.21,1,4
27467,915566,89.1,1,4
27468,915600,86.99,1,4
27469,915633,85.23,1,4
27470,915666,83.25,1,4
27471,915699,82.19,1,4
27472,915733,81.26,1,4
27473,915766,78.61,1,4
27474,915800,75.96,1,4
27475,915833,73.17,1,3
27476,915866,69.31,1,3
27477,915900,66.16,1,3
27478,915933,64.81,1,3
27479,915966,63.46,1,3
27480,916000,62.48,1,3
27481,916033,63.92,1,3
27482,916066,65.37,1,3
27483,916100,66.73,1,3
27484,916133,70.25,1,3
27485,916166,73.81,1,3
27486,916199,76.02,1,4
27487,916233,77.67,1,4
27488,916266,78.14,1,4
27489,916300,76.37,1,4
27490,916333,74.4,1,3
27491,916366,72.32,1,3
27492,916400,70.78,1,3
27493,916433,70.44,1,3
27494,916466,71.3,1,3
27495,916500,72.3,1,3
27496,916533,73.42,1,3
27497,916566,75.38,1,4
27498,916600,77.33,1,4
27499,916633,77.58,1,4
27500,916666,77.83,1,4
27501,916699,78.08,1,4
27502,916733,77.81,1,4
27503,916766,77.56,1,4
27504,916800,77.9,1,4
27505,916833,78.24,1,4
27506,916866,79.15,1,4
27507,916900,79.75,1,4
27508,916933,80.33,1,4
27509,916966,81.01,1,4
27510,917000,81.7,1,4
27511,917033,81.5,1,4
27512,917066,81.27,1,4
27513,917100,81.04,1,4
27514,917133,80.7,1,4
27515,917166,80.66,1,4
27516,917199,80.92,1,4
27517,917233,80.86,1,4
27518,917266,78.58,1,4
27519,917300,76.3,1,4
27520,917333,73.85,1,3
27521,917366,71.4,1,3
27522,917400,69.3,1,3
27523,917433,69.96,1,3
27524,917466,70.62,1,3
27525,917500,71.16,1,3
27526,917533,71.6,1,3
27527,917566,70.21,1,3
27528,917600,68.28,1,3
27529,917633,67.42,1,3
27530,917666,66.56,1,3
27531,917699,65.79,1,3
27532,917733,67.75,1,3
27533,917766,69.7,1,3
27534,917800,70.58,1,3
27535,917833,71.37,1,3
27536,917866,72.17,1,3
27537,917900,72.08,1,3
27538,917933,72.27,1,3
27539,917966,72.75,1,3
27540,918000,73.3,1,3
27541,918033,73.86,1,3
27542,918066,75.38,1,4
27543,918100,76.63,1,4
27544,918133,77.59,1,4
27545,918166,79.09,1,4
27546,918199,80.59,1,4
27547,918233,81.12,1,4
27548,918266,81.7,1,4
27549,918300,82.28,1,4
27550,918333,82.08,1,4
27551,918366,81.83,1,4
27552,918400,81.59,1,4
27553,918433,81.17,1,4
27554,918466,80.63,1,4
27555,918500,80.34,1,4
27556,918533,80.09,1,4
27557,918566,80.36,1,4
27558,918600,80.76,1,4
27559,918633,80,1,4
27560,918666,78.58,1,4
27561,918699,77.15,1,4
27562,918733,75.08,1,4
27563,918766,71.72,1,3
27564,918800,69.64,1,3
27565,918833,68.05,1,3
27566,918866,65.47,1,3
27567,918900,63.03,1,3
27568,918933,62.39,1,3
27569,918966,61.76,1,3
27570,919000,61.31,1,3
27571,919033,61.86,1,3
27572,919066,62.42,1,3
27573,919100,62.44,1,3
27574,919133,62.29,1,3
27575,919166,62.15,1,3
27576,919199,61.97,1,3
27577,919233,64.18,1,3
27578,919266,68.83,1,3
27579,919300,73.66,1,3
27580,919333,77.76,1,4
27581,919366,81.81,1,4
27582,919400,83.28,1,4
27583,919433,82.32,1,4
27584,919466,82.48,1,4
27585,919500,83.37,1,4
27586,919533,84.31,1,4
27587,919566,84.89,1,4
27588,919600,85.47,1,4
27589,919633,84.93,1,4
27590,919666,84.37,1,4
27591,919699,83.81,1,4
27592,919733,83.2,1,4
27593,919766,82.4,1,4
27594,919800,81.6,1,4
27595,919833,80.82,1,4
27596,919866,80.38,1,4
27597,919900,80.54,1,4
27598,919933,79.77,1,4
27599,919966,78.87,1,4
27600,920000,77.98,1,4
27601,920033,75.41,1,4
27602,920066,72.55,1,3
27603,920100,71.1,1,3
27604,920133,69.48,1,3
27605,920166,67.15,1,3
27606,920199,66.16,1,3
27607,920233,65.18,1,3
27608,920266,63.27,1,3
27609,920300,61.64,1,3
27610,920333,60.49,1,3
27611,920366,58.28,1,3
27612,920400,56.34,1,3
27613,920433,54.82,1,3
27614,920466,53.17,1,3
27615,920500,51.75,1,3
27616,920533,53.24,1,3
27617,920566,54.73,1,3
27618,920600,56.44,1,3
27619,920633,59.11,1,3
27620,920666,61.77,1,3
27621,920699,62.59,1,3
27622,920733,63.6,1,3
27623,920766,64.61,1,3
27624,920800,64.81,1,3
27625,920833,65.69,1,3
27626,920866,67.05,1,3
27627,920900,68.22,1,3
27628,920933,69.39,1,3
27629,920966,71.6,1,3
27630,921000,73.12,1,3
27631,921033,74.16,1,3
27632,921066,75.2,1,4
27633,921100,76.24,1,4
27634,921133,76.25,1,4
27635,921166,76.57,1,4
27636,921199,76.9,1,4
27637,921233,77.23,1,4
27638,921266,77.88,1,4
27639,921300,78.53,1,4
27640,921333,78.66,1,4
27641,921366,78.66,1,4
27642,921400,78.66,1,4
27643,921433,78.14,1,4
27644,921466,77.51,1,4
27645,921500,77.08,1,4
27646,921533,76.49,1,4
27647,921566,75.79,1,4
27648,921600,75.27,1,4
27649,921633,74.74,1,3
27650,921666,73.69,1,3
27651,921699,73.44,1,3
27652,921733,72.78,1,3
27653,921766,70.1,1,3
27654,921800,67.55,1,3
27655,921833,65.12,1,3
27656,921866,60.66,1,3
27657,921900,56.72,1,3
27658,921933,54.6,1,3
27659,921966,52.47,1,3
27660,922000,50.76,1,3
27661,922033,50.3,1,3
27662,922066,49.15,1,2
27663,922100,48.19,1,2
27664,922133,49.44,1,2
27665,922166,50.7,1,3
27666,922199,52.21,1,3
27667,922233,56.25,1,3
27668,922266,60.29,1,3
27669,922300,62.13,1,3
27670,922333,64.19,1,3
27671,922366,67.04,1,3
27672,922400,68.04,1,3
27673,922433,69.04,1,3
27674,922466,70.59,1,3
27675,922500,71.92,1,3
27676,922533,72.47,1,3
27677,922566,73.86,1,3
27678,922600,75.25,1,4
27679,922633,76.1,1,4
27680,922666,76.92,1,4
27681,922699,77.74,1,4
27682,922733,77.48,1,4
27683,922766,77.07,1,4
27684,922800,76.65,1,4
27685,922833,75.95,1,4
27686,922866,75.18,1,4
27687,922900,74.64,1,3
27688,922933,74.22,1,3
27689,922966,73.64,1,3
27690,923000,73.38,1,3
27691,923033,72.56,1,3
27692,923066,71.55,1,3
27693,923100,70.77,1,3
27694,923133,69.96,1,3
27695,923166,67.81,1,3
27696,923199,66.29,1,3
27697,923233,66.64,1,3
27698,923266,69.88,1,3
27699,923300,73.61,1,3
27700,923333,78.37,1,4
27701,923366,78.11,1,4
27702,923400,76.16,1,4
27703,923433,71.18,1,3
27704,923466,65.9,1,3
27705,923500,60.92,1,3
27706,923533,60.78,1,3
27707,923566,60.65,1,3
27708,923600,60.47,1,3
27709,923633,60.87,1,3
27710,923666,61.28,1,3
27711,923699,61.87,1,3
27712,923733,62.25,1,3
27713,923766,62.58,1,3
27714,923800,62.32,1,3
27715,923833,62.24,1,3
27716,923866,62.9,1,3
27717,923900,63.92,1,3
27718,923933,64.99,1,3
27719,923966,66.7,1,3
27720,924000,68.23,1,3
27721,924033,69.01,1,3
27722,924066,70.69,1,3
27723,924100,72.38,1,3
27724,924133,73.36,1,3
27725,924166,74.29,1,3
27726,924199,75.22,1,4
27727,924233,75.1,1,4
27728,924266,74.97,1,3
27729,924300,74.91,1,3
27730,924333,74.9,1,3
27731,924366,75.36,1,4
27732,924400,75.83,1,4
27733,924433,76.02,1,4
27734,924466,75.94,1,4
27735,924500,75.86,1,4
27736,924533,75.3,1,4
27737,924566,75.02,1,4
27738,924600,75.03,1,4
27739,924633,74.79,1,3
27740,924666,74.32,1,3
27741,924699,74.08,1,3
27742,924733,73.33,1,3
27743,924766,70.9,1,3
27744,924800,69,1,3
27745,924833,67,1,3
27746,924866,62.82,1,3
27747,924900,58.86,1,3
27748,924933,56.33,1,3
27749,924966,53.8,1,3
27750,925000,51.59,1,3
27751,925033,51.79,1,3
27752,925066,51.99,1,3
27753,925100,52.45,1,3
27754,925133,53.1,1,3
27755,925166,53.76,1,3
27756,925199,53.96,1,3
27757,925233,55.49,1,3
27758,925266,57.02,1,3
27759,925300,58.35,1,3
27760,925333,60.72,1,3
27761,925366,63.09,1,3
27762,925400,64,1,3
27763,925433,64.9,1,3
27764,925466,67.13,1,3
27765,925500,68.32,1,3
27766,925533,69.5,1,3
27767,925566,71.43,1,3
27768,925600,73.35,1,3
27769,925633,73.95,1,3
27770,925666,75.02,1,4
27771,925699,76.08,1,4
27772,925733,76.55,1,4
27773,925766,77,1,4
27774,925800,77.46,1,4
27775,925833,77.41,1,4
27776,925866,77.25,1,4
27777,925900,77.08,1,4
27778,925933,76.89,1,4
27779,925966,76.55,1,4
27780,926000,76.24,1,4
27781,926033,75.88,1,4
27782,926066,75.24,1,4
27783,926100,74.62,1,3
27784,926133,73.76,1,3
27785,926166,70.85,1,3
27786,926199,68.12,1,3
27787,926233,65.3,1,3
27788,926266,61.74,1,3
27789,926300,58.59,1,3
27790,926333,57.03,1,3
27791,926366,55.46,1,3
27792,926400,54.28,1,3
27793,926433,53.39,1,3
27794,926466,51.55,1,3
27795,926500,50.16,1,3
27796,926533,48.45,1,2
27797,926566,46.56,1,2
27798,926600,45.1,1,2
27799,926633,45.86,1,2
27800,926666,46.61,1,2
27801,926699,47.69,1,2
27802,926733,50.49,1,3
27803,926766,53.29,1,3
27804,926800,54.84,1,3
27805,926833,58.48,1,3
27806,926866,62.12,1,3
27807,926900,63.85,1,3
27808,926933,65.57,1,3
27809,926966,68.33,1,3
27810,927000,68.98,1,3
27811,927033,69.64,1,3
27812,927066,71.12,1,3
27813,927100,72.6,1,3
27814,927133,73.05,1,3
27815,927166,74.07,1,3
27816,927199,75.09,1,4
27817,927233,75.67,1,4
27818,927266,79.36,1,4
27819,927300,83.06,1,4
27820,927333,85.5,1,4
27821,927366,87.74,1,4
27822,927400,89.98,1,4
27823,927433,88.98,1,4
27824,927466,87.62,1,4
27825,927500,86.95,1,4
27826,927533,85.77,1,4
27827,927566,83.05,1,4
27828,927600,80.44,1,4
27829,927633,77.21,1,4
27830,927666,73.68,1,3
27831,927699,70.92,1,3
27832,927733,69.64,1,3
27833,927766,67.62,1,3
27834,927800,66.6,1,3
27835,927833,65.45,1,3
27836,927866,63.31,1,3
27837,927900,61.25,1,3
27838,927933,59.38,1,3
27839,927966,55.56,1,3
27840,928000,52.16,1,3
27841,928033,51.19,1,3
27842,928066,50.23,1,3
27843,928100,49.79,1,2
27844,928133,52.18,1,3
27845,928166,54.57,1,3
27846,928199,55.43,1,3
27847,928233,57.74,1,3
27848,928266,60.05,1,3
27849,928300,61.49,1,3
27850,928333,63.38,1,3
27851,928366,65.75,1,3
27852,928400,66.68,1,3
27853,928433,67.61,1,3
27854,928466,69.51,1,3
27855,928500,70.97,1,3
27856,928533,71.69,1,3
27857,928566,72.27,1,3
27858,928600,72.85,1,3
27859,928633,72.46,1,3
27860,928666,72.45,1,3
27861,928699,72.71,1,3
27862,928733,73.1,1,3
27863,928766,73.89,1,3
27864,928800,74.67,1,3
27865,928833,74.7,1,3
27866,928866,74.54,1,3
27867,928900,74.38,1,3
27868,928933,73.83,1,3
27869,928966,73.27,1,3
27870,929000,73.09,1,3
27871,929033,73.08,1,3
27872,929066,73.06,1,3
27873,929100,73.04,1,3
27874,929133,72.13,1,3
27875,929166,71,1,3
27876,929199,70.06,1,3
27877,929233,68.95,1,3
27878,929266,67,1,3
27879,929300,65.94,1,3
27880,929333,64.77,1,3
27881,929366,61.22,1,3
27882,929400,57.85,1,3
27883,929433,54.94,1,3
27884,929466,51.3,1,3
27885,929500,47.98,1,2
27886,929533,46.97,1,2
27887,929566,45.97,1,2
27888,929600,45.36,1,2
27889,929633,45.65,1,2
27890,929666,45.95,1,2
27891,929699,46.13,1,2
27892,929733,49.01,1,2
27893,929766,51.9,1,3
27894,929800,54.61,1,3
27895,929833,57.96,1,3
27896,929866,61.31,1,3
27897,929900,61.95,1,3
27898,929933,62.59,1,3
27899,929966,63.77,1,3
27900,930000,64.3,1,3
27901,930033,64.84,1,3
27902,930066,65.92,1,3
27903,930100,66.99,1,3
27904,930133,67.53,1,3
27905,930166,69.28,1,3
27906,930199,71.04,1,3
27907,930233,72.22,1,3
27908,930266,73.35,1,3
27909,930300,74.48,1,3
27910,930333,74.31,1,3
27911,930366,73.93,1,3
27912,930400,73.59,1,3
27913,930433,73.31,1,3
27914,930466,72.87,1,3
27915,930500,72.51,1,3
27916,930533,72.35,1,3
27917,930566,72.13,1,3
27918,930600,71.91,1,3
27919,930633,70.84,1,3
27920,930666,69.48,1,3
27921,930699,68.41,1,3
27922,930733,67.11,1,3
27923,930766,64.46,1,3
27924,930800,62.83,1,3
27925,930833,61.1,1,3
27926,930866,59.09,1,3
27927,930900,57.36,1,3
27928,930933,56.44,1,3
27929,930966,54.48,1,3
27930,931000,52.9,1,3
27931,931033,50.9,1,3
27932,931066,48.9,1,2
27933,931100,47.44,1,2
27934,931133,48.73,1,2
27935,931166,50.01,1,3
27936,931199,51.72,1,3
27937,931233,56.64,1,3
27938,931266,65.41,1,3
27939,931300,72.46,1,3
27940,931333,79.43,1,4
27941,931366,85.37,1,4
27942,931400,87.88,1,4
27943,931433,86.55,1,4
27944,931466,85.16,1,4
27945,931500,83.85,1,4
27946,931533,83.57,1,4
27947,931566,82.13,1,4
27948,931600,80.69,1,4
27949,931633,79.27,1,4
27950,931666,77.65,1,4
27951,931699,76.03,1,4
27952,931733,75.23,1,4
27953,931766,74.32,1,3
27954,931800,73.45,1,3
27955,931833,72.62,1,3
27956,931866,71.54,1,3
27957,931900,71.02,1,3
27958,931933,70.61,1,3
27959,931966,70.74,1,3
27960,932000,71.03,1,3
27961,932033,71.24,1,3
27962,932066,71.24,1,3
27963,932100,71.24,1,3
27964,932133,70.7,1,3
27965,932166,69.96,1,3
27966,932199,69.76,1,3
27967,932233,69.62,1,3
27968,932266,69.49,1,3
27969,932300,69.35,1,3
27970,932333,69.08,1,3
27971,932366,65.85,1,3
27972,932400,62.77,1,3
27973,932433,59.28,1,3
27974,932466,54.69,1,3
27975,932500,50.42,1,3
27976,932533,48.63,1,2
27977,932566,46.81,1,2
27978,932600,45.39,1,2
27979,932633,45.79,1,2
27980,932666,46.18,1,2
27981,932699,46.86,1,2
27982,932733,48.49,1,2
27983,932766,50.13,1,3
27984,932800,51.06,1,3
27985,932833,53.08,1,3
27986,932866,55.1,1,3
27987,932900,56.18,1,3
27988,932933,58.05,1,3
27989,932966,59.93,1,3
27990,933000,60.55,1,3
27991,933033,61.18,1,3
27992,933066,62.84,1,3
27993,933100,63.71,1,3
27994,933133,64.58,1,3
27995,933166,67.02,1,3
27996,933199,69.47,1,3
27997,933233,70.88,1,3
27998,933266,73.32,1,3
27999,933300,75.77,1,4
28000,933333,76.82,1,4
28001,933366,78.32,1,4
28002,933400,79.83,1,4
28003,933433,80.1,1,4
28004,933466,80.26,1,4
28005,933500,80.42,1,4
28006,933533,79.52,1,4
28007,933566,78.41,1,4
28008,933600,77.49,1,4
28009,933633,76.14,1,4
28010,933666,74.55,1,3
28011,933699,73.56,1,3
28012,933733,72.01,1,3
28013,933766,69.42,1,3
28014,933800,67.38,1,3
28015,933833,65.37,1,3
28016,933866,61.58,1,3
28017,933900,58.55,1,3
28018,933933,56.11,1,3
28019,933966,52.43,1,3
28020,934000,48.98,1,2
28021,934033,47.28,1,2
28022,934066,45.59,1,2
28023,934100,44.35,1,2
28024,934133,44.92,1,2
28025,934166,45.48,1,2
28026,934199,46.05,1,2
28027,934233,48.03,1,2
28028,934266,50.02,1,3
28029,934300,51.43,1,3
28030,934333,54.8,1,3
28031,934366,58.16,1,3
28032,934400,59.81,1,3
28033,934433,61.46,1,3
28034,934466,64.33,1,3
28035,934500,65.25,1,3
28036,934533,66.16,1,3
28037,934566,68.11,1,3
28038,934600,70.05,1,3
28039,934633,70.78,1,3
28040,934666,72.07,1,3
28041,934699,73.37,1,3
28042,934733,73.88,1,3
28043,934766,74.19,1,3
28044,934800,74.51,1,3
28045,934833,73.96,1,3
28046,934866,73.22,1,3
28047,934900,72.54,1,3
28048,934933,72.05,1,3
28049,934966,71.64,1,3
28050,935000,71.52,1,3
28051,935033,71.59,1,3
28052,935066,71.6,1,3
28053,935100,71.62,1,3
28054,935133,70.63,1,3
28055,935166,69.46,1,3
28056,935199,68.29,1,3
28057,935233,67.19,1,3
28058,935266,70.89,1,3
28059,935300,75.52,1,4
28060,935333,79.37,1,4
28061,935366,79.9,1,4
28062,935400,80.42,1,4
28063,935433,75.64,1,4
28064,935466,70.77,1,3
28065,935500,66.86,1,3
28066,935533,65.63,1,3
28067,935566,62.8,1,3
28068,935600,60.46,1,3
28069,935633,56.66,1,3
28070,935666,52.41,1,3
28071,935699,48.8,1,2
28072,935733,48.53,1,2
28073,935766,48.26,1,2
28074,935800,49.54,1,2
28075,935833,52.17,1,3
28076,935866,54.81,1,3
28077,935900,55.71,1,3
28078,935933,57.24,1,3
28079,935966,58.77,1,3
28080,936000,59.12,1,3
28081,936033,59.47,1,3
28082,936066,61.17,1,3
28083,936100,62.23,1,3
28084,936133,63.29,1,3
28085,936166,65.2,1,3
28086,936199,67.12,1,3
28087,936233,67.69,1,3
28088,936266,68.27,1,3
28089,936300,68.84,1,3
28090,936333,68.85,1,3
28091,936366,69.32,1,3
28092,936400,69.79,1,3
28093,936433,70.25,1,3
28094,936466,71.29,1,3
28095,936500,72.34,1,3
28096,936533,72.78,1,3
28097,936566,72.87,1,3
28098,936600,72.95,1,3
28099,936633,71.34,1,3
28100,936666,69.49,1,3
28101,936699,67.79,1,3
28102,936733,66.45,1,3
28103,936766,64.85,1,3
28104,936800,64.61,1,3
28105,936833,64.36,1,3
28106,936866,62.62,1,3
28107,936900,60.89,1,3
28108,936933,59.1,1,3
28109,936966,55.42,1,3
28110,937000,51.96,1,3
28111,937033,49.75,1,2
28112,937066,47.16,1,2
28113,937100,44.87,1,2
28114,937133,44.26,1,2
28115,937166,43.65,1,2
28116,937199,43.3,1,2
28117,937233,44.13,1,2
28118,937266,44.97,1,2
28119,937300,45.79,1,2
28120,937333,48.11,1,2
28121,937366,50.44,1,3
28122,937400,51.95,1,3
28123,937433,53.83,1,3
28124,937466,57.25,1,3
28125,937500,59.16,1,3
28126,937533,61.06,1,3
28127,937566,64.11,1,3
28128,937600,66.78,1,3
28129,937633,67.83,1,3
28130,937666,68.72,1,3
28131,937699,69.62,1,3
28132,937733,69.38,1,3
28133,937766,70.02,1,3
28134,937800,70.76,1,3
28135,937833,71.65,1,3
28136,937866,73.27,1,3
28137,937900,74.9,1,3
28138,937933,74.97,1,3
28139,937966,74.88,1,3
28140,938000,74.8,1,3
28141,938033,73.19,1,3
28142,938066,71.41,1,3
28143,938100,70.31,1,3
28144,938133,68.95,1,3
28145,938166,67.32,1,3
28146,938199,66.45,1,3
28147,938233,65.49,1,3
28148,938266,64.22,1,3
28149,938300,63.65,1,3
28150,938333,63.07,1,3
28151,938366,61.08,1,3
28152,938400,59.37,1,3
28153,938433,57.49,1,3
28154,938466,54.78,1,3
28155,938500,52.36,1,3
28156,938533,50.89,1,3
28157,938566,48.43,1,2
28158,938600,46.44,1,2
28159,938633,45.12,1,2
28160,938666,43.81,1,2
28161,938699,42.97,1,2
28162,938733,43.07,1,2
28163,938766,43.17,1,2
28164,938800,43.13,1,2
28165,938833,45.82,1,2
28166,938866,48.51,1,2
28167,938900,51.24,1,3
28168,938933,55.28,1,3
28169,938966,59.33,1,3
28170,939000,60.64,1,3
28171,939033,61.92,1,3
28172,939066,63.19,1,3
28173,939100,63.16,1,3
28174,939133,64.02,1,3
28175,939166,64.89,1,3
28176,939199,65.42,1,3
28177,939233,65.96,1,3
28178,939266,71.57,1,3
28179,939300,76.29,1,4
28180,939333,80.75,1,4
28181,939366,85.45,1,4
28182,939400,90.14,1,4
28183,939433,89.26,1,4
28184,939466,88.11,1,4
28185,939500,87.22,1,4
28186,939533,85.73,1,4
28187,939566,82.21,1,4
28188,939600,79.19,1,4
28189,939633,76.01,1,4
28190,939666,72.62,1,3
28191,939699,69.95,1,3
28192,939733,68.99,1,3
28193,939766,67.71,1,3
28194,939800,66.85,1,3
28195,939833,66.15,1,3
28196,939866,65.17,1,3
28197,939900,64.79,1,3
28198,939933,64.45,1,3
28199,939966,63.14,1,3
28200,940000,61.89,1,3
28201,940033,60.55,1,3
28202,940066,58.91,1,3
28203,940100,57.56,1,3
28204,940133,56.42,1,3
28205,940166,54.19,1,3
28206,940199,52.34,1,3
28207,940233,50.38,1,3
28208,940266,48.42,1,2
28209,940300,47.23,1,2
28210,940333,48.87,1,2
28211,940366,50.5,1,3
28212,940400,52.26,1,3
28213,940433,55.18,1,3
28214,940466,58.11,1,3
28215,940500,59.28,1,3
28216,940533,61.02,1,3
28217,940566,62.77,1,3
28218,940600,62.98,1,3
28219,940633,63.19,1,3
28220,940666,64.27,1,3
28221,940699,64.79,1,3
28222,940733,65.31,1,3
28223,940766,66.95,1,3
28224,940800,68.58,1,3
28225,940833,69.14,1,3
28226,940866,69.55,1,3
28227,940900,69.97,1,3
28228,940933,69.63,1,3
28229,940966,69.87,1,3
28230,941000,70.31,1,3
28231,941033,70.9,1,3
28232,941066,70.98,1,3
28233,941100,71.06,1,3
28234,941133,70.55,1,3
28235,941166,70.46,1,3
28236,941199,70.37,1,3
28237,941233,69.93,1,3
28238,941266,69.27,1,3
28239,941300,68.61,1,3
28240,941333,67.51,1,3
28241,941366,66.15,1,3
28242,941400,65.64,1,3
28243,941433,65.06,1,3
28244,941466,64.39,1,3
28245,941500,63.74,1,3
28246,941533,62.99,1,3
28247,941566,60.11,1,3
28248,941600,57.51,1,3
28249,941633,54.5,1,3
28250,941666,50.8,1,3
28251,941699,47.47,1,2
28252,941733,46.3,1,2
28253,941766,45.14,1,2
28254,941800,44.47,1,2
28255,941833,44.95,1,2
28256,941866,45.43,1,2
28257,941900,45.88,1,2
28258,941933,46.95,1,2
28259,941966,48.01,1,2
28260,942000,48.62,1,2
28261,942033,50.09,1,3
28262,942066,51.56,1,3
28263,942100,52.43,1,3
28264,942133,54.43,1,3
28265,942166,56.43,1,3
28266,942199,57.45,1,3
28267,942233,58.48,1,3
28268,942266,61.15,1,3
28269,942300,62.68,1,3
28270,942333,64.2,1,3
28271,942366,66.11,1,3
28272,942400,68.02,1,3
28273,942433,68.28,1,3
28274,942466,69.44,1,3
28275,942500,70.59,1,3
28276,942533,71.32,1,3
28277,942566,71.98,1,3
28278,942600,72.63,1,3
28279,942633,72.18,1,3
28280,942666,71.73,1,3
28281,942699,71.46,1,3
28282,942733,71.18,1,3
28283,942766,70.82,1,3
28284,942800,70.67,1,3
28285,942833,69.45,1,3
28286,942866,68.07,1,3
28287,942900,66.76,1,3
28288,942933,65.18,1,3
28289,942966,62.78,1,3
28290,943000,61.45,1,3
28291,943033,59.61,1,3
28292,943066,56.43,1,3
28293,943100,53.6,1,3
28294,943133,51.27,1,3
28295,943166,48.28,1,2
28296,943199,45.96,1,2
28297,943233,49.85,1,2
28298,943266,56.74,1,3
28299,943300,64.33,1,3
28300,943333,72.2,1,3
28301,943366,76.75,1,4
28302,943400,76.44,1,4
28303,943433,72.66,1,3
28304,943466,68.49,1,3
28305,943500,64.68,1,3
28306,943533,65.97,1,3
28307,943566,67.26,1,3
28308,943600,67.12,1,3
28309,943633,67,1,3
28310,943666,67.85,1,3
28311,943699,66.93,1,3
28312,943733,66.01,1,3
28313,943766,67.59,1,3
28314,943800,69.16,1,3
28315,943833,69.76,1,3
28316,943866,70.43,1,3
28317,943900,71.09,1,3
28318,943933,71.15,1,3
28319,943966,71.66,1,3
28320,944000,72.16,1,3
28321,944033,72.48,1,3
28322,944066,72.6,1,3
28323,944100,72.72,1,3
28324,944133,71.93,1,3
28325,944166,70.96,1,3
28326,944199,70.12,1,3
28327,944233,69.45,1,3
28328,944266,68.41,1,3
28329,944300,67.85,1,3
28330,944333,67.46,1,3
28331,944366,67.09,1,3
28332,944400,66.75,1,3
28333,944433,66.13,1,3
28334,944466,64.81,1,3
28335,944500,64.05,1,3
28336,944533,62.47,1,3
28337,944566,60.23,1,3
28338,944600,58.63,1,3
28339,944633,57.41,1,3
28340,944666,54.57,1,3
28341,944699,52.53,1,3
28342,944733,50.69,1,3
28343,944766,48.26,1,2
28344,944800,46.15,1,2
28345,944833,45.11,1,2
28346,944866,44.06,1,2
28347,944900,43.46,1,2
28348,944933,43.8,1,2
28349,944966,44.14,1,2
28350,945000,44.47,1,2
28351,945033,45.43,1,2
28352,945066,46.39,1,2
28353,945100,47.03,1,2
28354,945133,48.05,1,2
28355,945166,49.07,1,2
28356,945199,49.46,1,2
28357,945233,50.03,1,3
28358,945266,52.5,1,3
28359,945300,54.58,1,3
28360,945333,56.66,1,3
28361,945366,60.24,1,3
28362,945400,63.64,1,3
28363,945433,65.13,1,3
28364,945466,67.04,1,3
28365,945500,68.94,1,3
28366,945533,69.34,1,3
28367,945566,69.62,1,3
28368,945600,69.9,1,3
28369,945633,69.78,1,3
28370,945666,70.7,1,3
28371,945699,71.64,1,3
28372,945733,72.69,1,3
28373,945766,74.53,1,3
28374,945800,76.37,1,4
28375,945833,76.09,1,4
28376,945866,75.6,1,4
28377,945900,75.12,1,4
28378,945933,72.74,1,3
28379,945966,69.81,1,3
28380,946000,67.95,1,3
28381,946033,65.36,1,3
28382,946066,62.45,1,3
28383,946100,60.94,1,3
28384,946133,59.68,1,3
28385,946166,57.41,1,3
28386,946199,56.09,1,3
28387,946233,54.19,1,3
28388,946266,50.52,1,3
28389,946300,47.17,1,2
28390,946333,44.61,1,2
28391,946366,42.05,1,2
28392,946400,40.39,1,2
28393,946433,40.35,1,2
28394,946466,40.31,1,2
28395,946500,40.49,1,2
28396,946533,42.55,1,2
28397,946566,44.6,1,2
28398,946600,46.47,1,2
28399,946633,49.89,1,2
28400,946666,53.3,1,3
28401,946699,54.85,1,3
28402,946733,58.4,1,3
28403,946766,62.42,1,3
28404,946800,64.89,1,3
28405,946833,67.36,1,3
28406,946866,70.5,1,3
28407,946900,71.62,1,3
28408,946933,72.15,1,3
28409,946966,72.56,1,3
28410,947000,72.98,1,3
28411,947033,72.42,1,3
28412,947066,71.74,1,3
28413,947100,71.19,1,3
28414,947133,70.74,1,3
28415,947166,70.64,1,3
28416,947199,70.87,1,3
28417,947233,71.21,1,3
28418,947266,75.8,1,4
28419,947300,80.4,1,4
28420,947333,83.52,1,4
28421,947366,86.43,1,4
28422,947400,89.34,1,4
28423,947433,87.4,1,4
28424,947466,84.73,1,4
28425,947500,83.19,1,4
28426,947533,80.91,1,4
28427,947566,77.11,1,4
28428,947600,73.44,1,3
28429,947633,68.77,1,3
28430,947666,63.34,1,3
28431,947699,58.87,1,3
28432,947733,55.53,1,3
28433,947766,52.21,1,3
28434,947800,50.63,1,3
28435,947833,49.76,1,2
28436,947866,48.89,1,2
28437,947900,48.42,1,2
28438,947933,47.94,1,2
28439,947966,47.09,1,2
28440,948000,46.29,1,2
28441,948033,46.09,1,2
28442,948066,45.9,1,2
28443,948100,46.15,1,2
28444,948133,48.28,1,2
28445,948166,50.42,1,3
28446,948199,51.94,1,3
28447,948233,54.04,1,3
28448,948266,57.07,1,3
28449,948300,59.43,1,3
28450,948333,61.85,1,3
28451,948366,64.28,1,3
28452,948400,65.94,1,3
28453,948433,66.66,1,3
28454,948466,66.54,1,3
28455,948500,66.34,1,3
28456,948533,66.14,1,3
28457,948566,66.44,1,3
28458,948600,66.74,1,3
28459,948633,67.02,1,3
28460,948666,67.21,1,3
28461,948699,67.39,1,3
28462,948733,67.27,1,3
28463,948766,67.1,1,3
28464,948800,66.94,1,3
28465,948833,66.89,1,3
28466,948866,67,1,3
28467,948900,67.12,1,3
28468,948933,67.29,1,3
28469,948966,67.53,1,3
28470,949000,67.78,1,3
28471,949033,67.1,1,3
28472,949066,65.92,1,3
28473,949100,65.24,1,3
28474,949133,63.97,1,3
28475,949166,61.39,1,3
28476,949199,59.57,1,3
28477,949233,58.01,1,3
28478,949266,54.87,1,3
28479,949300,52.23,1,3
28480,949333,51.84,1,3
28481,949366,51.45,1,3
28482,949400,51.3,1,3
28483,949433,51.58,1,3
28484,949466,50.52,1,3
28485,949500,48.52,1,2
28486,949533,47.78,1,2
28487,949566,47.04,1,2
28488,949600,46.95,1,2
28489,949633,49.24,1,2
28490,949666,51.52,1,3
28491,949699,52.55,1,3
28492,949733,54.67,1,3
28493,949766,56.79,1,3
28494,949800,57.63,1,3
28495,949833,58.46,1,3
28496,949866,60.02,1,3
28497,949900,60.48,1,3
28498,949933,60.94,1,3
28499,949966,62.39,1,3
28500,950000,63.84,1,3
28501,950033,64.56,1,3
28502,950066,66.03,1,3
28503,950100,67.51,1,3
28504,950133,68.25,1,3
28505,950166,68.99,1,3
28506,950199,69.72,1,3
28507,950233,69.61,1,3
28508,950266,69.23,1,3
28509,950300,68.86,1,3
28510,950333,68.07,1,3
28511,950366,67.12,1,3
28512,950400,66.26,1,3
28513,950433,65.67,1,3
28514,950466,65.54,1,3
28515,950500,65.85,1,3
28516,950533,65.57,1,3
28517,950566,64.94,1,3
28518,950600,64.3,1,3
28519,950633,62.38,1,3
28520,950666,59.88,1,3
28521,950699,58.11,1,3
28522,950733,56.25,1,3
28523,950766,54.18,1,3
28524,950800,52.93,1,3
28525,950833,51.96,1,3
28526,950866,49.71,1,2
28527,950900,47.91,1,2
28528,950933,46.13,1,2
28529,950966,44.35,1,2
28530,951000,42.87,1,2
28531,951033,42.13,1,2
28532,951066,41.29,1,2
28533,951100,40.65,1,2
28534,951133,41.18,1,2
28535,951166,41.7,1,2
28536,951199,42.78,1,2
28537,951233,46.75,1,2
28538,951266,56.23,1,3
28539,951300,64.56,1,3
28540,951333,72.75,1,3
28541,951366,79.6,1,4
28542,951400,83.21,1,4
28543,951433,81.31,1,4
28544,951466,79.6,1,4
28545,951500,78.03,1,4
28546,951533,77.8,1,4
28547,951566,77.42,1,4
28548,951600,77.04,1,4
28549,951633,76.27,1,4
28550,951666,75.21,1,4
28551,951699,74.15,1,3
28552,951733,73.68,1,3
28553,951766,72.88,1,3
28554,951800,72.27,1,3
28555,951833,71.88,1,3
28556,951866,71.15,1,3
28557,951900,70.42,1,3
28558,951933,69.96,1,3
28559,951966,69.28,1,3
28560,952000,68.68,1,3
28561,952033,67.57,1,3
28562,952066,65.93,1,3
28563,952100,64.35,1,3
28564,952133,62.38,1,3
28565,952166,60.13,1,3
28566,952199,58.71,1,3
28567,952233,57.56,1,3
28568,952266,55.21,1,3
28569,952300,53.46,1,3
28570,952333,51.66,1,3
28571,952366,48.26,1,2
28572,952400,45.14,1,2
28573,952433,43.97,1,2
28574,952466,42.8,1,2
28575,952500,41.96,1,2
28576,952533,43.61,1,2
28577,952566,45.26,1,2
28578,952600,46.14,1,2
28579,952633,48.61,1,2
28580,952666,51.09,1,3
28581,952699,52.67,1,3
28582,952733,54.26,1,3
28583,952766,55.85,1,3
28584,952800,55.86,1,3
28585,952833,56.4,1,3
28586,952866,57.39,1,3
28587,952900,58.37,1,3
28588,952933,59.35,1,3
28589,952966,61.03,1,3
28590,953000,62.19,1,3
28591,953033,62.9,1,3
28592,953066,64.06,1,3
28593,953100,65.22,1,3
28594,953133,65.67,1,3
28595,953166,66.18,1,3
28596,953199,66.68,1,3
28597,953233,66.73,1,3
28598,953266,66.83,1,3
28599,953300,66.93,1,3
28600,953333,66.99,1,3
28601,953366,66.98,1,3
28602,953400,66.97,1,3
28603,953433,66.9,1,3
28604,953466,66.6,1,3
28605,953500,66.3,1,3
28606,953533,66.07,1,3
28607,953566,65.49,1,3
28608,953600,64.91,1,3
28609,953633,64.57,1,3
28610,953666,64.31,1,3
28611,953699,64.04,1,3
28612,953733,63.2,1,3
28613,953766,62.22,1,3
28614,953800,61.23,1,3
28615,953833,59.27,1,3
28616,953866,56.36,1,3
28617,953900,54.38,1,3
28618,953933,52.55,1,3
28619,953966,50.71,1,3
28620,954000,49.77,1,2
28621,954033,49.65,1,2
28622,954066,49.53,1,2
28623,954100,49.4,1,2
28624,954133,48.84,1,2
28625,954166,48.28,1,2
28626,954199,47.85,1,2
28627,954233,46.97,1,2
28628,954266,46.07,1,2
28629,954300,45.6,1,2
28630,954333,45.63,1,2
28631,954366,45.65,1,2
28632,954400,46.13,1,2
28633,954433,47.91,1,2
28634,954466,49.69,1,2
28635,954500,50.64,1,3
28636,954533,51.59,1,3
28637,954566,54.47,1,3
28638,954600,56.06,1,3
28639,954633,57.65,1,3
28640,954666,60.61,1,3
28641,954699,63.57,1,3
28642,954733,64.6,1,3
28643,954766,65.8,1,3
28644,954800,67.01,1,3
28645,954833,67.02,1,3
28646,954866,66.94,1,3
28647,954900,66.85,1,3
28648,954933,66.6,1,3
28649,954966,66.35,1,3
28650,955000,66.26,1,3
28651,955033,66.26,1,3
28652,955066,67.92,1,3
28653,955100,69.58,1,3
28654,955133,71.17,1,3
28655,955166,72.52,1,3
28656,955199,73.86,1,3
28657,955233,73.54,1,3
28658,955266,77.57,1,4
28659,955300,81.66,1,4
28660,955333,84.66,1,4
28661,955366,84.05,1,4
28662,955400,83.44,1,4
28663,955433,78.01,1,4
28664,955466,72.34,1,3
28665,955500,68.01,1,3
28666,955533,66.83,1,3
28667,955566,64.54,1,3
28668,955600,62.71,1,3
28669,955633,59.25,1,3
28670,955666,55.04,1,3
28671,955699,51.29,1,3
28672,955733,48.41,1,2
28673,955766,45.53,1,2
28674,955800,44.53,1,2
28675,955833,45.58,1,2
28676,955866,46.63,1,2
28677,955900,47.92,1,2
28678,955933,51.14,1,3
28679,955966,54.36,1,3
28680,956000,56.07,1,3
28681,956033,57.78,1,3
28682,956066,59.5,1,3
28683,956100,59.29,1,3
28684,956133,59.09,1,3
28685,956166,61.24,1,3
28686,956199,63.4,1,3
28687,956233,65.55,1,3
28688,956266,68.56,1,3
28689,956300,71.56,1,3
28690,956333,72.1,1,3
28691,956366,72.28,1,3
28692,956400,72.47,1,3
28693,956433,71.8,1,3
28694,956466,71.26,1,3
28695,956500,71.03,1,3
28696,956533,71.16,1,3
28697,956566,72.46,1,3
28698,956600,73.77,1,3
28699,956633,74.76,1,3
28700,956666,75.45,1,4
28701,956699,76.15,1,4
28702,956733,74.16,1,3
28703,956766,71.94,1,3
28704,956800,69.9,1,3
28705,956833,66.48,1,3
28706,956866,62.99,1,3
28707,956900,60.99,1,3
28708,956933,58.7,1,3
28709,956966,56.17,1,3
28710,957000,55.32,1,3
28711,957033,53.6,1,3
28712,957066,51.18,1,3
28713,957100,49.3,1,2
28714,957133,47.08,1,2
28715,957166,43.62,1,2
28716,957199,41.11,1,2
28717,957233,39.83,1,2
28718,957266,38.55,1,2
28719,957300,37.83,1,2
28720,957333,38.99,1,2
28721,957366,40.15,1,2
28722,957400,40.78,1,2
28723,957433,42.8,1,2
28724,957466,44.82,1,2
28725,957500,46.22,1,2
28726,957533,49.54,1,2
28727,957566,52.86,1,3
28728,957600,54.35,1,3
28729,957633,55.84,1,3
28730,957666,59.81,1,3
28731,957699,61.85,1,3
28732,957733,63.89,1,3
28733,957766,67.7,1,3
28734,957800,71.51,1,3
28735,957833,72.6,1,3
28736,957866,73.48,1,3
28737,957900,74.36,1,3
28738,957933,73.38,1,3
28739,957966,72.18,1,3
28740,958000,71.22,1,3
28741,958033,70.47,1,3
28742,958066,69.76,1,3
28743,958100,69.56,1,3
28744,958133,69.59,1,3
28745,958166,69.71,1,3
28746,958199,69.82,1,3
28747,958233,68.7,1,3
28748,958266,67.39,1,3
28749,958300,66.08,1,3
28750,958333,64.69,1,3
28751,958366,63.11,1,3
28752,958400,62.95,1,3
28753,958433,62.76,1,3
28754,958466,62.32,1,3
28755,958500,61.87,1,3
28756,958533,61.17,1,3
28757,958566,56.97,1,3
28758,958600,52.98,1,3
28759,958633,49.02,1,2
28760,958666,45.07,1,2
28761,958699,41.56,1,2
28762,958733,42.05,1,2
28763,958766,42.53,1,2
28764,958800,43.23,1,2
28765,958833,44.53,1,2
28766,958866,45.83,1,2
28767,958900,46.43,1,2
28768,958933,47.42,1,2
28769,958966,48.42,1,2
28770,959000,48.81,1,2
28771,959033,51.52,1,3
28772,959066,54.23,1,3
28773,959100,56.58,1,3
28774,959133,60.03,1,3
28775,959166,63.49,1,3
28776,959199,64.57,1,3
28777,959233,65.64,1,3
28778,959266,72,1,3
28779,959300,77.26,1,4
28780,959333,81.61,1,4
28781,959366,85.92,1,4
28782,959400,90.22,1,4
28783,959433,88.84,1,4
28784,959466,87.12,1,4
28785,959500,86.28,1,4
28786,959533,85.16,1,4
28787,959566,82.29,1,4
28788,959600,79.79,1,4
28789,959633,76.59,1,4
28790,959666,72.95,1,3
28791,959699,69.73,1,3
28792,959733,68.15,1,3
28793,959766,66.36,1,3
28794,959800,65.61,1,3
28795,959833,64.95,1,3
28796,959866,64,1,3
28797,959900,63.13,1,3
28798,959933,62.49,1,3
28799,959966,61.94,1,3
28800,960000,61.75,1,3
28801,960033,61.38,1,3
28802,960066,60.1,1,3
28803,960100,58.81,1,3
28804,960133,57.07,1,3
28805,960166,53.99,1,3
28806,960199,51.36,1,3
28807,960233,50.04,1,3
28808,960266,48.73,1,2
28809,960300,47.77,1,2
28810,960333,48.06,1,2
28811,960366,48.36,1,2
28812,960400,48.26,1,2
28813,960433,47.69,1,2
28814,960466,46.88,1,2
28815,960500,46.17,1,2
28816,960533,46.49,1,2
28817,960566,46.81,1,2
28818,960600,47.59,1,2
28819,960633,49.81,1,2
28820,960666,52.19,1,3
28821,960699,54.14,1,3
28822,960733,56.5,1,3
28823,960766,59.13,1,3
28824,960800,60.56,1,3
28825,960833,61.84,1,3
28826,960866,62.53,1,3
28827,960900,62.82,1,3
28828,960933,62.83,1,3
28829,960966,62.87,1,3
28830,961000,62.9,1,3
28831,961033,62.92,1,3
28832,961066,63.31,1,3
28833,961100,63.71,1,3
28834,961133,64,1,3
28835,961166,63.76,1,3
28836,961199,63.52,1,3
28837,961233,62.9,1,3
28838,961266,62.05,1,3
28839,961300,61.29,1,3
28840,961333,60.8,1,3
28841,961366,59.94,1,3
28842,961400,59.07,1,3
28843,961433,57.58,1,3
28844,961466,55.69,1,3
28845,961500,54.46,1,3
28846,961533,53.22,1,3
28847,961566,49.74,1,2
28848,961600,47.11,1,2
28849,961633,45.13,1,2
28850,961666,42.75,1,2
28851,961699,40.77,1,2
28852,961733,40.68,1,2
28853,961766,39.96,1,2
28854,961800,38.99,1,2
28855,961833,37.64,1,2
28856,961866,35.76,1,2
28857,961900,34.22,1,2
28858,961933,33.48,1,2
28859,961966,32.75,1,2
28860,962000,32.4,1,2
28861,962033,34.51,1,2
28862,962066,36.62,1,2
28863,962100,38.55,1,2
28864,962133,41.8,1,2
28865,962166,45.05,1,2
28866,962199,46.1,1,2
28867,962233,47.16,1,2
28868,962266,48.58,1,2
28869,962300,48.67,1,2
28870,962333,48.77,1,2
28871,962366,50.29,1,3
28872,962400,51.81,1,3
28873,962433,52.97,1,3
28874,962466,55.44,1,3
28875,962500,57.91,1,3
28876,962533,59.23,1,3
28877,962566,60.9,1,3
28878,962600,62.57,1,3
28879,962633,62.72,1,3
28880,962666,62.52,1,3
28881,962699,62.32,1,3
28882,962733,61.77,1,3
28883,962766,62.1,1,3
28884,962800,62.64,1,3
28885,962833,63.52,1,3
28886,962866,64.85,1,3
28887,962900,66.18,1,3
28888,962933,66.62,1,3
28889,962966,66.55,1,3
28890,963000,66.48,1,3
28891,963033,64.4,1,3
28892,963066,61.84,1,3
28893,963100,59.76,1,3
28894,963133,57.71,1,3
28895,963166,55.24,1,3
28896,963199,54.33,1,3
28897,963233,55.34,1,3
28898,963266,62.48,1,3
28899,963300,70.11,1,3
28900,963333,77.73,1,4
28901,963366,80.45,1,4
28902,963400,81.73,1,4
28903,963433,75.92,1,4
28904,963466,69.83,1,3
28905,963500,64.18,1,3
28906,963533,62.84,1,3
28907,963566,60.76,1,3
28908,963600,59.16,1,3
28909,963633,56.63,1,3
28910,963666,54.1,1,3
28911,963699,52.15,1,3
28912,963733,52.76,1,3
28913,963766,53.37,1,3
28914,963800,54.94,1,3
28915,963833,56.51,1,3
28916,963866,59.49,1,3
28917,963900,60.66,1,3
28918,963933,61.83,1,3
28919,963966,64.11,1,3
28920,964000,66.39,1,3
28921,964033,67.27,1,3
28922,964066,68.35,1,3
28923,964100,69.44,1,3
28924,964133,69.64,1,3
28925,964166,69.82,1,3
28926,964199,70,1,3
28927,964233,69.97,1,3
28928,964266,69.86,1,3
28929,964300,69.74,1,3
28930,964333,69.66,1,3
28931,964366,69.66,1,3
28932,964400,69.66,1,3
28933,964433,69.25,1,3
28934,964466,68.69,1,3
28935,964500,68.14,1,3
28936,964533,67.12,1,3
28937,964566,65.88,1,3
28938,964600,65.13,1,3
28939,964633,63.44,1,3
28940,964666,61.34,1,3
28941,964699,59.61,1,3
28942,964733,57.67,1,3
28943,964766,54.63,1,3
28944,964800,52.69,1,3
28945,964833,50.66,1,3
28946,964866,47.97,1,2
28947,964900,45.71,1,2
28948,964933,44.15,1,2
28949,964966,42.13,1,2
28950,965000,40.61,1,2
28951,965033,41.03,1,2
28952,965066,41.46,1,2
28953,965100,42.27,1,2
28954,965133,44.04,1,2
28955,965166,45.82,1,2
28956,965199,46.31,1,2
28957,965233,47.12,1,2
28958,965266,47.92,1,2
28959,965300,48.23,1,2
28960,965333,51.03,1,3
28961,965366,53.83,1,3
28962,965400,55.99,1,3
28963,965433,58.15,1,3
28964,965466,60.8,1,3
28965,965500,60.95,1,3
28966,965533,61.11,1,3
28967,965566,62.26,1,3
28968,965600,63.4,1,3
28969,965633,64.05,1,3
28970,965666,65.03,1,3
28971,965699,66,1,3
28972,965733,66.32,1,3
28973,965766,66.47,1,3
28974,965800,66.62,1,3
28975,965833,66.3,1,3
28976,965866,65.93,1,3
28977,965900,65.56,1,3
28978,965933,64.99,1,3
28979,965966,64.24,1,3
28980,966000,63.62,1,3
28981,966033,63.06,1,3
28982,966066,62.96,1,3
28983,966100,63.24,1,3
28984,966133,63.7,1,3
28985,966166,63.92,1,3
28986,966199,64.14,1,3
28987,966233,62.92,1,3
28988,966266,61.38,1,3
28989,966300,60.16,1,3
28990,966333,58.87,1,3
28991,966366,56,1,3
28992,966400,54.11,1,3
28993,966433,52.04,1,3
28994,966466,49.52,1,2
28995,966500,47.31,1,2
28996,966533,46.43,1,2
28997,966566,44.78,1,2
28998,966600,43.62,1,2
28999,966633,44.03,1,2
29000,966666,44.72,1,2
29001,966699,45.65,1,2
29002,966733,47.36,1,2
29003,966766,47.93,1,2
29004,966800,47.07,1,2
29005,966833,47.37,1,2
29006,966866,47.68,1,2
29007,966900,47.98,1,2
29008,966933,50.14,1,3
29009,966966,52.63,1,3
29010,967000,53.68,1,3
29011,967033,54.74,1,3
29012,967066,56.41,1,3
29013,967100,57.37,1,3
29014,967133,58.21,1,3
29015,967166,59.59,1,3
29016,967199,60.98,1,3
29017,967233,61.74,1,3
29018,967266,68.62,1,3
29019,967300,75.27,1,4
29020,967333,80.88,1,4
29021,967366,86.42,1,4
29022,967400,91.97,1,4
29023,967433,90.56,1,4
29024,967466,88.81,1,4
29025,967500,87.57,1,4
29026,967533,86.4,1,4
29027,967566,83.05,1,4
29028,967600,80.55,1,4
29029,967633,78.38,1,4
29030,967666,76.25,1,4
29031,967699,74.12,1,3
29032,967733,72.89,1,3
29033,967766,71.62,1,3
29034,967800,69.8,1,3
29035,967833,67.22,1,3
29036,967866,62.98,1,3
29037,967900,60,1,3
29038,967933,57.21,1,3
29039,967966,54.97,1,3
29040,968000,53.45,1,3
29041,968033,53.01,1,3
29042,968066,52.46,1,3
29043,968100,51.77,1,3
29044,968133,50.59,1,3
29045,968166,49.35,1,2
29046,968199,48.7,1,2
29047,968233,47.67,1,2
29048,968266,46.02,1,2
29049,968300,44.86,1,2
29050,968333,44.59,1,2
29051,968366,44.32,1,2
29052,968400,44.54,1,2
29053,968433,46.23,1,2
29054,968466,47.93,1,2
29055,968500,48.79,1,2
29056,968533,51.33,1,3
29057,968566,53.86,1,3
29058,968600,55.05,1,3
29059,968633,56.24,1,3
29060,968666,58.63,1,3
29061,968699,59.35,1,3
29062,968733,60.07,1,3
29063,968766,63.05,1,3
29064,968800,66.04,1,3
29065,968833,67.6,1,3
29066,968866,69.03,1,3
29067,968900,70.45,1,3
29068,968933,69.75,1,3
29069,968966,68.95,1,3
29070,969000,68.36,1,3
29071,969033,67.9,1,3
29072,969066,68.81,1,3
29073,969100,70.08,1,3
29074,969133,71.45,1,3
29075,969166,72.94,1,3
29076,969199,74.44,1,3
29077,969233,73.97,1,3
29078,969266,73.08,1,3
29079,969300,72.19,1,3
29080,969333,69.4,1,3
29081,969366,66.03,1,3
29082,969400,63.26,1,3
29083,969433,60.44,1,3
29084,969466,56.77,1,3
29085,969500,54.89,1,3
29086,969533,53,1,3
29087,969566,50.24,1,3
29088,969600,47.96,1,2
29089,969633,46.05,1,2
29090,969666,43.22,1,2
29091,969699,40.97,1,2
29092,969733,39.45,1,2
29093,969766,37.93,1,2
29094,969800,36.88,1,2
29095,969833,37.62,1,2
29096,969866,38.37,1,2
29097,969900,39.23,1,2
29098,969933,41.23,1,2
29099,969966,43.23,1,2
29100,970000,44.36,1,2
29101,970033,47.27,1,2
29102,970066,50.19,1,3
29103,970100,51.97,1,3
29104,970133,54.55,1,3
29105,970166,57.66,1,3
29106,970199,58.99,1,3
29107,970233,60.32,1,3
29108,970266,63.87,1,3
29109,970300,66.62,1,3
29110,970333,68.6,1,3
29111,970366,70.47,1,3
29112,970400,72.35,1,3
29113,970433,71.98,1,3
29114,970466,71.38,1,3
29115,970500,71.02,1,3
29116,970533,70.76,1,3
29117,970566,70.26,1,3
29118,970600,69.77,1,3
29119,970633,69.53,1,3
29120,970666,70.26,1,3
29121,970699,71,1,3
29122,970733,71.13,1,3
29123,970766,71.04,1,3
29124,970800,70.95,1,3
29125,970833,67.91,1,3
29126,970866,64.39,1,3
29127,970900,62.16,1,3
29128,970933,59.7,1,3
29129,970966,57.22,1,3
29130,971000,56.72,1,3
29131,971033,56.54,1,3
29132,971066,54.03,1,3
29133,971100,51.97,1,3
29134,971133,49.49,1,2
29135,971166,46,1,2
29136,971199,42.67,1,2
29137,971233,44.99,1,2
29138,971266,52.13,1,3
29139,971300,60.09,1,3
29140,971333,68.67,1,3
29141,971366,73.47,1,3
29142,971400,74.49,1,3
29143,971433,70.96,1,3
29144,971466,67.02,1,3
29145,971500,63.49,1,3
29146,971533,63.54,1,3
29147,971566,63.58,1,3
29148,971600,62.34,1,3
29149,971633,61.09,1,3
29150,971666,60.14,1,3
29151,971699,59.85,1,3
29152,971733,60.89,1,3
29153,971766,63.37,1,3
29154,971800,65.84,1,3
29155,971833,68.02,1,3
29156,971866,70.55,1,3
29157,971900,71.74,1,3
29158,971933,72.02,1,3
29159,971966,72.04,1,3
29160,972000,72.06,1,3
29161,972033,71.27,1,3
29162,972066,70.23,1,3
29163,972100,69.72,1,3
29164,972133,69.48,1,3
29165,972166,69.26,1,3
29166,972199,69.05,1,3
29167,972233,69.08,1,3
29168,972266,69.02,1,3
29169,972300,68.96,1,3
29170,972333,67.82,1,3
29171,972366,66.33,1,3
29172,972400,64.83,1,3
29173,972433,63.05,1,3
29174,972466,60.98,1,3
29175,972500,59.96,1,3
29176,972533,58.9,1,3
29177,972566,57.51,1,3
29178,972600,56.48,1,3
29179,972633,55.41,1,3
29180,972666,53.15,1,3
29181,972699,51.3,1,3
29182,972733,49.09,1,2
29183,972766,46.33,1,2
29184,972800,43.9,1,2
29185,972833,43.6,1,2
29186,972866,43.3,1,2
29187,972900,43.69,1,2
29188,972933,44.5,1,2
29189,972966,45.31,1,2
29190,973000,45.19,1,2
29191,973033,46.1,1,2
29192,973066,47.02,1,2
29193,973100,48.06,1,2
29194,973133,50.17,1,3
29195,973166,52.29,1,3
29196,973199,53.01,1,3
29197,973233,53.73,1,3
29198,973266,57.42,1,3
29199,973300,60.04,1,3
29200,973333,62.65,1,3
29201,973366,66.37,1,3
29202,973400,70.09,1,3
29203,973433,70.84,1,3
29204,973466,71.76,1,3
29205,973500,72.68,1,3
29206,973533,71.43,1,3
29207,973566,70.03,1,3
29208,973600,68.64,1,3
29209,973633,67.07,1,3
29210,973666,65.61,1,3
29211,973699,65.58,1,3
29212,973733,65.59,1,3
29213,973766,65.15,1,3
29214,973800,64.72,1,3
29215,973833,63.78,1,3
29216,973866,62.57,1,3
29217,973900,61.46,1,3
29218,973933,60.8,1,3
29219,973966,59.87,1,3
29220,974000,59.33,1,3
29221,974033,59.07,1,3
29222,974066,58.4,1,3
29223,974100,58.42,1,3
29224,974133,58.02,1,3
29225,974166,57.05,1,3
29226,974199,56.09,1,3
29227,974233,55,1,3
29228,974266,51.63,1,3
29229,974300,48.95,1,2
29230,974333,46.55,1,2
29231,974366,44.14,1,2
29232,974400,42.26,1,2
29233,974433,41.71,1,2
29234,974466,41.16,1,2
29235,974500,40.89,1,2
29236,974533,40.91,1,2
29237,974566,40.92,1,2
29238,974600,41.21,1,2
29239,974633,41.94,1,2
29240,974666,42.67,1,2
29241,974699,43.12,1,2
29242,974733,45.89,1,2
29243,974766,48.65,1,2
29244,974800,50.58,1,3
29245,974833,52.51,1,3
29246,974866,54.52,1,3
29247,974900,54.59,1,3
29248,974933,55.73,1,3
29249,974966,57.35,1,3
29250,975000,58.98,1,3
29251,975033,60.52,1,3
29252,975066,62.32,1,3
29253,975100,63.05,1,3
29254,975133,63.7,1,3
29255,975166,64.57,1,3
29256,975199,65.45,1,3
29257,975233,65.68,1,3
29258,975266,71.57,1,3
29259,975300,77.46,1,4
29260,975333,81.57,1,4
29261,975366,85.42,1,4
29262,975400,89.28,1,4
29263,975433,87.39,1,4
29264,975466,84.98,1,4
29265,975500,84.14,1,4
29266,975533,83.01,1,4
29267,975566,79.6,1,4
29268,975600,76.27,1,4
29269,975633,72.85,1,3
29270,975666,68.85,1,3
29271,975699,65.38,1,3
29272,975733,63.88,1,3
29273,975766,60.79,1,3
29274,975800,58.32,1,3
29275,975833,55.67,1,3
29276,975866,52.24,1,3
29277,975900,49.12,1,2
29278,975933,47.13,1,2
29279,975966,44.92,1,2
29280,976000,43.46,1,2
29281,976033,42.98,1,2
29282,976066,42.49,1,2
29283,976100,42.48,1,2
29284,976133,42.79,1,2
29285,976166,43.1,1,2
29286,976199,43.21,1,2
29287,976233,44.49,1,2
29288,976266,45.78,1,2
29289,976300,46.95,1,2
29290,976333,49.2,1,2
29291,976366,51.85,1,3
29292,976400,53.33,1,3
29293,976433,54.81,1,3
29294,976466,57.52,1,3
29295,976500,59.14,1,3
29296,976533,60.36,1,3
29297,976566,61.47,1,3
29298,976600,62.58,1,3
29299,976633,62.47,1,3
29300,976666,63.06,1,3
29301,976699,63.65,1,3
29302,976733,64.35,1,3
29303,976766,65.08,1,3
29304,976800,65.82,1,3
29305,976833,65.85,1,3
29306,976866,65.76,1,3
29307,976900,65.68,1,3
29308,976933,65.51,1,3
29309,976966,65.14,1,3
29310,977000,64.78,1,3
29311,977033,64.44,1,3
29312,977066,63.88,1,3
29313,977100,63.38,1,3
29314,977133,63.06,1,3
29315,977166,62.63,1,3
29316,977199,62.29,1,3
29317,977233,61.47,1,3
29318,977266,58.99,1,3
29319,977300,56.5,1,3
29320,977333,53.55,1,3
29321,977366,50.14,1,3
29322,977400,47.43,1,2
29323,977433,46.08,1,2
29324,977466,43.43,1,2
29325,977500,41.35,1,2
29326,977533,39.52,1,2
29327,977566,37.68,1,2
29328,977600,36.16,1,2
29329,977633,35.87,1,2
29330,977666,35.58,1,2
29331,977699,35.5,1,2
29332,977733,36.27,1,2
29333,977766,37.05,1,2
29334,977800,37.9,1,2
29335,977833,39.98,1,2
29336,977866,42.06,1,2
29337,977900,43.29,1,2
29338,977933,46.78,1,2
29339,977966,50.27,1,3
29340,978000,52.24,1,3
29341,978033,54.22,1,3
29342,978066,56.66,1,3
29343,978100,56.85,1,3
29344,978133,57.04,1,3
29345,978166,57.37,1,3
29346,978199,57.7,1,3
29347,978233,57.56,1,3
29348,978266,58.38,1,3
29349,978300,59.19,1,3
29350,978333,60.14,1,3
29351,978366,61.39,1,3
29352,978400,62.63,1,3
29353,978433,62.74,1,3
29354,978466,62.43,1,3
29355,978500,62.13,1,3
29356,978533,60.99,1,3
29357,978566,59.66,1,3
29358,978600,58.5,1,3
29359,978633,56.52,1,3
29360,978666,54.14,1,3
29361,978699,52.3,1,3
29362,978733,50.44,1,3
29363,978766,48.04,1,2
29364,978800,47.41,1,2
29365,978833,46.65,1,2
29366,978866,45.24,1,2
29367,978900,44.05,1,2
29368,978933,42.92,1,2
29369,978966,39.5,1,2
29370,979000,36.63,1,2
29371,979033,34.05,1,2
29372,979066,31.17,1,2
29373,979100,28.77,1,2
29374,979133,28.56,1,2
29375,979166,28.34,1,2
29376,979199,28.49,1,2
29377,979233,34.14,1,2
29378,979266,34.14,1,2
29379,979300,34.14,1,2
29380,979333,34.14,1,2
29381,979366,34.14,1,2
29382,979400,34.14,1,2
29383,979433,34.14,1,2
29384,979466,34.14,1,2
29385,979500,34.14,1,2
29386,979533,34.14,1,2
29387,979566,34.14,1,2
29388,979600,34.14,1,2
29389,979633,34.14,1,2
29390,979666,34.14,1,2
29391,979699,34.14,1,2
29392,979733,34.14,1,2
29393,979766,34.14,1,2
29394,979800,34.14,1,2
29395,979833,34.14,1,2
29396,979866,34.14,1,2
29397,979900,34.14,1,2
29398,979933,34.14,1,2
29399,979966,34.14,1,2
29400,980000,34.14,1,2
29401,980033,34.14,1,2
29402,980066,34.14,1,2
29403,980100,34.14,1,2
29404,980133,34.14,1,2
29405,980166,34.14,1,2
29406,980199,34.14,1,2
29407,980233,34.14,1,2
29408,980266,34.14,1,2
29409,980300,34.14,1,2
29410,980333,34.14,1,2
29411,980366,34.14,1,2
29412,980400,34.14,1,2
29413,980433,34.14,1,2
29414,980466,34.14,1,2
29415,980500,34.14,1,2
29416,980533,34.14,1,2
29417,980566,34.14,1,2
29418,980600,34.14,1,2
29419,980633,34.14,1,2
29420,980666,34.14,1,2
29421,980699,34.14,1,2
29422,980733,34.14,1,2
29423,980766,34.14,1,2
29424,980800,34.14,1,2
29425,980833,34.14,1,2
29426,980866,34.14,1,2
29427,980900,34.14,1,2
29428,980933,34.14,1,2
29429,980966,34.14,1,2
29430,981000,34.14,1,2
29431,981033,34.14,1,2
29432,981066,34.14,1,2
29433,981100,34.14,1,2
29434,981133,34.14,1,2
29435,981166,34.14,1,2
29436,981199,34.14,1,2
29437,981233,34.14,1,2
29438,981266,34.14,1,2
29439,981300,34.14,1,2
29440,981333,34.14,1,2
29441,981366,34.14,1,2
29442,981400,34.14,1,2
29443,981433,34.14,1,2
29444,981466,34.14,1,2
29445,981500,34.14,1,2
29446,981533,34.14,1,2
29447,981566,34.14,1,2
29448,981600,34.14,1,2
29449,981633,34.14,1,2
29450,981666,34.14,1,2
29451,981699,34.14,1,2
29452,981733,34.14,1,2
29453,981766,34.14,1,2
29454,981800,34.14,1,2
29455,981833,34.14,1,2
29456,981866,34.14,1,2
29457,981900,34.14,1,2
29458,981933,34.14,1,2
29459,981966,34.14,1,2
29460,982000,34.14,1,2
29461,982033,34.14,1,2
29462,982066,34.14,1,2
29463,982100,34.14,1,2
29464,982133,34.14,1,2
29465,982166,34.14,1,2
29466,982199,34.14,1,2
29467,982233,34.14,1,2
29468,982266,34.14,1,2
29469,982300,34.14,1,2
29470,982333,34.14,1,2
29471,982366,34.14,1,2
29472,982400,34.14,1,2
29473,982433,34.14,1,2
29474,982466,34.14,1,2
29475,982500,34.14,1,2
29476,982533,34.14,1,2
29477,982566,34.14,1,2
29478,982600,34.14,1,2
29479,982633,34.14,1,2
29480,982666,34.14,1,2
29481,982699,34.14,1,2
29482,982733,34.14,1,2
29483,982766,34.14,1,2
29484,982800,34.14,1,2
29485,982833,34.14,1,2
29486,982866,34.14,1,2
29487,982900,34.14,1,2
29488,982933,34.14,1,2
29489,982966,34.14,1,2
29490,983000,34.14,1,2
29491,983033,34.14,1,2
29492,983066,34.14,1,2
29493,983100,34.14,1,2
29494,983133,34.14,1,2
29495,983166,34.14,1,2
29496,983199,34.14,1,2
29497,983233,34.14,1,2
29498,983266,34.14,1,2
29499,983300,34.14,1,2
29500,983333,34.14,1,2
29501,983366,34.14,1,2
29502,983400,34.14,1,2
29503,983433,34.14,1,2
29504,983466,34.14,1,2
29505,983500,34.14,1,2
29506,983533,34.14,1,2
29507,983566,34.14,1,2
29508,983600,34.14,1,2
29509,983633,34.14,1,2
29510,983666,34.14,1,2
29511,983699,34.14,1,2
29512,983733,34.14,1,2
29513,983766,34.14,1,2
29514,983800,34.14,1,2
29515,983833,34.14,1,2
29516,983866,34.14,1,2
29517,983900,34.14,1,2
29518,983933,34.14,1,2
29519,983966,34.14,1,2
29520,984000,42.07,1,2
29521,984033,42.21,1,2
29522,984066,42.35,1,2
29523,984100,42.92,1,2
29524,984133,43.95,1,2
29525,984166,44.99,1,2
29526,984199,45.45,1,2
29527,984233,46.84,1,2
29528,984266,48.23,1,2
29529,984300,48.9,1,2
29530,984333,49.57,1,2
29531,984366,51.38,1,3
29532,984400,52.25,1,3
29533,984433,53.13,1,3
29534,984466,55.28,1,3
29535,984500,57.42,1,3
29536,984533,58.43,1,3
29537,984566,59.87,1,3
29538,984600,61.3,1,3
29539,984633,61.53,1,3
29540,984666,61.48,1,3
29541,984699,61.43,1,3
29542,984733,60.96,1,3
29543,984766,61.94,1,3
29544,984800,63.12,1,3
29545,984833,64.57,1,3
29546,984866,65.99,1,3
29547,984900,67.41,1,3
29548,984933,67.37,1,3
29549,984966,67.38,1,3
29550,985000,67.39,1,3
29551,985033,65.93,1,3
29552,985066,64.23,1,3
29553,985100,62.57,1,3
29554,985133,60.85,1,3
29555,985166,59.13,1,3
29556,985199,58.92,1,3
29557,985233,58.69,1,3
29558,985266,56.37,1,3
29559,985300,54.06,1,3
29560,985333,51.22,1,3
29561,985366,47.68,1,2
29562,985400,44.4,1,2
29563,985433,42.77,1,2
29564,985466,40.72,1,2
29565,985500,39.19,1,2
29566,985533,39,1,2
29567,985566,38.82,1,2
29568,985600,39.05,1,2
29569,985633,40.86,1,2
29570,985666,42.67,1,2
29571,985699,43.83,1,2
29572,985733,45.64,1,2
29573,985766,47.44,1,2
29574,985800,48.09,1,2
29575,985833,50.1,1,3
29576,985866,52.11,1,3
29577,985900,53.2,1,3
29578,985933,54.29,1,3
29579,985966,56.46,1,3
29580,986000,57.27,1,3
29581,986033,58.07,1,3
29582,986066,60.06,1,3
29583,986100,62.04,1,3
29584,986133,62.9,1,3
29585,986166,63.63,1,3
29586,986199,64.36,1,3
29587,986233,64.19,1,3
29588,986266,64.28,1,3
29589,986300,64.42,1,3
29590,986333,64.7,1,3
29591,986366,65,1,3
29592,986400,65.31,1,3
29593,986433,65.34,1,3
29594,986466,65.12,1,3
29595,986500,64.89,1,3
29596,986533,63.97,1,3
29597,986566,62.93,1,3
29598,986600,61.88,1,3
29599,986633,60.89,1,3
29600,986666,59.49,1,3
29601,986699,58.76,1,3
29602,986733,57.44,1,3
29603,986766,56.07,1,3
29604,986800,54.89,1,3
29605,986833,53.8,1,3
29606,986866,51.68,1,3
29607,986900,50.28,1,3
29608,986933,48.49,1,2
29609,986966,45.96,1,2
29610,987000,43.76,1,2
29611,987033,42.46,1,2
29612,987066,41.15,1,2
29613,987100,40.29,1,2
29614,987133,40.39,1,2
29615,987166,40.49,1,2
29616,987199,40.72,1,2
29617,987233,44.92,1,2
29618,987266,55.31,1,3
29619,987300,65.46,1,3
29620,987333,75.26,1,4
29621,987366,83.12,1,4
29622,987400,86.53,1,4
29623,987433,83.76,1,4
29624,987466,81.15,1,4
29625,987500,79.43,1,4
29626,987533,79.51,1,4
29627,987566,80.06,1,4
29628,987600,77.86,1,4
29629,987633,74.94,1,3
29630,987666,71.05,1,3
29631,987699,67.29,1,3
29632,987733,63.53,1,3
29633,987766,62.76,1,3
29634,987800,62.55,1,3
29635,987833,62.78,1,3
29636,987866,63.3,1,3
29637,987900,63.82,1,3
29638,987933,64.11,1,3
29639,987966,64.39,1,3
29640,988000,64.67,1,3
29641,988033,64.43,1,3
29642,988066,63.83,1,3
29643,988100,63.24,1,3
29644,988133,62.05,1,3
29645,988166,60.65,1,3
29646,988199,59.48,1,3
29647,988233,58.67,1,3
29648,988266,57.77,1,3
29649,988300,57.76,1,3
29650,988333,57.68,1,3
29651,988366,56.08,1,3
29652,988400,54.49,1,3
29653,988433,52.6,1,3
29654,988466,49,1,2
29655,988500,45.67,1,2
29656,988533,44.19,1,2
29657,988566,42.71,1,2
29658,988600,41.6,1,2
29659,988633,43.62,1,2
29660,988666,45.65,1,2
29661,988699,47.34,1,2
29662,988733,48.72,1,2
29663,988766,49.61,1,2
29664,988800,48.8,1,2
29665,988833,48.99,1,2
29666,988866,49.18,1,2
29667,988900,49.68,1,2
29668,988933,51.05,1,3
29669,988966,52.42,1,3
29670,989000,52.34,1,3
29671,989033,52.27,1,3
29672,989066,52.46,1,3
29673,989100,52.28,1,3
29674,989133,52.1,1,3
29675,989166,53.61,1,3
29676,989199,55.11,1,3
29677,989233,56.35,1,3
29678,989266,58.37,1,3
29679,989300,60.4,1,3
29680,989333,61.18,1,3
29681,989366,61.77,1,3
29682,989400,62.37,1,3
29683,989433,62.17,1,3
29684,989466,61.92,1,3
29685,989500,61.66,1,3
29686,989533,61.6,1,3
29687,989566,61.8,1,3
29688,989600,62,1,3
29689,989633,62.25,1,3
29690,989666,62.1,1,3
29691,989699,61.95,1,3
29692,989733,61.54,1,3
29693,989766,62.03,1,3
29694,989800,62.53,1,3
29695,989833,63.44,1,3
29696,989866,66.68,1,3
29697,989900,69.93,1,3
29698,989933,70.43,1,3
29699,989966,68.5,1,3
29700,990000,66.58,1,3
29701,990033,61.47,1,3
29702,990066,54.72,1,3
29703,990100,49.81,1,2
29704,990133,46.93,1,2
29705,990166,43.27,1,2
29706,990199,40.46,1,2
29707,990233,40.11,1,2
29708,990266,39.76,1,2
29709,990300,39.8,1,2
29710,990333,40.35,1,2
29711,990366,40.9,1,2
29712,990400,40.63,1,2
29713,990433,41.27,1,2
29714,990466,41.9,1,2
29715,990500,42.81,1,2
29716,990533,45.23,1,2
29717,990566,47.64,1,2
29718,990600,48.6,1,2
29719,990633,49.55,1,2
29720,990666,51.63,1,3
29721,990699,52.2,1,3
29722,990733,52.78,1,3
29723,990766,54.84,1,3
29724,990800,56.91,1,3
29725,990833,57.85,1,3
29726,990866,59.28,1,3
29727,990900,60.71,1,3
29728,990933,61.21,1,3
29729,990966,62.43,1,3
29730,991000,63.65,1,3
29731,991033,64.27,1,3
29732,991066,64.75,1,3
29733,991100,65.24,1,3
29734,991133,65,1,3
29735,991166,64.86,1,3
29736,991199,64.84,1,3
29737,991233,64.94,1,3
29738,991266,70.99,1,3
29739,991300,77.03,1,4
29740,991333,82.43,1,4
29741,991366,87.42,1,4
29742,991400,92.4,1,4
29743,991433,90.65,1,4
29744,991466,88.33,1,4
29745,991500,87.13,1,4
29746,991533,85.57,1,4
29747,991566,81.2,1,4
29748,991600,77.55,1,4
29749,991633,72.13,1,3
29750,991666,65.15,1,3
29751,991699,58.94,1,3
29752,991733,55.54,1,3
29753,991766,52.11,1,3
29754,991800,51.02,1,3
29755,991833,50.36,1,3
29756,991866,49.66,1,2
29757,991900,48.96,1,2
29758,991933,48,1,2
29759,991966,47.04,1,2
29760,992000,46.63,1,2
29761,992033,46.91,1,2
29762,992066,47.19,1,2
29763,992100,47.84,1,2
29764,992133,49.12,1,2
29765,992166,50.39,1,3
29766,992199,50.54,1,3
29767,992233,50.68,1,3
29768,992266,52.49,1,3
29769,992300,53.67,1,3
29770,992333,54.85,1,3
29771,992366,58.55,1,3
29772,992400,62.25,1,3
29773,992433,64.28,1,3
29774,992466,66.89,1,3
29775,992500,69.5,1,3
29776,992533,69.88,1,3
29777,992566,69.85,1,3
29778,992600,69.82,1,3
29779,992633,69.22,1,3
29780,992666,69.49,1,3
29781,992699,69.95,1,3
29782,992733,70.34,1,3
29783,992766,70.36,1,3
29784,992800,70.37,1,3
29785,992833,68.59,1,3
29786,992866,66.31,1,3
29787,992900,64.5,1,3
29788,992933,63.07,1,3
29789,992966,61.38,1,3
29790,993000,60.62,1,3
29791,993033,59.85,1,3
29792,993066,58.7,1,3
29793,993100,57.94,1,3
29794,993133,56.73,1,3
29795,993166,53.29,1,3
29796,993199,50.37,1,3
29797,993233,47.5,1,2
29798,993266,43.14,1,2
29799,993300,39.47,1,2
29800,993333,38.11,1,2
29801,993366,36.74,1,2
29802,993400,35.7,1,2
29803,993433,35.75,1,2
29804,993466,35.8,1,2
29805,993500,35.77,1,2
29806,993533,36.97,1,2
29807,993566,38.17,1,2
29808,993600,39.4,1,2
29809,993633,41.65,1,2
29810,993666,43.89,1,2
29811,993699,44.91,1,2
29812,993733,47.66,1,2
29813,993766,50.41,1,3
29814,993800,51.94,1,3
29815,993833,53.48,1,3
29816,993866,55.49,1,3
29817,993900,55.77,1,3
29818,993933,56.04,1,3
29819,993966,57.82,1,3
29820,994000,59.6,1,3
29821,994033,60.9,1,3
29822,994066,63.74,1,3
29823,994100,66.58,1,3
29824,994133,67.4,1,3
29825,994166,68.06,1,3
29826,994199,68.72,1,3
29827,994233,67.24,1,3
29828,994266,65.68,1,3
29829,994300,64.84,1,3
29830,994333,63.95,1,3
29831,994366,62.78,1,3
29832,994400,62.21,1,3
29833,994433,61.57,1,3
29834,994466,60.69,1,3
29835,994500,60.01,1,3
29836,994533,58.76,1,3
29837,994566,56.96,1,3
29838,994600,55.87,1,3
29839,994633,54.47,1,3
29840,994666,52.39,1,3
29841,994699,51.17,1,3
29842,994733,50.13,1,3
29843,994766,46.95,1,2
29844,994800,44.31,1,2
29845,994833,42.02,1,2
29846,994866,39.51,1,2
29847,994900,37.36,1,2
29848,994933,36.88,1,2
29849,994966,36.4,1,2
29850,995000,36.25,1,2
29851,995033,36.25,1,2
29852,995066,36.26,1,2
29853,995100,36.19,1,2
29854,995133,37.09,1,2
29855,995166,37.99,1,2
29856,995199,38.95,1,2
29857,995233,43.42,1,2
29858,995266,43.42,1,2
29859,995300,43.42,1,2
29860,995333,43.42,1,2
29861,995366,43.42,1,2
29862,995400,43.42,1,2
29863,995433,43.42,1,2
29864,995466,43.42,1,2
29865,995500,43.42,1,2
29866,995533,43.42,1,2
29867,995566,43.42,1,2
29868,995600,43.42,1,2
29869,995633,43.42,1,2
29870,995666,43.42,1,2
29871,995699,43.42,1,2
29872,995733,43.42,1,2
29873,995766,43.42,1,2
29874,995800,43.42,1,2
29875,995833,43.42,1,2
29876,995866,43.42,1,2
29877,995900,43.42,1,2
29878,995933,43.42,1,2
29879,995966,43.42,1,2
29880,996000,43.42,1,2
29881,996033,43.42,1,2
29882,996066,43.42,1,2
29883,996100,43.42,1,2
29884,996133,43.42,1,2
29885,996166,43.42,1,2
29886,996199,43.42,1,2
29887,996233,43.42,1,2
29888,996266,43.42,1,2
29889,996300,54.15,1,3
29890,996333,52.01,1,3
29891,996366,48.9,1,2
29892,996400,47.23,1,2
29893,996433,45.7,1,2
29894,996466,44.11,1,2
29895,996500,42.9,1,2
29896,996533,42.42,1,2
29897,996566,41.14,1,2
29898,996600,40.04,1,2
29899,996633,40.06,1,2
29900,996666,40.09,1,2
29901,996699,40.36,1,2
29902,996733,41.46,1,2
29903,996766,42.57,1,2
29904,996800,42.6,1,2
29905,996833,44.57,1,2
29906,996866,46.55,1,2
29907,996900,48.49,1,2
29908,996933,50.88,1,3
29909,996966,53.27,1,3
29910,997000,53.58,1,3
29911,997033,53.89,1,3
29912,997066,55.24,1,3
29913,997100,56.14,1,3
29914,997133,57.03,1,3
29915,997166,58.31,1,3
29916,997199,59.58,1,3
29917,997233,59.81,1,3
29918,997266,59.97,1,3
29919,997300,60.13,1,3
29920,997333,60.06,1,3
29921,997366,60.4,1,3
29922,997400,60.75,1,3
29923,997433,61.07,1,3
29924,997466,61.19,1,3
29925,997500,61.31,1,3
29926,997533,61.01,1,3
29927,997566,61.51,1,3
29928,997600,62.11,1,3
29929,997633,62.92,1,3
29930,997666,63.73,1,3
29931,997699,64.54,1,3
29932,997733,63.27,1,3
29933,997766,61.54,1,3
29934,997800,59.82,1,3
29935,997833,57.74,1,3
29936,997866,53.87,1,3
29937,997900,51.29,1,3
29938,997933,49.04,1,2
29939,997966,46.79,1,2
29940,998000,44.88,1,2
29941,998033,44.21,1,2
29942,998066,43.53,1,2
29943,998100,42.98,1,2
29944,998133,42.04,1,2
29945,998166,40.74,1,2
29946,998199,39.98,1,2
29947,998233,39.03,1,2
29948,998266,37.35,1,2
29949,998300,36.06,1,2
29950,998333,36,1,2
29951,998366,35.94,1,2
29952,998400,36.07,1,2
29953,998433,37.68,1,2
29954,998466,39.29,1,2
29955,998500,40.03,1,2
29956,998533,42.29,1,2
29957,998566,44.6,1,2
29958,998600,46.48,1,2
29959,998633,49.14,1,2
29960,998666,51.79,1,3
29961,998699,52.86,1,3
29962,998733,53.87,1,3
29963,998766,55.4,1,3
29964,998800,56.15,1,3
29965,998833,56.91,1,3
29966,998866,58.72,1,3
29967,998900,60.54,1,3
29968,998933,61.53,1,3
29969,998966,62.79,1,3
29970,999000,64.05,1,3
29971,999033,63.68,1,3
29972,999066,63.03,1,3
29973,999100,62.38,1,3
29974,999133,61.45,1,3
29975,999166,62.34,1,3
29976,999199,63.85,1,3
29977,999233,65.66,1,3
29978,999266,73.38,1,3
29979,999300,81.11,1,4
29980,999333,86.4,1,4
29981,999366,91.6,1,4
29982,999400,96.79,1,4
29983,999433,94.1,1,4
29984,999466,91.13,1,4
29985,999500,88.63,1,4
29986,999533,86.15,1,4
29987,999566,80.14,1,4
29988,999600,76.1,1,4
29989,999633,69.44,1,3
29990,999666,62.68,1,3
29991,999699,56,1,3
29992,999733,51.72,1,3
29993,999766,46.77,1,2
29994,999800,44.71,1,2
29995,999833,42.34,1,2
29996,999866,39.53,1,2
29997,999900,37.85,1,2
29998,999933,38.07,1,2
29999,999966,38.3,1,2
30000,1000000,39.09,1,2
30001,1000033,44.21,1,2
30002,1000066,49.34,1,2
30003,1000100,53.23,1,3
30004,1000133,58.07,1,3
30005,1000166,62.92,1,3
30006,1000199,63.28,1,3
30007,1000233,63.63,1,3
30008,1000266,65.07,1,3
30009,1000300,65.56,1,3
30010,1000333,66.05,1,3
30011,1000366,67.34,1,3
30012,1000400,68.63,1,3
30013,1000433,68.84,1,3
30014,1000466,69.33,1,3
30015,1000500,69.82,1,3
30016,1000533,68.91,1,3
30017,1000566,67.68,1,3
30018,1000600,66.44,1,3
30019,1000633,64.93,1,3
30020,1000666,63.68,1,3
30021,1000699,63.61,1,3
30022,1000733,63.87,1,3
30023,1000766,64.66,1,3
30024,1000800,65.45,1,3
30025,1000833,65.98,1,3
30026,1000866,66.14,1,3
30027,1000900,66.29,1,3
30028,1000933,64.01,1,3
30029,1000966,61.32,1,3
30030,1001000,58.63,1,3
30031,1001033,56.12,1,3
30032,1001066,53.26,1,3
30033,1001100,52.3,1,3
30034,1001133,51.5,1,3
30035,1001166,48.51,1,2
30036,1001199,45.71,1,2
30037,1001233,42.97,1,2
30038,1001266,39.93,1,2
30039,1001300,37.16,1,2
30040,1001333,36.27,1,2
30041,1001366,35.34,1,2
30042,1001400,34.7,1,2
30043,1001433,34.44,1,2
30044,1001466,34.18,1,2
30045,1001500,34.22,1,2
30046,1001533,35.1,1,2
30047,1001566,35.97,1,2
30048,1001600,36.76,1,2
30049,1001633,38.83,1,2
30050,1001666,40.9,1,2
30051,1001699,42.17,1,2
30052,1001733,44.43,1,2
30053,1001766,46.69,1,2
30054,1001800,47.68,1,2
30055,1001833,48.91,1,2
30056,1001866,51.33,1,3
30057,1001900,52.77,1,3
30058,1001933,54.2,1,3
30059,1001966,57.84,1,3
30060,1002000,61.23,1,3
30061,1002033,63.13,1,3
30062,1002066,64.75,1,3
30063,1002100,66.36,1,3
30064,1002133,65.31,1,3
30065,1002166,64.1,1,3
30066,1002199,63.18,1,3
30067,1002233,62.34,1,3
30068,1002266,61.22,1,3
30069,1002300,60.57,1,3
30070,1002333,60.08,1,3
30071,1002366,59.5,1,3
30072,1002400,59.13,1,3
30073,1002433,58.5,1,3
30074,1002466,57.71,1,3
30075,1002500,56.93,1,3
30076,1002533,56.23,1,3
30077,1002566,55.37,1,3
30078,1002600,55.06,1,3
30079,1002633,54.75,1,3
30080,1002666,54.32,1,3
30081,1002699,53.89,1,3
30082,1002733,53.08,1,3
30083,1002766,50.44,1,3
30084,1002800,47.96,1,2
30085,1002833,45.29,1,2
30086,1002866,41.46,1,2
30087,1002900,38.17,1,2
30088,1002933,36.48,1,2
30089,1002966,34.8,1,2
30090,1003000,33.41,1,2
30091,1003033,34.53,1,2
30092,1003066,35.66,1,2
30093,1003100,37.01,1,2
30094,1003133,38.74,1,2
30095,1003166,40.47,1,2
30096,1003199,40.85,1,2
30097,1003233,45.79,1,2
30098,1003266,56.27,1,3
30099,1003300,66.37,1,3
30100,1003333,76.47,1,4
30101,1003366,84.83,1,4
30102,1003400,88.37,1,4
30103,1003433,86.37,1,4
30104,1003466,84.4,1,4
30105,1003500,82.48,1,4
30106,1003533,82.29,1,4
30107,1003566,82.37,1,4
30108,1003600,81.58,1,4
30109,1003633,80.08,1,4
30110,1003666,77.87,1,4
30111,1003699,75.65,1,4
30112,1003733,72.51,1,3
30113,1003766,69.85,1,3
30114,1003800,67.87,1,3
30115,1003833,65.96,1,3
30116,1003866,63.8,1,3
30117,1003900,62.58,1,3
30118,1003933,61.74,1,3
30119,1003966,60.84,1,3
30120,1004000,60.55,1,3
30121,1004033,59.73,1,3
30122,1004066,58.71,1,3
30123,1004100,57.69,1,3
30124,1004133,56.73,1,3
30125,1004166,55.63,1,3
30126,1004199,55.29,1,3
30127,1004233,54.62,1,3
30128,1004266,53.77,1,3
30129,1004300,53.1,1,3
30130,1004333,52.46,1,3
30131,1004366,51.81,1,3
30132,1004400,51.71,1,3
30133,1004433,51.49,1,3
30134,1004466,49.46,1,2
30135,1004500,47.54,1,2
30136,1004533,45.28,1,2
30137,1004566,42.55,1,2
30138,1004600,40.1,1,2
30139,1004633,39,1,2
30140,1004666,37.61,1,2
30141,1004699,36.57,1,2
30142,1004733,36.8,1,2
30143,1004766,37.03,1,2
30144,1004800,37.56,1,2
30145,1004833,39.47,1,2
30146,1004866,41.38,1,2
30147,1004900,42.47,1,2
30148,1004933,43.31,1,2
30149,1004966,44.09,1,2
30150,1005000,43.78,1,2
30151,1005033,44.67,1,2
30152,1005066,45.57,1,2
30153,1005100,46.71,1,2
30154,1005133,49.24,1,2
30155,1005166,51.76,1,3
30156,1005199,52.84,1,3
30157,1005233,53.92,1,3
30158,1005266,55.69,1,3
30159,1005300,56.16,1,3
30160,1005333,56.62,1,3
30161,1005366,57.41,1,3
30162,1005400,58.2,1,3
30163,1005433,58.29,1,3
30164,1005466,58.39,1,3
30165,1005500,58.49,1,3
30166,1005533,58.49,1,3
30167,1005566,59.3,1,3
30168,1005600,60.11,1,3
30169,1005633,60.14,1,3
30170,1005666,59.9,1,3
30171,1005699,59.66,1,3
30172,1005733,58.62,1,3
30173,1005766,57.67,1,3
30174,1005800,57.5,1,3
30175,1005833,57.02,1,3
30176,1005866,56.4,1,3
30177,1005900,55.93,1,3
30178,1005933,55.22,1,3
30179,1005966,53.96,1,3
30180,1006000,53.26,1,3
30181,1006033,52.41,1,3
30182,1006066,49.82,1,2
30183,1006100,47.38,1,2
30184,1006133,44.99,1,2
30185,1006166,42.16,1,2
30186,1006199,39.64,1,2
30187,1006233,38.59,1,2
30188,1006266,37.55,1,2
30189,1006300,37.01,1,2
30190,1006333,37.8,1,2
30191,1006366,38.59,1,2
30192,1006400,39.49,1,2
30193,1006433,41.65,1,2
30194,1006466,43.82,1,2
30195,1006500,45.09,1,2
30196,1006533,46.82,1,2
30197,1006566,48.54,1,2
30198,1006600,49,1,2
30199,1006633,49.53,1,2
30200,1006666,50.54,1,3
30201,1006699,51.09,1,3
30202,1006733,51.64,1,3
30203,1006766,53.93,1,3
30204,1006800,56.14,1,3
30205,1006833,57.36,1,3
30206,1006866,58.42,1,3
30207,1006900,59.48,1,3
30208,1006933,58.8,1,3
30209,1006966,58.41,1,3
30210,1007000,58.53,1,3
30211,1007033,58.81,1,3
30212,1007066,60.18,1,3
30213,1007100,61.55,1,3
30214,1007133,62.5,1,3
30215,1007166,63.25,1,3
30216,1007199,64,1,3
30217,1007233,63.66,1,3
30218,1007266,69.91,1,3
30219,1007300,76.3,1,4
30220,1007333,82.46,1,4
30221,1007366,87.85,1,4
30222,1007400,93.25,1,4
30223,1007433,91.87,1,4
30224,1007466,89.84,1,4
30225,1007500,88.24,1,4
30226,1007533,86.94,1,4
30227,1007566,84.2,1,4
30228,1007600,78.1,1,4
30229,1007633,72.39,1,3
30230,1007666,63.67,1,3
30231,1007699,55.39,1,3
30232,1007733,48.08,1,2
30233,1007766,43.91,1,2
30234,1007800,40,1,2
30235,1007833,40.08,1,2
30236,1007866,40.16,1,2
30237,1007900,40.74,1,2
30238,1007933,41.37,1,2
30239,1007966,41.98,1,2
30240,1008000,41.63,1,2
30241,1008033,42.38,1,2
30242,1008066,43.14,1,2
30243,1008100,44.23,1,2
30244,1008133,45.84,1,2
30245,1008166,47.45,1,2
30246,1008199,47.94,1,2
30247,1008233,51.75,1,3
30248,1008266,55.86,1,3
30249,1008300,59.78,1,3
30250,1008333,64.87,1,3
30251,1008366,71.47,1,3
30252,1008400,74.75,1,3
30253,1008433,77.38,1,4
30254,1008466,79.44,1,4
30255,1008500,80.33,1,4
30256,1008533,78.34,1,4
30257,1008566,75.99,1,4
30258,1008600,73.97,1,3
30259,1008633,72.23,1,3
30260,1008666,70.61,1,3
30261,1008699,70.36,1,3
30262,1008733,70.42,1,3
30263,1008766,70.15,1,3
30264,1008800,69.88,1,3
30265,1008833,68.39,1,3
30266,1008866,66.55,1,3
30267,1008900,64.78,1,3
30268,1008933,62.01,1,3
30269,1008966,58.98,1,3
30270,1009000,57.06,1,3
30271,1009033,54.94,1,3
30272,1009066,51.19,1,3
30273,1009100,48.77,1,2
30274,1009133,46.36,1,2
30275,1009166,43.82,1,2
30276,1009199,41.82,1,2
30277,1009233,41.15,1,2
30278,1009266,39.87,1,2
30279,1009300,38.84,1,2
30280,1009333,37.66,1,2
30281,1009366,35.94,1,2
30282,1009400,34.52,1,2
30283,1009433,34.63,1,2
30284,1009466,34.74,1,2
30285,1009500,35.13,1,2
30286,1009533,37.99,1,2
30287,1009566,40.84,1,2
30288,1009600,42.78,1,2
30289,1009633,45.32,1,2
30290,1009666,47.85,1,2
30291,1009699,48.45,1,2
30292,1009733,50.33,1,3
30293,1009766,52.32,1,3
30294,1009800,53.74,1,3
30295,1009833,55.16,1,3
30296,1009866,58.29,1,3
30297,1009900,60.12,1,3
30298,1009933,61.86,1,3
30299,1009966,64.93,1,3
30300,1010000,68,1,3
30301,1010033,67.55,1,3
30302,1010066,66.91,1,3
30303,1010100,66.27,1,3
30304,1010133,63.43,1,3
30305,1010166,60.46,1,3
30306,1010199,59.31,1,3
30307,1010233,58.35,1,3
30308,1010266,57.65,1,3
30309,1010300,57.77,1,3
30310,1010333,57.95,1,3
30311,1010366,57.88,1,3
30312,1010400,57.8,1,3
30313,1010433,57.39,1,3
30314,1010466,56.78,1,3
30315,1010500,56.24,1,3
30316,1010533,55.48,1,3
30317,1010566,54.6,1,3
30318,1010600,53.81,1,3
30319,1010633,52.71,1,3
30320,1010666,50.8,1,3
30321,1010699,49.37,1,2
30322,1010733,47.87,1,2
30323,1010766,46.07,1,2
30324,1010800,44.78,1,2
30325,1010833,44.89,1,2
30326,1010866,45.01,1,2
30327,1010900,45.3,1,2
30328,1010933,45.5,1,2
30329,1010966,44.11,1,2
30330,1011000,42.13,1,2
30331,1011033,41.15,1,2
30332,1011066,40.17,1,2
30333,1011100,39.58,1,2
30334,1011133,41.5,1,2
30335,1011166,43.41,1,2
30336,1011199,44.33,1,2
30337,1011233,48.5,1,2
30338,1011266,58.72,1,3
30339,1011300,68.02,1,3
30340,1011333,75.97,1,4
30341,1011366,83.34,1,4
30342,1011400,87.33,1,4
30343,1011433,85.29,1,4
30344,1011466,83.24,1,4
30345,1011500,82.51,1,4
30346,1011533,82.38,1,4
30347,1011566,81.18,1,4
30348,1011600,79.97,1,4
30349,1011633,78.17,1,4
30350,1011666,75.85,1,4
30351,1011699,73.54,1,3
30352,1011733,70.49,1,3
30353,1011766,67.23,1,3
30354,1011800,64.57,1,3
30355,1011833,62.44,1,3
30356,1011866,59.84,1,3
30357,1011900,59.16,1,3
30358,1011933,58.69,1,3
30359,1011966,58.28,1,3
30360,1012000,57.87,1,3
30361,1012033,57.45,1,3
30362,1012066,56.86,1,3
30363,1012100,56.28,1,3
30364,1012133,54.52,1,3
30365,1012166,52.68,1,3
30366,1012199,51.39,1,3
30367,1012233,50.07,1,3
30368,1012266,47.12,1,2
30369,1012300,45.3,1,2
30370,1012333,44.38,1,2
30371,1012366,43.38,1,2
30372,1012400,42.57,1,2
30373,1012433,42.97,1,2
30374,1012466,41.91,1,2
30375,1012500,40.02,1,2
30376,1012533,38.89,1,2
30377,1012566,37.76,1,2
30378,1012600,37.06,1,2
30379,1012633,39.25,1,2
30380,1012666,41.44,1,2
30381,1012699,42.88,1,2
30382,1012733,45.19,1,2
30383,1012766,47.5,1,2
30384,1012800,48.38,1,2
30385,1012833,49.66,1,2
30386,1012866,50.95,1,3
30387,1012900,51.21,1,3
30388,1012933,51.46,1,3
30389,1012966,52.5,1,3
30390,1013000,53.12,1,3
30391,1013033,53.75,1,3
30392,1013066,54.49,1,3
30393,1013100,55.23,1,3
30394,1013133,55.2,1,3
30395,1013166,55.85,1,3
30396,1013199,56.51,1,3
30397,1013233,56.8,1,3
30398,1013266,56.99,1,3
30399,1013300,57.18,1,3
30400,1013333,56.68,1,3
30401,1013366,56.17,1,3
30402,1013400,56.07,1,3
30403,1013433,56.06,1,3
30404,1013466,56,1,3
30405,1013500,55.93,1,3
30406,1013533,55.88,1,3
30407,1013566,55.87,1,3
30408,1013600,55.87,1,3
30409,1013633,55.48,1,3
30410,1013666,54.97,1,3
30411,1013699,54.45,1,3
30412,1013733,52.96,1,3
30413,1013766,51.23,1,3
30414,1013800,50.19,1,3
30415,1013833,48.49,1,2
30416,1013866,45.82,1,2
30417,1013900,44.08,1,2
30418,1013933,42.89,1,2
30419,1013966,41.46,1,2
30420,1014000,40.82,1,2
30421,1014033,40.78,1,2
30422,1014066,40.02,1,2
30423,1014100,38.94,1,2
30424,1014133,37.71,1,2
30425,1014166,36.01,1,2
30426,1014199,34.66,1,2
30427,1014233,34.57,1,2
30428,1014266,34.47,1,2
30429,1014300,34.54,1,2
30430,1014333,36.96,1,2
30431,1014366,39.39,1,2
30432,1014400,41.28,1,2
30433,1014433,44.29,1,2
30434,1014466,47.3,1,2
30435,1014500,48.29,1,2
30436,1014533,49.29,1,2
30437,1014566,50.81,1,3
30438,1014600,51.21,1,3
30439,1014633,51.61,1,3
30440,1014666,53.21,1,3
30441,1014699,54.81,1,3
30442,1014733,55.88,1,3
30443,1014766,56.78,1,3
30444,1014800,57.69,1,3
30445,1014833,57.52,1,3
30446,1014866,57.28,1,3
30447,1014900,57.03,1,3
30448,1014933,56.95,1,3
30449,1014966,56.86,1,3
30450,1015000,56.77,1,3
30451,1015033,56.76,1,3
30452,1015066,59.48,1,3
30453,1015100,62.21,1,3
30454,1015133,64.94,1,3
30455,1015166,68.35,1,3
30456,1015199,71.77,1,3
30457,1015233,72.45,1,3
30458,1015266,77.91,1,4
30459,1015300,83.37,1,4
30460,1015333,87.26,1,4
30461,1015366,88.06,1,4
30462,1015400,88.86,1,4
30463,1015433,84.36,1,4
30464,1015466,78.88,1,4
30465,1015500,74.3,1,3
30466,1015533,72.44,1,3
30467,1015566,70.59,1,3
30468,1015600,68.79,1,3
30469,1015633,65.5,1,3
30470,1015666,61.19,1,3
30471,1015699,57.23,1,3
30472,1015733,52.36,1,3
30473,1015766,47.93,1,2
30474,1015800,45.97,1,2
30475,1015833,45.15,1,2
30476,1015866,44.34,1,2
30477,1015900,44.43,1,2
30478,1015933,45.48,1,2
30479,1015966,46.53,1,2
30480,1016000,47.4,1,2
30481,1016033,48.27,1,2
30482,1016066,50.03,1,3
30483,1016100,50.86,1,3
30484,1016133,51.69,1,3
30485,1016166,53.37,1,3
30486,1016199,55.05,1,3
30487,1016233,55.84,1,3
30488,1016266,57.31,1,3
30489,1016300,58.78,1,3
30490,1016333,59.46,1,3
30491,1016366,60.67,1,3
30492,1016400,61.89,1,3
30493,1016433,61.9,1,3
30494,1016466,61.58,1,3
30495,1016500,61.25,1,3
30496,1016533,60.39,1,3
30497,1016566,59.49,1,3
30498,1016600,59.11,1,3
30499,1016633,59.08,1,3
30500,1016666,60.05,1,3
30501,1016699,61.04,1,3
30502,1016733,63.1,1,3
30503,1016766,65.31,1,3
30504,1016800,67.52,1,3
30505,1016833,67.27,1,3
30506,1016866,66.55,1,3
30507,1016900,65.27,1,3
30508,1016933,62.93,1,3
30509,1016966,58,1,3
30510,1017000,54.51,1,3
30511,1017033,50.95,1,3
30512,1017066,45.18,1,2
30513,1017100,40.3,1,2
30514,1017133,37.86,1,2
30515,1017166,35.42,1,2
30516,1017199,33.5,1,2
30517,1017233,33.35,1,2
30518,1017266,33.21,1,2
30519,1017300,33.22,1,2
30520,1017333,34.65,1,2
30521,1017366,36.08,1,2
30522,1017400,37.51,1,2
30523,1017433,39.73,1,2
30524,1017466,41.96,1,2
30525,1017500,42.65,1,2
30526,1017533,43.33,1,2
30527,1017566,45.25,1,2
30528,1017600,46.36,1,2
30529,1017633,47.47,1,2
30530,1017666,49.62,1,2
30531,1017699,51.77,1,3
30532,1017733,52.7,1,3
30533,1017766,53.62,1,3
30534,1017800,54.55,1,3
30535,1017833,54.55,1,3
30536,1017866,55.16,1,3
30537,1017900,55.76,1,3
30538,1017933,56.36,1,3
30539,1017966,58.08,1,3
30540,1018000,59.81,1,3
30541,1018033,60.84,1,3
30542,1018066,61.62,1,3
30543,1018100,62.4,1,3
30544,1018133,61.25,1,3
30545,1018166,59.87,1,3
30546,1018199,58.59,1,3
30547,1018233,57.55,1,3
30548,1018266,56.35,1,3
30549,1018300,56.34,1,3
30550,1018333,56.17,1,3
30551,1018366,54.74,1,3
30552,1018400,53.32,1,3
30553,1018433,51.58,1,3
30554,1018466,48,1,2
30555,1018500,44.78,1,2
30556,1018533,42.33,1,2
30557,1018566,39.39,1,2
30558,1018600,36.92,1,2
30559,1018633,35.88,1,2
30560,1018666,34.83,1,2
30561,1018699,34.28,1,2
30562,1018733,34.16,1,2
30563,1018766,34.04,1,2
30564,1018800,33.97,1,2
30565,1018833,35.16,1,2
30566,1018866,36.35,1,2
30567,1018900,37.6,1,2
30568,1018933,39.66,1,2
30569,1018966,41.73,1,2
30570,1019000,42.53,1,2
30571,1019033,43.56,1,2
30572,1019066,45.49,1,2
30573,1019100,46.63,1,2
30574,1019133,47.76,1,2
30575,1019166,49.6,1,2
30576,1019199,51.21,1,3
30577,1019233,51.91,1,3
30578,1019266,61.04,1,3
30579,1019300,70.18,1,3
30580,1019333,78.43,1,4
30581,1019366,86.33,1,4
30582,1019400,94.24,1,4
30583,1019433,93.53,1,4
30584,1019466,92.58,1,4
30585,1019500,91.82,1,4
30586,1019533,91.15,1,4
30587,1019566,86.52,1,4
30588,1019600,82.07,1,4
30589,1019633,77.65,1,4
30590,1019666,72.78,1,3
30591,1019699,68.16,1,3
30592,1019733,66.35,1,3
30593,1019766,64.21,1,3
30594,1019800,62.29,1,3
30595,1019833,60.59,1,3
30596,1019866,58.29,1,3
30597,1019900,57.5,1,3
30598,1019933,56.68,1,3
30599,1019966,54.91,1,3
30600,1020000,53.37,1,3
30601,1020033,51.81,1,3
30602,1020066,48.79,1,2
30603,1020100,46.12,1,2
30604,1020133,43.88,1,2
30605,1020166,40.51,1,2
30606,1020199,37.74,1,2
30607,1020233,35.82,1,2
30608,1020266,33.91,1,2
30609,1020300,32.51,1,2
30610,1020333,34.27,1,2
30611,1020366,36.03,1,2
30612,1020400,38.04,1,2
30613,1020433,40.57,1,2
30614,1020466,43.11,1,2
30615,1020500,43.62,1,2
30616,1020533,45.06,1,2
30617,1020566,46.5,1,2
30618,1020600,47.25,1,2
30619,1020633,48,1,2
30620,1020666,49.41,1,2
30621,1020699,49.9,1,2
30622,1020733,50.39,1,3
30623,1020766,53.61,1,3
30624,1020800,56.83,1,3
30625,1020833,58.75,1,3
30626,1020866,60.5,1,3
30627,1020900,62.25,1,3
30628,1020933,60.76,1,3
30629,1020966,59.18,1,3
30630,1021000,58.25,1,3
30631,1021033,57.48,1,3
30632,1021066,57.02,1,3
30633,1021100,57.24,1,3
30634,1021133,57.55,1,3
30635,1021166,57.5,1,3
30636,1021199,57.45,1,3
30637,1021233,56.4,1,3
30638,1021266,55.13,1,3
30639,1021300,53.86,1,3
30640,1021333,52.78,1,3
30641,1021366,51.11,1,3
30642,1021400,50.04,1,3
30643,1021433,49.03,1,2
30644,1021466,47.19,1,2
30645,1021500,45.52,1,2
30646,1021533,43.99,1,2
30647,1021566,42.51,1,2
30648,1021600,41.2,1,2
30649,1021633,40.5,1,2
30650,1021666,39.39,1,2
30651,1021699,38.73,1,2
30652,1021733,37.87,1,2
30653,1021766,36.6,1,2
30654,1021800,35.53,1,2
30655,1021833,35.69,1,2
30656,1021866,35.85,1,2
30657,1021900,36.25,1,2
30658,1021933,39.28,1,2
30659,1021966,42.3,1,2
30660,1022000,44.52,1,2
30661,1022033,48.06,1,2
30662,1022066,51.6,1,3
30663,1022100,52.94,1,3
30664,1022133,54.71,1,3
30665,1022166,56.49,1,3
30666,1022199,56.77,1,3
30667,1022233,56.54,1,3
30668,1022266,56.07,1,3
30669,1022300,55.16,1,3
30670,1022333,54.25,1,3
30671,1022366,54.21,1,3
30672,1022400,54.69,1,3
30673,1022433,55.41,1,3
30674,1022466,56.21,1,3
30675,1022500,57.01,1,3
30676,1022533,56.55,1,3
30677,1022566,56.03,1,3
30678,1022600,55.51,1,3
30679,1022633,54.9,1,3
30680,1022666,54.59,1,3
30681,1022699,54.81,1,3
30682,1022733,54.83,1,3
30683,1022766,54.57,1,3
30684,1022800,54.31,1,3
30685,1022833,53.76,1,3
30686,1022866,54.29,1,3
30687,1022900,55.09,1,3
30688,1022933,55.6,1,3
30689,1022966,55.97,1,3
30690,1023000,56.35,1,3
30691,1023033,55.64,1,3
30692,1023066,55,1,3
30693,1023100,55.15,1,3
30694,1023133,55.22,1,3
30695,1023166,54.29,1,3
30696,1023199,53.37,1,3
30697,1023233,54.54,1,3
30698,1023266,62.31,1,3
30699,1023300,70.52,1,3
30700,1023333,79.51,1,4
30701,1023366,84.17,1,4
30702,1023400,86.66,1,4
30703,1023433,82.16,1,4
30704,1023466,77.44,1,4
30705,1023500,72.93,1,3
30706,1023533,72.49,1,3
30707,1023566,72.05,1,3
30708,1023600,71.48,1,3
30709,1023633,70.43,1,3
30710,1023666,69.37,1,3
30711,1023699,68.58,1,3
30712,1023733,67.72,1,3
30713,1023766,67.18,1,3
30714,1023800,66.59,1,3
30715,1023833,65.25,1,3
30716,1023866,63.61,1,3
30717,1023900,62.03,1,3
30718,1023933,60.32,1,3
30719,1023966,58.92,1,3
30720,1024000,58.29,1,3
30721,1024033,57.95,1,3
30722,1024066,57.79,1,3
30723,1024099,57.77,1,3
30724,1024133,57.36,1,3
30725,1024166,56.8,1,3
30726,1024200,56.25,1,3
30727,1024233,55.44,1,3
30728,1024266,54.46,1,3
30729,1024300,54.06,1,3
30730,1024333,53.82,1,3
30731,1024366,53.59,1,3
30732,1024400,53.43,1,3
30733,1024433,53.1,1,3
30734,1024466,52.53,1,3
30735,1024500,52.2,1,3
30736,1024533,51.61,1,3
30737,1024566,50.72,1,3
30738,1024599,50.19,1,3
30739,1024633,49.6,1,2
30740,1024666,47.77,1,2
30741,1024700,46.16,1,2
30742,1024733,45.84,1,2
30743,1024766,45.52,1,2
30744,1024800,45.5,1,2
30745,1024833,46.06,1,2
30746,1024866,46.56,1,2
30747,1024900,46.08,1,2
30748,1024933,45.27,1,2
30749,1024966,44.45,1,2
30750,1025000,44.07,1,2
30751,1025033,44.98,1,2
30752,1025066,45.88,1,2
30753,1025099,47.12,1,2
30754,1025133,48.48,1,2
30755,1025166,49.85,1,2
30756,1025200,49.98,1,2
30757,1025233,51.56,1,3
30758,1025266,53.14,1,3
30759,1025300,54.52,1,3
30760,1025333,55.86,1,3
30761,1025366,57.2,1,3
30762,1025400,56.63,1,3
30763,1025433,55.9,1,3
30764,1025466,54.99,1,3
30765,1025500,54.11,1,3
30766,1025533,53.23,1,3
30767,1025566,53.04,1,3
30768,1025599,53.01,1,3
30769,1025633,53.24,1,3
30770,1025666,53.29,1,3
30771,1025700,53.35,1,3
30772,1025733,53.09,1,3
30773,1025766,52.72,1,3
30774,1025800,52.35,1,3
30775,1025833,52.16,1,3
30776,1025866,51.96,1,3
30777,1025900,51.84,1,3
30778,1025933,51.83,1,3
30779,1025966,52.46,1,3
30780,1026000,53.09,1,3
30781,1026033,53.6,1,3
30782,1026066,53.8,1,3
30783,1026099,54,1,3
30784,1026133,53.25,1,3
30785,1026166,52.36,1,3
30786,1026200,51.74,1,3
30787,1026233,51.28,1,3
30788,1026266,49.61,1,2
30789,1026300,48.26,1,2
30790,1026333,46.56,1,2
30791,1026366,44.1,1,2
30792,1026400,41.78,1,2
30793,1026433,41.07,1,2
30794,1026466,40.36,1,2
30795,1026500,40.14,1,2
30796,1026533,40.3,1,2
30797,1026566,39.92,1,2
30798,1026599,39.14,1,2
30799,1026633,39.09,1,2
30800,1026666,39.05,1,2
30801,1026700,39.24,1,2
30802,1026733,40.33,1,2
30803,1026766,41.43,1,2
30804,1026800,41.79,1,2
30805,1026833,43.47,1,2
30806,1026866,45.15,1,2
30807,1026900,46.42,1,2
30808,1026933,47.68,1,2
30809,1026966,49.26,1,2
30810,1027000,49.52,1,2
30811,1027033,49.78,1,2
30812,1027066,50.06,1,3
30813,1027099,50.34,1,3
30814,1027133,50.3,1,3
30815,1027166,50.85,1,3
30816,1027200,51.4,1,3
30817,1027233,51.99,1,3
30818,1027266,61.32,1,3
30819,1027300,70.66,1,3
30820,1027333,79.17,1,4
30821,1027366,87.68,1,4
30822,1027400,96.19,1,4
30823,1027433,95.34,1,4
30824,1027466,94.33,1,4
30825,1027500,93.56,1,4
30826,1027533,91.37,1,4
30827,1027566,87.96,1,4
30828,1027599,82.21,1,4
30829,1027633,76.62,1,4
30830,1027666,71.43,1,3
30831,1027700,67.67,1,3
30832,1027733,65.1,1,3
30833,1027766,65.15,1,3
30834,1027800,64.92,1,3
30835,1027833,64.24,1,3
30836,1027866,60.69,1,3
30837,1027900,57.15,1,3
30838,1027933,53.51,1,3
30839,1027966,48.95,1,2
30840,1028000,44.43,1,2
30841,1028033,42.4,1,2
30842,1028066,40.06,1,2
30843,1028099,38.17,1,2
30844,1028133,38.42,1,2
30845,1028166,38.68,1,2
30846,1028200,39.32,1,2
30847,1028233,39.91,1,2
30848,1028266,40.3,1,2
30849,1028300,39.74,1,2
30850,1028333,39.74,1,2
30851,1028366,39.73,1,2
30852,1028400,40.09,1,2
30853,1028433,41.33,1,2
30854,1028466,42.58,1,2
30855,1028500,43.27,1,2
30856,1028533,45.45,1,2
30857,1028566,47.63,1,2
30858,1028599,48.79,1,2
30859,1028633,49.95,1,2
30860,1028666,51.94,1,3
30861,1028700,52.44,1,3
30862,1028733,52.73,1,3
30863,1028766,53.23,1,3
30864,1028800,53.73,1,3
30865,1028833,53.4,1,3
30866,1028866,53.03,1,3
30867,1028900,52.85,1,3
30868,1028933,52.8,1,3
30869,1028966,54.1,1,3
30870,1029000,55.39,1,3
30871,1029033,55.94,1,3
30872,1029066,56.32,1,3
30873,1029099,56.71,1,3
30874,1029133,55.56,1,3
30875,1029166,54.27,1,3
30876,1029200,53.78,1,3
30877,1029233,53.2,1,3
30878,1029266,52.37,1,3
30879,1029300,51.73,1,3
30880,1029333,51.23,1,3
30881,1029366,51.22,1,3
30882,1029400,51.46,1,3
30883,1029433,51.64,1,3
30884,1029466,50.11,1,3
30885,1029500,48.58,1,2
30886,1029533,46.3,1,2
30887,1029566,43.08,1,2
30888,1029599,40.17,1,2
30889,1029633,38.7,1,2
30890,1029666,36.49,1,2
30891,1029700,34.56,1,2
30892,1029733,33.54,1,2
30893,1029766,32.52,1,2
30894,1029800,31.77,1,2
30895,1029833,32.28,1,2
30896,1029866,32.8,1,2
30897,1029900,33.33,1,2
30898,1029933,34.93,1,2
30899,1029966,36.53,1,2
30900,1030000,37.61,1,2
30901,1030033,39.66,1,2
30902,1030066,41.71,1,2
30903,1030099,42.69,1,2
30904,1030133,44.86,1,2
30905,1030166,48.27,1,2
30906,1030200,50.7,1,3
30907,1030233,53.01,1,3
30908,1030266,55.02,1,3
30909,1030300,55.84,1,3
30910,1030333,55.41,1,3
30911,1030366,54.89,1,3
30912,1030400,54.48,1,3
30913,1030433,54.38,1,3
30914,1030466,55.65,1,3
30915,1030500,56.93,1,3
30916,1030533,58.31,1,3
30917,1030566,61.48,1,3
30918,1030599,64.65,1,3
30919,1030633,66.45,1,3
30920,1030666,68.92,1,3
30921,1030700,71.38,1,3
30922,1030733,69.77,1,3
30923,1030766,68.01,1,3
30924,1030800,66.25,1,3
30925,1030833,62.31,1,3
30926,1030866,58.1,1,3
30927,1030900,56.16,1,3
30928,1030933,54.33,1,3
30929,1030966,50.75,1,3
30930,1031000,48.69,1,2
30931,1031033,46.04,1,2
30932,1031066,43.17,1,2
30933,1031099,40.35,1,2
30934,1031133,39.28,1,2
30935,1031166,38.22,1,2
30936,1031200,38.02,1,2
30937,1031233,40.72,1,2
30938,1031266,40.72,1,2
30939,1031300,40.72,1,2
30940,1031333,40.72,1,2
30941,1031366,40.72,1,2
30942,1031400,40.72,1,2
30943,1031433,40.72,1,2
30944,1031466,40.72,1,2
30945,1031500,40.72,1,2
30946,1031533,40.72,1,2
30947,1031566,40.72,1,2
30948,1031599,40.72,1,2
30949,1031633,40.72,1,2
30950,1031666,40.72,1,2
30951,1031700,40.72,1,2
30952,1031733,40.72,1,2
30953,1031766,40.72,1,2
30954,1031800,40.72,1,2
30955,1031833,40.72,1,2
30956,1031866,40.72,1,2
30957,1031900,40.72,1,2
30958,1031933,40.72,1,2
30959,1031966,40.72,1,2
30960,1032000,40.72,1,2
30961,1032033,40.72,1,2
30962,1032066,40.72,1,2
30963,1032099,40.72,1,2
30964,1032133,40.72,1,2
30965,1032166,40.72,1,2
30966,1032200,40.72,1,2
30967,1032233,40.72,1,2
30968,1032266,40.72,1,2
30969,1032300,40.72,1,2
30970,1032333,40.72,1,2
30971,1032366,40.72,1,2
30972,1032400,40.72,1,2
30973,1032433,40.72,1,2
30974,1032466,40.72,1,2
30975,1032500,40.72,1,2
30976,1032533,40.72,1,2
30977,1032566,40.72,1,2
30978,1032599,50.16,1,3
30979,1032633,48.11,1,2
30980,1032666,44.52,1,2
30981,1032700,42.28,1,2
30982,1032733,39.97,1,2
30983,1032766,36.9,1,2
30984,1032800,34.13,1,2
30985,1032833,32.84,1,2
30986,1032866,31.54,1,2
30987,1032900,30.69,1,2
30988,1032933,31.36,1,2
30989,1032966,32.02,1,2
30990,1033000,32.76,1,2
30991,1033033,34.61,1,2
30992,1033066,36.46,1,2
30993,1033099,37.57,1,2
30994,1033133,39.95,1,2
30995,1033166,42.33,1,2
30996,1033200,43.6,1,2
30997,1033233,45.44,1,2
30998,1033266,47.58,1,2
30999,1033300,48.72,1,2
31000,1033333,50,1,2
31001,1033366,54.23,1,3
31002,1033400,57.89,1,3
31003,1033433,61.25,1,3
31004,1033466,64.77,1,3
31005,1033500,68.16,1,3
31006,1033533,68.6,1,3
31007,1033566,69.62,1,3
31008,1033599,70.64,1,3
31009,1033633,69.47,1,3
31010,1033666,67.69,1,3
31011,1033700,65.92,1,3
31012,1033733,63.2,1,3
31013,1033766,60.22,1,3
31014,1033800,59,1,3
31015,1033833,58.2,1,3
31016,1033866,57.07,1,3
31017,1033900,56.31,1,3
31018,1033933,55.8,1,3
31019,1033966,56.13,1,3
31020,1034000,56.65,1,3
31021,1034033,55.96,1,3
31022,1034066,54.98,1,3
31023,1034099,54,1,3
31024,1034133,51.33,1,3
31025,1034166,48.57,1,2
31026,1034200,47.42,1,2
31027,1034233,46.2,1,2
31028,1034266,43.93,1,2
31029,1034300,42.51,1,2
31030,1034333,40.96,1,2
31031,1034366,38.27,1,2
31032,1034400,35.95,1,2
31033,1034433,34.42,1,2
31034,1034466,32.62,1,2
31035,1034500,31.06,1,2
31036,1034533,30.94,1,2
31037,1034566,30.82,1,2
31038,1034599,30.96,1,2
31039,1034633,31.98,1,2
31040,1034666,33,1,2
31041,1034700,33.62,1,2
31042,1034733,35.41,1,2
31043,1034766,37.2,1,2
31044,1034800,38.37,1,2
31045,1034833,40.18,1,2
31046,1034866,41.99,1,2
31047,1034900,42.62,1,2
31048,1034933,43.82,1,2
31049,1034966,46.17,1,2
31050,1035000,47.89,1,2
31051,1035033,49.61,1,2
31052,1035066,51.47,1,3
31053,1035099,52.77,1,3
31054,1035133,52.91,1,3
31055,1035166,54.07,1,3
31056,1035200,55.23,1,3
31057,1035233,56.25,1,3
31058,1035266,65.44,1,3
31059,1035300,74.63,1,3
31060,1035333,82.36,1,4
31061,1035366,89.85,1,4
31062,1035400,97.34,1,4
31063,1035433,96.45,1,4
31064,1035466,95.46,1,4
31065,1035500,94.91,1,4
31066,1035533,93.82,1,4
31067,1035566,90.32,1,4
31068,1035599,84.78,1,4
31069,1035633,78.49,1,4
31070,1035666,71.55,1,3
31071,1035700,65.41,1,3
31072,1035733,60.96,1,3
31073,1035766,58.27,1,3
31074,1035800,55.98,1,3
31075,1035833,54.26,1,3
31076,1035866,50.36,1,3
31077,1035900,47.17,1,2
31078,1035933,44.09,1,2
31079,1035966,40.66,1,2
31080,1036000,37.3,1,2
31081,1036033,36.12,1,2
31082,1036066,34.95,1,2
31083,1036099,34.15,1,2
31084,1036133,34.62,1,2
31085,1036166,35.08,1,2
31086,1036200,35.54,1,2
31087,1036233,36.29,1,2
31088,1036266,37.03,1,2
31089,1036300,37.32,1,2
31090,1036333,38.88,1,2
31091,1036366,40.44,1,2
31092,1036400,41.72,1,2
31093,1036433,43.63,1,2
31094,1036466,47.03,1,2
31095,1036500,49.16,1,2
31096,1036533,51.04,1,3
31097,1036566,52.85,1,3
31098,1036599,53.91,1,3
31099,1036633,53.48,1,3
31100,1036666,53.5,1,3
31101,1036700,53.78,1,3
31102,1036733,54.13,1,3
31103,1036766,54.63,1,3
31104,1036800,55.12,1,3
31105,1036833,55.1,1,3
31106,1036866,54.85,1,3
31107,1036900,54.6,1,3
31108,1036933,54.31,1,3
31109,1036966,54.1,1,3
31110,1037000,53.96,1,3
31111,1037033,53.54,1,3
31112,1037066,52.86,1,3
31113,1037099,52.17,1,3
31114,1037133,51.41,1,3
31115,1037166,50.85,1,3
31116,1037200,50.8,1,3
31117,1037233,51.01,1,3
31118,1037266,51.13,1,3
31119,1037300,51.26,1,3
31120,1037333,51.17,1,3
31121,1037366,51.07,1,3
31122,1037400,50.98,1,3
31123,1037433,50.26,1,3
31124,1037466,48.51,1,2
31125,1037500,46.76,1,2
31126,1037533,44.61,1,2
31127,1037566,41.98,1,2
31128,1037599,40.07,1,2
31129,1037633,38.83,1,2
31130,1037666,37.26,1,2
31131,1037700,36.1,1,2
31132,1037733,35.61,1,2
31133,1037766,35.11,1,2
31134,1037800,34.98,1,2
31135,1037833,34.92,1,2
31136,1037866,34.35,1,2
31137,1037900,33.59,1,2
31138,1037933,33.63,1,2
31139,1037966,33.68,1,2
31140,1038000,33.98,1,2
31141,1038033,35.74,1,2
31142,1038066,37.5,1,2
31143,1038099,38.45,1,2
31144,1038133,40.62,1,2
31145,1038166,42.79,1,2
31146,1038200,43.9,1,2
31147,1038233,45.01,1,2
31148,1038266,46.19,1,2
31149,1038300,46.14,1,2
31150,1038333,46.09,1,2
31151,1038366,46.79,1,2
31152,1038400,47.48,1,2
31153,1038433,48.1,1,2
31154,1038466,49.11,1,2
31155,1038500,50.11,1,3
31156,1038533,50.5,1,3
31157,1038566,50.59,1,3
31158,1038599,50.68,1,3
31159,1038633,50.27,1,3
31160,1038666,49.67,1,2
31161,1038700,49.07,1,2
31162,1038733,48.77,1,2
31163,1038766,48.49,1,2
31164,1038800,48.34,1,2
31165,1038833,48.37,1,2
31166,1038866,49.6,1,2
31167,1038900,50.83,1,3
31168,1038933,52.03,1,3
31169,1038966,52.84,1,3
31170,1039000,53.64,1,3
31171,1039033,53.1,1,3
31172,1039066,50.56,1,3
31173,1039099,48.01,1,2
31174,1039133,45.59,1,2
31175,1039166,42.02,1,2
31176,1039200,38.6,1,2
31177,1039233,40.77,1,2
31178,1039266,40.77,1,2
31179,1039300,40.77,1,2
31180,1039333,40.77,1,2
31181,1039366,40.77,1,2
31182,1039400,40.77,1,2
31183,1039433,40.77,1,2
31184,1039466,40.77,1,2
31185,1039500,40.77,1,2
31186,1039533,40.77,1,2
31187,1039566,40.77,1,2
31188,1039599,40.77,1,2
31189,1039633,40.77,1,2
31190,1039666,40.77,1,2
31191,1039700,40.77,1,2
31192,1039733,40.77,1,2
31193,1039766,40.77,1,2
31194,1039800,40.77,1,2
31195,1039833,40.77,1,2
31196,1039866,40.77,1,2
31197,1039900,40.77,1,2
31198,1039933,40.77,1,2
31199,1039966,40.77,1,2
31200,1040000,50.84,1,3
31201,1040033,50.43,1,3
31202,1040066,50.7,1,3
31203,1040099,51.1,1,3
31204,1040133,51.7,1,3
31205,1040166,52.15,1,3
31206,1040200,52.6,1,3
31207,1040233,52.36,1,3
31208,1040266,52.26,1,3
31209,1040300,52.24,1,3
31210,1040333,52.38,1,3
31211,1040366,52.13,1,3
31212,1040400,51.88,1,3
31213,1040433,51.49,1,3
31214,1040466,51.69,1,3
31215,1040500,51.88,1,3
31216,1040533,52.47,1,3
31217,1040566,54.41,1,3
31218,1040599,56.35,1,3
31219,1040633,57.72,1,3
31220,1040666,60.04,1,3
31221,1040700,62.45,1,3
31222,1040733,63.41,1,3
31223,1040766,62.52,1,3
31224,1040800,61.63,1,3
31225,1040833,59.56,1,3
31226,1040866,55.03,1,3
31227,1040900,50.58,1,3
31228,1040933,47.66,1,2
31229,1040966,43.64,1,2
31230,1041000,39.85,1,2
31231,1041033,38.02,1,2
31232,1041066,36.19,1,2
31233,1041099,34.68,1,2
31234,1041133,35.3,1,2
31235,1041166,35.92,1,2
31236,1041200,36.96,1,2
31237,1041233,38.56,1,2
31238,1041266,40.15,1,2
31239,1041300,40.71,1,2
31240,1041333,41.79,1,2
31241,1041366,42.86,1,2
31242,1041400,43.18,1,2
31243,1041433,43.49,1,2
31244,1041466,44.62,1,2
31245,1041500,45.22,1,2
31246,1041533,45.82,1,2
31247,1041566,46.67,1,2
31248,1041599,47.51,1,2
31249,1041633,47.55,1,2
31250,1041666,47.8,1,2
31251,1041700,48.05,1,2
31252,1041733,49.27,1,2
31253,1041766,50.56,1,3
31254,1041800,51.84,1,3
31255,1041833,52.92,1,3
31256,1041866,53.95,1,3
31257,1041900,53.98,1,3
31258,1041933,53.93,1,3
31259,1041966,54.43,1,3
31260,1042000,54.93,1,3
31261,1042033,54.28,1,3
31262,1042066,53.41,1,3
31263,1042099,52.54,1,3
31264,1042133,51.13,1,3
31265,1042166,49.41,1,2
31266,1042200,49.3,1,2
31267,1042233,49.66,1,2
31268,1042266,50.01,1,3
31269,1042300,50.91,1,3
31270,1042333,51.51,1,3
31271,1042366,51.22,1,3
31272,1042400,50.68,1,3
31273,1042433,49.69,1,2
31274,1042466,46.89,1,2
31275,1042500,44.68,1,2
31276,1042533,42.7,1,2
31277,1042566,39.17,1,2
31278,1042599,36.09,1,2
31279,1042633,34.31,1,2
31280,1042666,32.53,1,2
31281,1042700,31.02,1,2
31282,1042733,31.9,1,2
31283,1042766,32.79,1,2
31284,1042800,33.64,1,2
31285,1042833,35.3,1,2
31286,1042866,36.96,1,2
31287,1042900,37.76,1,2
31288,1042933,39.06,1,2
31289,1042966,40.37,1,2
31290,1043000,40.88,1,2
31291,1043033,41.83,1,2
31292,1043066,42.78,1,2
31293,1043099,43.05,1,2
31294,1043133,43.33,1,2
31295,1043166,44.72,1,2
31296,1043200,45.66,1,2
31297,1043233,46.61,1,2
31298,1043266,57.86,1,3
31299,1043300,69.11,1,3
31300,1043333,78.68,1,4
31301,1043366,88.24,1,4
31302,1043400,97.8,1,4
31303,1043433,97.19,1,4
31304,1043466,95.79,1,4
31305,1043500,94.96,1,4
31306,1043533,94.12,1,4
31307,1043566,89.32,1,4
31308,1043599,83.8,1,4
31309,1043633,78.78,1,4
31310,1043666,73.24,1,3
31311,1043700,67.7,1,3
31312,1043733,66.13,1,3
31313,1043766,65.02,1,3
31314,1043800,64.22,1,3
31315,1043833,63.51,1,3
31316,1043866,62.46,1,3
31317,1043900,61.4,1,3
31318,1043933,60.16,1,3
31319,1043966,58.84,1,3
31320,1044000,58.01,1,3
31321,1044033,57.17,1,3
31322,1044066,55.73,1,3
31323,1044099,54.77,1,3
31324,1044133,53.41,1,3
31325,1044166,50.5,1,3
31326,1044200,47.98,1,2
31327,1044233,45.66,1,2
31328,1044266,41.77,1,2
31329,1044300,38.36,1,2
31330,1044333,36.56,1,2
31331,1044366,34.76,1,2
31332,1044400,33.34,1,2
31333,1044433,33.93,1,2
31334,1044466,34.52,1,2
31335,1044500,34.96,1,2
31336,1044533,36.96,1,2
31337,1044566,38.96,1,2
31338,1044599,40.52,1,2
31339,1044633,42.81,1,2
31340,1044666,45.1,1,2
31341,1044700,45.74,1,2
31342,1044733,46.38,1,2
31343,1044766,47.13,1,2
31344,1044800,47.15,1,2
31345,1044833,47.16,1,2
31346,1044866,48.02,1,2
31347,1044900,48.87,1,2
31348,1044933,49.4,1,2
31349,1044966,49.76,1,2
31350,1045000,50.12,1,3
31351,1045033,49.65,1,2
31352,1045066,49.11,1,2
31353,1045099,48.78,1,2
31354,1045133,48.62,1,2
31355,1045166,48.4,1,2
31356,1045200,48.26,1,2
31357,1045233,48.2,1,2
31358,1045266,49.39,1,2
31359,1045300,50.59,1,3
31360,1045333,51.06,1,3
31361,1045366,51.3,1,3
31362,1045400,51.55,1,3
31363,1045433,50.01,1,3
31364,1045466,48.47,1,2
31365,1045500,47.69,1,2
31366,1045533,47.16,1,2
31367,1045566,45.79,1,2
31368,1045599,44.94,1,2
31369,1045633,43.76,1,2
31370,1045666,41.41,1,2
31371,1045700,39.07,1,2
31372,1045733,37.32,1,2
31373,1045766,35.49,1,2
31374,1045800,34.01,1,2
31375,1045833,33.6,1,2
31376,1045866,33.2,1,2
31377,1045900,33.03,1,2
31378,1045933,32.98,1,2
31379,1045966,32.94,1,2
31380,1046000,32.97,1,2
31381,1046033,33.42,1,2
31382,1046066,33.86,1,2
31383,1046099,34.28,1,2
31384,1046133,35.98,1,2
31385,1046166,37.69,1,2
31386,1046200,38.98,1,2
31387,1046233,41.26,1,2
31388,1046266,43.54,1,2
31389,1046300,44.54,1,2
31390,1046333,45.52,1,2
31391,1046366,46.51,1,2
31392,1046400,46.29,1,2
31393,1046433,46.08,1,2
31394,1046466,46.48,1,2
31395,1046500,46.89,1,2
31396,1046533,47.3,1,2
31397,1046566,48.5,1,2
31398,1046599,49.7,1,2
31399,1046633,50.28,1,3
31400,1046666,50.95,1,3
31401,1046700,51.61,1,3
31402,1046733,51.64,1,3
31403,1046766,51.52,1,3
31404,1046800,51.4,1,3
31405,1046833,51.01,1,3
31406,1046866,50.5,1,3
31407,1046900,50.05,1,3
31408,1046933,49.46,1,2
31409,1046966,48.73,1,2
31410,1047000,48.19,1,2
31411,1047033,47.38,1,2
31412,1047066,46.04,1,2
31413,1047099,45,1,2
31414,1047133,44.08,1,2
31415,1047166,43.56,1,2
31416,1047200,43.67,1,2
31417,1047233,44.44,1,2
31418,1047266,55.41,1,3
31419,1047300,66.38,1,3
31420,1047333,76.86,1,4
31421,1047366,86.18,1,4
31422,1047400,95.36,1,4
31423,1047433,93.87,1,4
31424,1047466,91.35,1,4
31425,1047500,88.92,1,4
31426,1047533,86.64,1,4
31427,1047566,83.82,1,4
31428,1047599,77.17,1,4
31429,1047633,70.06,1,3
31430,1047666,62.96,1,3
31431,1047700,56.62,1,3
31432,1047733,51.33,1,3
31433,1047766,50.36,1,3
31434,1047800,50.87,1,3
31435,1047833,54.31,1,3
31436,1047866,57.74,1,3
31437,1047900,60.66,1,3
31438,1047933,65.15,1,3
31439,1047966,69.64,1,3
31440,1048000,70.96,1,3
31441,1048033,69.82,1,3
31442,1048066,68.57,1,3
31443,1048099,65.61,1,3
31444,1048133,62.28,1,3
31445,1048166,58.91,1,3
31446,1048200,58,1,3
31447,1048233,57.21,1,3
31448,1048266,58.13,1,3
31449,1048300,59.41,1,3
31450,1048333,60.98,1,3
31451,1048366,62.81,1,3
31452,1048400,64.63,1,3
31453,1048433,64.37,1,3
31454,1048466,63.84,1,3
31455,1048500,63.31,1,3
31456,1048533,60.44,1,3
31457,1048566,57.26,1,3
31458,1048600,54.6,1,3
31459,1048633,51.55,1,3
31460,1048666,48.26,1,2
31461,1048700,47.06,1,2
31462,1048733,45.75,1,2
31463,1048766,44.16,1,2
31464,1048800,43.52,1,2
31465,1048833,42.84,1,2
31466,1048866,42.14,1,2
31467,1048900,41.84,1,2
31468,1048933,41.62,1,2
31469,1048966,40.56,1,2
31470,1049000,39.78,1,2
31471,1049033,38.8,1,2
31472,1049066,37.72,1,2
31473,1049100,36.84,1,2
31474,1049133,36.35,1,2
31475,1049166,35.45,1,2
31476,1049200,34.77,1,2
31477,1049233,34.7,1,2
31478,1049266,34.64,1,2
31479,1049300,34.76,1,2
31480,1049333,35.96,1,2
31481,1049366,37.16,1,2
31482,1049400,37.85,1,2
31483,1049433,38.98,1,2
31484,1049466,40.1,1,2
31485,1049500,40.53,1,2
31486,1049533,43.11,1,2
31487,1049566,45.69,1,2
31488,1049600,47.83,1,2
31489,1049633,52.02,1,3
31490,1049666,56.64,1,3
31491,1049700,59.11,1,3
31492,1049733,60.34,1,3
31493,1049766,61.28,1,3
31494,1049800,60.18,1,3
31495,1049833,58.01,1,3
31496,1049866,55.62,1,3
31497,1049900,54.47,1,3
31498,1049933,53.53,1,3
31499,1049966,52.48,1,3
31500,1050000,52.07,1,3
31501,1050033,51.9,1,3
31502,1050066,54.23,1,3
31503,1050100,56.65,1,3
31504,1050133,58.76,1,3
31505,1050166,60.18,1,3
31506,1050200,61.59,1,3
31507,1050233,59.49,1,3
31508,1050266,56.97,1,3
31509,1050300,54.85,1,3
31510,1050333,51.95,1,3
31511,1050366,48.84,1,2
31512,1050400,46.73,1,2
31513,1050433,45.05,1,2
31514,1050466,43.63,1,2
31515,1050500,43.69,1,2
31516,1050533,43.95,1,2
31517,1050566,42.78,1,2
31518,1050600,41.62,1,2
31519,1050633,40.61,1,2
31520,1050666,39.61,1,2
31521,1050700,38.61,1,2
31522,1050733,38.31,1,2
31523,1050766,37.55,1,2
31524,1050800,36.35,1,2
31525,1050833,35.54,1,2
31526,1050866,34.72,1,2
31527,1050900,34.64,1,2
31528,1050933,37.15,1,2
31529,1050966,39.67,1,2
31530,1051000,41.81,1,2
31531,1051033,43.64,1,2
31532,1051066,45.4,1,2
31533,1051100,45.01,1,2
31534,1051133,45.58,1,2
31535,1051166,46.15,1,2
31536,1051200,47.01,1,2
31537,1051233,48.31,1,2
31538,1051266,58.88,1,3
31539,1051300,68.51,1,3
31540,1051333,78,1,4
31541,1051366,87.49,1,4
31542,1051400,96.46,1,4
31543,1051433,95.4,1,4
31544,1051466,93.91,1,4
31545,1051500,92.55,1,4
31546,1051533,89.51,1,4
31547,1051566,85.61,1,4
31548,1051600,80.31,1,4
31549,1051633,74.28,1,3
31550,1051666,67.55,1,3
31551,1051700,62.5,1,3
31552,1051733,58.5,1,3
31553,1051766,56.62,1,3
31554,1051800,55.9,1,3
31555,1051833,55.82,1,3
31556,1051866,55.37,1,3
31557,1051900,54.91,1,3
31558,1051933,53.43,1,3
31559,1051966,51.66,1,3
31560,1052000,49.95,1,2
31561,1052033,48.19,1,2
31562,1052066,46.23,1,2
31563,1052100,45.33,1,2
31564,1052133,44.71,1,2
31565,1052166,43.46,1,2
31566,1052200,42.64,1,2
31567,1052233,41.62,1,2
31568,1052266,39.58,1,2
31569,1052300,37.56,1,2
31570,1052333,35.84,1,2
31571,1052366,33.23,1,2
31572,1052400,31.02,1,2
31573,1052433,31.44,1,2
31574,1052466,31.87,1,2
31575,1052500,32.6,1,2
31576,1052533,34.06,1,2
31577,1052566,35.51,1,2
31578,1052600,35.34,1,2
31579,1052633,35.51,1,2
31580,1052666,35.69,1,2
31581,1052700,36.04,1,2
31582,1052733,37.74,1,2
31583,1052766,39.45,1,2
31584,1052800,40.8,1,2
31585,1052833,42.82,1,2
31586,1052866,44.85,1,2
31587,1052900,45.42,1,2
31588,1052933,45.99,1,2
31589,1052966,46.9,1,2
31590,1053000,47.14,1,2
31591,1053033,47.38,1,2
31592,1053066,47.76,1,2
31593,1053100,48.15,1,2
31594,1053133,48.19,1,2
31595,1053166,50.12,1,3
31596,1053200,52.05,1,3
31597,1053233,52.94,1,3
31598,1053266,53.63,1,3
31599,1053300,54.32,1,3
31600,1053333,52.72,1,3
31601,1053366,51.03,1,3
31602,1053400,50.33,1,3
31603,1053433,49.46,1,2
31604,1053466,48.42,1,2
31605,1053500,47.78,1,2
31606,1053533,47.23,1,2
31607,1053566,46.96,1,2
31608,1053600,47.06,1,2
31609,1053633,47.33,1,2
31610,1053666,47.52,1,2
31611,1053700,47.76,1,2
31612,1053733,47.69,1,2
31613,1053766,47.1,1,2
31614,1053800,46.51,1,2
31615,1053833,45.79,1,2
31616,1053866,43.47,1,2
31617,1053900,41.2,1,2
31618,1053933,39.73,1,2
31619,1053966,38.25,1,2
31620,1054000,36.98,1,2
31621,1054033,37.3,1,2
31622,1054066,37.62,1,2
31623,1054100,37.66,1,2
31624,1054133,37.44,1,2
31625,1054166,37.21,1,2
31626,1054200,36.95,1,2
31627,1054233,36.82,1,2
31628,1054266,36.69,1,2
31629,1054300,36.82,1,2
31630,1054333,37.81,1,2
31631,1054366,38.8,1,2
31632,1054400,39.64,1,2
31633,1054433,41.48,1,2
31634,1054466,43.63,1,2
31635,1054500,44.93,1,2
31636,1054533,46.24,1,2
31637,1054566,47.51,1,2
31638,1054600,47.8,1,2
31639,1054633,47.77,1,2
31640,1054666,47.77,1,2
31641,1054700,47.76,1,2
31642,1054733,47.64,1,2
31643,1054766,47.32,1,2
31644,1054800,47,1,2
31645,1054833,46.66,1,2
31646,1054866,46.87,1,2
31647,1054900,47.23,1,2
31648,1054933,47.75,1,2
31649,1054966,48.25,1,2
31650,1055000,48.75,1,2
31651,1055033,48.59,1,2
31652,1055066,48.3,1,2
31653,1055100,48.05,1,2
31654,1055133,47.82,1,2
31655,1055166,47.95,1,2
31656,1055200,48.17,1,2
31657,1055233,48.51,1,2
31658,1055266,58.44,1,3
31659,1055300,68.36,1,3
31660,1055333,77.38,1,4
31661,1055366,86.22,1,4
31662,1055400,95.07,1,4
31663,1055433,93.34,1,4
31664,1055466,89.93,1,4
31665,1055500,87.06,1,4
31666,1055533,83.79,1,4
31667,1055566,78.79,1,4
31668,1055600,71.54,1,3
31669,1055633,64.53,1,3
31670,1055666,56.29,1,3
31671,1055700,48.63,1,2
31672,1055733,43.74,1,2
31673,1055766,42.1,1,2
31674,1055800,41.91,1,2
31675,1055833,43.92,1,2
31676,1055866,45.93,1,2
31677,1055900,46.9,1,2
31678,1055933,47.55,1,2
31679,1055966,47.13,1,2
31680,1056000,45.74,1,2
31681,1056033,44.09,1,2
31682,1056066,42.44,1,2
31683,1056100,41.11,1,2
31684,1056133,41.54,1,2
31685,1056166,41.98,1,2
31686,1056200,42.45,1,2
31687,1056233,42.93,1,2
31688,1056266,43.61,1,2
31689,1056300,43.59,1,2
31690,1056333,43.58,1,2
31691,1056366,44.48,1,2
31692,1056400,45.39,1,2
31693,1056433,46.09,1,2
31694,1056466,46.83,1,2
31695,1056500,47.56,1,2
31696,1056533,47.6,1,2
31697,1056566,47.83,1,2
31698,1056600,48.07,1,2
31699,1056633,48.26,1,2
31700,1056666,48.5,1,2
31701,1056700,48.74,1,2
31702,1056733,48.78,1,2
31703,1056766,49.15,1,2
31704,1056800,49.52,1,2
31705,1056833,49.86,1,2
31706,1056866,50.58,1,3
31707,1056900,51.31,1,3
31708,1056933,51.71,1,3
31709,1056966,52.41,1,3
31710,1057000,53.11,1,3
31711,1057033,53.02,1,3
31712,1057066,52.38,1,3
31713,1057100,51.74,1,3
31714,1057133,50.52,1,3
31715,1057166,47.27,1,2
31716,1057200,44.43,1,2
31717,1057233,41.89,1,2
31718,1057266,38.42,1,2
31719,1057300,35.23,1,2
31720,1057333,34.88,1,2
31721,1057366,34.53,1,2
31722,1057400,34.44,1,2
31723,1057433,37.53,1,2
31724,1057466,40.62,1,2
31725,1057500,42.88,1,2
31726,1057533,48.49,1,2
31727,1057566,54.2,1,3
31728,1057600,57.55,1,3
31729,1057633,59.17,1,3
31730,1057666,59.09,1,3
31731,1057700,55.65,1,3
31732,1057733,51.69,1,3
31733,1057766,47.65,1,2
31734,1057800,45.14,1,2
31735,1057833,44.32,1,2
31736,1057866,43.3,1,2
31737,1057900,42.72,1,2
31738,1057933,42.3,1,2
31739,1057966,42.34,1,2
31740,1058000,42.39,1,2
31741,1058033,42.63,1,2
31742,1058066,42.96,1,2
31743,1058100,43.28,1,2
31744,1058133,43.37,1,2
31745,1058166,43.92,1,2
31746,1058200,44.47,1,2
31747,1058233,44.93,1,2
31748,1058266,45.8,1,2
31749,1058300,46.67,1,2
31750,1058333,47.09,1,2
31751,1058366,49.55,1,2
31752,1058400,52.02,1,3
31753,1058433,54.06,1,3
31754,1058466,55.89,1,3
31755,1058500,57.72,1,3
31756,1058533,56.95,1,3
31757,1058566,55.86,1,3
31758,1058600,54.78,1,3
31759,1058633,53.38,1,3
31760,1058666,51.84,1,3
31761,1058700,50.39,1,3
31762,1058733,49.25,1,2
31763,1058766,48.96,1,2
31764,1058800,49.62,1,2
31765,1058833,49.99,1,2
31766,1058866,48.83,1,2
31767,1058900,47.66,1,2
31768,1058933,45.2,1,2
31769,1058966,42.08,1,2
31770,1059000,39.4,1,2
31771,1059033,38.49,1,2
31772,1059066,37.1,1,2
31773,1059100,36.16,1,2
31774,1059133,35.23,1,2
31775,1059166,33.95,1,2
31776,1059200,32.89,1,2
31777,1059233,35.51,1,2
31778,1059266,35.51,1,2
31779,1059300,35.51,1,2
31780,1059333,35.51,1,2
31781,1059366,35.51,1,2
31782,1059400,35.51,1,2
31783,1059433,35.51,1,2
31784,1059466,35.51,1,2
31785,1059500,35.51,1,2
31786,1059533,35.51,1,2
31787,1059566,35.51,1,2
31788,1059600,35.51,1,2
31789,1059633,35.51,1,2
31790,1059666,35.51,1,2
31791,1059700,35.51,1,2
31792,1059733,35.51,1,2
31793,1059766,35.51,1,2
31794,1059800,35.51,1,2
31795,1059833,35.51,1,2
31796,1059866,35.51,1,2
31797,1059900,35.51,1,2
31798,1059933,35.51,1,2
31799,1059966,35.51,1,2
31800,1060000,35.51,1,2
31801,1060033,35.51,1,2
31802,1060066,35.51,1,2
31803,1060100,35.51,1,2
31804,1060133,35.51,1,2
31805,1060166,35.51,1,2
31806,1060200,35.51,1,2
31807,1060233,35.51,1,2
31808,1060266,35.51,1,2
31809,1060300,44.25,1,2
31810,1060333,42.39,1,2
31811,1060366,39.99,1,2
31812,1060400,37.66,1,2
31813,1060433,37.29,1,2
31814,1060466,36.92,1,2
31815,1060500,36.84,1,2
31816,1060533,37.81,1,2
31817,1060566,38.77,1,2
31818,1060600,39.29,1,2
31819,1060633,40.38,1,2
31820,1060666,41.48,1,2
31821,1060700,42.06,1,2
31822,1060733,42.22,1,2
31823,1060766,41.71,1,2
31824,1060800,40.61,1,2
31825,1060833,40.45,1,2
31826,1060866,40.28,1,2
31827,1060900,40.53,1,2
31828,1060933,41.45,1,2
31829,1060966,42.38,1,2
31830,1061000,42.37,1,2
31831,1061033,43.21,1,2
31832,1061066,44.06,1,2
31833,1061100,44.63,1,2
31834,1061133,44.98,1,2
31835,1061166,45.07,1,2
31836,1061200,44.31,1,2
31837,1061233,43.55,1,2
31838,1061266,43.44,1,2
31839,1061300,43.55,1,2
31840,1061333,43.65,1,2
31841,1061366,43.63,1,2
31842,1061400,43.6,1,2
31843,1061433,43.22,1,2
31844,1061466,42.88,1,2
31845,1061500,42.79,1,2
31846,1061533,42.83,1,2
31847,1061566,42.79,1,2
31848,1061600,42.76,1,2
31849,1061633,42.69,1,2
31850,1061666,42.81,1,2
31851,1061700,42.94,1,2
31852,1061733,43.13,1,2
31853,1061766,43.32,1,2
31854,1061800,43.51,1,2
31855,1061833,43.4,1,2
31856,1061866,43.16,1,2
31857,1061900,42.92,1,2
31858,1061933,42.63,1,2
31859,1061966,42.01,1,2
31860,1062000,41.48,1,2
31861,1062033,40.97,1,2
31862,1062066,39.26,1,2
31863,1062100,37.6,1,2
31864,1062133,36.04,1,2
31865,1062166,33.42,1,2
31866,1062200,30.92,1,2
31867,1062233,30.2,1,2
31868,1062266,29.48,1,2
31869,1062300,29,1,2
31870,1062333,30,1,2
31871,1062366,30.99,1,2
31872,1062400,31.4,1,2
31873,1062433,33.35,1,2
31874,1062466,35.3,1,2
31875,1062500,36.85,1,2
31876,1062533,38.93,1,2
31877,1062566,41,1,2
31878,1062600,41.53,1,2
31879,1062633,42.68,1,2
31880,1062666,43.84,1,2
31881,1062700,44.28,1,2
31882,1062733,44.72,1,2
31883,1062766,45.54,1,2
31884,1062800,45.74,1,2
31885,1062833,45.93,1,2
31886,1062866,46.74,1,2
31887,1062900,47.56,1,2
31888,1062933,47.74,1,2
31889,1062966,47.76,1,2
31890,1063000,47.79,1,2
31891,1063033,47.37,1,2
31892,1063066,46.73,1,2
31893,1063100,46.36,1,2
31894,1063133,46.14,1,2
31895,1063166,46.88,1,2
31896,1063200,47.62,1,2
31897,1063233,48.58,1,2
31898,1063266,58.93,1,3
31899,1063300,69.27,1,3
31900,1063333,78.1,1,4
31901,1063366,86.88,1,4
31902,1063400,95.66,1,4
31903,1063433,94.62,1,4
31904,1063466,93.22,1,4
31905,1063500,91.98,1,4
31906,1063533,90.47,1,4
31907,1063566,88.45,1,4
31908,1063600,81.74,1,4
31909,1063633,74.85,1,3
31910,1063666,68.91,1,3
31911,1063700,63.59,1,3
31912,1063733,58.78,1,3
31913,1063766,57.58,1,3
31914,1063800,56.57,1,3
31915,1063833,55.01,1,3
31916,1063866,52.85,1,3
31917,1063900,50.49,1,3
31918,1063933,49.62,1,2
31919,1063966,49.12,1,2
31920,1064000,48.41,1,2
31921,1064033,48.02,1,2
31922,1064066,47.72,1,2
31923,1064100,47.2,1,2
31924,1064133,46.67,1,2
31925,1064166,46.35,1,2
31926,1064200,45.93,1,2
31927,1064233,45.61,1,2
31928,1064266,45.49,1,2
31929,1064300,45.1,1,2
31930,1064333,44.77,1,2
31931,1064366,44.49,1,2
31932,1064400,44.2,1,2
31933,1064433,43.86,1,2
31934,1064466,43.59,1,2
31935,1064500,43.08,1,2
31936,1064533,42.62,1,2
31937,1064566,42.43,1,2
31938,1064600,42.32,1,2
31939,1064633,42.41,1,2
31940,1064666,42.3,1,2
31941,1064700,41.79,1,2
31942,1064733,41,1,2
31943,1064766,40.59,1,2
31944,1064800,40.18,1,2
31945,1064833,40.15,1,2
31946,1064866,41.67,1,2
31947,1064900,43.18,1,2
31948,1064933,44.32,1,2
31949,1064966,48.3,1,2
31950,1065000,52.29,1,3
31951,1065033,55.14,1,3
31952,1065066,58.46,1,3
31953,1065100,61.78,1,3
31954,1065133,62.25,1,3
31955,1065166,62.55,1,3
31956,1065200,61.85,1,3
31957,1065233,60.42,1,3
31958,1065266,57.99,1,3
31959,1065300,55.34,1,3
31960,1065333,52.86,1,3
31961,1065366,51.38,1,3
31962,1065400,50.08,1,3
31963,1065433,49.77,1,2
31964,1065466,49.69,1,2
31965,1065500,49.49,1,2
31966,1065533,49.3,1,2
31967,1065566,49.15,1,2
31968,1065600,48.74,1,2
31969,1065633,48.33,1,2
31970,1065666,47.06,1,2
31971,1065700,45.57,1,2
31972,1065733,44.11,1,2
31973,1065766,42.92,1,2
31974,1065800,41.83,1,2
31975,1065833,41.72,1,2
31976,1065866,41.39,1,2
31977,1065900,40.75,1,2
31978,1065933,40.42,1,2
31979,1065966,39.82,1,2
31980,1066000,39.23,1,2
31981,1066033,39.07,1,2
31982,1066066,39.09,1,2
31983,1066100,38.31,1,2
31984,1066133,37.68,1,2
31985,1066166,36.8,1,2
31986,1066200,35.38,1,2
31987,1066233,34.08,1,2
31988,1066266,33.67,1,2
31989,1066300,33.25,1,2
31990,1066333,33.09,1,2
31991,1066366,34.09,1,2
31992,1066400,35.1,1,2
31993,1066433,35.72,1,2
31994,1066466,37.36,1,2
31995,1066500,39,1,2
31996,1066533,40.02,1,2
31997,1066566,41.44,1,2
31998,1066600,42.87,1,2
31999,1066633,43.27,1,2
32000,1066666,45.95,1,2
32001,1066700,50.35,1,3
32002,1066733,54.76,1,3
32003,1066766,59.58,1,3
32004,1066800,64.39,1,3
32005,1066833,67,1,3
32006,1066866,67.42,1,3
32007,1066900,67.15,1,3
32008,1066933,66.05,1,3
32009,1066966,62.9,1,3
32010,1067000,59.12,1,3
32011,1067033,55.82,1,3
32012,1067066,52.16,1,3
32013,1067100,48.65,1,2
32014,1067133,47.18,1,2
32015,1067166,46.27,1,2
32016,1067200,45.33,1,2
32017,1067233,45.26,1,2
32018,1067266,54.77,1,3
32019,1067300,65.26,1,3
32020,1067333,75.75,1,4
32021,1067366,85.64,1,4
32022,1067400,95.12,1,4
32023,1067433,95.3,1,4
32024,1067466,93.82,1,4
32025,1067500,92.09,1,4
32026,1067533,90.99,1,4
32027,1067566,88.01,1,4
32028,1067600,79.37,1,4
32029,1067633,70.82,1,3
32030,1067666,62.15,1,3
32031,1067700,53.49,1,3
32032,1067733,46.39,1,2
32033,1067766,44.93,1,2
32034,1067800,43.23,1,2
32035,1067833,41.89,1,2
32036,1067866,40.2,1,2
32037,1067900,38.16,1,2
32038,1067933,36.15,1,2
32039,1067966,34.7,1,2
32040,1068000,33.12,1,2
32041,1068033,31.9,1,2
32042,1068066,32.67,1,2
32043,1068100,33.43,1,2
32044,1068133,34.48,1,2
32045,1068166,37.05,1,2
32046,1068200,39.61,1,2
32047,1068233,41.01,1,2
32048,1068266,43.54,1,2
32049,1068300,46.06,1,2
32050,1068333,47.18,1,2
32051,1068366,48.56,1,2
32052,1068400,49.94,1,2
32053,1068433,50.2,1,3
32054,1068466,50.93,1,3
32055,1068500,52.43,1,3
32056,1068533,53.68,1,3
32057,1068566,54.92,1,3
32058,1068600,56.92,1,3
32059,1068633,58.45,1,3
32060,1068666,58.97,1,3
32061,1068700,59.2,1,3
32062,1068733,59.42,1,3
32063,1068766,56.44,1,3
32064,1068800,53.26,1,3
32065,1068833,50.31,1,3
32066,1068866,47.66,1,2
32067,1068900,44.7,1,2
32068,1068933,44.17,1,2
32069,1068966,43.85,1,2
32070,1069000,43.99,1,2
32071,1069033,44.14,1,2
32072,1069066,44.42,1,2
32073,1069100,44.55,1,2
32074,1069133,44.69,1,2
32075,1069166,43.84,1,2
32076,1069200,42.78,1,2
32077,1069233,41.91,1,2
32078,1069266,41.09,1,2
32079,1069300,39.21,1,2
32080,1069333,37.85,1,2
32081,1069366,36.55,1,2
32082,1069400,34.25,1,2
32083,1069433,32.03,1,2
32084,1069466,30.76,1,2
32085,1069500,29.49,1,2
32086,1069533,28.37,1,2
32087,1069566,28.17,1,2
32088,1069600,27.96,1,2
32089,1069633,27.87,1,2
32090,1069666,28.56,1,2
32091,1069700,29.26,1,2
32092,1069733,30.05,1,2
32093,1069766,31.39,1,2
32094,1069800,32.73,1,2
32095,1069833,33.28,1,2
32096,1069866,35.24,1,2
32097,1069900,37.2,1,2
32098,1069933,38.6,1,2
32099,1069966,40.97,1,2
32100,1070000,43.34,1,2
32101,1070033,44.31,1,2
32102,1070066,45.45,1,2
32103,1070100,46.58,1,2
32104,1070133,46.31,1,2
32105,1070166,46.03,1,2
32106,1070200,46.13,1,2
32107,1070233,46.06,1,2
32108,1070266,45.88,1,2
32109,1070300,45.9,1,2
32110,1070333,45.92,1,2
32111,1070366,45.57,1,2
32112,1070400,46.39,1,2
32113,1070433,47.32,1,2
32114,1070466,48.5,1,2
32115,1070500,50.03,1,3
32116,1070533,51.56,1,3
32117,1070566,51.17,1,3
32118,1070600,50.56,1,3
32119,1070633,49.96,1,2
32120,1070666,48.93,1,2
32121,1070700,47.7,1,2
32122,1070733,47.22,1,2
32123,1070766,46.95,1,2
32124,1070800,46.68,1,2
32125,1070833,46.47,1,2
32126,1070866,46.38,1,2
32127,1070900,45.97,1,2
32128,1070933,45.56,1,2
32129,1070966,44.97,1,2
32130,1071000,44.15,1,2
32131,1071033,43.65,1,2
32132,1071066,43.24,1,2
32133,1071100,41.11,1,2
32134,1071133,39.16,1,2
32135,1071166,37.1,1,2
32136,1071200,34.41,1,2
32137,1071233,31.96,1,2
32138,1071266,31.96,1,2
32139,1071300,31.96,1,2
32140,1071333,31.96,1,2
32141,1071366,31.96,1,2
32142,1071400,31.96,1,2
32143,1071433,31.96,1,2
32144,1071466,31.96,1,2
32145,1071500,31.96,1,2
32146,1071533,31.96,1,2
32147,1071566,31.96,1,2
32148,1071600,31.96,1,2
32149,1071633,31.96,1,2
32150,1071666,31.96,1,2
32151,1071700,31.96,1,2
32152,1071733,31.96,1,2
32153,1071766,31.96,1,2
32154,1071800,31.96,1,2
32155,1071833,31.96,1,2
32156,1071866,31.96,1,2
32157,1071900,31.96,1,2
32158,1071933,31.96,1,2
32159,1071966,31.96,1,2
32160,1072000,31.96,1,2
32161,1072033,31.96,1,2
32162,1072066,31.96,1,2
32163,1072100,31.96,1,2
32164,1072133,31.96,1,2
32165,1072166,31.96,1,2
32166,1072200,31.96,1,2
32167,1072233,31.96,1,2
32168,1072266,31.96,1,2
32169,1072300,31.96,1,2
32170,1072333,31.96,1,2
32171,1072366,31.96,1,2
32172,1072400,31.96,1,2
32173,1072433,31.96,1,2
32174,1072466,31.96,1,2
32175,1072500,31.96,1,2
32176,1072533,31.96,1,2
32177,1072566,31.96,1,2
32178,1072600,31.96,1,2
32179,1072633,31.96,1,2
32180,1072666,31.96,1,2
32181,1072700,31.96,1,2
32182,1072733,31.96,1,2
32183,1072766,39.84,1,2
32184,1072800,37.87,1,2
32185,1072833,36.18,1,2
32186,1072866,35.33,1,2
32187,1072900,34.47,1,2
32188,1072933,33.91,1,2
32189,1072966,35.27,1,2
32190,1073000,36.63,1,2
32191,1073033,37.79,1,2
32192,1073066,40.66,1,2
32193,1073100,43.53,1,2
32194,1073133,45.23,1,2
32195,1073166,46.71,1,2
32196,1073200,47.91,1,2
32197,1073233,47.41,1,2
32198,1073266,46.48,1,2
32199,1073300,45.13,1,2
32200,1073333,43.71,1,2
32201,1073366,42.54,1,2
32202,1073400,41.09,1,2
32203,1073433,40.06,1,2
32204,1073466,39.45,1,2
32205,1073500,39.62,1,2
32206,1073533,39.82,1,2
32207,1073566,40.25,1,2
32208,1073600,40.48,1,2
32209,1073633,40.71,1,2
32210,1073666,40.45,1,2
32211,1073700,40.11,1,2
32212,1073733,39.83,1,2
32213,1073766,39.75,1,2
32214,1073800,39.89,1,2
32215,1073833,40.04,1,2
32216,1073866,40.26,1,2
32217,1073900,40.91,1,2
32218,1073933,41.56,1,2
32219,1073966,41.86,1,2
32220,1074000,42.04,1,2
32221,1074033,42.23,1,2
32222,1074066,41.99,1,2
32223,1074100,41.7,1,2
32224,1074133,41.53,1,2
32225,1074166,41.4,1,2
32226,1074200,41.04,1,2
32227,1074233,40.91,1,2
32228,1074266,40.99,1,2
32229,1074300,41.07,1,2
32230,1074333,41.28,1,2
32231,1074366,41.5,1,2
32232,1074400,40.16,1,2
32233,1074433,38.66,1,2
32234,1074466,36.91,1,2
32235,1074500,35.02,1,2
32236,1074533,33.35,1,2
32237,1074566,33.17,1,2
32238,1074600,32.99,1,2
32239,1074633,33.07,1,2
32240,1074666,34.8,1,2
32241,1074700,36.52,1,2
32242,1074733,38.09,1,2
32243,1074766,41.67,1,2
32244,1074800,45.26,1,2
32245,1074833,47.39,1,2
32246,1074866,52.49,1,3
32247,1074900,57.6,1,3
32248,1074933,60.68,1,3
32249,1074966,63.85,1,3
32250,1075000,67.32,1,3
32251,1075033,67.41,1,3
32252,1075066,66.01,1,3
32253,1075100,63.73,1,3
32254,1075133,61.05,1,3
32255,1075166,56.51,1,3
32256,1075200,51.97,1,3
32257,1075233,49.34,1,2
32258,1075266,56.73,1,3
32259,1075300,65.54,1,3
32260,1075333,75.79,1,4
32261,1075366,85.67,1,4
32262,1075400,94.99,1,4
32263,1075433,95.16,1,4
32264,1075466,93.36,1,4
32265,1075500,90.98,1,4
32266,1075533,89.38,1,4
32267,1075566,85.98,1,4
32268,1075600,77.68,1,4
32269,1075633,69.1,1,3
32270,1075666,60.42,1,3
32271,1075700,51.15,1,3
32272,1075733,43.83,1,2
32273,1075766,41.4,1,2
32274,1075800,39.69,1,2
32275,1075833,38.77,1,2
32276,1075866,38.35,1,2
32277,1075900,36.78,1,2
32278,1075933,35.21,1,2
32279,1075966,33.82,1,2
32280,1076000,31.8,1,2
32281,1076033,29.88,1,2
32282,1076066,29.41,1,2
32283,1076100,28.94,1,2
32284,1076133,28.71,1,2
32285,1076166,29.48,1,2
32286,1076200,30.25,1,2
32287,1076233,30.72,1,2
32288,1076266,31.6,1,2
32289,1076300,32.48,1,2
32290,1076333,32.89,1,2
32291,1076366,34.14,1,2
32292,1076400,35.39,1,2
32293,1076433,36.22,1,2
32294,1076466,36.85,1,2
32295,1076500,37.47,1,2
32296,1076533,37.25,1,2
32297,1076566,37.76,1,2
32298,1076600,38.26,1,2
32299,1076633,38.97,1,2
32300,1076666,41.17,1,2
32301,1076700,43.37,1,2
32302,1076733,44.85,1,2
32303,1076766,48.46,1,2
32304,1076800,52.06,1,3
32305,1076833,54.17,1,3
32306,1076866,54.2,1,3
32307,1076900,53.91,1,3
32308,1076933,51.49,1,3
32309,1076966,48.32,1,2
32310,1077000,44.98,1,2
32311,1077033,43.73,1,2
32312,1077066,42.41,1,2
32313,1077100,40.88,1,2
32314,1077133,40.11,1,2
32315,1077166,39.51,1,2
32316,1077200,38.98,1,2
32317,1077233,38.84,1,2
32318,1077266,38.9,1,2
32319,1077300,39.01,1,2
32320,1077333,39.12,1,2
32321,1077366,38.76,1,2
32322,1077400,38.31,1,2
32323,1077433,37.86,1,2
32324,1077466,37.18,1,2
32325,1077500,36.31,1,2
32326,1077533,35.84,1,2
32327,1077566,35.31,1,2
32328,1077600,33.53,1,2
32329,1077633,31.93,1,2
32330,1077666,31.02,1,2
32331,1077700,30.12,1,2
32332,1077733,29.36,1,2
32333,1077766,30.22,1,2
32334,1077800,31.07,1,2
32335,1077833,31.42,1,2
32336,1077866,32.31,1,2
32337,1077900,33.2,1,2
32338,1077933,33.74,1,2
32339,1077966,35.11,1,2
32340,1078000,36.47,1,2
32341,1078033,37.3,1,2
32342,1078066,39.06,1,2
32343,1078100,40.81,1,2
32344,1078133,41.74,1,2
32345,1078166,43.56,1,2
32346,1078200,45.39,1,2
32347,1078233,45.67,1,2
32348,1078266,45.94,1,2
32349,1078300,45.88,1,2
32350,1078333,44.91,1,2
32351,1078366,43.94,1,2
32352,1078400,44.3,1,2
32353,1078433,44.66,1,2
32354,1078466,45.36,1,2
32355,1078500,46.03,1,2
32356,1078533,46.7,1,2
32357,1078566,46.68,1,2
32358,1078600,47.04,1,2
32359,1078633,47.41,1,2
32360,1078666,46.23,1,2
32361,1078700,44.93,1,2
32362,1078733,43.64,1,2
32363,1078766,41.64,1,2
32364,1078800,39.48,1,2
32365,1078833,38.89,1,2
32366,1078866,38.41,1,2
32367,1078900,38.13,1,2
32368,1078933,38.16,1,2
32369,1078966,38.36,1,2
32370,1079000,38.93,1,2
32371,1079033,39.49,1,2
32372,1079066,39.1,1,2
32373,1079100,38.58,1,2
32374,1079133,38.06,1,2
32375,1079166,36.9,1,2
32376,1079200,35.3,1,2
32377,1079233,34.46,1,2
32378,1079266,34.46,1,2
32379,1079300,34.46,1,2
32380,1079333,34.46,1,2
32381,1079366,34.46,1,2
32382,1079400,34.46,1,2
32383,1079433,34.46,1,2
32384,1079466,34.46,1,2
32385,1079500,34.46,1,2
32386,1079533,34.46,1,2
32387,1079566,34.46,1,2
32388,1079600,34.46,1,2
32389,1079633,34.46,1,2
32390,1079666,34.46,1,2
32391,1079700,42,1,2
32392,1079733,33.79,1,2
32393,1079766,35.07,1,2
32394,1079800,36.35,1,2
32395,1079833,37.45,1,2
32396,1079866,39.02,1,2
32397,1079900,40.59,1,2
32398,1079933,41.05,1,2
32399,1079966,41.86,1,2
32400,1080000,42.66,1,2
32401,1080033,42.7,1,2
32402,1080066,42.74,1,2
32403,1080100,42.72,1,2
32404,1080133,42.36,1,2
32405,1080166,41.99,1,2
32406,1080200,41.77,1,2
32407,1080233,41.55,1,2
32408,1080266,41.39,1,2
32409,1080300,41.22,1,2
32410,1080333,41.06,1,2
32411,1080366,41.05,1,2
32412,1080400,41.74,1,2
32413,1080433,42.44,1,2
32414,1080466,43.14,1,2
32415,1080500,44.08,1,2
32416,1080533,45.01,1,2
32417,1080566,44.56,1,2
32418,1080600,44.04,1,2
32419,1080633,43.52,1,2
32420,1080666,42.67,1,2
32421,1080700,41.67,1,2
32422,1080733,41.36,1,2
32423,1080766,40.99,1,2
32424,1080800,40.51,1,2
32425,1080833,40.24,1,2
32426,1080866,39.9,1,2
32427,1080900,39.13,1,2
32428,1080933,38.49,1,2
32429,1080966,37.71,1,2
32430,1081000,36.24,1,2
32431,1081033,34.98,1,2
32432,1081066,34.89,1,2
32433,1081100,34.8,1,2
32434,1081133,34.95,1,2
32435,1081166,36.25,1,2
32436,1081200,37.56,1,2
32437,1081233,38.13,1,2
32438,1081266,39.61,1,2
32439,1081300,41.1,1,2
32440,1081333,42.01,1,2
32441,1081366,42.53,1,2
32442,1081400,42.56,1,2
32443,1081433,41.68,1,2
32444,1081466,40.5,1,2
32445,1081500,39.19,1,2
32446,1081533,38.08,1,2
32447,1081566,37.46,1,2
32448,1081600,36.84,1,2
32449,1081633,36.28,1,2
32450,1081666,35.86,1,2
32451,1081700,37.99,1,2
32452,1081733,40.12,1,2
32453,1081766,40.71,1,2
32454,1081800,41.33,1,2
32455,1081833,41.94,1,2
32456,1081866,40.1,1,2
32457,1081900,38.02,1,2
32458,1081933,37.47,1,2
32459,1081966,37.15,1,2
32460,1082000,36.67,1,2
32461,1082033,36.28,1,2
32462,1082066,36.13,1,2
32463,1082100,36.89,1,2
32464,1082133,37.65,1,2
32465,1082166,38.57,1,2
32466,1082200,39.43,1,2
32467,1082233,40.29,1,2
32468,1082266,40.23,1,2
32469,1082300,40.05,1,2
32470,1082333,39.87,1,2
32471,1082366,39.73,1,2
32472,1082400,39.54,1,2
32473,1082433,39.44,1,2
32474,1082466,39.56,1,2
32475,1082500,39.69,1,2
32476,1082533,39.82,1,2
32477,1082566,40.24,1,2
32478,1082600,40.57,1,2
32479,1082633,40.81,1,2
32480,1082666,40.81,1,2
32481,1082700,40.28,1,2
32482,1082733,39.52,1,2
32483,1082766,38.36,1,2
32484,1082800,36.05,1,2
32485,1082833,33.97,1,2
32486,1082866,32.62,1,2
32487,1082900,31.27,1,2
32488,1082933,30.32,1,2
32489,1082966,32.32,1,2
32490,1083000,34.31,1,2
32491,1083033,36.1,1,2
32492,1083066,40.87,1,2
32493,1083100,46.76,1,2
32494,1083133,50.98,1,3
32495,1083166,55.08,1,3
32496,1083200,58.18,1,3
32497,1083233,58.3,1,3
32498,1083266,64.8,1,3
32499,1083300,71.17,1,3
32500,1083333,77.67,1,4
32501,1083366,85.47,1,4
32502,1083400,93.26,1,4
32503,1083433,93.12,1,4
32504,1083466,92.9,1,4
32505,1083500,92.18,1,4
32506,1083533,91.17,1,4
32507,1083566,86.54,1,4
32508,1083600,80.88,1,4
32509,1083633,72.77,1,3
32510,1083666,64.02,1,3
32511,1083700,54.87,1,3
32512,1083733,49.32,1,2
32513,1083766,44.65,1,2
32514,1083800,42.31,1,2
32515,1083833,41.09,1,2
32516,1083866,40.28,1,2
32517,1083900,39.63,1,2
32518,1083933,39.59,1,2
32519,1083966,39.31,1,2
32520,1084000,38.78,1,2
32521,1084033,38.39,1,2
32522,1084066,37.83,1,2
32523,1084100,37.26,1,2
32524,1084133,37.15,1,2
32525,1084166,37.11,1,2
32526,1084200,36.58,1,2
32527,1084233,36.05,1,2
32528,1084266,35.6,1,2
32529,1084300,35.15,1,2
32530,1084333,34.87,1,2
32531,1084366,35.55,1,2
32532,1084400,36.22,1,2
32533,1084433,36.82,1,2
32534,1084466,37.01,1,2
32535,1084500,36.52,1,2
32536,1084533,35.44,1,2
32537,1084566,34.46,1,2
32538,1084600,33.48,1,2
32539,1084633,32.91,1,2
32540,1084666,33.38,1,2
32541,1084700,33.84,1,2
32542,1084733,34.2,1,2
32543,1084766,37.14,1,2
32544,1084800,40.09,1,2
32545,1084833,42.69,1,2
32546,1084866,46.16,1,2
32547,1084900,49.63,1,2
32548,1084933,50.51,1,3
32549,1084966,52.11,1,3
32550,1085000,53.7,1,3
32551,1085033,54.12,1,3
32552,1085066,53.21,1,3
32553,1085100,51.98,1,3
32554,1085133,49.79,1,2
32555,1085166,47.03,1,2
32556,1085200,44.3,1,2
32557,1085233,42.9,1,2
32558,1085266,41.23,1,2
32559,1085300,39.55,1,2
32560,1085333,38.44,1,2
32561,1085366,37.61,1,2
32562,1085400,36.82,1,2
32563,1085433,36.63,1,2
32564,1085466,36.58,1,2
32565,1085500,36.44,1,2
32566,1085533,36.29,1,2
32567,1085566,36.1,1,2
32568,1085600,35.78,1,2
32569,1085633,35.56,1,2
32570,1085666,35.43,1,2
32571,1085700,35.73,1,2
32572,1085733,36.04,1,2
32573,1085766,36.47,1,2
32574,1085800,36.69,1,2
32575,1085833,36.92,1,2
32576,1085866,36.71,1,2
32577,1085900,36.79,1,2
32578,1085933,37.14,1,2
32579,1085966,37.69,1,2
32580,1086000,38.24,1,2
32581,1086033,38.79,1,2
32582,1086066,38.78,1,2
32583,1086100,38.29,1,2
32584,1086133,37.81,1,2
32585,1086166,37.06,1,2
32586,1086200,35.85,1,2
32587,1086233,34.91,1,2
32588,1086266,34.75,1,2
32589,1086300,34.59,1,2
32590,1086333,34.71,1,2
32591,1086366,36.34,1,2
32592,1086400,37.97,1,2
32593,1086433,39.03,1,2
32594,1086466,39.77,1,2
32595,1086500,39.99,1,2
32596,1086533,39.15,1,2
32597,1086566,38.45,1,2
32598,1086600,37.76,1,2
32599,1086633,37.39,1,2
32600,1086666,39.31,1,2
32601,1086700,41.47,1,2
32602,1086733,43.78,1,2
32603,1086766,46.16,1,2
32604,1086800,49.25,1,2
32605,1086833,50.56,1,3
32606,1086866,49.24,1,2
32607,1086900,47.35,1,2
32608,1086933,45.39,1,2
32609,1086966,42.05,1,2
32610,1087000,38.57,1,2
32611,1087033,37.49,1,2
32612,1087066,36.67,1,2
32613,1087100,35.68,1,2
32614,1087133,35.36,1,2
32615,1087166,35.18,1,2
32616,1087200,35.55,1,2
32617,1087233,36.1,1,2
32618,1087266,36.1,1,2
32619,1087300,36.1,1,2
32620,1087333,36.1,1,2
32621,1087366,36.1,1,2
32622,1087400,36.1,1,2
32623,1087433,36.1,1,2
32624,1087466,36.1,1,2
32625,1087500,36.1,1,2
32626,1087533,36.1,1,2
32627,1087566,36.1,1,2
32628,1087600,36.1,1,2
32629,1087633,36.1,1,2
32630,1087666,36.1,1,2
32631,1087700,40.6,1,2
32632,1087733,31,1,2
32633,1087766,28.69,1,2
32634,1087800,26.13,1,2
32635,1087833,24.86,1,1
32636,1087866,24.88,1,1
32637,1087900,24.9,1,1
32638,1087933,25.21,1,2
32639,1087966,26.2,1,2
32640,1088000,27.19,1,2
32641,1088033,27.62,1,2
32642,1088066,29.61,1,2
32643,1088100,31.6,1,2
32644,1088133,33.16,1,2
32645,1088166,35.7,1,2
32646,1088200,38.23,1,2
32647,1088233,39.22,1,2
32648,1088266,40.74,1,2
32649,1088300,42.27,1,2
32650,1088333,42.61,1,2
32651,1088366,42.86,1,2
32652,1088400,42.73,1,2
32653,1088433,41.95,1,2
32654,1088466,41.16,1,2
32655,1088500,40.93,1,2
32656,1088533,40.8,1,2
32657,1088566,40.81,1,2
32658,1088600,40.63,1,2
32659,1088633,40.46,1,2
32660,1088666,39.93,1,2
32661,1088700,40.13,1,2
32662,1088733,40.56,1,2
32663,1088766,41.19,1,2
32664,1088800,41.61,1,2
32665,1088833,42.03,1,2
32666,1088866,41.26,1,2
32667,1088900,40.37,1,2
32668,1088933,39.58,1,2
32669,1088966,39,1,2
32670,1089000,38.43,1,2
32671,1089033,38.33,1,2
32672,1089066,38.34,1,2
32673,1089100,38.49,1,2
32674,1089133,38.63,1,2
32675,1089166,38.67,1,2
32676,1089200,38.34,1,2
32677,1089233,38.01,1,2
32678,1089266,37.16,1,2
32679,1089300,36.21,1,2
32680,1089333,35.41,1,2
32681,1089366,34.91,1,2
32682,1089400,33.05,1,2
32683,1089433,31.57,1,2
32684,1089466,30.05,1,2
32685,1089500,28.45,1,2
32686,1089533,26.93,1,2
32687,1089566,26.61,1,2
32688,1089600,25.84,1,2
32689,1089633,25.23,1,2
32690,1089666,24.76,1,1
32691,1089700,24.29,1,1
32692,1089733,23.98,1,1
32693,1089766,24.41,1,1
32694,1089800,24.84,1,1
32695,1089833,25.12,1,2
32696,1089866,26.44,1,2
32697,1089900,27.77,1,2
32698,1089933,28.81,1,2
32699,1089966,30.31,1,2
32700,1090000,31.81,1,2
32701,1090033,32.27,1,2
32702,1090066,33.16,1,2
32703,1090100,34.05,1,2
32704,1090133,34.36,1,2
32705,1090166,34.62,1,2
32706,1090200,34.74,1,2
32707,1090233,34.43,1,2
32708,1090266,34.13,1,2
32709,1090300,34.39,1,2
32710,1090333,34.71,1,2
32711,1090366,35.15,1,2
32712,1090400,36.78,1,2
32713,1090433,38.41,1,2
32714,1090466,39.59,1,2
32715,1090500,41.21,1,2
32716,1090533,42.82,1,2
32717,1090566,42.99,1,2
32718,1090600,42.91,1,2
32719,1090633,42.83,1,2
32720,1090666,41.87,1,2
32721,1090700,40.75,1,2
32722,1090733,39.9,1,2
32723,1090766,39.1,1,2
32724,1090800,38.16,1,2
32725,1090833,37.67,1,2
32726,1090866,37.22,1,2
32727,1090900,36.64,1,2
32728,1090933,36.26,1,2
32729,1090966,35.49,1,2
32730,1091000,34.56,1,2
32731,1091033,33.91,1,2
32732,1091066,33.79,1,2
32733,1091100,33.68,1,2
32734,1091133,34.09,1,2
32735,1091166,34.49,1,2
32736,1091200,34.45,1,2
32737,1091233,34,1,2
32738,1091266,34,1,2
32739,1091300,34,1,2
32740,1091333,34,1,2
32741,1091366,34,1,2
32742,1091400,34,1,2
32743,1091433,34,1,2
32744,1091466,34,1,2
32745,1091500,34,1,2
32746,1091533,34,1,2
32747,1091566,34,1,2
32748,1091600,34,1,2
32749,1091633,34,1,2
32750,1091666,34,1,2
32751,1091700,34,1,2
32752,1091733,34,1,2
32753,1091766,34,1,2
32754,1091800,34,1,2
32755,1091833,34,1,2
32756,1091866,34,1,2
32757,1091900,34,1,2
32758,1091933,34,1,2
32759,1091966,34,1,2
32760,1092000,34,1,2
32761,1092033,34,1,2
32762,1092066,34,1,2
32763,1092100,34,1,2
32764,1092133,34,1,2
32765,1092166,42.22,1,2
32766,1092200,41.23,1,2
32767,1092233,40.24,1,2
32768,1092266,39.29,1,2
32769,1092300,38.18,1,2
32770,1092333,37.72,1,2
32771,1092366,37.56,1,2
32772,1092400,38.07,1,2
32773,1092433,38.59,1,2
32774,1092466,38.96,1,2
32775,1092500,39.12,1,2
32776,1092533,39.28,1,2
32777,1092566,38.57,1,2
32778,1092600,37.59,1,2
32779,1092633,36.92,1,2
32780,1092666,36.42,1,2
32781,1092700,35.51,1,2
32782,1092733,34.78,1,2
32783,1092766,34.02,1,2
32784,1092800,33.26,1,2
32785,1092833,32.53,1,2
32786,1092866,32.04,1,2
32787,1092900,31.24,1,2
32788,1092933,30.75,1,2
32789,1092966,30.15,1,2
32790,1093000,28.44,1,2
32791,1093033,26.91,1,2
32792,1093066,26.73,1,2
32793,1093100,26.54,1,2
32794,1093133,26.48,1,2
32795,1093166,28.51,1,2
32796,1093200,30.54,1,2
32797,1093233,31.53,1,2
32798,1093266,32.68,1,2
32799,1093300,33.84,1,2
32800,1093333,34.01,1,2
32801,1093366,34.95,1,2
32802,1093400,35.89,1,2
32803,1093433,36.43,1,2
32804,1093466,36.73,1,2
32805,1093500,36.75,1,2
32806,1093533,35.86,1,2
32807,1093566,34.98,1,2
32808,1093600,34.92,1,2
32809,1093633,35.1,1,2
32810,1093666,35.57,1,2
32811,1093700,37,1,2
32812,1093733,38.42,1,2
32813,1093766,39.25,1,2
32814,1093800,40.23,1,2
32815,1093833,41.2,1,2
32816,1093866,40.34,1,2
32817,1093900,39.26,1,2
32818,1093933,38.19,1,2
32819,1093966,36.52,1,2
32820,1094000,34.71,1,2
32821,1094033,33.9,1,2
32822,1094066,33.31,1,2
32823,1094100,32.76,1,2
32824,1094133,32.66,1,2
32825,1094166,32.69,1,2
32826,1094200,33.4,1,2
32827,1094233,34.1,1,2
32828,1094266,33.94,1,2
32829,1094300,33.7,1,2
32830,1094333,33.5,1,2
32831,1094366,32.63,1,2
32832,1094400,31.76,1,2
32833,1094433,31.88,1,2
32834,1094466,31.85,1,2
32835,1094500,31.68,1,2
32836,1094533,31.5,1,2
32837,1094566,31.19,1,2
32838,1094600,30.21,1,2
32839,1094633,29.44,1,2
32840,1094666,28.41,1,2
32841,1094700,26.97,1,2
32842,1094733,25.68,1,2
32843,1094766,25.46,1,2
32844,1094800,25.24,1,2
32845,1094833,25.41,1,2
32846,1094866,26.59,1,2
32847,1094900,27.76,1,2
32848,1094933,28.36,1,2
32849,1094966,29.72,1,2
32850,1095000,31.07,1,2
32851,1095033,31.82,1,2
32852,1095066,34.6,1,2
32853,1095100,37.38,1,2
32854,1095133,39.41,1,2
32855,1095166,41.77,1,2
32856,1095200,44.14,1,2
32857,1095233,44.48,1,2
32858,1095266,54.62,1,3
32859,1095300,64.75,1,3
32860,1095333,74.37,1,3
32861,1095366,83.76,1,4
32862,1095400,92.93,1,4
32863,1095433,92.31,1,4
32864,1095466,91.69,1,4
32865,1095500,91.08,1,4
32866,1095533,90.7,1,4
32867,1095566,86.96,1,4
32868,1095600,81.46,1,4
32869,1095633,74.71,1,3
32870,1095666,68.14,1,3
32871,1095700,63.04,1,3
32872,1095733,61.52,1,3
32873,1095766,58.09,1,3
32874,1095800,55.84,1,3
32875,1095833,53.36,1,3
32876,1095866,48.24,1,2
32877,1095900,42.86,1,2
32878,1095933,40.71,1,2
32879,1095966,38.32,1,2
32880,1096000,36.09,1,2
32881,1096033,35.02,1,2
32882,1096066,33.68,1,2
32883,1096100,32.71,1,2
32884,1096133,32.06,1,2
32885,1096166,31.16,1,2
32886,1096200,29.35,1,2
32887,1096233,28.07,1,2
32888,1096266,26.58,1,2
32889,1096300,24.74,1,1
32890,1096333,23.22,1,1
32891,1096366,22.55,1,1
32892,1096400,21.88,1,1
32893,1096433,21.48,1,1
32894,1096466,22.42,1,1
32895,1096500,23.36,1,1
32896,1096533,24.36,1,1
32897,1096566,25.5,1,2
32898,1096600,26.65,1,2
32899,1096633,26.81,1,2
32900,1096666,27.64,1,2
32901,1096700,28.48,1,2
32902,1096733,29.16,1,2
32903,1096766,30.42,1,2
32904,1096800,31.68,1,2
32905,1096833,32.26,1,2
32906,1096866,33.04,1,2
32907,1096900,33.94,1,2
32908,1096933,34.46,1,2
32909,1096966,35.59,1,2
32910,1097000,36.86,1,2
32911,1097033,37.93,1,2
32912,1097066,38.89,1,2
32913,1097100,39.8,1,2
32914,1097133,40.09,1,2
32915,1097166,39.57,1,2
32916,1097200,38.78,1,2
32917,1097233,38,1,2
32918,1097266,37.06,1,2
32919,1097300,36.86,1,2
32920,1097333,37.36,1,2
32921,1097366,38.11,1,2
32922,1097400,39.89,1,2
32923,1097433,41.66,1,2
32924,1097466,42.68,1,2
32925,1097500,45.65,1,2
32926,1097533,48.62,1,2
32927,1097566,50.38,1,3
32928,1097600,51.89,1,3
32929,1097633,53.4,1,3
32930,1097666,51.74,1,3
32931,1097700,49.5,1,2
32932,1097733,47.28,1,2
32933,1097766,44.71,1,2
32934,1097800,41.07,1,2
32935,1097833,38.49,1,2
32936,1097866,36.04,1,2
32937,1097900,33.36,1,2
32938,1097933,31.26,1,2
32939,1097966,29.92,1,2
32940,1098000,27.53,1,2
32941,1098033,25.58,1,2
32942,1098066,23.77,1,1
32943,1098100,21.96,1,1
32944,1098133,20.46,1,1
32945,1098166,20.6,1,1
32946,1098200,20.75,1,1
32947,1098233,21.16,1,1
32948,1098266,21.97,1,1
32949,1098300,22.78,1,1
32950,1098333,23.16,1,1
32951,1098366,24.5,1,1
32952,1098400,25.85,1,2
32953,1098433,26.81,1,2
32954,1098466,28.43,1,2
32955,1098500,30.06,1,2
32956,1098533,30.72,1,2
32957,1098566,31.44,1,2
32958,1098600,32.16,1,2
32959,1098633,32.22,1,2
32960,1098666,32.45,1,2
32961,1098700,32.78,1,2
32962,1098733,33.3,1,2
32963,1098766,34.04,1,2
32964,1098800,35.5,1,2
32965,1098833,36.79,1,2
32966,1098866,37.97,1,2
32967,1098900,38.99,1,2
32968,1098933,39.8,1,2
32969,1098966,39.89,1,2
32970,1099000,39.77,1,2
32971,1099033,39.64,1,2
32972,1099066,39.42,1,2
32973,1099100,39.53,1,2
32974,1099133,39.63,1,2
32975,1099166,39.95,1,2
32976,1099200,40.96,1,2
32977,1099233,42.32,1,2
32978,1099266,42.32,1,2
32979,1099300,42.32,1,2
32980,1099333,42.32,1,2
32981,1099366,42.32,1,2
32982,1099400,42.32,1,2
32983,1099433,42.32,1,2
32984,1099466,42.32,1,2
32985,1099500,42.32,1,2
32986,1099533,42.32,1,2
32987,1099566,42.32,1,2
32988,1099600,42.32,1,2
32989,1099633,42.32,1,2
32990,1099666,42.32,1,2
32991,1099700,42.32,1,2
32992,1099733,45.57,1,2
32993,1099766,41.15,1,2
32994,1099800,36.94,1,2
32995,1099833,33.4,1,2
32996,1099866,31.63,1,2
32997,1099900,29.76,1,2
32998,1099933,28.7,1,2
32999,1099966,28.71,1,2
33000,1100000,29.81,1,2
33001,1100033,31.46,1,2
33002,1100066,33.22,1,2
33003,1100100,34.39,1,2
33004,1100133,34.9,1,2
33005,1100166,34.32,1,2
33006,1100200,33.74,1,2
33007,1100233,33.17,1,2
33008,1100266,33.36,1,2
33009,1100300,33.56,1,2
33010,1100333,33.41,1,2
33011,1100366,33.06,1,2
33012,1100400,32.7,1,2
33013,1100433,32.05,1,2
33014,1100466,31.39,1,2
33015,1100500,31.92,1,2
33016,1100533,32.65,1,2
33017,1100566,33.4,1,2
33018,1100600,34.5,1,2
33019,1100633,35.61,1,2
33020,1100666,35.87,1,2
33021,1100700,36.68,1,2
33022,1100733,37.48,1,2
33023,1100766,38.03,1,2
33024,1100800,38.88,1,2
33025,1100833,39.73,1,2
33026,1100866,40.03,1,2
33027,1100900,40.31,1,2
33028,1100933,40.58,1,2
33029,1100966,40.18,1,2
33030,1101000,39.5,1,2
33031,1101033,38.83,1,2
33032,1101066,38.18,1,2
33033,1101100,38.17,1,2
33034,1101133,38.52,1,2
33035,1101166,39.15,1,2
33036,1101200,41.83,1,2
33037,1101233,44.51,1,2
33038,1101266,46.55,1,2
33039,1101300,49.26,1,2
33040,1101333,52.26,1,3
33041,1101366,52.92,1,3
33042,1101400,52.88,1,3
33043,1101433,52.58,1,3
33044,1101466,50.48,1,3
33045,1101500,45.19,1,2
33046,1101533,40.19,1,2
33047,1101566,35.63,1,2
33048,1101600,30.53,1,2
33049,1101633,26.59,1,2
33050,1101666,26.56,1,2
33051,1101700,26.52,1,2
33052,1101733,26.76,1,2
33053,1101766,28.12,1,2
33054,1101800,29.47,1,2
33055,1101833,29.8,1,2
33056,1101866,30.72,1,2
33057,1101900,31.63,1,2
33058,1101933,32.01,1,2
33059,1101966,32.39,1,2
33060,1102000,32.77,1,2
33061,1102033,32.29,1,2
33062,1102066,31.59,1,2
33063,1102100,30.92,1,2
33064,1102133,30.26,1,2
33065,1102166,29.59,1,2
33066,1102200,29.19,1,2
33067,1102233,29.01,1,2
33068,1102266,28.99,1,2
33069,1102300,29.07,1,2
33070,1102333,29.14,1,2
33071,1102366,29.23,1,2
33072,1102400,29.79,1,2
33073,1102433,30.36,1,2
33074,1102466,30.83,1,2
33075,1102500,31.43,1,2
33076,1102533,32.03,1,2
33077,1102566,32.15,1,2
33078,1102600,32.81,1,2
33079,1102633,33.48,1,2
33080,1102666,34.02,1,2
33081,1102700,34.51,1,2
33082,1102733,34.99,1,2
33083,1102766,34.75,1,2
33084,1102800,34.26,1,2
33085,1102833,33.78,1,2
33086,1102866,33.34,1,2
33087,1102900,32.83,1,2
33088,1102933,32.58,1,2
33089,1102966,32.31,1,2
33090,1103000,32.02,1,2
33091,1103033,31.74,1,2
33092,1103066,32,1,2
33093,1103100,32.2,1,2
33094,1103133,32.64,1,2
33095,1103166,34.15,1,2
33096,1103200,35.66,1,2
33097,1103233,36.7,1,2
33098,1103266,36.7,1,2
33099,1103300,36.7,1,2
33100,1103333,36.7,1,2
33101,1103366,36.7,1,2
33102,1103400,36.7,1,2
33103,1103433,36.7,1,2
33104,1103466,36.7,1,2
33105,1103500,36.7,1,2
33106,1103533,36.7,1,2
33107,1103566,36.7,1,2
33108,1103600,36.7,1,2
33109,1103633,36.7,1,2
33110,1103666,36.7,1,2
33111,1103700,36.7,1,2
33112,1103733,36.7,1,2
33113,1103766,45.47,1,2
33114,1103800,42.81,1,2
33115,1103833,41.85,1,2
33116,1103866,40.59,1,2
33117,1103900,39.61,1,2
33118,1103933,38.6,1,2
33119,1103966,37.69,1,2
33120,1104000,36.39,1,2
33121,1104033,35.4,1,2
33122,1104066,34.73,1,2
33123,1104100,33.97,1,2
33124,1104133,33.43,1,2
33125,1104166,33.08,1,2
33126,1104200,32.84,1,2
33127,1104233,32.6,1,2
33128,1104266,32.71,1,2
33129,1104300,33.28,1,2
33130,1104333,33.84,1,2
33131,1104366,34.07,1,2
33132,1104400,34.08,1,2
33133,1104433,34.08,1,2
33134,1104466,33.63,1,2
33135,1104500,33.03,1,2
33136,1104533,32.67,1,2
33137,1104566,32.52,1,2
33138,1104600,32.34,1,2
33139,1104633,32.17,1,2
33140,1104666,32,1,2
33141,1104700,31.63,1,2
33142,1104733,31.27,1,2
33143,1104766,30.69,1,2
33144,1104800,29.11,1,2
33145,1104833,27.69,1,2
33146,1104866,26.69,1,2
33147,1104900,25.69,1,2
33148,1104933,24.94,1,1
33149,1104966,25.74,1,2
33150,1105000,26.55,1,2
33151,1105033,27.11,1,2
33152,1105066,29.11,1,2
33153,1105100,31.11,1,2
33154,1105133,32.55,1,2
33155,1105166,33.67,1,2
33156,1105200,34.64,1,2
33157,1105233,34.16,1,2
33158,1105266,33.99,1,2
33159,1105300,33.82,1,2
33160,1105333,33.97,1,2
33161,1105366,34.05,1,2
33162,1105400,34.14,1,2
33163,1105433,33.92,1,2
33164,1105466,33.81,1,2
33165,1105500,34.54,1,2
33166,1105533,35.48,1,2
33167,1105566,36.42,1,2
33168,1105600,37.4,1,2
33169,1105633,38.28,1,2
33170,1105666,37.89,1,2
33171,1105700,37.29,1,2
33172,1105733,36.7,1,2
33173,1105766,35.12,1,2
33174,1105800,33.39,1,2
33175,1105833,32.09,1,2
33176,1105866,30.99,1,2
33177,1105900,30.09,1,2
33178,1105933,30.13,1,2
33179,1105966,30.24,1,2
33180,1106000,30.16,1,2
33181,1106033,30.09,1,2
33182,1106066,29.82,1,2
33183,1106100,29.79,1,2
33184,1106133,29.84,1,2
33185,1106166,29.93,1,2
33186,1106200,29.77,1,2
33187,1106233,29.81,1,2
33188,1106266,29.52,1,2
33189,1106300,29.22,1,2
33190,1106333,29.09,1,2
33191,1106366,29.06,1,2
33192,1106400,28.69,1,2
33193,1106433,28.4,1,2
33194,1106466,27.87,1,2
33195,1106500,27.06,1,2
33196,1106533,26.38,1,2
33197,1106566,25.81,1,2
33198,1106600,25.24,1,2
33199,1106633,24.91,1,1
33200,1106666,24.69,1,1
33201,1106700,24.47,1,1
33202,1106733,24.29,1,1
33203,1106766,24.51,1,1
33204,1106800,24.73,1,1
33205,1106833,25.1,1,2
33206,1106866,26.53,1,2
33207,1106900,27.96,1,2
33208,1106933,29,1,2
33209,1106966,30.34,1,2
33210,1107000,31.69,1,2
33211,1107033,32,1,2
33212,1107066,32.52,1,2
33213,1107100,33.04,1,2
33214,1107133,33.17,1,2
33215,1107166,33.31,1,2
33216,1107200,33.23,1,2
33217,1107233,33.18,1,2
33218,1107266,33.18,1,2
33219,1107300,33.18,1,2
33220,1107333,33.18,1,2
33221,1107366,33.18,1,2
33222,1107400,33.18,1,2
33223,1107433,33.18,1,2
33224,1107466,33.18,1,2
33225,1107500,33.18,1,2
33226,1107533,33.18,1,2
33227,1107566,33.18,1,2
33228,1107600,33.18,1,2
33229,1107633,33.18,1,2
33230,1107666,33.18,1,2
33231,1107700,33.18,1,2
33232,1107733,33.18,1,2
33233,1107766,38.46,1,2
33234,1107800,36.89,1,2
33235,1107833,36.42,1,2
33236,1107866,36.4,1,2
33237,1107900,36.66,1,2
33238,1107933,36.91,1,2
33239,1107966,35.87,1,2
33240,1108000,34.8,1,2
33241,1108033,33.75,1,2
33242,1108066,32.25,1,2
33243,1108100,29.63,1,2
33244,1108133,28.32,1,2
33245,1108166,26.84,1,2
33246,1108200,24.95,1,1
33247,1108233,23.24,1,1
33248,1108266,23.18,1,1
33249,1108300,23.12,1,1
33250,1108333,23.25,1,1
33251,1108366,25.77,1,2
33252,1108400,28.29,1,2
33253,1108433,30.28,1,2
33254,1108466,32.11,1,2
33255,1108500,33.41,1,2
33256,1108533,32.72,1,2
33257,1108566,31.85,1,2
33258,1108600,30.98,1,2
33259,1108633,30.27,1,2
33260,1108666,29.61,1,2
33261,1108700,28.95,1,2
33262,1108733,28.46,1,2
33263,1108766,28.75,1,2
33264,1108800,29.04,1,2
33265,1108833,29.69,1,2
33266,1108866,30.33,1,2
33267,1108900,31.27,1,2
33268,1108933,31.42,1,2
33269,1108966,31.58,1,2
33270,1109000,31.79,1,2
33271,1109033,32,1,2
33272,1109066,31.92,1,2
33273,1109100,31.8,1,2
33274,1109133,31.68,1,2
33275,1109166,31.63,1,2
33276,1109200,31.67,1,2
33277,1109233,31.7,1,2
33278,1109266,31.77,1,2
33279,1109300,32.14,1,2
33280,1109333,32.51,1,2
33281,1109366,32.81,1,2
33282,1109400,33.71,1,2
33283,1109433,34.62,1,2
33284,1109466,34.8,1,2
33285,1109500,34.75,1,2
33286,1109533,34.7,1,2
33287,1109566,33.93,1,2
33288,1109600,32.97,1,2
33289,1109633,32.45,1,2
33290,1109666,32.16,1,2
33291,1109700,31.67,1,2
33292,1109733,31.31,1,2
33293,1109766,31.13,1,2
33294,1109800,30.95,1,2
33295,1109833,30.6,1,2
33296,1109866,30.41,1,2
33297,1109900,29.44,1,2
33298,1109933,28.47,1,2
33299,1109966,27.32,1,2
33300,1110000,25.72,1,2
33301,1110033,24.16,1,1
33302,1110066,24.42,1,1
33303,1110100,24.68,1,1
33304,1110133,25.13,1,2
33305,1110166,27.69,1,2
33306,1110200,30.25,1,2
33307,1110233,31.76,1,2
33308,1110266,35.03,1,2
33309,1110300,38.29,1,2
33310,1110333,40.06,1,2
33311,1110366,41.93,1,2
33312,1110400,43.81,1,2
33313,1110433,43.69,1,2
33314,1110466,42.52,1,2
33315,1110500,40.23,1,2
33316,1110533,37.58,1,2
33317,1110566,34.92,1,2
33318,1110600,32.68,1,2
33319,1110633,31.48,1,2
33320,1110666,31.4,1,2
33321,1110700,31.41,1,2
33322,1110733,31.41,1,2
33323,1110766,31.24,1,2
33324,1110800,32.6,1,2
33325,1110833,33.97,1,2
33326,1110866,34.23,1,2
33327,1110900,34.33,1,2
33328,1110933,34.43,1,2
33329,1110966,32.69,1,2
33330,1111000,30.76,1,2
33331,1111033,30.12,1,2
33332,1111066,29.25,1,2
33333,1111100,28.22,1,2
33334,1111133,27.5,1,2
33335,1111166,26.95,1,2
33336,1111200,26.92,1,2
33337,1111233,27.34,1,2
33338,1111266,27.34,1,2
33339,1111300,27.34,1,2
33340,1111333,27.34,1,2
33341,1111366,27.34,1,2
33342,1111400,27.34,1,2
33343,1111433,27.34,1,2
33344,1111466,27.34,1,2
33345,1111500,27.34,1,2
33346,1111533,27.34,1,2
33347,1111566,27.34,1,2
33348,1111600,27.34,1,2
33349,1111633,27.34,1,2
33350,1111666,27.34,1,2
33351,1111700,27.34,1,2
33352,1111733,29.46,1,2
33353,1111766,27.98,1,2
33354,1111800,26.5,1,2
33355,1111833,25.87,1,2
33356,1111866,25.63,1,2
33357,1111900,25.4,1,2
33358,1111933,25.46,1,2
33359,1111966,27.46,1,2
33360,1112000,29.46,1,2
33361,1112033,31.4,1,2
33362,1112066,35.7,1,2
33363,1112100,39.99,1,2
33364,1112133,42.35,1,2
33365,1112166,44.46,1,2
33366,1112200,46.51,1,2
33367,1112233,46.2,1,2
33368,1112266,45.57,1,2
33369,1112300,43.74,1,2
33370,1112333,41.78,1,2
33371,1112366,39.79,1,2
33372,1112400,37.07,1,2
33373,1112433,34.42,1,2
33374,1112466,32.97,1,2
33375,1112500,32.12,1,2
33376,1112533,31.35,1,2
33377,1112566,31.31,1,2
33378,1112600,33.04,1,2
33379,1112633,34.77,1,2
33380,1112666,34.91,1,2
33381,1112700,34.86,1,2
33382,1112733,34.8,1,2
33383,1112766,33.24,1,2
33384,1112800,32,1,2
33385,1112833,32.11,1,2
33386,1112866,32.43,1,2
33387,1112900,32.54,1,2
33388,1112933,32.65,1,2
33389,1112966,32.16,1,2
33390,1113000,31.5,1,2
33391,1113033,30.83,1,2
33392,1113066,29.76,1,2
33393,1113100,28.46,1,2
33394,1113133,27.66,1,2
33395,1113166,27.16,1,2
33396,1113200,26.67,1,2
33397,1113233,26.8,1,2
33398,1113266,26.95,1,2
33399,1113300,26.63,1,2
33400,1113333,26.18,1,2
33401,1113366,25.56,1,2
33402,1113400,24.94,1,1
33403,1113433,24.53,1,1
33404,1113466,24.38,1,1
33405,1113500,24.23,1,1
33406,1113533,24.25,1,1
33407,1113566,24.52,1,1
33408,1113600,24.78,1,1
33409,1113633,25.03,1,2
33410,1113666,26.13,1,2
33411,1113700,27.23,1,2
33412,1113733,28.09,1,2
33413,1113766,29.27,1,2
33414,1113800,30.46,1,2
33415,1113833,30.79,1,2
33416,1113866,31.85,1,2
33417,1113900,33.58,1,2
33418,1113933,35.22,1,2
33419,1113966,39.19,1,2
33420,1114000,43.16,1,2
33421,1114033,46.4,1,2
33422,1114066,50.8,1,3
33423,1114100,55.44,1,3
33424,1114133,57.75,1,3
33425,1114166,57.97,1,3
33426,1114200,57.99,1,3
33427,1114233,56.2,1,3
33428,1114266,51.2,1,3
33429,1114300,46.02,1,2
33430,1114333,42.93,1,2
33431,1114366,39.69,1,2
33432,1114400,36.12,1,2
33433,1114433,35.25,1,2
33434,1114466,34.58,1,2
33435,1114500,37.27,1,2
33436,1114533,40.3,1,2
33437,1114566,42.6,1,2
33438,1114600,44.52,1,2
33439,1114633,46.43,1,2
33440,1114666,44.44,1,2
33441,1114700,41.87,1,2
33442,1114733,40.15,1,2
33443,1114766,37.27,1,2
33444,1114800,34.18,1,2
33445,1114833,31.34,1,2
33446,1114866,29.03,1,2
33447,1114900,26.84,1,2
33448,1114933,26.19,1,2
33449,1114966,25.5,1,2
33450,1115000,24.79,1,1
33451,1115033,24.13,1,1
33452,1115066,23.34,1,1
33453,1115100,22.11,1,1
33454,1115133,21.14,1,1
33455,1115166,20.29,1,1
33456,1115200,18.96,1,1
33457,1115233,17.86,1,1
33458,1115266,17.86,1,1
33459,1115300,17.86,1,1
33460,1115333,17.86,1,1
33461,1115366,17.86,1,1
33462,1115400,17.86,1,1
33463,1115433,17.86,1,1
33464,1115466,17.86,1,1
33465,1115500,17.86,1,1
33466,1115533,17.86,1,1
33467,1115566,17.86,1,1
33468,1115600,17.86,1,1
33469,1115633,17.86,1,1
33470,1115666,17.86,1,1
33471,1115700,17.86,1,1
33472,1115733,17.86,1,1
33473,1115766,17.86,1,1
33474,1115800,17.86,1,1
33475,1115833,17.86,1,1
33476,1115866,17.86,1,1
33477,1115900,17.86,1,1
33478,1115933,17.86,1,1
33479,1115966,17.86,1,1
33480,1116000,17.86,1,1
33481,1116033,17.86,1,1
33482,1116066,17.86,1,1
33483,1116100,17.86,1,1
33484,1116133,17.86,1,1
33485,1116166,17.86,1,1
33486,1116200,17.86,1,1
33487,1116233,17.86,1,1
33488,1116266,17.86,1,1
33489,1116300,17.86,1,1
33490,1116333,17.86,1,1
33491,1116366,17.86,1,1
33492,1116400,17.86,1,1
33493,1116433,17.86,1,1
33494,1116466,17.86,1,1
33495,1116500,17.86,1,1
33496,1116533,17.86,1,1
33497,1116566,17.86,1,1
33498,1116600,17.86,1,1
33499,1116633,17.86,1,1
33500,1116666,17.86,1,1
33501,1116700,17.86,1,1
33502,1116733,17.86,1,1
33503,1116766,17.86,1,1
33504,1116800,17.86,1,1
33505,1116833,17.86,1,1
33506,1116866,17.86,1,1
33507,1116900,22.16,1,1
33508,1116933,19.04,1,1
33509,1116966,18.25,1,1
33510,1117000,17.45,1,1
33511,1117033,17.04,1,1
33512,1117066,17.61,1,1
33513,1117100,18.19,1,1
33514,1117133,18.68,1,1
33515,1117166,19.56,1,1
33516,1117200,20.45,1,1
33517,1117233,20.85,1,1
33518,1117266,21.9,1,1
33519,1117300,22.95,1,1
33520,1117333,23.59,1,1
33521,1117366,24.53,1,1
33522,1117400,25.86,1,2
33523,1117433,26.53,1,2
33524,1117466,27.02,1,2
33525,1117500,27.3,1,2
33526,1117533,27.29,1,2
33527,1117566,26.9,1,2
33528,1117600,26.74,1,2
33529,1117633,26.77,1,2
33530,1117666,27.01,1,2
33531,1117700,27.77,1,2
33532,1117733,28.53,1,2
33533,1117766,29.07,1,2
33534,1117800,30.61,1,2
33535,1117833,32.15,1,2
33536,1117866,33.16,1,2
33537,1117900,34.5,1,2
33538,1117933,35.85,1,2
33539,1117966,36.19,1,2
33540,1118000,36.45,1,2
33541,1118033,36.7,1,2
33542,1118066,35.88,1,2
33543,1118100,34.53,1,2
33544,1118133,33.17,1,2
33545,1118166,31.9,1,2
33546,1118200,30.46,1,2
33547,1118233,29.76,1,2
33548,1118266,29.59,1,2
33549,1118300,29.42,1,2
33550,1118333,29.53,1,2
33551,1118366,30.77,1,2
33552,1118400,32.37,1,2
33553,1118433,33.98,1,2
33554,1118466,34.96,1,2
33555,1118500,35.48,1,2
33556,1118533,35.13,1,2
33557,1118566,34.26,1,2
33558,1118600,31.19,1,2
33559,1118633,28.75,1,2
33560,1118666,26.23,1,2
33561,1118700,22.54,1,1
33562,1118733,19.01,1,1
33563,1118766,17.89,1,1
33564,1118800,16.77,1,1
33565,1118833,15.91,1,1
33566,1118866,16.79,1,1
33567,1118900,17.67,1,1
33568,1118933,18.34,1,1
33569,1118966,19.56,1,1
33570,1119000,20.78,1,1
33571,1119033,21.33,1,1
33572,1119066,22.18,1,1
33573,1119100,23.03,1,1
33574,1119133,23.37,1,1
33575,1119166,23.83,1,1
33576,1119200,24.29,1,1
33577,1119233,24.48,1,1
33578,1119266,24.48,1,1
33579,1119300,24.48,1,1
33580,1119333,24.48,1,1
33581,1119366,24.48,1,1
33582,1119400,24.48,1,1
33583,1119433,24.48,1,1
33584,1119466,24.48,1,1
33585,1119500,24.48,1,1
33586,1119533,24.48,1,1
33587,1119566,24.48,1,1
33588,1119600,24.48,1,1
33589,1119633,24.48,1,1
33590,1119666,24.48,1,1
33591,1119700,24.48,1,1
33592,1119733,24.48,1,1
33593,1119766,24.48,1,1
33594,1119800,24.48,1,1
33595,1119833,24.48,1,1
33596,1119866,24.48,1,1
33597,1119900,24.48,1,1
33598,1119933,24.48,1,1
33599,1119966,24.48,1,1
33600,1120000,24.48,1,1
33601,1120033,24.48,1,1
33602,1120066,24.48,1,1
33603,1120100,29.77,1,2
33604,1120133,27.72,1,2
33605,1120166,26.27,1,2
33606,1120200,25.12,1,2
33607,1120233,24.03,1,1
33608,1120266,24.66,1,1
33609,1120300,25.3,1,2
33610,1120333,25.75,1,2
33611,1120366,26.59,1,2
33612,1120400,27.43,1,2
33613,1120433,27.82,1,2
33614,1120466,28.03,1,2
33615,1120500,28.13,1,2
33616,1120533,27.85,1,2
33617,1120566,27.46,1,2
33618,1120600,27.06,1,2
33619,1120633,26.84,1,2
33620,1120666,26.35,1,2
33621,1120700,25.64,1,2
33622,1120733,25.05,1,2
33623,1120766,24.75,1,1
33624,1120800,24.53,1,1
33625,1120833,24.96,1,1
33626,1120866,25.33,1,2
33627,1120900,25.53,1,2
33628,1120933,25.26,1,2
33629,1120966,24.9,1,1
33630,1121000,25.02,1,2
33631,1121033,25.4,1,2
33632,1121066,25.84,1,2
33633,1121100,26.35,1,2
33634,1121133,26.85,1,2
33635,1121166,26.62,1,2
33636,1121200,26.78,1,2
33637,1121233,27.04,1,2
33638,1121266,27.41,1,2
33639,1121300,27.7,1,2
33640,1121333,27.98,1,2
33641,1121366,27.88,1,2
33642,1121400,27.77,1,2
33643,1121433,27.67,1,2
33644,1121466,27.66,1,2
33645,1121500,27.49,1,2
33646,1121533,27.32,1,2
33647,1121566,27.16,1,2
33648,1121600,26.92,1,2
33649,1121633,26.69,1,2
33650,1121666,26.21,1,2
33651,1121700,25.65,1,2
33652,1121733,25.11,1,2
33653,1121766,24.64,1,1
33654,1121800,23.57,1,1
33655,1121833,22.9,1,1
33656,1121866,22.18,1,1
33657,1121900,21.12,1,1
33658,1121933,20.06,1,1
33659,1121966,19.62,1,1
33660,1122000,19.17,1,1
33661,1122033,18.84,1,1
33662,1122066,18.73,1,1
33663,1122100,18.42,1,1
33664,1122133,18.09,1,1
33665,1122166,18.41,1,1
33666,1122200,18.73,1,1
33667,1122233,19.18,1,1
33668,1122266,20.2,1,1
33669,1122300,21.21,1,1
33670,1122333,21.58,1,1
33671,1122366,22.4,1,1
33672,1122400,23.23,1,1
33673,1122433,23.68,1,1
33674,1122466,24.3,1,1
33675,1122500,24.92,1,1
33676,1122533,25.08,1,2
33677,1122566,25.36,1,2
33678,1122600,25.85,1,2
33679,1122633,26.18,1,2
33680,1122666,26.5,1,2
33681,1122700,26.92,1,2
33682,1122733,27.22,1,2
33683,1122766,27.31,1,2
33684,1122800,27.74,1,2
33685,1122833,28.17,1,2
33686,1122866,28.52,1,2
33687,1122900,29.03,1,2
33688,1122933,29.54,1,2
33689,1122966,29.71,1,2
33690,1123000,30.19,1,2
33691,1123033,30.67,1,2
33692,1123066,30.98,1,2
33693,1123100,31.73,1,2
33694,1123133,32.49,1,2
33695,1123166,32.94,1,2
33696,1123200,33.36,1,2
33697,1123233,34.2,1,2
33698,1123266,34.2,1,2
33699,1123300,34.2,1,2
33700,1123333,34.2,1,2
33701,1123366,34.2,1,2
33702,1123400,34.2,1,2
33703,1123433,34.2,1,2
33704,1123466,34.2,1,2
33705,1123500,34.2,1,2
33706,1123533,34.2,1,2
33707,1123566,34.2,1,2
33708,1123600,34.2,1,2
33709,1123633,34.2,1,2
33710,1123666,34.2,1,2
33711,1123700,34.2,1,2
33712,1123733,40.96,1,2
33713,1123766,42.29,1,2
33714,1123800,43.62,1,2
33715,1123833,43.25,1,2
33716,1123866,42.44,1,2
33717,1123900,41.3,1,2
33718,1123933,40.11,1,2
33719,1123966,38.58,1,2
33720,1124000,35.92,1,2
33721,1124033,33.7,1,2
33722,1124066,31.37,1,2
33723,1124100,28.92,1,2
33724,1124133,26.81,1,2
33725,1124166,25.78,1,2
33726,1124200,24.76,1,1
33727,1124233,24,1,1
33728,1124266,23.79,1,1
33729,1124300,23.61,1,1
33730,1124333,23.48,1,1
33731,1124366,23.36,1,1
33732,1124400,23.79,1,1
33733,1124433,24.23,1,1
33734,1124466,24.63,1,1
33735,1124500,25.18,1,2
33736,1124533,25.73,1,2
33737,1124566,25.88,1,2
33738,1124600,26.05,1,2
33739,1124633,26.22,1,2
33740,1124666,26.23,1,2
33741,1124700,26.77,1,2
33742,1124733,27.31,1,2
33743,1124766,27.83,1,2
33744,1124800,28.34,1,2
33745,1124833,28.85,1,2
33746,1124866,28.83,1,2
33747,1124900,28.64,1,2
33748,1124933,28.46,1,2
33749,1124966,28.28,1,2
33750,1125000,28.29,1,2
33751,1125033,28.35,1,2
33752,1125066,28.85,1,2
33753,1125100,29.11,1,2
33754,1125133,29.61,1,2
33755,1125166,29.94,1,2
33756,1125200,30.22,1,2
33757,1125233,30.29,1,2
33758,1125266,30.13,1,2
33759,1125300,29.27,1,2
33760,1125333,28.4,1,2
33761,1125366,27.32,1,2
33762,1125400,25.2,1,2
33763,1125433,23.56,1,1
33764,1125466,22.59,1,1
33765,1125500,21.62,1,1
33766,1125533,20.86,1,1
33767,1125566,23.22,1,1
33768,1125600,25.59,1,2
33769,1125633,27.74,1,2
33770,1125666,34.46,1,2
33771,1125700,41.18,1,2
33772,1125733,45.87,1,2
33773,1125766,50.33,1,3
33774,1125800,52.62,1,3
33775,1125833,50.34,1,3
33776,1125866,47.8,1,2
33777,1125900,43.89,1,2
33778,1125933,40.08,1,2
33779,1125966,37.61,1,2
33780,1126000,35.08,1,2
33781,1126033,32.58,1,2
33782,1126066,31.31,1,2
33783,1126100,30.46,1,2
33784,1126133,30.44,1,2
33785,1126166,30.48,1,2
33786,1126200,30.73,1,2
33787,1126233,30.98,1,2
33788,1126266,30.68,1,2
33789,1126300,29.99,1,2
33790,1126333,29.31,1,2
33791,1126366,28.1,1,2
33792,1126400,26.64,1,2
33793,1126433,25.44,1,2
33794,1126466,24.53,1,1
33795,1126500,23.47,1,1
33796,1126533,22.97,1,1
33797,1126566,22.72,1,1
33798,1126600,22.45,1,1
33799,1126633,22.27,1,1
33800,1126666,22.24,1,1
33801,1126700,22.15,1,1
33802,1126733,22.19,1,1
33803,1126766,22.14,1,1
33804,1126800,21.67,1,1
33805,1126833,21.2,1,1
33806,1126866,20.86,1,1
33807,1126900,20.4,1,1
33808,1126933,20.07,1,1
33809,1126966,20.01,1,1
33810,1127000,19.44,1,1
33811,1127033,18.8,1,1
33812,1127066,18.33,1,1
33813,1127100,17.86,1,1
33814,1127133,17.53,1,1
33815,1127166,18.09,1,1
33816,1127200,18.64,1,1
33817,1127233,19.01,1,1
33818,1127266,19.01,1,1
33819,1127300,19.01,1,1
33820,1127333,19.01,1,1
33821,1127366,19.01,1,1
33822,1127400,19.01,1,1
33823,1127433,19.01,1,1
33824,1127466,19.01,1,1
33825,1127500,19.01,1,1
33826,1127533,19.01,1,1
33827,1127566,19.01,1,1
33828,1127600,19.01,1,1
33829,1127633,19.01,1,1
33830,1127666,19.01,1,1
33831,1127700,19.01,1,1
33832,1127733,19.01,1,1
33833,1127766,19.01,1,1
33834,1127800,19.01,1,1
33835,1127833,19.01,1,1
33836,1127866,19.01,1,1
33837,1127900,19.01,1,1
33838,1127933,19.01,1,1
33839,1127966,19.01,1,1
33840,1128000,19.01,1,1
33841,1128033,19.01,1,1
33842,1128066,19.01,1,1
33843,1128100,19.01,1,1
33844,1128133,19.01,1,1
33845,1128166,19.01,1,1
33846,1128200,19.01,1,1
33847,1128233,19.01,1,1
33848,1128266,19.01,1,1
33849,1128300,19.01,1,1
33850,1128333,19.01,1,1
33851,1128366,19.01,1,1
33852,1128400,19.01,1,1
33853,1128433,19.01,1,1
33854,1128466,19.01,1,1
33855,1128500,19.01,1,1
33856,1128533,19.01,1,1
33857,1128566,23.37,1,1
33858,1128600,22.52,1,1
33859,1128633,21.68,1,1
33860,1128666,20.73,1,1
33861,1128700,19.13,1,1
33862,1128733,17.8,1,1
33863,1128766,16.68,1,1
33864,1128800,15.55,1,1
33865,1128833,14.63,1,1
33866,1128866,14.67,1,1
33867,1128900,14.7,1,1
33868,1128933,14.89,1,1
33869,1128966,16.33,1,1
33870,1129000,17.78,1,1
33871,1129033,19.03,1,1
33872,1129066,20.48,1,1
33873,1129100,21.92,1,1
33874,1129133,22.11,1,1
33875,1129166,22.9,1,1
33876,1129200,23.69,1,1
33877,1129233,24.29,1,1
33878,1129266,24.72,1,1
33879,1129300,25.08,1,2
33880,1129333,24.85,1,1
33881,1129366,24.71,1,1
33882,1129400,25.35,1,2
33883,1129433,26.18,1,2
33884,1129466,27.06,1,2
33885,1129500,29.28,1,2
33886,1129533,31.65,1,2
33887,1129566,33.46,1,2
33888,1129600,36.74,1,2
33889,1129633,40.02,1,2
33890,1129666,41.95,1,2
33891,1129700,43.86,1,2
33892,1129733,45.54,1,2
33893,1129766,43.88,1,2
33894,1129800,41.96,1,2
33895,1129833,40.05,1,2
33896,1129866,37.25,1,2
33897,1129900,34.01,1,2
33898,1129933,32.63,1,2
33899,1129966,31.51,1,2
33900,1130000,31.16,1,2
33901,1130033,31.47,1,2
33902,1130066,32.23,1,2
33903,1130100,33.69,1,2
33904,1130133,35.14,1,2
33905,1130166,33.86,1,2
33906,1130200,32.48,1,2
33907,1130233,30.8,1,2
33908,1130266,28.13,1,2
33909,1130300,25.02,1,2
33910,1130333,23.9,1,1
33911,1130366,22.67,1,1
33912,1130400,20.44,1,1
33913,1130433,18.51,1,1
33914,1130466,17.05,1,1
33915,1130500,15.58,1,1
33916,1130533,14.32,1,1
33917,1130566,14.47,1,1
33918,1130600,14.63,1,1
33919,1130633,14.76,1,1
33920,1130666,15.32,1,1
33921,1130700,15.88,1,1
33922,1130733,16.31,1,1
33923,1130766,17.21,1,1
33924,1130800,18.12,1,1
33925,1130833,18.6,1,1
33926,1130866,19.26,1,1
33927,1130900,19.93,1,1
33928,1130933,20.12,1,1
33929,1130966,20.94,1,1
33930,1131000,21.77,1,1
33931,1131033,22.38,1,1
33932,1131066,22.99,1,1
33933,1131100,23.79,1,1
33934,1131133,23.94,1,1
33935,1131166,24.1,1,1
33936,1131200,24.8,1,1
33937,1131233,25.57,1,2
33938,1131266,25.57,1,2
33939,1131300,25.57,1,2
33940,1131333,25.57,1,2
33941,1131366,25.57,1,2
33942,1131400,25.57,1,2
33943,1131433,25.57,1,2
33944,1131466,25.57,1,2
33945,1131500,25.57,1,2
33946,1131533,25.57,1,2
33947,1131566,25.57,1,2
33948,1131600,25.57,1,2
33949,1131633,25.57,1,2
33950,1131666,25.57,1,2
33951,1131700,25.57,1,2
33952,1131733,25.57,1,2
33953,1131766,25.57,1,2
33954,1131800,25.57,1,2
33955,1131833,31.65,1,2
33956,1131866,30.15,1,2
33957,1131900,28.44,1,2
33958,1131933,27.21,1,2
33959,1131966,27.21,1,2
33960,1132000,27.45,1,2
33961,1132033,28.53,1,2
33962,1132066,29.54,1,2
33963,1132100,30.23,1,2
33964,1132133,29.93,1,2
33965,1132166,29.27,1,2
33966,1132200,27.08,1,2
33967,1132233,25.18,1,2
33968,1132266,23.29,1,1
33969,1132300,21.17,1,1
33970,1132333,19.41,1,1
33971,1132366,18.71,1,1
33972,1132400,18.02,1,1
33973,1132433,17.63,1,1
33974,1132466,18.19,1,1
33975,1132500,18.74,1,1
33976,1132533,19.47,1,1
33977,1132566,20.39,1,1
33978,1132600,21.32,1,1
33979,1132633,21.52,1,1
33980,1132666,21.77,1,1
33981,1132700,22.01,1,1
33982,1132733,22.01,1,1
33983,1132766,21.95,1,1
33984,1132800,21.88,1,1
33985,1132833,21.57,1,1
33986,1132866,21.27,1,1
33987,1132900,21.54,1,1
33988,1132933,21.85,1,1
33989,1132966,22.19,1,1
33990,1133000,22.84,1,1
33991,1133033,23.49,1,1
33992,1133066,23.62,1,1
33993,1133100,23.85,1,1
33994,1133133,24.08,1,1
33995,1133166,24.17,1,1
33996,1133200,24.54,1,1
33997,1133233,24.9,1,1
33998,1133266,25.16,1,2
33999,1133300,25.34,1,2
34000,1133333,25.51,1,2
34001,1133366,25.42,1,2
34002,1133400,25.56,1,2
34003,1133433,25.7,1,2
34004,1133466,25.93,1,2
34005,1133500,26.18,1,2
34006,1133533,26.43,1,2
34007,1133566,26.44,1,2
34008,1133600,26.72,1,2
34009,1133633,27,1,2
34010,1133666,26.41,1,2
34011,1133700,25.7,1,2
34012,1133733,24.91,1,1
34013,1133766,23.81,1,1
34014,1133800,22.22,1,1
34015,1133833,21.49,1,1
34016,1133866,20.7,1,1
34017,1133900,19.7,1,1
34018,1133933,18.74,1,1
34019,1133966,18.33,1,1
34020,1134000,17.91,1,1
34021,1134033,17.69,1,1
34022,1134066,17.97,1,1
34023,1134100,18.25,1,1
34024,1134133,18.46,1,1
34025,1134166,18.86,1,1
34026,1134200,19.25,1,1
34027,1134233,19.43,1,1
34028,1134266,20.2,1,1
34029,1134300,20.96,1,1
34030,1134333,21.54,1,1
34031,1134366,21.96,1,1
34032,1134400,22.38,1,1
34033,1134433,22.21,1,1
34034,1134466,23.03,1,1
34035,1134500,23.84,1,1
34036,1134533,24.83,1,1
34037,1134566,26.67,1,2
34038,1134600,28.51,1,2
34039,1134633,29.36,1,2
34040,1134666,30.02,1,2
34041,1134700,30.31,1,2
34042,1134733,29.59,1,2
34043,1134766,28.88,1,2
34044,1134800,28.46,1,2
34045,1134833,28.25,1,2
34046,1134866,28.4,1,2
34047,1134900,30.23,1,2
34048,1134933,32.06,1,2
34049,1134966,33.6,1,2
34050,1135000,36.04,1,2
34051,1135033,38.49,1,2
34052,1135066,38.48,1,2
34053,1135100,38.13,1,2
34054,1135133,37.77,1,2
34055,1135166,35.41,1,2
34056,1135200,32.61,1,2
34057,1135233,31.17,1,2
34058,1135266,31.17,1,2
34059,1135300,31.17,1,2
34060,1135333,31.17,1,2
34061,1135366,31.17,1,2
34062,1135400,31.17,1,2
34063,1135433,31.17,1,2
34064,1135466,31.17,1,2
34065,1135500,31.17,1,2
34066,1135533,31.17,1,2
34067,1135566,31.17,1,2
34068,1135600,31.17,1,2
34069,1135633,31.17,1,2
34070,1135666,31.17,1,2
34071,1135700,38.48,1,2
34072,1135733,38.48,1,2
34073,1135766,38.48,1,2
34074,1135800,38.48,1,2
34075,1135833,38.48,1,2
34076,1135866,38.48,1,2
34077,1135900,38.48,1,2
34078,1135933,38.48,1,2
34079,1135966,38.48,1,2
34080,1136000,38.48,1,2
34081,1136033,38.48,1,2
34082,1136066,38.48,1,2
34083,1136100,38.48,1,2
34084,1136133,38.48,1,2
34085,1136166,38.48,1,2
34086,1136200,38.48,1,2
34087,1136233,38.48,1,2
34088,1136266,38.48,1,2
34089,1136300,38.48,1,2
34090,1136333,38.48,1,2
34091,1136366,38.48,1,2
34092,1136400,38.48,1,2
34093,1136433,38.48,1,2
34094,1136466,38.48,1,2
34095,1136500,38.48,1,2
34096,1136533,38.48,1,2
34097,1136566,38.48,1,2
34098,1136600,38.48,1,2
34099,1136633,38.48,1,2
34100,1136666,38.48,1,2
34101,1136700,38.48,1,2
34102,1136733,29.16,1,2
34103,1136766,29.23,1,2
34104,1136800,30.38,1,2
34105,1136833,31.61,1,2
34106,1136866,32.76,1,2
34107,1136900,37.62,1,2
34108,1136933,42.47,1,2
34109,1136966,46.24,1,2
34110,1137000,52.37,1,3
34111,1137033,58.5,1,3
34112,1137066,60.17,1,3
34113,1137100,61.28,1,3
34114,1137133,62.39,1,3
34115,1137166,57.24,1,3
34116,1137200,51.66,1,3
34117,1137233,46.36,1,2
34118,1137266,40.99,1,2
34119,1137300,34.58,1,2
34120,1137333,31.68,1,2
34121,1137366,28.95,1,2
34122,1137400,25.96,1,2
34123,1137433,23.61,1,1
34124,1137466,22.07,1,1
34125,1137500,20.85,1,1
34126,1137533,19.89,1,1
34127,1137566,19.48,1,1
34128,1137600,19.07,1,1
34129,1137633,18.88,1,1
34130,1137666,18.47,1,1
34131,1137700,18.05,1,1
34132,1137733,17.82,1,1
34133,1137766,17.63,1,1
34134,1137800,17.44,1,1
34135,1137833,17.48,1,1
34136,1137866,18.1,1,1
34137,1137900,18.72,1,1
34138,1137933,19.3,1,1
34139,1137966,20.25,1,1
34140,1138000,21.23,1,1
34141,1138033,21.63,1,1
34142,1138066,22.03,1,1
34143,1138100,22.74,1,1
34144,1138133,23.09,1,1
34145,1138166,23.4,1,1
34146,1138200,23.7,1,1
34147,1138233,24,1,1
34148,1138266,23.99,1,1
34149,1138300,24.61,1,1
34150,1138333,25.22,1,2
34151,1138366,25.85,1,2
34152,1138400,26.38,1,2
34153,1138433,26.91,1,2
34154,1138466,26.61,1,2
34155,1138500,26.12,1,2
34156,1138533,25.64,1,2
34157,1138566,25.25,1,2
34158,1138600,24.86,1,1
34159,1138633,24.68,1,1
34160,1138666,24.68,1,1
34161,1138700,25.33,1,2
34162,1138733,26.28,1,2
34163,1138766,27.29,1,2
34164,1138800,29.52,1,2
34165,1138833,31.9,1,2
34166,1138866,33.64,1,2
34167,1138900,37.38,1,2
34168,1138933,41.06,1,2
34169,1138966,41.75,1,2
34170,1139000,41.21,1,2
34171,1139033,40.67,1,2
34172,1139066,37.47,1,2
34173,1139100,33.03,1,2
34174,1139133,30.35,1,2
34175,1139166,28.56,1,2
34176,1139200,25.55,1,2
34177,1139233,22.91,1,1
34178,1139266,22.91,1,1
34179,1139300,22.91,1,1
34180,1139333,22.91,1,1
34181,1139366,22.91,1,1
34182,1139400,22.91,1,1
34183,1139433,22.91,1,1
34184,1139466,22.91,1,1
34185,1139500,22.91,1,1
34186,1139533,22.91,1,1
34187,1139566,22.91,1,1
34188,1139600,22.91,1,1
34189,1139633,22.91,1,1
34190,1139666,22.91,1,1
34191,1139700,22.91,1,1
34192,1139733,22.91,1,1
34193,1139766,22.91,1,1
34194,1139800,22.91,1,1
34195,1139833,22.91,1,1
34196,1139866,28.27,1,2
34197,1139900,26.68,1,2
34198,1139933,25.16,1,2
34199,1139966,24.03,1,1
34200,1140000,23.06,1,1
34201,1140033,22.43,1,1
34202,1140066,22.05,1,1
34203,1140100,22.03,1,1
34204,1140133,22.01,1,1
34205,1140166,22.16,1,1
34206,1140200,22.8,1,1
34207,1140233,23.43,1,1
34208,1140266,23.91,1,1
34209,1140300,24.91,1,1
34210,1140333,25.9,1,2
34211,1140366,26.42,1,2
34212,1140400,26.99,1,2
34213,1140433,27.55,1,2
34214,1140466,27.6,1,2
34215,1140500,27.54,1,2
34216,1140533,27.49,1,2
34217,1140566,27.37,1,2
34218,1140600,26.99,1,2
34219,1140633,26.64,1,2
34220,1140666,26.38,1,2
34221,1140700,26.24,1,2
34222,1140733,26.44,1,2
34223,1140766,27.45,1,2
34224,1140800,28.44,1,2
34225,1140833,29.43,1,2
34226,1140866,31.32,1,2
34227,1140900,32.88,1,2
34228,1140933,33.89,1,2
34229,1140966,35.84,1,2
34230,1141000,37.79,1,2
34231,1141033,38.73,1,2
34232,1141066,39.32,1,2
34233,1141100,39.66,1,2
34234,1141133,38.77,1,2
34235,1141166,37.58,1,2
34236,1141200,35.29,1,2
34237,1141233,33.35,1,2
34238,1141266,32.12,1,2
34239,1141300,31.18,1,2
34240,1141333,30.79,1,2
34241,1141366,31.96,1,2
34242,1141400,33.12,1,2
34243,1141433,33.83,1,2
34244,1141466,34.39,1,2
34245,1141500,34.7,1,2
34246,1141533,34.28,1,2
34247,1141566,32.36,1,2
34248,1141600,30.39,1,2
34249,1141633,28.37,1,2
34250,1141666,26.23,1,2
34251,1141700,24.08,1,1
34252,1141733,23.42,1,1
34253,1141766,22.49,1,1
34254,1141800,21.53,1,1
34255,1141833,20.68,1,1
34256,1141866,20.12,1,1
34257,1141900,19.89,1,1
34258,1141933,19.99,1,1
34259,1141966,20.32,1,1
34260,1142000,20.6,1,1
34261,1142033,20.87,1,1
34262,1142066,20.82,1,1
34263,1142100,20.79,1,1
34264,1142133,20.76,1,1
34265,1142166,20.79,1,1
34266,1142200,20.86,1,1
34267,1142233,21.2,1,1
34268,1142266,21.51,1,1
34269,1142300,22.25,1,1
34270,1142333,23.2,1,1
34271,1142366,23.92,1,1
34272,1142400,24.38,1,1
34273,1142433,24.85,1,1
34274,1142466,24.81,1,1
34275,1142500,24.57,1,1
34276,1142533,24.51,1,1
34277,1142566,24.08,1,1
34278,1142600,23.11,1,1
34279,1142633,22.19,1,1
34280,1142666,20.94,1,1
34281,1142700,19.68,1,1
34282,1142733,18.8,1,1
34283,1142766,18.59,1,1
34284,1142800,18.39,1,1
34285,1142833,18.52,1,1
34286,1142866,19.13,1,1
34287,1142900,19.74,1,1
34288,1142933,20.21,1,1
34289,1142966,20.72,1,1
34290,1143000,21.22,1,1
34291,1143033,21.25,1,1
34292,1143066,21.61,1,1
34293,1143100,21.97,1,1
34294,1143133,22.3,1,1
34295,1143166,22.52,1,1
34296,1143200,22.75,1,1
34297,1143233,22.64,1,1
34298,1143266,22.64,1,1
34299,1143300,22.64,1,1
34300,1143333,22.64,1,1
34301,1143366,22.64,1,1
34302,1143400,22.64,1,1
34303,1143433,22.64,1,1
34304,1143466,22.64,1,1
34305,1143500,22.64,1,1
34306,1143533,22.64,1,1
34307,1143566,22.64,1,1
34308,1143600,22.64,1,1
34309,1143633,22.64,1,1
34310,1143666,22.64,1,1
34311,1143700,22.64,1,1
34312,1143733,22.64,1,1
34313,1143766,22.64,1,1
34314,1143800,22.64,1,1
34315,1143833,22.64,1,1
34316,1143866,27.87,1,2
34317,1143900,26.78,1,2
34318,1143933,25.82,1,2
34319,1143966,24.91,1,1
34320,1144000,23.76,1,1
34321,1144033,22.67,1,1
34322,1144066,21.65,1,1
34323,1144100,20.55,1,1
34324,1144133,19.96,1,1
34325,1144166,19.42,1,1
34326,1144200,18.43,1,1
34327,1144233,17.71,1,1
34328,1144266,16.91,1,1
34329,1144300,16.04,1,1
34330,1144333,15.37,1,1
34331,1144366,15.25,1,1
34332,1144400,15.13,1,1
34333,1144433,15.17,1,1
34334,1144466,15.84,1,1
34335,1144500,16.51,1,1
34336,1144533,17.07,1,1
34337,1144566,18.54,1,1
34338,1144600,20.01,1,1
34339,1144633,20.92,1,1
34340,1144666,21.53,1,1
34341,1144700,21.91,1,1
34342,1144733,21.38,1,1
34343,1144766,21.72,1,1
34344,1144800,22.05,1,1
34345,1144833,22.45,1,1
34346,1144866,22.98,1,1
34347,1144900,23.47,1,1
34348,1144933,23,1,1
34349,1144966,22.53,1,1
34350,1145000,22.19,1,1
34351,1145033,21.93,1,1
34352,1145066,21.71,1,1
34353,1145100,21.75,1,1
34354,1145133,21.78,1,1
34355,1145166,21.93,1,1
34356,1145200,22.29,1,1
34357,1145233,22.64,1,1
34358,1145266,22.83,1,1
34359,1145300,23.46,1,1
34360,1145333,24.09,1,1
34361,1145366,24.52,1,1
34362,1145400,25.55,1,2
34363,1145433,26.59,1,2
34364,1145466,27.06,1,2
34365,1145500,27.09,1,2
34366,1145533,27.12,1,2
34367,1145566,26.4,1,2
34368,1145600,25.44,1,2
34369,1145633,24.6,1,1
34370,1145666,24.21,1,1
34371,1145700,23.76,1,1
34372,1145733,23.44,1,1
34373,1145766,23.39,1,1
34374,1145800,23.81,1,1
34375,1145833,24.23,1,1
34376,1145866,23.98,1,1
34377,1145900,23.56,1,1
34378,1145933,23.23,1,1
34379,1145966,22.32,1,1
34380,1146000,21.3,1,1
34381,1146033,21.01,1,1
34382,1146066,20.64,1,1
34383,1146100,19.5,1,1
34384,1146133,18.45,1,1
34385,1146166,17.55,1,1
34386,1146200,16.64,1,1
34387,1146233,15.98,1,1
34388,1146266,16.54,1,1
34389,1146300,17.1,1,1
34390,1146333,17.63,1,1
34391,1146366,18.06,1,1
34392,1146400,18.48,1,1
34393,1146433,18.38,1,1
34394,1146466,18.57,1,1
34395,1146500,18.77,1,1
34396,1146533,19.07,1,1
34397,1146566,19.73,1,1
34398,1146600,20.38,1,1
34399,1146633,20.54,1,1
34400,1146666,20.63,1,1
34401,1146700,20.69,1,1
34402,1146733,20.4,1,1
34403,1146766,20.1,1,1
34404,1146800,21.7,1,1
34405,1146833,23.36,1,1
34406,1146866,24.94,1,1
34407,1146900,26.37,1,2
34408,1146933,27.79,1,2
34409,1146966,27.35,1,2
34410,1147000,26.75,1,2
34411,1147033,26.28,1,2
34412,1147066,25.87,1,2
34413,1147100,25.27,1,2
34414,1147133,24.83,1,1
34415,1147166,24.3,1,1
34416,1147200,23.51,1,1
34417,1147233,23.06,1,1
34418,1147266,23.06,1,1
34419,1147300,23.06,1,1
34420,1147333,23.06,1,1
34421,1147366,23.06,1,1
34422,1147400,23.06,1,1
34423,1147433,23.06,1,1
34424,1147466,23.06,1,1
34425,1147500,23.06,1,1
34426,1147533,23.06,1,1
34427,1147566,23.06,1,1
34428,1147600,23.06,1,1
34429,1147633,23.06,1,1
34430,1147666,23.06,1,1
34431,1147700,23.06,1,1
34432,1147733,22.69,1,1
34433,1147766,20.3,1,1
34434,1147800,18.76,1,1
34435,1147833,18.04,1,1
34436,1147866,17.93,1,1
34437,1147900,17.82,1,1
34438,1147933,17.7,1,1
34439,1147966,18.53,1,1
34440,1148000,19.37,1,1
34441,1148033,20.33,1,1
34442,1148066,21.8,1,1
34443,1148100,23.27,1,1
34444,1148133,23.79,1,1
34445,1148166,26.14,1,2
34446,1148200,28.49,1,2
34447,1148233,30.33,1,2
34448,1148266,32.64,1,2
34449,1148300,34.96,1,2
34450,1148333,35.43,1,2
34451,1148366,35.57,1,2
34452,1148400,35.21,1,2
34453,1148433,34.37,1,2
34454,1148466,33.22,1,2
34455,1148500,31.62,1,2
34456,1148533,30.03,1,2
34457,1148566,28.55,1,2
34458,1148600,26.72,1,2
34459,1148633,25.19,1,2
34460,1148666,24.12,1,1
34461,1148700,24.05,1,1
34462,1148733,24.36,1,1
34463,1148766,25.02,1,2
34464,1148800,26.88,1,2
34465,1148833,28.73,1,2
34466,1148866,29.07,1,2
34467,1148900,29.19,1,2
34468,1148933,29.31,1,2
34469,1148966,28.24,1,2
34470,1149000,26.98,1,2
34471,1149033,26.56,1,2
34472,1149066,25.9,1,2
34473,1149100,24.91,1,1
34474,1149133,23.92,1,1
34475,1149166,22.75,1,1
34476,1149200,21.41,1,1
34477,1149233,20.54,1,1
34478,1149266,19.98,1,1
34479,1149300,19.33,1,1
34480,1149333,18.98,1,1
34481,1149366,18.59,1,1
34482,1149400,17.89,1,1
34483,1149433,17.21,1,1
34484,1149466,16.48,1,1
34485,1149500,15.31,1,1
34486,1149533,14.35,1,1
34487,1149566,13.8,1,1
34488,1149600,13.24,1,1
34489,1149633,12.83,1,1
34490,1149666,13.28,1,1
34491,1149700,13.74,1,1
34492,1149733,14.09,1,1
34493,1149766,14.95,1,1
34494,1149800,15.82,1,1
34495,1149833,16.33,1,1
34496,1149866,17.08,1,1
34497,1149900,17.83,1,1
34498,1149933,18.07,1,1
34499,1149966,18.91,1,1
34500,1150000,19.83,1,1
34501,1150033,20.51,1,1
34502,1150066,21.22,1,1
34503,1150100,21.92,1,1
34504,1150133,22.02,1,1
34505,1150166,22.12,1,1
34506,1150200,22.42,1,1
34507,1150233,22.69,1,1
34508,1150266,22.97,1,1
34509,1150300,23.44,1,1
34510,1150333,23.83,1,1
34511,1150366,24.02,1,1
34512,1150400,24.08,1,1
34513,1150433,24.13,1,1
34514,1150466,23.99,1,1
34515,1150500,24.32,1,1
34516,1150533,24.64,1,1
34517,1150566,25.1,1,2
34518,1150600,27.17,1,2
34519,1150633,29.27,1,2
34520,1150666,30.91,1,2
34521,1150700,38.28,1,2
34522,1150733,45.65,1,2
34523,1150766,51.42,1,3
34524,1150800,57.11,1,3
34525,1150833,62.8,1,3
34526,1150866,60.48,1,3
34527,1150900,57.18,1,3
34528,1150933,53.66,1,3
34529,1150966,48.81,1,2
34530,1151000,42.71,1,2
34531,1151033,38.49,1,2
34532,1151066,34.5,1,2
34533,1151100,29.76,1,2
34534,1151133,26.4,1,2
34535,1151166,23.96,1,1
34536,1151200,21.48,1,1
34537,1151233,19.76,1,1
34538,1151266,19.76,1,1
34539,1151300,19.76,1,1
34540,1151333,19.76,1,1
34541,1151366,19.76,1,1
34542,1151400,19.76,1,1
34543,1151433,19.76,1,1
34544,1151466,19.76,1,1
34545,1151500,19.76,1,1
34546,1151533,19.76,1,1
34547,1151566,19.76,1,1
34548,1151600,19.76,1,1
34549,1151633,19.76,1,1
34550,1151666,19.76,1,1
34551,1151700,19.76,1,1
34552,1151733,19.76,1,1
34553,1151766,19.76,1,1
34554,1151800,19.76,1,1
34555,1151833,19.76,1,1
34556,1151866,19.76,1,1
34557,1151900,19.76,1,1
34558,1151933,19.76,1,1
34559,1151966,19.76,1,1
34560,1152000,19.76,1,1
34561,1152033,19.76,1,1
34562,1152066,19.76,1,1
34563,1152100,19.76,1,1
34564,1152133,19.76,1,1
34565,1152166,19.76,1,1
34566,1152200,19.76,1,1
34567,1152233,19.76,1,1
34568,1152266,19.76,1,1
34569,1152300,19.76,1,1
34570,1152333,19.76,1,1
34571,1152366,19.76,1,1
34572,1152400,19.76,1,1
34573,1152433,24.37,1,1
34574,1152466,24.18,1,1
34575,1152500,24.34,1,1
34576,1152533,24.51,1,1
34577,1152566,24.87,1,1
34578,1152600,25.58,1,2
34579,1152633,26.64,1,2
34580,1152666,27.65,1,2
34581,1152700,31.67,1,2
34582,1152733,35.73,1,2
34583,1152766,39.44,1,2
34584,1152800,43.29,1,2
34585,1152833,47.37,1,2
34586,1152866,47.91,1,2
34587,1152900,47.53,1,2
34588,1152933,46.85,1,2
34589,1152966,45.18,1,2
34590,1153000,40.91,1,2
34591,1153033,37.18,1,2
34592,1153066,34.31,1,2
34593,1153100,31.75,1,2
34594,1153133,29.68,1,2
34595,1153166,30.7,1,2
34596,1153200,31.71,1,2
34597,1153233,32.73,1,2
34598,1153266,35.09,1,2
34599,1153300,37.46,1,2
34600,1153333,38.81,1,2
34601,1153366,39.76,1,2
34602,1153400,40.12,1,2
34603,1153433,39.12,1,2
34604,1153466,37.81,1,2
34605,1153500,35.65,1,2
34606,1153533,33.56,1,2
34607,1153566,30.77,1,2
34608,1153600,27.87,1,2
34609,1153633,25.09,1,2
34610,1153666,23.06,1,1
34611,1153700,21.11,1,1
34612,1153733,20.46,1,1
34613,1153766,19.72,1,1
34614,1153800,18.99,1,1
34615,1153833,18.38,1,1
34616,1153866,18.01,1,1
34617,1153900,17.87,1,1
34618,1153933,17.94,1,1
34619,1153966,18.17,1,1
34620,1154000,18.77,1,1
34621,1154033,19.37,1,1
34622,1154066,19.73,1,1
34623,1154100,20.48,1,1
34624,1154133,21.24,1,1
34625,1154166,21.62,1,1
34626,1154200,21.87,1,1
34627,1154233,22.12,1,1
34628,1154266,21.99,1,1
34629,1154300,22.07,1,1
34630,1154333,22.39,1,1
34631,1154366,23.18,1,1
34632,1154400,24.32,1,1
34633,1154433,25.64,1,2
34634,1154466,26.56,1,2
34635,1154500,27.11,1,2
34636,1154533,27.33,1,2
34637,1154566,26.94,1,2
34638,1154600,26.37,1,2
34639,1154633,25.99,1,2
34640,1154666,25.37,1,2
34641,1154700,24.42,1,1
34642,1154733,23.72,1,1
34643,1154766,22.55,1,1
34644,1154800,21.38,1,1
34645,1154833,20.58,1,1
34646,1154866,20.48,1,1
34647,1154900,20.39,1,1
34648,1154933,20.76,1,1
34649,1154966,21.92,1,1
34650,1155000,23.08,1,1
34651,1155033,23.86,1,1
34652,1155066,24.51,1,1
34653,1155100,25.15,1,2
34654,1155133,25.02,1,2
34655,1155166,25.34,1,2
34656,1155200,25.66,1,2
34657,1155233,26.12,1,2
34658,1155266,26.12,1,2
34659,1155300,26.12,1,2
34660,1155333,26.12,1,2
34661,1155366,26.12,1,2
34662,1155400,26.12,1,2
34663,1155433,26.12,1,2
34664,1155466,26.12,1,2
34665,1155500,26.12,1,2
34666,1155533,26.12,1,2
34667,1155566,26.12,1,2
34668,1155600,26.12,1,2
34669,1155633,26.12,1,2
34670,1155666,26.12,1,2
34671,1155700,26.12,1,2
34672,1155733,29.63,1,2
34673,1155766,25.25,1,2
34674,1155800,22.92,1,1
34675,1155833,22.13,1,1
34676,1155866,21.92,1,1
34677,1155900,21.8,1,1
34678,1155933,21.68,1,1
34679,1155966,21.26,1,1
34680,1156000,20.82,1,1
34681,1156033,20.24,1,1
34682,1156066,19.58,1,1
34683,1156100,18.92,1,1
34684,1156133,18.85,1,1
34685,1156166,18.6,1,1
34686,1156200,18.35,1,1
34687,1156233,18.11,1,1
34688,1156266,17.68,1,1
34689,1156300,16.99,1,1
34690,1156333,16.52,1,1
34691,1156366,16,1,1
34692,1156400,15.48,1,1
34693,1156433,15.14,1,1
34694,1156466,14.95,1,1
34695,1156500,14.77,1,1
34696,1156533,14.76,1,1
34697,1156566,15.24,1,1
34698,1156600,15.72,1,1
34699,1156633,16.21,1,1
34700,1156666,17.17,1,1
34701,1156700,18.13,1,1
34702,1156733,18.6,1,1
34703,1156766,19.61,1,1
34704,1156800,20.62,1,1
34705,1156833,21.15,1,1
34706,1156866,21.81,1,1
34707,1156900,22.47,1,1
34708,1156933,22.5,1,1
34709,1156966,22.53,1,1
34710,1157000,22.56,1,1
34711,1157033,22.38,1,1
34712,1157066,22.2,1,1
34713,1157100,22.35,1,1
34714,1157133,22.71,1,1
34715,1157166,23.08,1,1
34716,1157200,24.44,1,1
34717,1157233,25.8,1,2
34718,1157266,26.92,1,2
34719,1157300,29.39,1,2
34720,1157333,31.86,1,2
34721,1157366,32.56,1,2
34722,1157400,32.97,1,2
34723,1157433,33.39,1,2
34724,1157466,31.29,1,2
34725,1157500,28.97,1,2
34726,1157533,27.51,1,2
34727,1157566,25.61,1,2
34728,1157600,23.34,1,1
34729,1157633,22.03,1,1
34730,1157666,20.95,1,1
34731,1157700,19.87,1,1
34732,1157733,19.51,1,1
34733,1157766,19.42,1,1
34734,1157800,19.17,1,1
34735,1157833,18.92,1,1
34736,1157866,18.67,1,1
34737,1157900,18.43,1,1
34738,1157933,18.28,1,1
34739,1157966,18.28,1,1
34740,1158000,18.21,1,1
34741,1158033,18.15,1,1
34742,1158066,17.98,1,1
34743,1158100,17.21,1,1
34744,1158133,16.43,1,1
34745,1158166,15.62,1,1
34746,1158200,14.48,1,1
34747,1158233,13.44,1,1
34748,1158266,13.39,1,1
34749,1158300,13.33,1,1
34750,1158333,13.38,1,1
34751,1158366,14.31,1,1
34752,1158400,15.24,1,1
34753,1158433,15.78,1,1
34754,1158466,16.48,1,1
34755,1158500,17.18,1,1
34756,1158533,17.34,1,1
34757,1158566,17.67,1,1
34758,1158600,18,1,1
34759,1158633,18.18,1,1
34760,1158666,18.37,1,1
34761,1158700,18.57,1,1
34762,1158733,18.59,1,1
34763,1158766,18.79,1,1
34764,1158800,19,1,1
34765,1158833,19.13,1,1
34766,1158866,19.26,1,1
34767,1158900,19.51,1,1
34768,1158933,19.57,1,1
34769,1158966,19.63,1,1
34770,1159000,20.06,1,1
34771,1159033,20.49,1,1
34772,1159066,20.81,1,1
34773,1159100,21.59,1,1
34774,1159133,22.38,1,1
34775,1159166,22.86,1,1
34776,1159200,24.42,1,1
34777,1159233,26.2,1,2
34778,1159266,26.2,1,2
34779,1159300,26.2,1,2
34780,1159333,26.2,1,2
34781,1159366,26.2,1,2
34782,1159400,26.2,1,2
34783,1159433,26.2,1,2
34784,1159466,26.2,1,2
34785,1159500,26.2,1,2
34786,1159533,26.2,1,2
34787,1159566,26.2,1,2
34788,1159600,26.2,1,2
34789,1159633,26.2,1,2
34790,1159666,26.2,1,2
34791,1159700,26.2,1,2
34792,1159733,28.69,1,2
34793,1159766,25.74,1,2
34794,1159800,24.61,1,1
34795,1159833,23.91,1,1
34796,1159866,23.26,1,1
34797,1159900,21.81,1,1
34798,1159933,20.75,1,1
34799,1159966,19.48,1,1
34800,1160000,18.19,1,1
34801,1160033,17.16,1,1
34802,1160066,17.11,1,1
34803,1160100,17.07,1,1
34804,1160133,17.23,1,1
34805,1160166,17.72,1,1
34806,1160200,18.2,1,1
34807,1160233,18.5,1,1
34808,1160266,18.91,1,1
34809,1160300,19.32,1,1
34810,1160333,19.44,1,1
34811,1160366,19.41,1,1
34812,1160400,19.38,1,1
34813,1160433,19.23,1,1
34814,1160466,19.28,1,1
34815,1160500,19.33,1,1
34816,1160533,19.52,1,1
34817,1160566,19.79,1,1
34818,1160600,20.49,1,1
34819,1160633,21.01,1,1
34820,1160666,21.52,1,1
34821,1160700,22.05,1,1
34822,1160733,22.5,1,1
34823,1160766,22.52,1,1
34824,1160800,23.45,1,1
34825,1160833,24.39,1,1
34826,1160866,24.58,1,1
34827,1160900,24.56,1,1
34828,1160933,24.54,1,1
34829,1160966,23.44,1,1
34830,1161000,22.12,1,1
34831,1161033,21.5,1,1
34832,1161066,20.9,1,1
34833,1161100,20.07,1,1
34834,1161133,19.42,1,1
34835,1161166,18.98,1,1
34836,1161200,18.6,1,1
34837,1161233,18.43,1,1
34838,1161266,18.48,1,1
34839,1161300,18.72,1,1
34840,1161333,18.96,1,1
34841,1161366,19.16,1,1
34842,1161400,19.27,1,1
34843,1161433,19.39,1,1
34844,1161466,19.26,1,1
34845,1161500,18.94,1,1
34846,1161533,18.81,1,1
34847,1161566,18.55,1,1
34848,1161600,18.29,1,1
34849,1161633,18.08,1,1
34850,1161666,17.88,1,1
34851,1161700,17.49,1,1
34852,1161733,17.3,1,1
34853,1161766,16.99,1,1
34854,1161800,16.49,1,1
34855,1161833,16.18,1,1
34856,1161866,16.46,1,1
34857,1161900,16.75,1,1
34858,1161933,17.15,1,1
34859,1161966,18.25,1,1
34860,1162000,19.35,1,1
34861,1162033,19.85,1,1
34862,1162066,20.9,1,1
34863,1162100,21.96,1,1
34864,1162133,22.51,1,1
34865,1162166,24.46,1,1
34866,1162200,26.41,1,2
34867,1162233,27.83,1,2
34868,1162266,28.97,1,2
34869,1162300,29.97,1,2
34870,1162333,29.58,1,2
34871,1162366,29.03,1,2
34872,1162400,28.47,1,2
34873,1162433,27.91,1,2
34874,1162466,27.37,1,2
34875,1162500,26.59,1,2
34876,1162533,25.57,1,2
34877,1162566,24.54,1,1
34878,1162600,24.54,1,1
34879,1162633,24.67,1,1
34880,1162666,25.04,1,2
34881,1162700,27.01,1,2
34882,1162733,28.97,1,2
34883,1162766,30.17,1,2
34884,1162800,34.36,1,2
34885,1162833,38.54,1,2
34886,1162866,39.41,1,2
34887,1162900,40.21,1,2
34888,1162933,40.7,1,2
34889,1162966,37.26,1,2
34890,1163000,33.62,1,2
34891,1163033,31.72,1,2
34892,1163066,28.3,1,2
34893,1163100,25.16,1,2
34894,1163133,22.77,1,1
34895,1163166,20.59,1,1
34896,1163200,18.87,1,1
34897,1163233,18.94,1,1
34898,1163266,18.94,1,1
34899,1163300,18.94,1,1
34900,1163333,18.94,1,1
34901,1163366,18.94,1,1
34902,1163400,18.94,1,1
34903,1163433,18.94,1,1
34904,1163466,18.94,1,1
34905,1163500,18.94,1,1
34906,1163533,18.94,1,1
34907,1163566,18.94,1,1
34908,1163600,18.94,1,1
34909,1163633,18.94,1,1
34910,1163666,18.94,1,1
34911,1163700,18.94,1,1
34912,1163733,16.15,1,1
34913,1163766,16.07,1,1
34914,1163800,15.99,1,1
34915,1163833,17.05,1,1
34916,1163866,18.78,1,1
34917,1163900,20.51,1,1
34918,1163933,21.17,1,1
34919,1163966,22.17,1,1
34920,1164000,23.17,1,1
34921,1164033,23.5,1,1
34922,1164066,24.53,1,1
34923,1164100,25.55,1,2
34924,1164133,26.25,1,2
34925,1164166,27.83,1,2
34926,1164200,30.39,1,2
34927,1164233,32.25,1,2
34928,1164266,34,1,2
34929,1164300,35.49,1,2
34930,1164333,35.73,1,2
34931,1164366,34.99,1,2
34932,1164400,34.22,1,2
34933,1164433,33.57,1,2
34934,1164466,32.29,1,2
34935,1164500,31.3,1,2
34936,1164533,30.02,1,2
34937,1164566,28.75,1,2
34938,1164600,27.57,1,2
34939,1164633,27.27,1,2
34940,1164666,27.05,1,2
34941,1164700,30.2,1,2
34942,1164733,33.34,1,2
34943,1164766,36.41,1,2
34944,1164800,43.31,1,2
34945,1164833,50.22,1,3
34946,1164866,53.72,1,3
34947,1164900,57.11,1,3
34948,1164933,60.23,1,3
34949,1164966,56.68,1,3
34950,1165000,52.81,1,3
34951,1165033,48.98,1,2
34952,1165066,42.91,1,2
34953,1165100,35.9,1,2
34954,1165133,31.49,1,2
34955,1165166,27.26,1,2
34956,1165200,22.36,1,1
34957,1165233,19.82,1,1
34958,1165266,18.77,1,1
34959,1165300,17.94,1,1
34960,1165333,17.26,1,1
34961,1165366,17.41,1,1
34962,1165400,17.55,1,1
34963,1165433,17.42,1,1
34964,1165466,17.26,1,1
34965,1165500,17.11,1,1
34966,1165533,17.08,1,1
34967,1165566,16.94,1,1
34968,1165600,16.53,1,1
34969,1165633,16.14,1,1
34970,1165666,15.9,1,1
34971,1165700,15.65,1,1
34972,1165733,15.53,1,1
34973,1165766,15.69,1,1
34974,1165800,16,1,1
34975,1165833,16.18,1,1
34976,1165866,16.35,1,1
34977,1165900,16.84,1,1
34978,1165933,17.32,1,1
34979,1165966,17.64,1,1
34980,1166000,18.18,1,1
34981,1166033,18.72,1,1
34982,1166066,18.94,1,1
34983,1166100,19.39,1,1
34984,1166133,19.84,1,1
34985,1166166,20.07,1,1
34986,1166200,20.52,1,1
34987,1166233,20.98,1,1
34988,1166266,21.21,1,1
34989,1166300,21.15,1,1
34990,1166333,21.09,1,1
34991,1166366,20.81,1,1
34992,1166400,20.45,1,1
34993,1166433,20.09,1,1
34994,1166466,20.02,1,1
34995,1166500,20.62,1,1
34996,1166533,21.23,1,1
34997,1166566,21.91,1,1
34998,1166600,22.58,1,1
34999,1166633,23.5,1,1
35000,1166666,24.08,1,1
35001,1166700,26.31,1,2
35002,1166733,28.55,1,2
35003,1166766,30.8,1,2
35004,1166800,33.82,1,2
35005,1166833,36.51,1,2
35006,1166866,37.43,1,2
35007,1166900,37.34,1,2
35008,1166933,36.98,1,2
35009,1166966,34.89,1,2
35010,1167000,31.8,1,2
35011,1167033,28.59,1,2
35012,1167066,26.13,1,2
35013,1167100,22.8,1,1
35014,1167133,20.18,1,1
35015,1167166,18.51,1,1
35016,1167200,17.07,1,1
35017,1167233,15.89,1,1
35018,1167266,15.89,1,1
35019,1167300,15.89,1,1
35020,1167333,15.89,1,1
35021,1167366,15.89,1,1
35022,1167400,15.89,1,1
35023,1167433,15.89,1,1
35024,1167466,15.89,1,1
35025,1167500,15.89,1,1
35026,1167533,15.89,1,1
35027,1167566,15.89,1,1
35028,1167600,15.89,1,1
35029,1167633,15.89,1,1
35030,1167666,15.89,1,1
35031,1167700,15.89,1,1
35032,1167733,15.89,1,1
35033,1167766,15.89,1,1
35034,1167800,15.89,1,1
35035,1167833,15.89,1,1
35036,1167866,15.89,1,1
35037,1167900,15.89,1,1
35038,1167933,15.89,1,1
35039,1167966,15.89,1,1
35040,1168000,15.89,1,1
35041,1168033,15.89,1,1
35042,1168066,15.89,1,1
35043,1168100,15.89,1,1
35044,1168133,15.89,1,1
35045,1168166,15.89,1,1
35046,1168200,15.89,1,1
35047,1168233,15.89,1,1
35048,1168266,15.89,1,1
35049,1168300,15.89,1,1
35050,1168333,15.89,1,1
35051,1168366,15.89,1,1
35052,1168400,15.89,1,1
35053,1168433,15.89,1,1
35054,1168466,15.89,1,1
35055,1168500,15.89,1,1
35056,1168533,15.89,1,1
35057,1168566,15.89,1,1
35058,1168600,15.89,1,1
35059,1168633,15.89,1,1
35060,1168666,15.89,1,1
35061,1168700,15.89,1,1
35062,1168733,15.89,1,1
35063,1168766,15.89,1,1
35064,1168800,15.89,1,1
35065,1168833,15.89,1,1
35066,1168866,15.89,1,1
35067,1168900,15.89,1,1
35068,1168933,15.89,1,1
35069,1168966,15.89,1,1
35070,1169000,15.89,1,1
35071,1169033,15.89,1,1
35072,1169066,15.89,1,1
35073,1169100,15.89,1,1
35074,1169133,15.89,1,1
35075,1169166,15.89,1,1
35076,1169200,15.89,1,1
35077,1169233,15.89,1,1
35078,1169266,15.89,1,1
35079,1169300,15.89,1,1
35080,1169333,15.89,1,1
35081,1169366,15.89,1,1
35082,1169400,15.89,1,1
35083,1169433,15.89,1,1
35084,1169466,15.89,1,1
35085,1169500,15.89,1,1
35086,1169533,19.82,1,1
35087,1169566,18.89,1,1
35088,1169600,18.04,1,1
35089,1169633,17.37,1,1
35090,1169666,16.77,1,1
35091,1169700,16.54,1,1
35092,1169733,16.61,1,1
35093,1169766,16.56,1,1
35094,1169800,16.41,1,1
35095,1169833,16.26,1,1
35096,1169866,15.85,1,1
35097,1169900,16.08,1,1
35098,1169933,16.64,1,1
35099,1169966,17.28,1,1
35100,1170000,17.76,1,1
35101,1170033,18.24,1,1
35102,1170066,18.07,1,1
35103,1170100,17.99,1,1
35104,1170133,17.91,1,1
35105,1170166,17.83,1,1
35106,1170200,17.52,1,1
35107,1170233,17.44,1,1
35108,1170266,17.4,1,1
35109,1170300,17.36,1,1
35110,1170333,17.63,1,1
35111,1170366,18.08,1,1
35112,1170400,18.31,1,1
35113,1170433,18.41,1,1
35114,1170466,19.91,1,1
35115,1170500,21.28,1,1
35116,1170533,22.68,1,1
35117,1170566,24.09,1,1
35118,1170600,25.51,1,2
35119,1170633,25.52,1,2
35120,1170666,26.52,1,2
35121,1170700,27.52,1,2
35122,1170733,28.51,1,2
35123,1170766,28.82,1,2
35124,1170800,28.97,1,2
35125,1170833,28.13,1,2
35126,1170866,27.28,1,2
35127,1170900,26.43,1,2
35128,1170933,26.27,1,2
35129,1170966,26.15,1,2
35130,1171000,26.04,1,2
35131,1171033,25.58,1,2
35132,1171066,25.08,1,2
35133,1171100,24.16,1,1
35134,1171133,23.05,1,1
35135,1171166,21.87,1,1
35136,1171200,20.71,1,1
35137,1171233,19.93,1,1
35138,1171266,19.93,1,1
35139,1171300,19.93,1,1
35140,1171333,19.93,1,1
35141,1171366,19.93,1,1
35142,1171400,19.93,1,1
35143,1171433,19.93,1,1
35144,1171466,19.93,1,1
35145,1171500,19.93,1,1
35146,1171533,19.93,1,1
35147,1171566,19.93,1,1
35148,1171600,19.93,1,1
35149,1171633,19.93,1,1
35150,1171666,19.93,1,1
35151,1171700,19.93,1,1
35152,1171733,19.93,1,1
35153,1171766,19.93,1,1
35154,1171800,19.93,1,1
35155,1171833,19.93,1,1
35156,1171866,19.93,1,1
35157,1171900,19.93,1,1
35158,1171933,24.71,1,1
35159,1171966,23.76,1,1
35160,1172000,22.4,1,1
35161,1172033,20.93,1,1
35162,1172066,19.67,1,1
35163,1172100,17.95,1,1
35164,1172133,16.76,1,1
35165,1172166,16.27,1,1
35166,1172200,16.02,1,1
35167,1172233,15.86,1,1
35168,1172266,15.96,1,1
35169,1172300,16.04,1,1
35170,1172333,15.81,1,1
35171,1172366,15.65,1,1
35172,1172400,15.48,1,1
35173,1172433,15.52,1,1
35174,1172466,15.47,1,1
35175,1172500,15.43,1,1
35176,1172533,15.32,1,1
35177,1172566,15.24,1,1
35178,1172600,15.17,1,1
35179,1172633,15.2,1,1
35180,1172666,15.37,1,1
35181,1172700,15.54,1,1
35182,1172733,15.68,1,1
35183,1172766,16,1,1
35184,1172800,16.31,1,1
35185,1172833,16.48,1,1
35186,1172866,16.71,1,1
35187,1172900,17.28,1,1
35188,1172933,17.69,1,1
35189,1172966,18.01,1,1
35190,1173000,18.14,1,1
35191,1173033,18.22,1,1
35192,1173066,17.95,1,1
35193,1173100,18.38,1,1
35194,1173133,18.9,1,1
35195,1173166,19.61,1,1
35196,1173200,20.21,1,1
35197,1173233,20.82,1,1
35198,1173266,20.71,1,1
35199,1173300,21.03,1,1
35200,1173333,21.34,1,1
35201,1173366,21.76,1,1
35202,1173400,21.94,1,1
35203,1173433,22.12,1,1
35204,1173466,21.88,1,1
35205,1173500,21.51,1,1
35206,1173533,21.14,1,1
35207,1173566,21.01,1,1
35208,1173600,20.73,1,1
35209,1173633,20.45,1,1
35210,1173666,20.3,1,1
35211,1173700,20.33,1,1
35212,1173733,20.54,1,1
35213,1173766,20.89,1,1
35214,1173800,21.95,1,1
35215,1173833,23.35,1,1
35216,1173866,24.57,1,1
35217,1173900,25.61,1,2
35218,1173933,26.86,1,2
35219,1173966,27.1,1,2
35220,1174000,26.76,1,2
35221,1174033,26.41,1,2
35222,1174066,25.59,1,2
35223,1174100,23.43,1,1
35224,1174133,21.56,1,1
35225,1174166,21.67,1,1
35226,1174200,21.77,1,1
35227,1174233,22.36,1,1
35228,1174266,24.19,1,1
35229,1174300,26.01,1,2
35230,1174333,26.12,1,2
35231,1174366,26.61,1,2
35232,1174400,27.1,1,2
35233,1174433,27.48,1,2
35234,1174466,27.61,1,2
35235,1174500,27.21,1,2
35236,1174533,26.39,1,2
35237,1174566,25.35,1,2
35238,1174600,23.83,1,1
35239,1174633,22.3,1,1
35240,1174666,21.3,1,1
35241,1174700,21.02,1,1
35242,1174733,20.97,1,1
35243,1174766,21.39,1,1
35244,1174800,22.44,1,1
35245,1174833,23.49,1,1
35246,1174866,23.51,1,1
35247,1174900,23.35,1,1
35248,1174933,23.19,1,1
35249,1174966,22.03,1,1
35250,1175000,20.85,1,1
35251,1175033,20.01,1,1
35252,1175066,19.28,1,1
35253,1175100,18.32,1,1
35254,1175133,18,1,1
35255,1175166,17.69,1,1
35256,1175200,17.47,1,1
35257,1175233,17.56,1,1
35258,1175266,17.56,1,1
35259,1175300,17.56,1,1
35260,1175333,17.56,1,1
35261,1175366,17.56,1,1
35262,1175400,17.56,1,1
35263,1175433,17.56,1,1
35264,1175466,17.56,1,1
35265,1175500,17.56,1,1
35266,1175533,17.56,1,1
35267,1175566,17.56,1,1
35268,1175600,17.56,1,1
35269,1175633,17.56,1,1
35270,1175666,17.56,1,1
35271,1175700,17.56,1,1
35272,1175733,17.56,1,1
35273,1175766,21.65,1,1
35274,1175800,21.13,1,1
35275,1175833,20.68,1,1
35276,1175866,20.22,1,1
35277,1175900,19.65,1,1
35278,1175933,19.37,1,1
35279,1175966,19.21,1,1
35280,1176000,19.05,1,1
35281,1176033,19.06,1,1
35282,1176066,19.48,1,1
35283,1176100,19.91,1,1
35284,1176133,20.22,1,1
35285,1176166,22.74,1,1
35286,1176200,25.27,1,2
35287,1176233,27.48,1,2
35288,1176266,30.6,1,2
35289,1176300,33.73,1,2
35290,1176333,34.64,1,2
35291,1176366,35.43,1,2
35292,1176400,36.23,1,2
35293,1176433,36.12,1,2
35294,1176466,35.84,1,2
35295,1176500,34.93,1,2
35296,1176533,33.73,1,2
35297,1176566,32.29,1,2
35298,1176600,29.83,1,2
35299,1176633,27.24,1,2
35300,1176666,25.1,1,2
35301,1176700,23.1,1,1
35302,1176733,21.34,1,1
35303,1176766,20.6,1,1
35304,1176800,21.79,1,1
35305,1176833,23.16,1,1
35306,1176866,23.59,1,1
35307,1176900,23.81,1,1
35308,1176933,24.03,1,1
35309,1176966,22.61,1,1
35310,1177000,21.05,1,1
35311,1177033,20.71,1,1
35312,1177066,19.83,1,1
35313,1177100,18.72,1,1
35314,1177133,17.62,1,1
35315,1177166,16.65,1,1
35316,1177200,15.62,1,1
35317,1177233,15.33,1,1
35318,1177266,15.22,1,1
35319,1177300,15.03,1,1
35320,1177333,14.92,1,1
35321,1177366,14.67,1,1
35322,1177400,14.22,1,1
35323,1177433,13.83,1,1
35324,1177466,13.43,1,1
35325,1177500,12.95,1,1
35326,1177533,12.68,1,1
35327,1177566,12.53,1,1
35328,1177600,12.39,1,1
35329,1177633,12.33,1,1
35330,1177666,12.58,1,1
35331,1177700,12.83,1,1
35332,1177733,13.14,1,1
35333,1177766,13.85,1,1
35334,1177800,14.57,1,1
35335,1177833,14.98,1,1
35336,1177866,15.36,1,1
35337,1177900,15.75,1,1
35338,1177933,15.72,1,1
35339,1177966,15.95,1,1
35340,1178000,16.17,1,1
35341,1178033,16.42,1,1
35342,1178066,17.85,1,1
35343,1178100,19.27,1,1
35344,1178133,20.45,1,1
35345,1178166,24.02,1,1
35346,1178200,29.59,1,2
35347,1178233,34.23,1,2
35348,1178266,38.62,1,2
35349,1178300,42.44,1,2
35350,1178333,43.87,1,2
35351,1178366,43.14,1,2
35352,1178400,41.8,1,2
35353,1178433,40.43,1,2
35354,1178466,37.65,1,2
35355,1178500,34.31,1,2
35356,1178533,30.84,1,2
35357,1178566,27.72,1,2
35358,1178600,24.61,1,1
35359,1178633,23.48,1,1
35360,1178666,22.92,1,1
35361,1178700,22.84,1,1
35362,1178733,22.75,1,1
35363,1178766,22.95,1,1
35364,1178800,23.87,1,1
35365,1178833,24.8,1,1
35366,1178866,24.9,1,1
35367,1178900,24.67,1,1
35368,1178933,24.43,1,1
35369,1178966,23.23,1,1
35370,1179000,21.72,1,1
35371,1179033,20.84,1,1
35372,1179066,19.77,1,1
35373,1179100,18.53,1,1
35374,1179133,17.53,1,1
35375,1179166,16.64,1,1
35376,1179200,15.63,1,1
35377,1179233,15.16,1,1
35378,1179266,15.16,1,1
35379,1179300,15.16,1,1
35380,1179333,15.16,1,1
35381,1179366,15.16,1,1
35382,1179400,15.16,1,1
35383,1179433,15.16,1,1
35384,1179466,15.16,1,1
35385,1179500,15.16,1,1
35386,1179533,15.16,1,1
35387,1179566,15.16,1,1
35388,1179600,15.16,1,1
35389,1179633,15.16,1,1
35390,1179666,15.16,1,1
35391,1179700,15.16,1,1
35392,1179733,15.16,1,1
35393,1179766,15.16,1,1
35394,1179800,15.16,1,1
35395,1179833,15.16,1,1
35396,1179866,15.16,1,1
35397,1179900,15.16,1,1
35398,1179933,15.16,1,1
35399,1179966,15.16,1,1
35400,1180000,15.16,1,1
35401,1180033,15.16,1,1
35402,1180066,15.16,1,1
35403,1180100,15.16,1,1
35404,1180133,15.16,1,1
35405,1180166,15.16,1,1
35406,1180200,15.16,1,1
35407,1180233,15.16,1,1
35408,1180266,15.16,1,1
35409,1180300,15.16,1,1
35410,1180333,15.16,1,1
35411,1180366,15.16,1,1
35412,1180400,15.16,1,1
35413,1180433,15.16,1,1
35414,1180466,15.16,1,1
35415,1180500,15.16,1,1
35416,1180533,15.16,1,1
35417,1180566,15.16,1,1
35418,1180600,15.16,1,1
35419,1180633,15.16,1,1
35420,1180666,15.16,1,1
35421,1180700,15.16,1,1
35422,1180733,15.16,1,1
35423,1180766,15.16,1,1
35424,1180800,15.16,1,1
35425,1180833,15.16,1,1
35426,1180866,15.16,1,1
35427,1180900,15.16,1,1
35428,1180933,15.16,1,1
35429,1180966,15.16,1,1
35430,1181000,15.16,1,1
35431,1181033,15.16,1,1
35432,1181066,15.16,1,1
35433,1181100,15.16,1,1
35434,1181133,18.28,1,1
35435,1181166,15.99,1,1
35436,1181200,13.19,1,1
35437,1181233,11.33,1,1
35438,1181266,10.32,1,1
35439,1181300,9.3,1,1
35440,1181333,8.44,1,1
35441,1181366,8.63,1,1
35442,1181400,8.81,1,1
35443,1181433,9.06,1,1
35444,1181466,9.69,1,1
35445,1181500,10.32,1,1
35446,1181533,10.7,1,1
35447,1181566,11.49,1,1
35448,1181600,12.28,1,1
35449,1181633,12.7,1,1
35450,1181666,14.06,1,1
35451,1181700,15.42,1,1
35452,1181733,16.36,1,1
35453,1181766,17.52,1,1
35454,1181800,18.69,1,1
35455,1181833,18.94,1,1
35456,1181866,19.25,1,1
35457,1181900,19.56,1,1
35458,1181933,19.44,1,1
35459,1181966,19.3,1,1
35460,1182000,19,1,1
35461,1182033,18.35,1,1
35462,1182066,17.7,1,1
35463,1182100,17.47,1,1
35464,1182133,17.28,1,1
35465,1182166,17.22,1,1
35466,1182200,18.08,1,1
35467,1182233,18.93,1,1
35468,1182266,19.56,1,1
35469,1182300,21.12,1,1
35470,1182333,22.68,1,1
35471,1182366,23.61,1,1
35472,1182400,25.27,1,2
35473,1182433,26.93,1,2
35474,1182466,27.24,1,2
35475,1182500,27.17,1,2
35476,1182533,27.1,1,2
35477,1182566,25.88,1,2
35478,1182600,24.43,1,1
35479,1182633,23.41,1,1
35480,1182666,22.6,1,1
35481,1182700,21.51,1,1
35482,1182733,20.8,1,1
35483,1182766,20.33,1,1
35484,1182800,19.96,1,1
35485,1182833,19.98,1,1
35486,1182866,20.05,1,1
35487,1182900,20.04,1,1
35488,1182933,20.03,1,1
35489,1182966,20.07,1,1
35490,1183000,19.87,1,1
35491,1183033,19.68,1,1
35492,1183066,19.59,1,1
35493,1183100,18.24,1,1
35494,1183133,16.74,1,1
35495,1183166,15.12,1,1
35496,1183200,13.33,1,1
35497,1183233,11.54,1,1
35498,1183266,11.54,1,1
35499,1183300,11.54,1,1
35500,1183333,11.54,1,1
35501,1183366,11.54,1,1
35502,1183400,11.54,1,1
35503,1183433,11.54,1,1
35504,1183466,11.54,1,1
35505,1183500,11.54,1,1
35506,1183533,11.54,1,1
35507,1183566,11.54,1,1
35508,1183600,11.54,1,1
35509,1183633,11.54,1,1
35510,1183666,11.54,1,1
35511,1183700,11.54,1,1
35512,1183733,11.54,1,1
35513,1183766,11.54,1,1
35514,1183800,11.54,1,1
35515,1183833,11.54,1,1
35516,1183866,11.54,1,1
35517,1183900,11.54,1,1
35518,1183933,11.54,1,1
35519,1183966,11.54,1,1
35520,1184000,11.54,1,1
35521,1184033,11.54,1,1
35522,1184066,11.54,1,1
35523,1184100,11.54,1,1
35524,1184133,11.54,1,1
35525,1184166,11.54,1,1
35526,1184200,11.54,1,1
35527,1184233,11.54,1,1
35528,1184266,11.54,1,1
35529,1184300,11.54,1,1
35530,1184333,11.54,1,1
35531,1184366,11.54,1,1
35532,1184400,11.54,1,1
35533,1184433,11.54,1,1
35534,1184466,11.54,1,1
35535,1184500,11.54,1,1
35536,1184533,11.54,1,1
35537,1184566,11.54,1,1
35538,1184600,11.54,1,1
35539,1184633,11.54,1,1
35540,1184666,11.54,1,1
35541,1184700,11.54,1,1
35542,1184733,11.54,1,1
35543,1184766,11.54,1,1
35544,1184800,11.54,1,1
35545,1184833,11.54,1,1
35546,1184866,11.54,1,1
35547,1184900,11.54,1,1
35548,1184933,11.54,1,1
35549,1184966,11.54,1,1
35550,1185000,11.54,1,1
35551,1185033,11.54,1,1
35552,1185066,11.54,1,1
35553,1185100,11.54,1,1
35554,1185133,11.54,1,1
35555,1185166,11.54,1,1
35556,1185200,14.28,1,1
35557,1185233,13.52,1,1
35558,1185266,12.97,1,1
35559,1185300,12.41,1,1
35560,1185333,12.01,1,1
35561,1185366,12.17,1,1
35562,1185400,12.33,1,1
35563,1185433,12.78,1,1
35564,1185466,13.51,1,1
35565,1185500,14.24,1,1
35566,1185533,14.51,1,1
35567,1185566,15.09,1,1
35568,1185600,15.68,1,1
35569,1185633,15.85,1,1
35570,1185666,16.02,1,1
35571,1185700,16.48,1,1
35572,1185733,16.63,1,1
35573,1185766,16.78,1,1
35574,1185800,17.18,1,1
35575,1185833,17.59,1,1
35576,1185866,17.7,1,1
35577,1185900,17.92,1,1
35578,1185933,18.15,1,1
35579,1185966,18.26,1,1
35580,1186000,18.36,1,1
35581,1186033,18.46,1,1
35582,1186066,18.18,1,1
35583,1186100,17.74,1,1
35584,1186133,17.3,1,1
35585,1186166,16.87,1,1
35586,1186200,16.5,1,1
35587,1186233,16.4,1,1
35588,1186266,16.45,1,1
35589,1186300,16.54,1,1
35590,1186333,16.62,1,1
35591,1186366,16.51,1,1
35592,1186400,16.26,1,1
35593,1186433,16.15,1,1
35594,1186466,16.36,1,1
35595,1186500,16.57,1,1
35596,1186533,16.96,1,1
35597,1186566,17.38,1,1
35598,1186600,16.84,1,1
35599,1186633,15.97,1,1
35600,1186666,15.09,1,1
35601,1186700,14.15,1,1
35602,1186733,13.33,1,1
35603,1186766,13.17,1,1
35604,1186800,12.93,1,1
35605,1186833,12.7,1,1
35606,1186866,12.74,1,1
35607,1186900,12.78,1,1
35608,1186933,12.99,1,1
35609,1186966,13.89,1,1
35610,1187000,14.79,1,1
35611,1187033,15.4,1,1
35612,1187066,16.19,1,1
35613,1187100,16.97,1,1
35614,1187133,17.14,1,1
35615,1187166,17.12,1,1
35616,1187200,16.85,1,1
35617,1187233,16.41,1,1
35618,1187266,16.41,1,1
35619,1187300,16.41,1,1
35620,1187333,16.41,1,1
35621,1187366,16.41,1,1
35622,1187400,16.41,1,1
35623,1187433,16.41,1,1
35624,1187466,16.41,1,1
35625,1187500,16.41,1,1
35626,1187533,16.41,1,1
35627,1187566,16.41,1,1
35628,1187600,16.41,1,1
35629,1187633,16.41,1,1
35630,1187666,16.41,1,1
35631,1187700,16.41,1,1
35632,1187733,16.41,1,1
35633,1187766,16.41,1,1
35634,1187800,16.41,1,1
35635,1187833,16.41,1,1
35636,1187866,16.41,1,1
35637,1187900,16.41,1,1
35638,1187933,16.41,1,1
35639,1187966,16.41,1,1
35640,1188000,16.41,1,1
35641,1188033,16.41,1,1
35642,1188066,16.41,1,1
35643,1188100,19.9,1,1
35644,1188133,19.05,1,1
35645,1188166,18.31,1,1
35646,1188200,17.44,1,1
35647,1188233,17.03,1,1
35648,1188266,16.8,1,1
35649,1188300,17.34,1,1
35650,1188333,17.93,1,1
35651,1188366,18.42,1,1
35652,1188400,18.24,1,1
35653,1188433,18.06,1,1
35654,1188466,17.02,1,1
35655,1188500,15.99,1,1
35656,1188533,15.16,1,1
35657,1188566,14.86,1,1
35658,1188600,14.17,1,1
35659,1188633,13.58,1,1
35660,1188666,12.84,1,1
35661,1188700,12.1,1,1
35662,1188733,11.58,1,1
35663,1188766,11.3,1,1
35664,1188800,11.03,1,1
35665,1188833,10.9,1,1
35666,1188866,11.5,1,1
35667,1188900,12.11,1,1
35668,1188933,12.84,1,1
35669,1188966,14.06,1,1
35670,1189000,15.27,1,1
35671,1189033,15.75,1,1
35672,1189066,16.65,1,1
35673,1189100,17.56,1,1
35674,1189133,17.98,1,1
35675,1189166,18.45,1,1
35676,1189200,18.91,1,1
35677,1189233,18.83,1,1
35678,1189266,18.76,1,1
35679,1189300,18.74,1,1
35680,1189333,18.68,1,1
35681,1189366,18.62,1,1
35682,1189400,18.84,1,1
35683,1189433,19.06,1,1
35684,1189466,19.22,1,1
35685,1189500,19.6,1,1
35686,1189533,19.98,1,1
35687,1189566,20.2,1,1
35688,1189600,20.63,1,1
35689,1189633,21.06,1,1
35690,1189666,21.27,1,1
35691,1189700,22.63,1,1
35692,1189733,24.18,1,1
35693,1189766,25.52,1,2
35694,1189800,28.85,1,2
35695,1189833,32.19,1,2
35696,1189866,33.26,1,2
35697,1189900,33.79,1,2
35698,1189933,34.32,1,2
35699,1189966,32.08,1,2
35700,1190000,29.5,1,2
35701,1190033,28.05,1,2
35702,1190066,25.99,1,2
35703,1190100,23.27,1,1
35704,1190133,21.33,1,1
35705,1190166,19.7,1,1
35706,1190200,18.08,1,1
35707,1190233,17.38,1,1
35708,1190266,17.19,1,1
35709,1190300,16.62,1,1
35710,1190333,16.07,1,1
35711,1190366,15.53,1,1
35712,1190400,14.99,1,1
35713,1190433,14.61,1,1
35714,1190466,14.43,1,1
35715,1190500,14.19,1,1
35716,1190533,13.95,1,1
35717,1190566,13.56,1,1
35718,1190600,13.13,1,1
35719,1190633,12.88,1,1
35720,1190666,12.52,1,1
35721,1190700,12.1,1,1
35722,1190733,11.84,1,1
35723,1190766,12.1,1,1
35724,1190800,12.37,1,1
35725,1190833,12.82,1,1
35726,1190866,13.5,1,1
35727,1190900,14.19,1,1
35728,1190933,14.38,1,1
35729,1190966,14.74,1,1
35730,1191000,15.09,1,1
35731,1191033,15.18,1,1
35732,1191066,15.27,1,1
35733,1191100,15.47,1,1
35734,1191133,15.52,1,1
35735,1191166,15.56,1,1
35736,1191200,16.12,1,1
35737,1191233,16.81,1,1
35738,1191266,16.81,1,1
35739,1191300,16.81,1,1
35740,1191333,16.81,1,1
35741,1191366,16.81,1,1
35742,1191400,16.81,1,1
35743,1191433,16.81,1,1
35744,1191466,16.81,1,1
35745,1191500,16.81,1,1
35746,1191533,16.81,1,1
35747,1191566,16.81,1,1
35748,1191600,16.81,1,1
35749,1191633,16.81,1,1
35750,1191666,16.81,1,1
35751,1191700,16.81,1,1
35752,1191733,16.81,1,1
35753,1191766,16.81,1,1
35754,1191800,16.81,1,1
35755,1191833,16.81,1,1
35756,1191866,16.81,1,1
35757,1191900,16.81,1,1
35758,1191933,16.81,1,1
35759,1191966,16.81,1,1
35760,1192000,16.81,1,1
35761,1192033,16.81,1,1
35762,1192066,16.81,1,1
35763,1192100,16.81,1,1
35764,1192133,16.81,1,1
35765,1192166,16.81,1,1
35766,1192200,16.81,1,1
35767,1192233,20.46,1,1
35768,1192266,21.26,1,1
35769,1192300,22.07,1,1
35770,1192333,22.9,1,1
35771,1192366,22.9,1,1
35772,1192400,22.9,1,1
35773,1192433,22.9,1,1
35774,1192466,22.9,1,1
35775,1192500,22.9,1,1
35776,1192533,22.9,1,1
35777,1192566,22.9,1,1
35778,1192600,22.9,1,1
35779,1192633,22.9,1,1
35780,1192666,22.9,1,1
35781,1192700,25.93,1,2
35782,1192733,22.71,1,1
35783,1192766,20.81,1,1
35784,1192800,19.27,1,1
35785,1192833,17.79,1,1
35786,1192866,17.09,1,1
35787,1192900,16.51,1,1
35788,1192933,16.03,1,1
35789,1192966,15.56,1,1
35790,1193000,15.43,1,1
35791,1193033,15.31,1,1
35792,1193066,15.29,1,1
35793,1193100,15.21,1,1
35794,1193133,15.12,1,1
35795,1193166,15.06,1,1
35796,1193200,15.22,1,1
35797,1193233,15.37,1,1
35798,1193266,15.59,1,1
35799,1193300,15.65,1,1
35800,1193333,15.71,1,1
35801,1193366,15.56,1,1
35802,1193400,15.83,1,1
35803,1193433,16.11,1,1
35804,1193466,16.55,1,1
35805,1193500,16.95,1,1
35806,1193533,17.36,1,1
35807,1193566,17.32,1,1
35808,1193600,17.14,1,1
35809,1193633,16.95,1,1
35810,1193666,16.8,1,1
35811,1193700,16.53,1,1
35812,1193733,16.33,1,1
35813,1193766,16.28,1,1
35814,1193800,16.97,1,1
35815,1193833,17.66,1,1
35816,1193866,18.37,1,1
35817,1193900,18.82,1,1
35818,1193933,19.28,1,1
35819,1193966,18.76,1,1
35820,1194000,17.65,1,1
35821,1194033,16.62,1,1
35822,1194066,15.68,1,1
35823,1194100,14.75,1,1
35824,1194133,14.05,1,1
35825,1194166,14.54,1,1
35826,1194200,15.02,1,1
35827,1194233,15.61,1,1
35828,1194266,16.98,1,1
35829,1194300,18.35,1,1
35830,1194333,19.13,1,1
35831,1194366,22.39,1,1
35832,1194400,25.65,1,2
35833,1194433,28.13,1,2
35834,1194466,30.37,1,2
35835,1194500,31.61,1,2
35836,1194533,30.36,1,2
35837,1194566,28.93,1,2
35838,1194600,26.7,1,2
35839,1194633,24.54,1,1
35840,1194666,23.09,1,1
35841,1194700,20.99,1,1
35842,1194733,18.85,1,1
35843,1194766,17.51,1,1
35844,1194800,16.9,1,1
35845,1194833,16.57,1,1
35846,1194866,16.54,1,1
35847,1194900,16.54,1,1
35848,1194933,16.54,1,1
35849,1194966,16.01,1,1
35850,1195000,16.34,1,1
35851,1195033,17.01,1,1
35852,1195066,17.4,1,1
35853,1195100,17.62,1,1
35854,1195133,17.84,1,1
35855,1195166,17.19,1,1
35856,1195200,16.38,1,1
35857,1195233,16.24,1,1
35858,1195266,16.24,1,1
35859,1195300,16.24,1,1
35860,1195333,16.24,1,1
35861,1195366,16.24,1,1
35862,1195400,16.24,1,1
35863,1195433,16.24,1,1
35864,1195466,16.24,1,1
35865,1195500,16.24,1,1
35866,1195533,16.24,1,1
35867,1195566,16.24,1,1
35868,1195600,16.24,1,1
35869,1195633,16.24,1,1
35870,1195666,16.24,1,1
35871,1195700,16.24,1,1
35872,1195733,16.24,1,1
35873,1195766,16.24,1,1
35874,1195800,16.24,1,1
35875,1195833,16.24,1,1
35876,1195866,16.24,1,1
35877,1195900,16.24,1,1
35878,1195933,16.24,1,1
35879,1195966,19.37,1,1
35880,1196000,18.42,1,1
35881,1196033,17.84,1,1
35882,1196066,18.94,1,1
35883,1196100,20.05,1,1
35884,1196133,21.38,1,1
35885,1196166,24.81,1,1
35886,1196200,28.24,1,2
35887,1196233,30.55,1,2
35888,1196266,36.34,1,2
35889,1196300,42.12,1,2
35890,1196333,45.81,1,2
35891,1196366,51.84,1,3
35892,1196400,57.64,1,3
35893,1196433,59.84,1,3
35894,1196466,60.57,1,3
35895,1196500,57.33,1,3
35896,1196533,51.35,1,3
35897,1196566,44.74,1,2
35898,1196600,37.27,1,2
35899,1196633,30.87,1,2
35900,1196666,27.93,1,2
35901,1196700,25.04,1,2
35902,1196733,22.77,1,1
35903,1196766,21.52,1,1
35904,1196800,20.63,1,1
35905,1196833,20.24,1,1
35906,1196866,19.58,1,1
35907,1196900,18.72,1,1
35908,1196933,17.86,1,1
35909,1196966,17.02,1,1
35910,1197000,16.29,1,1
35911,1197033,16.2,1,1
35912,1197066,15.87,1,1
35913,1197100,15.4,1,1
35914,1197133,14.93,1,1
35915,1197166,14.22,1,1
35916,1197200,13.37,1,1
35917,1197233,13,1,1
35918,1197266,12.77,1,1
35919,1197300,12.71,1,1
35920,1197333,12.77,1,1
35921,1197366,12.97,1,1
35922,1197400,13.05,1,1
35923,1197433,13.21,1,1
35924,1197466,13.13,1,1
35925,1197500,12.91,1,1
35926,1197533,12.69,1,1
35927,1197566,12.85,1,1
35928,1197600,12.94,1,1
35929,1197633,13.1,1,1
35930,1197666,13.31,1,1
35931,1197700,13.53,1,1
35932,1197733,13.44,1,1
35933,1197766,13.29,1,1
35934,1197800,13.15,1,1
35935,1197833,13.09,1,1
35936,1197866,13.14,1,1
35937,1197900,13.18,1,1
35938,1197933,13.28,1,1
35939,1197966,13.33,1,1
35940,1198000,13.39,1,1
35941,1198033,13.34,1,1
35942,1198066,13.58,1,1
35943,1198100,13.82,1,1
35944,1198133,14.11,1,1
35945,1198166,15.03,1,1
35946,1198200,15.95,1,1
35947,1198233,16.58,1,1
35948,1198266,19.85,1,1
35949,1198300,23.12,1,1
35950,1198333,25.93,1,2
35951,1198366,25.93,1,2
35952,1198400,25.93,1,2
35953,1198433,25.93,1,2
35954,1198466,25.93,1,2
35955,1198500,25.93,1,2
35956,1198533,25.93,1,2
35957,1198566,25.93,1,2
35958,1198600,25.93,1,2
35959,1198633,25.93,1,2
35960,1198666,25.93,1,2
35961,1198700,28.91,1,2
35962,1198733,25.43,1,2
35963,1198766,24.45,1,1
35964,1198800,24.39,1,1
35965,1198833,25.12,1,2
35966,1198866,27.02,1,2
35967,1198900,30.16,1,2
35968,1198933,33.3,1,2
35969,1198966,34.3,1,2
35970,1199000,34.77,1,2
35971,1199033,34.3,1,2
35972,1199066,30.73,1,2
35973,1199100,26.83,1,2
35974,1199133,24.08,1,1
35975,1199166,20.94,1,1
35976,1199200,17.75,1,1
35977,1199233,16.48,1,1
35978,1199266,16.48,1,1
35979,1199300,16.48,1,1
35980,1199333,16.48,1,1
35981,1199366,16.48,1,1
35982,1199400,16.48,1,1
35983,1199433,16.48,1,1
35984,1199466,16.48,1,1
35985,1199500,16.48,1,1
35986,1199533,16.48,1,1
35987,1199566,16.48,1,1
35988,1199600,16.48,1,1
35989,1199633,16.48,1,1
35990,1199666,16.48,1,1
35991,1199700,16.48,1,1
35992,1199733,20.25,1,1
35993,1199766,21.46,1,1
35994,1199800,22.67,1,1
35995,1199833,23.41,1,1
35996,1199866,25.62,1,2
35997,1199900,27.83,1,2
35998,1199933,29.29,1,2
35999,1199966,30.38,1,2
36000,1200000,31.48,1,2
36001,1200033,31.11,1,2
36002,1200066,30.6,1,2
36003,1200100,30.06,1,2
36004,1200133,29.06,1,2
36005,1200166,28.02,1,2
36006,1200200,26.14,1,2
36007,1200233,24.39,1,1
36008,1200266,23.43,1,1
36009,1200300,23.34,1,1
36010,1200333,23.54,1,1
36011,1200366,24.99,1,1
36012,1200400,26.99,1,2
36013,1200433,28.23,1,2
36014,1200466,29.43,1,2
36015,1200500,30.34,1,2
36016,1200533,30.85,1,2
36017,1200566,29.7,1,2
36018,1200600,28.36,1,2
36019,1200633,26.97,1,2
36020,1200666,25.61,1,2
36021,1200700,24,1,1
36022,1200733,23.48,1,1
36023,1200766,23.16,1,1
36024,1200800,23.43,1,1
36025,1200833,24.07,1,1
36026,1200866,25.22,1,2
36027,1200900,29.16,1,2
36028,1200933,33.1,1,2
36029,1200966,35.43,1,2
36030,1201000,36.96,1,2
36031,1201033,38.23,1,2
36032,1201066,35.48,1,2
36033,1201100,31.63,1,2
36034,1201133,28.63,1,2
36035,1201166,25.16,1,2
36036,1201200,21.2,1,1
36037,1201233,18.3,1,1
36038,1201266,16.48,1,1
36039,1201300,14.1,1,1
36040,1201333,12.61,1,1
36041,1201366,11.4,1,1
36042,1201400,10.08,1,1
36043,1201433,8.79,1,1
36044,1201466,8.41,1,1
36045,1201500,8.04,1,1
36046,1201533,7.87,1,1
36047,1201566,8.38,1,1
36048,1201600,8.89,1,1
36049,1201633,9.25,1,1
36050,1201666,9.95,1,1
36051,1201700,10.65,1,1
36052,1201733,10.99,1,1
36053,1201766,11.77,1,1
36054,1201800,12.55,1,1
36055,1201833,13,1,1
36056,1201866,13.54,1,1
36057,1201900,14.08,1,1
36058,1201933,14.05,1,1
36059,1201966,14.02,1,1
36060,1202000,13.96,1,1
36061,1202033,13.8,1,1
36062,1202066,13.64,1,1
36063,1202100,13.99,1,1
36064,1202133,14.33,1,1
36065,1202166,14.71,1,1
36066,1202200,15.61,1,1
36067,1202233,16.51,1,1
36068,1202266,17.03,1,1
36069,1202300,18.42,1,1
36070,1202333,19.8,1,1
36071,1202366,20.66,1,1
36072,1202400,21.84,1,1
36073,1202433,23.02,1,1
36074,1202466,23.34,1,1
36075,1202500,23.64,1,1
36076,1202533,23.94,1,1
36077,1202566,23.37,1,1
36078,1202600,22.63,1,1
36079,1202633,21.74,1,1
36080,1202666,20.87,1,1
36081,1202700,20.3,1,1
36082,1202733,20.28,1,1
36083,1202766,20.44,1,1
36084,1202800,21.25,1,1
36085,1202833,22.37,1,1
36086,1202866,24.22,1,1
36087,1202900,27.33,1,2
36088,1202933,30.45,1,2
36089,1202966,31.03,1,2
36090,1203000,30.91,1,2
36091,1203033,29.45,1,2
36092,1203066,25.88,1,2
36093,1203100,21.45,1,1
36094,1203133,18.83,1,1
36095,1203166,16.55,1,1
36096,1203200,13.82,1,1
36097,1203233,11.92,1,1
36098,1203266,11.92,1,1
36099,1203300,11.92,1,1
36100,1203333,11.92,1,1
36101,1203366,11.92,1,1
36102,1203400,11.92,1,1
36103,1203433,11.92,1,1
36104,1203466,11.92,1,1
36105,1203500,11.92,1,1
36106,1203533,11.92,1,1
36107,1203566,11.92,1,1
36108,1203600,11.92,1,1
36109,1203633,11.92,1,1
36110,1203666,11.92,1,1
36111,1203700,11.92,1,1
36112,1203733,11.92,1,1
36113,1203766,11.92,1,1
36114,1203800,11.92,1,1
36115,1203833,11.92,1,1
36116,1203866,11.92,1,1
36117,1203900,11.92,1,1
36118,1203933,11.92,1,1
36119,1203966,11.92,1,1
36120,1204000,11.92,1,1
36121,1204033,11.92,1,1
36122,1204066,11.92,1,1
36123,1204100,11.92,1,1
36124,1204133,11.92,1,1
36125,1204166,11.92,1,1
36126,1204200,11.92,1,1
36127,1204233,11.92,1,1
36128,1204266,11.92,1,1
36129,1204300,11.92,1,1
36130,1204333,11.92,1,1
36131,1204366,11.92,1,1
36132,1204400,11.92,1,1
36133,1204433,11.92,1,1
36134,1204466,11.92,1,1
36135,1204500,11.92,1,1
36136,1204533,11.92,1,1
36137,1204566,11.92,1,1
36138,1204600,11.92,1,1
36139,1204633,11.92,1,1
36140,1204666,11.92,1,1
36141,1204700,11.92,1,1
36142,1204733,11.92,1,1
36143,1204766,11.92,1,1
36144,1204800,11.92,1,1
36145,1204833,11.92,1,1
36146,1204866,11.92,1,1
36147,1204900,11.92,1,1
36148,1204933,11.92,1,1
36149,1204966,11.92,1,1
36150,1205000,11.92,1,1
36151,1205033,11.92,1,1
36152,1205066,11.92,1,1
36153,1205100,11.92,1,1
36154,1205133,11.92,1,1
36155,1205166,11.92,1,1
36156,1205200,11.92,1,1
36157,1205233,11.92,1,1
36158,1205266,11.92,1,1
36159,1205300,11.92,1,1
36160,1205333,11.92,1,1
36161,1205366,11.92,1,1
36162,1205400,11.92,1,1
36163,1205433,11.92,1,1
36164,1205466,11.92,1,1
36165,1205500,11.92,1,1
36166,1205533,11.92,1,1
36167,1205566,11.92,1,1
36168,1205600,11.92,1,1
36169,1205633,11.92,1,1
36170,1205666,11.92,1,1
36171,1205700,11.92,1,1
36172,1205733,11.92,1,1
36173,1205766,11.92,1,1
36174,1205800,11.92,1,1
36175,1205833,14.89,1,1
36176,1205866,14.59,1,1
36177,1205900,14.24,1,1
36178,1205933,13.89,1,1
36179,1205966,13.7,1,1
36180,1206000,13.72,1,1
36181,1206033,13.76,1,1
36182,1206066,13.74,1,1
36183,1206100,13.59,1,1
36184,1206133,13.44,1,1
36185,1206166,13.07,1,1
36186,1206200,13.48,1,1
36187,1206233,14.13,1,1
36188,1206266,14.91,1,1
36189,1206300,15.99,1,1
36190,1206333,17.07,1,1
36191,1206366,17.38,1,1
36192,1206400,17.79,1,1
36193,1206433,18.2,1,1
36194,1206466,18.3,1,1
36195,1206500,18.33,1,1
36196,1206533,18.03,1,1
36197,1206566,17.43,1,1
36198,1206600,16.76,1,1
36199,1206633,16.09,1,1
36200,1206666,15.47,1,1
36201,1206700,15.19,1,1
36202,1206733,15.09,1,1
36203,1206766,14.93,1,1
36204,1206800,14.76,1,1
36205,1206833,14.61,1,1
36206,1206866,14.58,1,1
36207,1206900,14.55,1,1
36208,1206933,14.68,1,1
36209,1206966,15.23,1,1
36210,1207000,15.78,1,1
36211,1207033,16.21,1,1
36212,1207066,16.65,1,1
36213,1207100,17.09,1,1
36214,1207133,17.11,1,1
36215,1207166,17.08,1,1
36216,1207200,17.06,1,1
36217,1207233,17.02,1,1
36218,1207266,17.02,1,1
36219,1207300,17.02,1,1
36220,1207333,17.02,1,1
36221,1207366,17.02,1,1
36222,1207400,17.02,1,1
36223,1207433,17.02,1,1
36224,1207466,17.02,1,1
36225,1207500,17.02,1,1
36226,1207533,17.02,1,1
36227,1207566,17.02,1,1
36228,1207600,17.02,1,1
36229,1207633,17.02,1,1
36230,1207666,17.02,1,1
36231,1207700,17.02,1,1
36232,1207733,17.02,1,1
36233,1207766,17.02,1,1
36234,1207800,17.02,1,1
36235,1207833,17.02,1,1
36236,1207866,20.21,1,1
36237,1207900,18.35,1,1
36238,1207933,17.37,1,1
36239,1207966,16.85,1,1
36240,1208000,16.38,1,1
36241,1208033,16.14,1,1
36242,1208066,16.09,1,1
36243,1208100,15.77,1,1
36244,1208133,15.44,1,1
36245,1208166,14.98,1,1
36246,1208200,14.33,1,1
36247,1208233,13.79,1,1
36248,1208266,13.43,1,1
36249,1208300,12.98,1,1
36250,1208333,12.59,1,1
36251,1208366,12.55,1,1
36252,1208400,12.52,1,1
36253,1208433,12.58,1,1
36254,1208466,12.67,1,1
36255,1208500,12.77,1,1
36256,1208533,12.7,1,1
36257,1208566,12.42,1,1
36258,1208600,12.08,1,1
36259,1208633,11.81,1,1
36260,1208666,11.46,1,1
36261,1208700,11.11,1,1
36262,1208733,10.99,1,1
36263,1208766,11.68,1,1
36264,1208800,12.37,1,1
36265,1208833,13.13,1,1
36266,1208866,14.38,1,1
36267,1208900,15.63,1,1
36268,1208933,16.11,1,1
36269,1208966,16.9,1,1
36270,1209000,17.69,1,1
36271,1209033,18,1,1
36272,1209066,18.2,1,1
36273,1209100,18.36,1,1
36274,1209133,18.21,1,1
36275,1209166,17.93,1,1
36276,1209200,17.6,1,1
36277,1209233,17.17,1,1
36278,1209266,16.78,1,1
36279,1209300,16.4,1,1
36280,1209333,16.15,1,1
36281,1209366,15.96,1,1
36282,1209400,16.96,1,1
36283,1209433,17.96,1,1
36284,1209466,18.96,1,1
36285,1209500,19.85,1,1
36286,1209533,20.75,1,1
36287,1209566,20.66,1,1
36288,1209600,21.04,1,1
36289,1209633,21.43,1,1
36290,1209666,21.8,1,1
36291,1209700,21.88,1,1
36292,1209733,21.95,1,1
36293,1209766,21.24,1,1
36294,1209800,20.25,1,1
36295,1209833,19.36,1,1
36296,1209866,18.77,1,1
36297,1209900,17.99,1,1
36298,1209933,17.51,1,1
36299,1209966,17.32,1,1
36300,1210000,18.1,1,1
36301,1210033,18.88,1,1
36302,1210066,19.12,1,1
36303,1210100,19.08,1,1
36304,1210133,19.04,1,1
36305,1210166,17.49,1,1
36306,1210200,15.93,1,1
36307,1210233,14.98,1,1
36308,1210266,14.31,1,1
36309,1210300,13.18,1,1
36310,1210333,12.59,1,1
36311,1210366,11.77,1,1
36312,1210400,11.04,1,1
36313,1210433,10.33,1,1
36314,1210466,9.84,1,1
36315,1210500,9.35,1,1
36316,1210533,9.1,1,1
36317,1210566,10.1,1,1
36318,1210600,11.09,1,1
36319,1210633,12.31,1,1
36320,1210666,13.41,1,1
36321,1210700,14.42,1,1
36322,1210733,14.21,1,1
36323,1210766,14.25,1,1
36324,1210800,14.29,1,1
36325,1210833,14.45,1,1
36326,1210866,14.68,1,1
36327,1210900,14.91,1,1
36328,1210933,14.9,1,1
36329,1210966,15.19,1,1
36330,1211000,15.55,1,1
36331,1211033,15.92,1,1
36332,1211066,16.25,1,1
36333,1211100,16.39,1,1
36334,1211133,16.23,1,1
36335,1211166,16,1,1
36336,1211200,15.91,1,1
36337,1211233,16.1,1,1
36338,1211266,16.1,1,1
36339,1211300,16.1,1,1
36340,1211333,16.1,1,1
36341,1211366,16.1,1,1
36342,1211400,16.1,1,1
36343,1211433,16.1,1,1
36344,1211466,16.1,1,1
36345,1211500,16.1,1,1
36346,1211533,16.1,1,1
36347,1211566,16.1,1,1
36348,1211600,16.1,1,1
36349,1211633,16.1,1,1
36350,1211666,16.1,1,1
36351,1211700,16.1,1,1
36352,1211733,16.1,1,1
36353,1211766,16.1,1,1
36354,1211800,16.1,1,1
36355,1211833,20.03,1,1
36356,1211866,18.49,1,1
36357,1211900,17.05,1,1
36358,1211933,16.3,1,1
36359,1211966,15.93,1,1
36360,1212000,15.56,1,1
36361,1212033,15.55,1,1
36362,1212066,15.42,1,1
36363,1212100,15.06,1,1
36364,1212133,14.69,1,1
36365,1212166,14.2,1,1
36366,1212200,13.45,1,1
36367,1212233,12.84,1,1
36368,1212266,12.64,1,1
36369,1212300,12.44,1,1
36370,1212333,12.36,1,1
36371,1212366,14.46,1,1
36372,1212400,16.57,1,1
36373,1212433,18.49,1,1
36374,1212466,21.12,1,1
36375,1212500,23.74,1,1
36376,1212533,24.44,1,1
36377,1212566,24.85,1,1
36378,1212600,24.51,1,1
36379,1212633,23.46,1,1
36380,1212666,22.27,1,1
36381,1212700,20.85,1,1
36382,1212733,19.73,1,1
36383,1212766,19.16,1,1
36384,1212800,18.42,1,1
36385,1212833,17.68,1,1
36386,1212866,17.15,1,1
36387,1212900,16.61,1,1
36388,1212933,16.11,1,1
36389,1212966,15.79,1,1
36390,1213000,16.24,1,1
36391,1213033,16.71,1,1
36392,1213066,16.59,1,1
36393,1213100,16.5,1,1
36394,1213133,16.41,1,1
36395,1213166,15.7,1,1
36396,1213200,15,1,1
36397,1213233,14.89,1,1
36398,1213266,14.68,1,1
36399,1213300,14.34,1,1
36400,1213333,14,1,1
36401,1213366,13.63,1,1
36402,1213400,13.46,1,1
36403,1213433,13.5,1,1
36404,1213466,13.69,1,1
36405,1213500,14.03,1,1
36406,1213533,14.37,1,1
36407,1213566,14.48,1,1
36408,1213600,14.47,1,1
36409,1213633,14.46,1,1
36410,1213666,14.23,1,1
36411,1213700,13.92,1,1
36412,1213733,13.74,1,1
36413,1213766,13.75,1,1
36414,1213800,13.77,1,1
36415,1213833,13.85,1,1
36416,1213866,14.85,1,1
36417,1213900,15.77,1,1
36418,1213933,16.61,1,1
36419,1213966,17.31,1,1
36420,1214000,18.01,1,1
36421,1214033,17.87,1,1
36422,1214066,17.74,1,1
36423,1214100,17.62,1,1
36424,1214133,17.64,1,1
36425,1214166,17.4,1,1
36426,1214200,17.04,1,1
36427,1214233,16.67,1,1
36428,1214266,17,1,1
36429,1214300,17.33,1,1
36430,1214333,17.91,1,1
36431,1214366,19.8,1,1
36432,1214400,21.69,1,1
36433,1214433,22.87,1,1
36434,1214466,24.64,1,1
36435,1214500,26.42,1,2
36436,1214533,27.02,1,2
36437,1214566,27.33,1,2
36438,1214600,27.6,1,2
36439,1214633,27.07,1,2
36440,1214666,26.49,1,2
36441,1214700,25.25,1,2
36442,1214733,24,1,1
36443,1214766,22.58,1,1
36444,1214800,21.13,1,1
36445,1214833,19.79,1,1
36446,1214866,19.12,1,1
36447,1214900,21.23,1,1
36448,1214933,23.56,1,1
36449,1214966,26.12,1,2
36450,1215000,28.51,1,2
36451,1215033,30.9,1,2
36452,1215066,29.03,1,2
36453,1215100,27.1,1,2
36454,1215133,25.03,1,2
36455,1215166,23.07,1,1
36456,1215200,21.63,1,1
36457,1215233,22.23,1,1
36458,1215266,22.23,1,1
36459,1215300,22.23,1,1
36460,1215333,22.23,1,1
36461,1215366,22.23,1,1
36462,1215400,22.23,1,1
36463,1215433,22.23,1,1
36464,1215466,22.23,1,1
36465,1215500,22.23,1,1
36466,1215533,22.23,1,1
36467,1215566,22.23,1,1
36468,1215600,22.23,1,1
36469,1215633,22.23,1,1
36470,1215666,22.23,1,1
36471,1215700,22.23,1,1
36472,1215733,20.39,1,1
36473,1215766,18.92,1,1
36474,1215800,17.83,1,1
36475,1215833,17.22,1,1
36476,1215866,16.67,1,1
36477,1215900,16.12,1,1
36478,1215933,15.8,1,1
36479,1215966,15.64,1,1
36480,1216000,15.14,1,1
36481,1216033,14.58,1,1
36482,1216066,14.64,1,1
36483,1216100,14.69,1,1
36484,1216133,14.99,1,1
36485,1216166,15.82,1,1
36486,1216200,16.64,1,1
36487,1216233,16.84,1,1
36488,1216266,17.64,1,1
36489,1216300,18.43,1,1
36490,1216333,19.03,1,1
36491,1216366,20.94,1,1
36492,1216400,22.85,1,1
36493,1216433,24.15,1,1
36494,1216466,27.95,1,2
36495,1216500,31.74,1,2
36496,1216533,34.34,1,2
36497,1216566,38.45,1,2
36498,1216600,42.56,1,2
36499,1216633,43.71,1,2
36500,1216666,43.71,1,2
36501,1216700,42.56,1,2
36502,1216733,39.54,1,2
36503,1216766,36.45,1,2
36504,1216800,33.44,1,2
36505,1216833,31.58,1,2
36506,1216866,30.75,1,2
36507,1216900,33.14,1,2
36508,1216933,35.6,1,2
36509,1216966,38.45,1,2
36510,1217000,41.74,1,2
36511,1217033,45.03,1,2
36512,1217066,44.93,1,2
36513,1217100,44.61,1,2
36514,1217133,44.29,1,2
36515,1217166,40.82,1,2
36516,1217200,37.3,1,2
36517,1217233,34.11,1,2
36518,1217266,29.91,1,2
36519,1217300,25.35,1,2
36520,1217333,23.3,1,1
36521,1217366,20.65,1,1
36522,1217400,17.69,1,1
36523,1217433,15.98,1,1
36524,1217466,14.44,1,1
36525,1217500,12.96,1,1
36526,1217533,12.11,1,1
36527,1217566,11.59,1,1
36528,1217600,10.6,1,1
36529,1217633,9.78,1,1
36530,1217666,9.17,1,1
36531,1217700,8.56,1,1
36532,1217733,8.13,1,1
36533,1217766,8.3,1,1
36534,1217800,8.46,1,1
36535,1217833,8.58,1,1
36536,1217866,8.98,1,1
36537,1217900,9.38,1,1
36538,1217933,9.65,1,1
36539,1217966,10.18,1,1
36540,1218000,10.71,1,1
36541,1218033,10.96,1,1
36542,1218066,11.51,1,1
36543,1218100,12.06,1,1
36544,1218133,12.36,1,1
36545,1218166,12.72,1,1
36546,1218200,13.09,1,1
36547,1218233,13.16,1,1
36548,1218266,13.66,1,1
36549,1218300,14.17,1,1
36550,1218333,14.62,1,1
36551,1218366,16.03,1,1
36552,1218400,17.44,1,1
36553,1218433,18.54,1,1
36554,1218466,19.99,1,1
36555,1218500,21.69,1,1
36556,1218533,22.6,1,1
36557,1218566,23.34,1,1
36558,1218600,23.69,1,1
36559,1218633,23.5,1,1
36560,1218666,23.05,1,1
36561,1218700,22.7,1,1
36562,1218733,22.5,1,1
36563,1218766,22.58,1,1
36564,1218800,22.62,1,1
36565,1218833,22.65,1,1
36566,1218866,22.43,1,1
36567,1218900,23.99,1,1
36568,1218933,25.56,1,2
36569,1218966,27.35,1,2
36570,1219000,31.21,1,2
36571,1219033,35.08,1,2
36572,1219066,37.15,1,2
36573,1219100,41.45,1,2
36574,1219133,45.75,1,2
36575,1219166,44.98,1,2
36576,1219200,43.89,1,2
36577,1219233,43.12,1,2
36578,1219266,51.82,1,3
36579,1219300,60.53,1,3
36580,1219333,72.2,1,3
36581,1219366,84.01,1,4
36582,1219400,95.27,1,4
36583,1219433,93.88,1,4
36584,1219466,92.32,1,4
36585,1219500,89.85,1,4
36586,1219533,86.86,1,4
36587,1219566,83.14,1,4
36588,1219600,69.64,1,3
36589,1219633,55.88,1,3
36590,1219666,42.13,1,2
36591,1219700,42.13,1,2
36592,1219733,42.13,1,2
36593,1219766,42.13,1,2
36594,1219800,42.13,1,2
36595,1219833,42.13,1,2
36596,1219866,42.13,1,2
36597,1219900,42.13,1,2
36598,1219933,42.13,1,2
36599,1219966,42.13,1,2
36600,1220000,42.13,1,2
36601,1220033,42.13,1,2
36602,1220066,42.13,1,2
36603,1220100,42.13,1,2
36604,1220133,42.13,1,2
36605,1220166,42.13,1,2
36606,1220200,42.13,1,2
36607,1220233,42.13,1,2
36608,1220266,42.13,1,2
36609,1220300,42.13,1,2
36610,1220333,42.13,1,2
36611,1220366,42.13,1,2
36612,1220400,42.13,1,2
36613,1220433,42.13,1,2
36614,1220466,42.13,1,2
36615,1220500,42.13,1,2
36616,1220533,42.13,1,2
36617,1220566,42.13,1,2
36618,1220600,42.13,1,2
36619,1220633,42.13,1,2
36620,1220666,42.13,1,2
36621,1220700,42.13,1,2
36622,1220733,42.13,1,2
36623,1220766,42.13,1,2
36624,1220800,42.13,1,2
36625,1220833,42.13,1,2
36626,1220866,42.13,1,2
36627,1220900,42.13,1,2
36628,1220933,42.13,1,2
36629,1220966,42.13,1,2
36630,1221000,31.83,1,2
36631,1221033,34.19,1,2
36632,1221066,34.82,1,2
36633,1221100,35.58,1,2
36634,1221133,36.33,1,2
36635,1221166,34.32,1,2
36636,1221200,31.58,1,2
36637,1221233,28.51,1,2
36638,1221266,24.52,1,1
36639,1221300,19.85,1,1
36640,1221333,17.31,1,1
36641,1221366,15.24,1,1
36642,1221400,13.04,1,1
36643,1221433,11.62,1,1
36644,1221466,11,1,1
36645,1221500,10.38,1,1
36646,1221533,10.02,1,1
36647,1221566,9.97,1,1
36648,1221600,9.93,1,1
36649,1221633,9.77,1,1
36650,1221666,9.96,1,1
36651,1221700,10.14,1,1
36652,1221733,10.48,1,1
36653,1221766,10.88,1,1
36654,1221800,11.28,1,1
36655,1221833,11.34,1,1
36656,1221866,11.39,1,1
36657,1221900,11.45,1,1
36658,1221933,11.43,1,1
36659,1221966,11.64,1,1
36660,1222000,12.44,1,1
36661,1222033,13.3,1,1
36662,1222066,14.16,1,1
36663,1222100,15.57,1,1
36664,1222133,16.77,1,1
36665,1222166,17.38,1,1
36666,1222200,18.06,1,1
36667,1222233,18.74,1,1
36668,1222266,18.87,1,1
36669,1222300,19.22,1,1
36670,1222333,19.57,1,1
36671,1222366,19.8,1,1
36672,1222400,20.2,1,1
36673,1222433,20.61,1,1
36674,1222466,20.79,1,1
36675,1222500,22.46,1,1
36676,1222533,24.12,1,1
36677,1222566,24.65,1,1
36678,1222600,24.94,1,1
36679,1222633,25.13,1,2
36680,1222666,23.83,1,1
36681,1222700,22.43,1,1
36682,1222733,22,1,1
36683,1222766,21.45,1,1
36684,1222800,20.86,1,1
36685,1222833,20.06,1,1
36686,1222866,19.34,1,1
36687,1222900,18.72,1,1
36688,1222933,18.7,1,1
36689,1222966,19.19,1,1
36690,1223000,19.9,1,1
36691,1223033,20.61,1,1
36692,1223066,21.55,1,1
36693,1223100,22.24,1,1
36694,1223133,22.57,1,1
36695,1223166,22.72,1,1
36696,1223200,21.52,1,1
36697,1223233,19.99,1,1
36698,1223266,19.99,1,1
36699,1223300,19.99,1,1
36700,1223333,19.99,1,1
36701,1223366,19.99,1,1
36702,1223400,19.99,1,1
36703,1223433,19.99,1,1
36704,1223466,19.99,1,1
36705,1223500,19.99,1,1
36706,1223533,19.99,1,1
36707,1223566,19.99,1,1
36708,1223600,19.99,1,1
36709,1223633,19.99,1,1
36710,1223666,19.99,1,1
36711,1223700,19.99,1,1
36712,1223733,19.99,1,1
36713,1223766,19.99,1,1
36714,1223800,22.45,1,1
36715,1223833,20.47,1,1
36716,1223866,18.98,1,1
36717,1223900,17.81,1,1
36718,1223933,16.89,1,1
36719,1223966,16.31,1,1
36720,1224000,16.14,1,1
36721,1224033,16.02,1,1
36722,1224066,16.09,1,1
36723,1224100,15.95,1,1
36724,1224133,15.82,1,1
36725,1224166,15.6,1,1
36726,1224200,15.28,1,1
36727,1224233,14.96,1,1
36728,1224266,14.86,1,1
36729,1224300,14.72,1,1
36730,1224333,14.59,1,1
36731,1224366,14.56,1,1
36732,1224400,14.38,1,1
36733,1224433,14.21,1,1
36734,1224466,14.06,1,1
36735,1224500,13.7,1,1
36736,1224533,13.57,1,1
36737,1224566,13.65,1,1
36738,1224600,13.72,1,1
36739,1224633,13.8,1,1
36740,1224666,14.03,1,1
36741,1224700,14.03,1,1
36742,1224733,13.96,1,1
36743,1224766,13.74,1,1
36744,1224800,13.39,1,1
36745,1224833,13.1,1,1
36746,1224866,12.81,1,1
36747,1224900,12.51,1,1
36748,1224933,12.37,1,1
36749,1224966,13.68,1,1
36750,1225000,15.03,1,1
36751,1225033,16.39,1,1
36752,1225066,17.74,1,1
36753,1225100,19.04,1,1
36754,1225133,19.02,1,1
36755,1225166,18.76,1,1
36756,1225200,18.47,1,1
36757,1225233,18.18,1,1
36758,1225266,17.96,1,1
36759,1225300,17.74,1,1
36760,1225333,17.7,1,1
36761,1225366,17.45,1,1
36762,1225400,17.03,1,1
36763,1225433,16.44,1,1
36764,1225466,15.85,1,1
36765,1225500,15.27,1,1
36766,1225533,15,1,1
36767,1225566,15.09,1,1
36768,1225600,15.34,1,1
36769,1225633,15.41,1,1
36770,1225666,15.48,1,1
36771,1225700,15.51,1,1
36772,1225733,15.36,1,1
36773,1225766,15.16,1,1
36774,1225800,14.99,1,1
36775,1225833,14.82,1,1
36776,1225866,14.55,1,1
36777,1225900,14.03,1,1
36778,1225933,13.57,1,1
36779,1225966,13.25,1,1
36780,1226000,13.99,1,1
36781,1226033,14.78,1,1
36782,1226066,15.84,1,1
36783,1226100,17.33,1,1
36784,1226133,18.83,1,1
36785,1226166,19.27,1,1
36786,1226200,20.07,1,1
36787,1226233,20.86,1,1
36788,1226266,19.96,1,1
36789,1226300,18.91,1,1
36790,1226333,17.87,1,1
36791,1226366,16.46,1,1
36792,1226400,15.06,1,1
36793,1226433,14.91,1,1
36794,1226466,15.13,1,1
36795,1226500,15.36,1,1
36796,1226533,15.6,1,1
36797,1226566,16.4,1,1
36798,1226600,17.2,1,1
36799,1226633,17.76,1,1
36800,1226666,18.1,1,1
36801,1226700,17.7,1,1
36802,1226733,16.72,1,1
36803,1226766,15.67,1,1
36804,1226800,14.62,1,1
36805,1226833,13.79,1,1
36806,1226866,13.46,1,1
36807,1226900,13.03,1,1
36808,1226933,12.68,1,1
36809,1226966,12.22,1,1
36810,1227000,11.76,1,1
36811,1227033,11.55,1,1
36812,1227066,11.44,1,1
36813,1227100,11.33,1,1
36814,1227133,11.34,1,1
36815,1227166,11.43,1,1
36816,1227200,11.57,1,1
36817,1227233,11.83,1,1
36818,1227266,11.83,1,1
36819,1227300,11.83,1,1
36820,1227333,11.83,1,1
36821,1227366,11.83,1,1
36822,1227400,11.83,1,1
36823,1227433,11.83,1,1
36824,1227466,11.83,1,1
36825,1227500,11.83,1,1
36826,1227533,11.83,1,1
36827,1227566,11.83,1,1
36828,1227600,11.83,1,1
36829,1227633,11.83,1,1
36830,1227666,11.83,1,1
36831,1227700,11.83,1,1
36832,1227733,11.83,1,1
36833,1227766,11.83,1,1
36834,1227800,11.83,1,1
36835,1227833,11.83,1,1
36836,1227866,11.83,1,1
36837,1227900,11.83,1,1
36838,1227933,11.83,1,1
36839,1227966,11.83,1,1
36840,1228000,11.83,1,1
36841,1228033,11.83,1,1
36842,1228066,11.83,1,1
36843,1228100,11.83,1,1
36844,1228133,11.83,1,1
36845,1228166,11.83,1,1
36846,1228200,11.83,1,1
36847,1228233,11.83,1,1
36848,1228266,11.83,1,1
36849,1228300,11.83,1,1
36850,1228333,11.83,1,1
36851,1228366,11.83,1,1
36852,1228400,11.83,1,1
36853,1228433,11.83,1,1
36854,1228466,11.83,1,1
36855,1228500,11.83,1,1
36856,1228533,11.83,1,1
36857,1228566,11.83,1,1
36858,1228600,11.83,1,1
36859,1228633,11.83,1,1
36860,1228666,11.83,1,1
36861,1228700,11.83,1,1
36862,1228733,11.83,1,1
36863,1228766,11.83,1,1
36864,1228800,11.83,1,1
36865,1228833,11.83,1,1
36866,1228866,11.83,1,1
36867,1228900,11.83,1,1
36868,1228933,11.83,1,1
36869,1228966,11.83,1,1
36870,1229000,11.83,1,1
36871,1229033,11.83,1,1
36872,1229066,11.83,1,1
36873,1229100,14.77,1,1
36874,1229133,14.13,1,1
36875,1229166,13.5,1,1
36876,1229200,13.26,1,1
36877,1229233,13.49,1,1
36878,1229266,13.36,1,1
36879,1229300,13.07,1,1
36880,1229333,12.79,1,1
36881,1229366,12.11,1,1
36882,1229400,11.67,1,1
36883,1229433,11.75,1,1
36884,1229466,11.67,1,1
36885,1229500,11.52,1,1
36886,1229533,11.44,1,1
36887,1229566,11.19,1,1
36888,1229600,11.14,1,1
36889,1229633,11.41,1,1
36890,1229666,11.75,1,1
36891,1229700,12.05,1,1
36892,1229733,12.41,1,1
36893,1229766,12.48,1,1
36894,1229800,12.55,1,1
36895,1229833,12.62,1,1
36896,1229866,13.3,1,1
36897,1229900,13.85,1,1
36898,1229933,14.49,1,1
36899,1229966,15.09,1,1
36900,1230000,15.69,1,1
36901,1230033,15.66,1,1
36902,1230066,15.48,1,1
36903,1230100,15.31,1,1
36904,1230133,15.17,1,1
36905,1230166,14.94,1,1
36906,1230200,14.7,1,1
36907,1230233,14.6,1,1
36908,1230266,14.64,1,1
36909,1230300,14.68,1,1
36910,1230333,14.81,1,1
36911,1230366,15.67,1,1
36912,1230400,16.52,1,1
36913,1230433,17.39,1,1
36914,1230466,20.12,1,1
36915,1230500,22.85,1,1
36916,1230533,24.87,1,1
36917,1230566,28.8,1,2
36918,1230600,32.57,1,2
36919,1230633,34.49,1,2
36920,1230666,36.22,1,2
36921,1230700,36.43,1,2
36922,1230733,34.72,1,2
36923,1230766,32.75,1,2
36924,1230800,29.46,1,2
36925,1230833,26.37,1,2
36926,1230866,24.58,1,1
36927,1230900,22.54,1,1
36928,1230933,20.52,1,1
36929,1230966,19.82,1,1
36930,1231000,18.95,1,1
36931,1231033,18.29,1,1
36932,1231066,17.88,1,1
36933,1231100,17.39,1,1
36934,1231133,16.9,1,1
36935,1231166,16.58,1,1
36936,1231200,16.84,1,1
36937,1231233,17.31,1,1
36938,1231266,17.31,1,1
36939,1231300,17.31,1,1
36940,1231333,17.31,1,1
36941,1231366,17.31,1,1
36942,1231400,17.31,1,1
36943,1231433,17.31,1,1
36944,1231466,17.31,1,1
36945,1231500,17.31,1,1
36946,1231533,17.31,1,1
36947,1231566,17.31,1,1
36948,1231600,17.31,1,1
36949,1231633,17.31,1,1
36950,1231666,17.31,1,1
36951,1231700,17.31,1,1
36952,1231733,15.71,1,1
36953,1231766,13.78,1,1
36954,1231800,13.05,1,1
36955,1231833,12.79,1,1
36956,1231866,12.73,1,1
36957,1231900,12.67,1,1
36958,1231933,12.64,1,1
36959,1231966,13.23,1,1
36960,1232000,13.82,1,1
36961,1232033,14.43,1,1
36962,1232066,15.6,1,1
36963,1232100,16.77,1,1
36964,1232133,17.33,1,1
36965,1232166,18.16,1,1
36966,1232200,19,1,1
36967,1232233,19.28,1,1
36968,1232266,19.46,1,1
36969,1232300,19.64,1,1
36970,1232333,19.51,1,1
36971,1232366,19.38,1,1
36972,1232400,19.26,1,1
36973,1232433,19.48,1,1
36974,1232466,20.79,1,1
36975,1232500,23.6,1,1
36976,1232533,26.46,1,2
36977,1232566,29.33,1,2
36978,1232600,33.64,1,2
36979,1232633,37.12,1,2
36980,1232666,38.87,1,2
36981,1232700,40.23,1,2
36982,1232733,41.24,1,2
36983,1232766,39.1,1,2
36984,1232800,36.42,1,2
36985,1232833,33.99,1,2
36986,1232866,30.48,1,2
36987,1232900,27.19,1,2
36988,1232933,25.13,1,2
36989,1232966,23.38,1,1
36990,1233000,21.33,1,1
36991,1233033,20.99,1,1
36992,1233066,21,1,1
36993,1233100,22.02,1,1
36994,1233133,23.03,1,1
36995,1233166,23.31,1,1
36996,1233200,23.1,1,1
36997,1233233,22.63,1,1
36998,1233266,20.61,1,1
36999,1233300,18.1,1,1
37000,1233333,16.61,1,1
37001,1233366,15.15,1,1
37002,1233400,13.44,1,1
37003,1233433,12.5,1,1
37004,1233466,11.86,1,1
37005,1233500,11.09,1,1
37006,1233533,10.48,1,1
37007,1233566,10.03,1,1
37008,1233600,9.49,1,1
37009,1233633,9.12,1,1
37010,1233666,8.76,1,1
37011,1233700,8.34,1,1
37012,1233733,8.06,1,1
37013,1233766,8.14,1,1
37014,1233800,8.22,1,1
37015,1233833,8.41,1,1
37016,1233866,9.12,1,1
37017,1233900,9.83,1,1
37018,1233933,10.28,1,1
37019,1233966,10.75,1,1
37020,1234000,11.23,1,1
37021,1234033,11.24,1,1
37022,1234066,11.83,1,1
37023,1234100,12.51,1,1
37024,1234133,13.16,1,1
37025,1234166,13.82,1,1
37026,1234200,14.75,1,1
37027,1234233,15.12,1,1
37028,1234266,15.39,1,1
37029,1234300,15.61,1,1
37030,1234333,15.83,1,1
37031,1234366,15.78,1,1
37032,1234400,15.75,1,1
37033,1234433,15.72,1,1
37034,1234466,15.75,1,1
37035,1234500,15.99,1,1
37036,1234533,16.22,1,1
37037,1234566,16.43,1,1
37038,1234600,16.97,1,1
37039,1234633,17.52,1,1
37040,1234666,17.85,1,1
37041,1234700,20.12,1,1
37042,1234733,22.38,1,1
37043,1234766,22.98,1,1
37044,1234800,23.32,1,1
37045,1234833,23.69,1,1
37046,1234866,22.11,1,1
37047,1234900,20.48,1,1
37048,1234933,20.14,1,1
37049,1234966,19.82,1,1
37050,1235000,19.37,1,1
37051,1235033,18.94,1,1
37052,1235066,18.5,1,1
37053,1235100,18.11,1,1
37054,1235133,17.94,1,1
37055,1235166,18.16,1,1
37056,1235200,18.39,1,1
37057,1235233,18.67,1,1
37058,1235266,18.67,1,1
37059,1235300,18.67,1,1
37060,1235333,18.67,1,1
37061,1235366,18.67,1,1
37062,1235400,18.67,1,1
37063,1235433,18.67,1,1
37064,1235466,18.67,1,1
37065,1235500,18.67,1,1
37066,1235533,18.67,1,1
37067,1235566,18.67,1,1
37068,1235600,18.67,1,1
37069,1235633,18.67,1,1
37070,1235666,18.67,1,1
37071,1235700,18.67,1,1
37072,1235733,18.67,1,1
37073,1235766,21.67,1,1
37074,1235800,19.97,1,1
37075,1235833,19.22,1,1
37076,1235866,18.92,1,1
37077,1235900,18.38,1,1
37078,1235933,17.82,1,1
37079,1235966,17.26,1,1
37080,1236000,17.21,1,1
37081,1236033,17.15,1,1
37082,1236066,17.35,1,1
37083,1236100,18.62,1,1
37084,1236133,19.9,1,1
37085,1236166,20.26,1,1
37086,1236200,20.31,1,1
37087,1236233,20.36,1,1
37088,1236266,19.31,1,1
37089,1236300,17.9,1,1
37090,1236333,17.21,1,1
37091,1236366,16.52,1,1
37092,1236400,15.57,1,1
37093,1236433,14.65,1,1
37094,1236466,14.08,1,1
37095,1236500,13.53,1,1
37096,1236533,13.29,1,1
37097,1236566,13.3,1,1
37098,1236600,13.31,1,1
37099,1236633,13.44,1,1
37100,1236666,13.6,1,1
37101,1236700,13.88,1,1
37102,1236733,14.16,1,1
37103,1236766,14.44,1,1
37104,1236800,14.49,1,1
37105,1236833,14.64,1,1
37106,1236866,14.49,1,1
37107,1236900,13.96,1,1
37108,1236933,13.43,1,1
37109,1236966,12.95,1,1
37110,1237000,12.26,1,1
37111,1237033,11.75,1,1
37112,1237066,11.92,1,1
37113,1237100,12.09,1,1
37114,1237133,12.32,1,1
37115,1237166,12.53,1,1
37116,1237200,12.75,1,1
37117,1237233,12.67,1,1
37118,1237266,12.74,1,1
37119,1237300,12.81,1,1
37120,1237333,12.95,1,1
37121,1237366,13.23,1,1
37122,1237400,13.5,1,1
37123,1237433,13.63,1,1
37124,1237466,14.08,1,1
37125,1237500,14.54,1,1
37126,1237533,14.86,1,1
37127,1237566,16,1,1
37128,1237600,17.15,1,1
37129,1237633,17.97,1,1
37130,1237666,20.08,1,1
37131,1237700,22.27,1,1
37132,1237733,23.65,1,1
37133,1237766,24.29,1,1
37134,1237800,24.56,1,1
37135,1237833,23.32,1,1
37136,1237866,21.99,1,1
37137,1237900,20.86,1,1
37138,1237933,20.63,1,1
37139,1237966,20.91,1,1
37140,1238000,23.53,1,1
37141,1238033,26.16,1,2
37142,1238066,28.59,1,2
37143,1238100,34.46,1,2
37144,1238133,40.19,1,2
37145,1238166,43.8,1,2
37146,1238200,48.61,1,2
37147,1238233,53.41,1,3
37148,1238266,51.18,1,3
37149,1238300,48.84,1,2
37150,1238333,46.32,1,2
37151,1238366,40.68,1,2
37152,1238400,33.68,1,2
37153,1238433,29.79,1,2
37154,1238466,25.43,1,2
37155,1238500,21.15,1,1
37156,1238533,18.8,1,1
37157,1238566,17.41,1,1
37158,1238600,16.1,1,1
37159,1238633,15.35,1,1
37160,1238666,14.81,1,1
37161,1238700,14.26,1,1
37162,1238733,14.09,1,1
37163,1238766,13.93,1,1
37164,1238800,13.43,1,1
37165,1238833,12.83,1,1
37166,1238866,12.11,1,1
37167,1238900,11.11,1,1
37168,1238933,10.36,1,1
37169,1238966,10.33,1,1
37170,1239000,10.3,1,1
37171,1239033,10.39,1,1
37172,1239066,11.22,1,1
37173,1239100,12.05,1,1
37174,1239133,12.5,1,1
37175,1239166,13.37,1,1
37176,1239200,14.25,1,1
37177,1239233,14.67,1,1
37178,1239266,14.67,1,1
37179,1239300,14.67,1,1
37180,1239333,14.67,1,1
37181,1239366,14.67,1,1
37182,1239400,14.67,1,1
37183,1239433,14.67,1,1
37184,1239466,14.67,1,1
37185,1239500,14.67,1,1
37186,1239533,14.67,1,1
37187,1239566,14.67,1,1
37188,1239600,14.67,1,1
37189,1239633,14.67,1,1
37190,1239666,14.67,1,1
37191,1239700,14.67,1,1
37192,1239733,14.67,1,1
37193,1239766,14.67,1,1
37194,1239800,14.67,1,1
37195,1239833,14.67,1,1
37196,1239866,14.67,1,1
37197,1239900,14.67,1,1
37198,1239933,14.67,1,1
37199,1239966,14.67,1,1
37200,1240000,14.67,1,1
37201,1240033,14.67,1,1
37202,1240066,14.67,1,1
37203,1240100,14.67,1,1
37204,1240133,14.67,1,1
37205,1240166,14.67,1,1
37206,1240200,14.67,1,1
37207,1240233,14.67,1,1
37208,1240266,14.67,1,1
37209,1240300,14.67,1,1
37210,1240333,14.67,1,1
37211,1240366,14.67,1,1
37212,1240400,14.67,1,1
37213,1240433,14.67,1,1
37214,1240466,14.67,1,1
37215,1240500,14.67,1,1
37216,1240533,14.67,1,1
37217,1240566,14.67,1,1
37218,1240600,14.67,1,1
37219,1240633,14.67,1,1
37220,1240666,14.67,1,1
37221,1240700,14.67,1,1
37222,1240733,14.67,1,1
37223,1240766,14.67,1,1
37224,1240800,14.67,1,1
37225,1240833,14.67,1,1
37226,1240866,14.67,1,1
37227,1240900,17.45,1,1
37228,1240933,16.65,1,1
37229,1240966,16.1,1,1
37230,1241000,15.5,1,1
37231,1241033,14.9,1,1
37232,1241066,14.39,1,1
37233,1241100,13.77,1,1
37234,1241133,13.35,1,1
37235,1241166,13.11,1,1
37236,1241200,13.12,1,1
37237,1241233,13.2,1,1
37238,1241266,13.39,1,1
37239,1241300,13.72,1,1
37240,1241333,14.04,1,1
37241,1241366,14.24,1,1
37242,1241400,14.78,1,1
37243,1241433,15.32,1,1
37244,1241466,15.68,1,1
37245,1241500,15.98,1,1
37246,1241533,16.28,1,1
37247,1241566,16.23,1,1
37248,1241600,16.53,1,1
37249,1241633,16.84,1,1
37250,1241666,16.83,1,1
37251,1241700,16.64,1,1
37252,1241733,16.45,1,1
37253,1241766,15.91,1,1
37254,1241800,15.39,1,1
37255,1241833,15.23,1,1
37256,1241866,15.24,1,1
37257,1241900,15.25,1,1
37258,1241933,15.42,1,1
37259,1241966,15.86,1,1
37260,1242000,17.33,1,1
37261,1242033,19.12,1,1
37262,1242066,20.97,1,1
37263,1242100,23.83,1,1
37264,1242133,26.62,1,2
37265,1242166,29.1,1,2
37266,1242200,31.26,1,2
37267,1242233,33.17,1,2
37268,1242266,32.44,1,2
37269,1242300,30.9,1,2
37270,1242333,28.63,1,2
37271,1242366,26.08,1,2
37272,1242400,23.06,1,1
37273,1242433,21.51,1,1
37274,1242466,20.32,1,1
37275,1242500,18.55,1,1
37276,1242533,17.06,1,1
37277,1242566,16.83,1,1
37278,1242600,16.59,1,1
37279,1242633,16.59,1,1
37280,1242666,17.33,1,1
37281,1242700,18.07,1,1
37282,1242733,18.23,1,1
37283,1242766,18.23,1,1
37284,1242800,18.11,1,1
37285,1242833,17.83,1,1
37286,1242866,17.37,1,1
37287,1242900,16.63,1,1
37288,1242933,16.05,1,1
37289,1242966,15.41,1,1
37290,1243000,14.72,1,1
37291,1243033,14.03,1,1
37292,1243066,13.4,1,1
37293,1243100,12.67,1,1
37294,1243133,12.12,1,1
37295,1243166,11.61,1,1
37296,1243200,11.81,1,1
37297,1243233,12.34,1,1
37298,1243266,12.34,1,1
37299,1243300,12.34,1,1
37300,1243333,12.34,1,1
37301,1243366,12.34,1,1
37302,1243400,12.34,1,1
37303,1243433,12.34,1,1
37304,1243466,12.34,1,1
37305,1243500,12.34,1,1
37306,1243533,12.34,1,1
37307,1243566,12.34,1,1
37308,1243600,12.34,1,1
37309,1243633,12.34,1,1
37310,1243666,12.34,1,1
37311,1243700,12.34,1,1
37312,1243733,12.34,1,1
37313,1243766,12.34,1,1
37314,1243800,12.34,1,1
37315,1243833,12.34,1,1
37316,1243866,12.34,1,1
37317,1243900,12.34,1,1
37318,1243933,14.93,1,1
37319,1243966,14.48,1,1
37320,1244000,14.27,1,1
37321,1244033,14.17,1,1
37322,1244066,15.44,1,1
37323,1244100,16.72,1,1
37324,1244133,17.65,1,1
37325,1244166,20.9,1,1
37326,1244200,24.1,1,1
37327,1244233,26.42,1,2
37328,1244266,28.59,1,2
37329,1244300,30.06,1,2
37330,1244333,29.2,1,2
37331,1244366,28.37,1,2
37332,1244400,27.54,1,2
37333,1244433,26.62,1,2
37334,1244466,26.09,1,2
37335,1244500,24.9,1,1
37336,1244533,23.62,1,1
37337,1244566,22.34,1,1
37338,1244600,21.37,1,1
37339,1244633,20.97,1,1
37340,1244666,21.28,1,1
37341,1244700,21.66,1,1
37342,1244733,22.05,1,1
37343,1244766,22.3,1,1
37344,1244800,21.99,1,1
37345,1244833,21.45,1,1
37346,1244866,19.94,1,1
37347,1244900,18.36,1,1
37348,1244933,16.73,1,1
37349,1244966,15.44,1,1
37350,1245000,14.23,1,1
37351,1245033,13.98,1,1
37352,1245066,13.54,1,1
37353,1245100,13,1,1
37354,1245133,12.47,1,1
37355,1245166,12.02,1,1
37356,1245200,11.86,1,1
37357,1245233,11.96,1,1
37358,1245266,12.26,1,1
37359,1245300,12.48,1,1
37360,1245333,12.71,1,1
37361,1245366,12.63,1,1
37362,1245400,12.92,1,1
37363,1245433,13.2,1,1
37364,1245466,13.44,1,1
37365,1245500,13.56,1,1
37366,1245533,13.67,1,1
37367,1245566,13.38,1,1
37368,1245600,12.97,1,1
37369,1245633,12.79,1,1
37370,1245666,12.75,1,1
37371,1245700,12.71,1,1
37372,1245733,12.53,1,1
37373,1245766,12.47,1,1
37374,1245800,12.29,1,1
37375,1245833,12.18,1,1
37376,1245866,11.93,1,1
37377,1245900,11.46,1,1
37378,1245933,10.99,1,1
37379,1245966,10.51,1,1
37380,1246000,9.96,1,1
37381,1246033,9.54,1,1
37382,1246066,9.87,1,1
37383,1246100,10.2,1,1
37384,1246133,10.52,1,1
37385,1246166,11.88,1,1
37386,1246200,13.24,1,1
37387,1246233,14.28,1,1
37388,1246266,15.59,1,1
37389,1246300,16.91,1,1
37390,1246333,17.19,1,1
37391,1246366,17.7,1,1
37392,1246400,18.22,1,1
37393,1246433,18.46,1,1
37394,1246466,18.4,1,1
37395,1246500,18.08,1,1
37396,1246533,17.5,1,1
37397,1246566,16.93,1,1
37398,1246600,16.53,1,1
37399,1246633,16.6,1,1
37400,1246666,17.04,1,1
37401,1246700,17.87,1,1
37402,1246733,18.7,1,1
37403,1246766,19.35,1,1
37404,1246800,20.61,1,1
37405,1246833,21.76,1,1
37406,1246866,22.25,1,1
37407,1246900,22.51,1,1
37408,1246933,22.77,1,1
37409,1246966,22.23,1,1
37410,1247000,21.52,1,1
37411,1247033,21.08,1,1
37412,1247066,20.38,1,1
37413,1247100,19.51,1,1
37414,1247133,18.67,1,1
37415,1247166,18,1,1
37416,1247200,18.06,1,1
37417,1247233,18.86,1,1
37418,1247266,18.86,1,1
37419,1247300,18.86,1,1
37420,1247333,18.86,1,1
37421,1247366,18.86,1,1
37422,1247400,18.86,1,1
37423,1247433,18.86,1,1
37424,1247466,18.86,1,1
37425,1247500,18.86,1,1
37426,1247533,18.86,1,1
37427,1247566,18.86,1,1
37428,1247600,18.86,1,1
37429,1247633,18.86,1,1
37430,1247666,18.86,1,1
37431,1247700,18.86,1,1
37432,1247733,19,1,1
37433,1247766,19.31,1,1
37434,1247800,19.08,1,1
37435,1247833,18.29,1,1
37436,1247866,17.51,1,1
37437,1247900,16.73,1,1
37438,1247933,16.21,1,1
37439,1247966,16.02,1,1
37440,1248000,15.55,1,1
37441,1248033,15.07,1,1
37442,1248066,14.54,1,1
37443,1248100,14.01,1,1
37444,1248133,13.69,1,1
37445,1248166,13.98,1,1
37446,1248200,14.28,1,1
37447,1248233,14.62,1,1
37448,1248266,14.84,1,1
37449,1248300,14.82,1,1
37450,1248333,14.45,1,1
37451,1248366,14.01,1,1
37452,1248400,13.57,1,1
37453,1248433,13.15,1,1
37454,1248466,12.82,1,1
37455,1248500,12.41,1,1
37456,1248533,12.03,1,1
37457,1248566,11.64,1,1
37458,1248600,11.66,1,1
37459,1248633,11.81,1,1
37460,1248666,12.06,1,1
37461,1248700,12.39,1,1
37462,1248733,12.73,1,1
37463,1248766,12.76,1,1
37464,1248800,13.41,1,1
37465,1248833,14.06,1,1
37466,1248866,14.55,1,1
37467,1248900,14.8,1,1
37468,1248933,15.06,1,1
37469,1248966,14.71,1,1
37470,1249000,14.67,1,1
37471,1249033,14.77,1,1
37472,1249066,15.09,1,1
37473,1249100,15.61,1,1
37474,1249133,16.14,1,1
37475,1249166,16.34,1,1
37476,1249200,17.55,1,1
37477,1249233,18.77,1,1
37478,1249266,19.77,1,1
37479,1249300,21.35,1,1
37480,1249333,22.92,1,1
