ncalls,tottime,percall (ms),cumtime (s),percall (ms),filename:lineno(function)
71,0.9914,0.01396,73.47,1.035,queue.py:180(get)
1,0.01671,0.01671,56.04,56.04,__init__.py:1(<module>)
191/1,0.001051,0.001051,56.04,56.04,~:0(<built-in method builtins.exec>)
1,9.578,9.578,54.4,54.4,~:0(<built-in method exec>)
81/80,0.2712,0.00339,45.34,0.5668,threading.py:327(wait)
1,8.22E-05,8.22E-05,35.55,35.55,camera_detail.py:764(closeEvent)
1,0.001586,0.001586,35.53,35.53,coverage_logger.py:170(stop)
1,0.0002359,0.0002359,35.51,35.51,~:0(<method 'join' of '_thread._ThreadHandle' objects>)
1,7.37E-05,7.37E-05,35.51,35.51,threading.py:1025(_bootstrap_inner)
1,4.10E-05,4.10E-05,35.51,35.51,threading.py:1056(join)
1,7.30E-06,7.30E-06,35.51,35.51,threading.py:998(_bootstrap)
382,0.3543,0.0009274,29.66,0.07765,stream_worker.py:186(_iteration)
360/344,8.463,0.0246,28.13,0.08177,~:0(<method 'acquire' of '_thread.lock' objects>)
115,7.025,0.06109,9.521,0.08279,~:0(<built-in method msleep>)
250,0.4206,0.001682,8.866,0.03546,stream_worker.py:396(_process_frame)
1406,0.1864,0.0001326,8.586,0.006106,roi_window.py:241(update_preview)
4,4.627,1.157,4.709,1.177,~:0(<method 'exec' of 'PySide6.QtWidgets.QDialog' objects>)
250,0.08122,0.0003249,4.093,0.01637,material_detector.py:222(process_frame)
266,0.00893,3.36E-05,3.849,0.01447,stream_worker.py:466(_read_with_timeout)
6,3.076,0.5127,3.564,0.5941,~:0(<built-in method information>)
1,8.91E-05,8.91E-05,3.522,3.522,main_window.py:612(_on_edit_camera_data_loaded)
1656,3.129,0.001889,3.129,0.001889,~:0(<built-in method fromImage>)
2760/2670,2.641,0.000989,2.996,0.001122,~:0(<method 'copy' of 'numpy.ndarray' objects>)
2406/2372,1.778,0.0007495,2.472,0.001042,~:0(<cvtColor>)
250,1.754,0.007018,2.41,0.009639,~:0(<method 'apply' of 'cv2.BackgroundSubtractorMOG2' objects>)
250,0.0505,0.000202,2.283,0.009131,material_detector.py:342(process_mask)
1,0.0001388,0.0001388,2.033,2.033,preview_scheduler.py:103(run)
1,2.003,2.003,2.007,2.007,preview_scheduler.py:59(_create_capture)
1,2.55E-05,2.55E-05,2.007,2.007,preview_scheduler.py:25(get_capture)
1416,0.04959,3.50E-05,1.902,0.001343,roi_selector.py:171(_update_display)
1406,0.08925,6.35E-05,1.742,0.001239,roi_window.py:258(update_label_pixmap)
267,1.082,0.004052,1.691,0.006332,~:0(<method 'read' of 'cv2.VideoCapture' objects>)
1657,1.617,0.0009761,1.621,0.0009785,~:0(<method 'scaled' of 'PySide6.QtGui.QPixmap' objects>)
500,0.4961,0.0009922,1.475,0.00295,material_detector.py:195(apply_morphological_ops)
1,2.89E-05,2.89E-05,1.394,1.394,main_window.py:627(<lambda>)
1,0.0001186,0.0001186,1.382,1.382,main_window.py:639(_on_camera_updated)
1,2.86E-05,2.86E-05,1.275,1.275,main_window.py:672(<lambda>)
1,6.79E-05,6.79E-05,1.255,1.255,main_window.py:680(_on_camera_deleted)
249,0.1242,0.0004989,1.221,0.004902,camera_detail.py:534(on_processed_frame)
5,1.087,0.2173,1.087,0.2173,~:0(<method 'show' of 'PySide6.QtWidgets.QWidget' objects>)
1,5.19E-05,5.19E-05,1.033,1.033,main_window.py:662(_on_delete_camera_data_loaded)
1,9.49E-05,9.49E-05,0.9869,0.9869,coverage_logger.py:130(_worker)
1,1.74E-05,1.74E-05,0.9869,0.9869,threading.py:981(run)
250,0.02291,9.16E-05,0.9684,0.003874,material_detector.py:486(visualize)
250,0.01065,4.26E-05,0.9362,0.003745,camera.py:258(process_frame_with_roi)
252,0.7869,0.003123,0.8974,0.003561,~:0(<warpPerspective>)
314,0.542,0.001726,0.8923,0.002842,~:0(<findContours>)
249,0.08406,0.0003376,0.8111,0.003257,camera_detail.py:217(update_frame)
1,0.09406,0.09406,0.7677,0.7677,stream_worker.py:142(stop)
250,0.2596,0.001038,0.685,0.00274,~:0(<morphologyEx>)
630,0.4232,0.0006717,0.6263,0.0009942,~:0(<drawContours>)
250,0.01235,4.94E-05,0.5475,0.00219,camera.py:472(convert_cv_to_pixmap)
1,7.00E-06,7.00E-06,0.5299,0.5299,camera_detail.py:494(update_background_preset)
250,0.285,0.00114,0.4609,0.001844,~:0(<threshold>)
245/8,0.001526,0.0001908,0.4592,0.05739,<frozen importlib._bootstrap>:1349(_find_and_load)
245/8,0.0009958,0.0001245,0.4583,0.05729,<frozen importlib._bootstrap>:1304(_find_and_load_unlocked)
237/10,0.0009461,9.46E-05,0.4556,0.04556,<frozen importlib._bootstrap>:911(_load_unlocked)
521/19,0.0008814,4.64E-05,0.4522,0.0238,<frozen importlib._bootstrap>:480(_call_with_frames_removed)
3,3.96E-05,1.32E-05,0.4355,0.1452,stream_worker.py:372(_establish_connection)
3,0.3343,0.1114,0.4339,0.1446,stream_worker.py:496(_create_capture_with_timeout)
174/9,0.0005422,6.02E-05,0.4009,0.04455,<frozen importlib._bootstrap_external>:1020(exec_module)
2,8.40E-06,4.20E-06,0.3986,0.1993,camera_detail.py:703(on_db_finished)
15076,0.2329,1.55E-05,0.3159,2.10E-05,~:0(<putText>)
65/13,0.0002104,1.62E-05,0.2443,0.01879,~:0(<built-in method builtins.__import__>)
250,0.02303,9.21E-05,0.2399,0.0009596,material_detector.py:434(_calculate_metrics)
1,0.001324,0.001324,0.218,0.218,main_window.py:1(<module>)
1660,0.2097,0.0001263,0.2097,0.0001263,~:0(<method 'setPixmap' of 'PySide6.QtWidgets.QLabel' objects>)
250/51,0.0004586,8.99E-06,0.2036,0.003993,<frozen importlib._bootstrap>:1390(_handle_fromlist)
237/207,0.0004732,2.29E-06,0.1804,0.0008714,<frozen importlib._bootstrap>:806(module_from_spec)
17/15,5.72E-05,3.81E-06,0.1731,0.01154,<frozen importlib._bootstrap_external>:1318(create_module)
17/15,0.0416,0.002773,0.1726,0.01151,~:0(<built-in method _imp.create_dynamic>)
64,0.01396,0.0002182,0.1685,0.002632,material_detector.py:384(_merge_close_contours)
250,0.1506,0.0006024,0.1612,0.000645,~:0(<erode>)
127372,0.118,9.26E-07,0.1562,1.23E-06,~:0(<contourArea>)
2768,0.00386,1.39E-06,0.1498,5.41E-05,enum.py:695(__call__)
264,0.003808,1.44E-05,0.1433,0.0005429,enum.py:838(_create_)
11,0.0006957,6.33E-05,0.1354,0.01231,db_worker.py:58(run)
1,2.70E-05,2.70E-05,0.1176,0.1176,__init__.py:1(<module>)
500,0.0608,0.0001216,0.1155,0.000231,~:0(<countNonZero>)
1,0.0004156,0.0004156,0.1134,0.1134,__init__.py:1(<module>)
1,2.80E-05,2.80E-05,0.1102,0.1102,__init__.py:41(_setupQtDirectories)
1,2.96E-05,2.96E-05,0.1087,0.1087,__init__.py:1(<module>)
250,0.07475,0.000299,0.1052,0.0004208,numeric.py:64(zeros_like)
276,0.02511,9.10E-05,0.1039,0.0003763,~:0(<method 'emit' of 'PySide6.QtCore.SignalInstance' objects>)
278,0.009904,3.56E-05,0.09528,0.0003427,enum.py:498(__new__)
1,1.69E-05,1.69E-05,0.08643,0.08643,signature_bootstrap.py:40(bootstrap)
13-Mar,0.0001269,4.23E-05,0.08448,0.02816,signature_bootstrap.py:190(exec_module)
1,3.95E-05,3.95E-05,0.0834,0.0834,loader.py:1(<module>)
2,0.001026,0.000513,0.08005,0.04002,~:0(<method 'wait' of 'PySide6.QtCore.QThread' objects>)
58/57,0.0003005,5.27E-06,0.07872,0.001381,__init__.py:1640(_log)
55/54,0.0004445,8.23E-06,0.07833,0.001451,__init__.py:1509(info)
6688/2505,0.01019,4.07E-06,0.07757,3.10E-05,~:0(<built-in method __new__ of type object at 0x00007FFA975328A0>)
174,0.001608,9.24E-06,0.07501,0.0004311,<frozen importlib._bootstrap_external>:1093(get_code)
58/57,0.000228,4.00E-06,0.07305,0.001282,__init__.py:1666(handle)
3,0.01129,0.003764,0.07276,0.02425,stream_worker.py:361(_initialize_processors)
58/57,0.0003207,5.63E-06,0.07261,0.001274,__init__.py:1720(callHandlers)
59/58,0.0003057,5.27E-06,0.07229,0.001246,__init__.py:1010(handle)
59,0.0005008,8.49E-06,0.07177,0.001216,__init__.py:1138(emit)
1,2.53E-05,2.53E-05,0.0705,0.0705,stream_worker.py:159(run)
59,0.02316,0.0003926,0.06876,0.001166,~:0(<method 'write' of '_io.TextIOWrapper' objects>)
4183,0.03003,7.18E-06,0.06868,1.64E-05,enum.py:251(__set_name__)
1,8.30E-05,8.30E-05,0.05951,0.05951,__init__.py:1(<module>)
133,0.0004627,3.48E-06,0.05761,0.0004331,__init__.py:330(_compile)
1,0.008288,0.008288,0.05757,0.05757,~:0(<method 'exec' of 'PySide6.QtCore.QThread' objects>)
2,0.00328,0.00164,0.05739,0.0287,roi_window.py:341(resizeEvent)
8076,0.04588,5.68E-06,0.05731,7.10E-06,~:0(<moments>)
23,2.03E-05,8.83E-07,0.05726,0.00249,__init__.py:287(compile)
25,0.0001292,5.17E-06,0.05685,0.002274,_compiler.py:743(compile)
4,0.04547,0.01137,0.05364,0.01341,~:0(<method 'release' of 'cv2.VideoCapture' objects>)
348,0.0007294,2.10E-06,0.04884,0.0001403,roi_selector.py:226(_add_instructions)
1021,0.0132,1.29E-05,0.04823,4.72E-05,roi_window.py:297(eventFilter)
174,0.0006779,3.90E-06,0.04814,0.0002767,<frozen importlib._bootstrap_external>:1214(get_data)
22,0.04277,0.001944,0.04797,0.00218,~:0(<method 'commit' of 'sqlite3.Connection' objects>)
426/391,0.005518,1.41E-05,0.04747,0.0001214,~:0(<built-in method builtins.__build_class__>)
3,0.0002623,8.74E-05,0.0461,0.01537,stream_worker.py:176(_cleanup_capture)
1,4.10E-05,4.10E-05,0.04563,0.04563,__config__.py:1(<module>)
3,5.72E-05,1.91E-05,0.04519,0.01506,material_detector.py:130(__init__)
1,0.0002056,0.0002056,0.0443,0.0443,__init__.py:1(<module>)
1,0.04011,0.04011,0.04392,0.04392,splash_screen.py:7(SplashScreen)
1,0.001742,0.001742,0.04362,0.04362,splash_screen.py:1(<module>)
244,0.001973,8.09E-06,0.04242,0.0001738,<frozen importlib._bootstrap>:1240(_find_spec)
64,0.04188,0.0006544,0.04188,0.0006544,~:0(<dilate>)
4,1.98E-05,4.95E-06,0.04135,0.01034,platform.py:1066(system)
4,3.33E-05,8.33E-06,0.04133,0.01033,platform.py:968(uname)
25,0.0001024,4.10E-06,0.04114,0.001646,_parser.py:970(parse)
348,0.002679,7.70E-06,0.04112,0.0001182,roi_selector.py:189(_draw_selection)
250/25,0.001672,6.69E-05,0.04096,0.001638,_parser.py:451(_parse_sub)
1,8.28E-05,8.28E-05,0.04096,0.04096,~:0(<staticmethod(<built-in method disconnect of Shiboken.ObjectType object at 0x000001E60756FBC0>)>)
1,0.000173,0.000173,0.04084,0.04084,mapping.py:170(update)
766/25,0.01261,0.0005044,0.04083,0.001633,_parser.py:511(_parse)
1,2.93E-05,2.93E-05,0.04047,0.04047,pyi_generator.py:1(<module>)
4754,0.01816,3.82E-06,0.04012,8.44E-06,enum.py:354(__setitem__)
1,7.42E-05,7.42E-05,0.03954,0.03954,_index_tricks_impl.py:1(<module>)
266,0.003249,1.22E-05,0.03879,0.0001458,stream_worker.py:413(_apply_pending_preset_updates)
214,0.0002505,1.17E-06,0.0378,0.0001766,<frozen importlib._bootstrap_external>:1551(find_spec)
214,0.0007538,3.52E-06,0.03748,0.0001752,<frozen importlib._bootstrap_external>:1522(_get_spec)
1,2.28E-05,2.28E-05,0.03565,0.03565,__init__.py:1(<module>)
174,0.03547,0.0002039,0.03547,0.0002039,~:0(<built-in method _io.open_code>)
1,0.0002389,0.0002389,0.035,0.035,add_camera.py:324(validate_and_accept)
411,0.003328,8.10E-06,0.03477,8.46E-05,<frozen importlib._bootstrap_external>:1624(find_spec)
1,3.17E-05,3.17E-05,0.03454,0.03454,defmatrix.py:1(<module>)
1,2.77E-05,2.77E-05,0.03407,0.03407,pyi_generator.py:53(Formatter)
1,9.31E-05,9.31E-05,0.03388,0.03388,__init__.py:1(<module>)
1,0.0001656,0.0001656,0.03234,0.03234,_linalg.py:1(<module>)
2,4.06E-05,2.03E-05,0.03164,0.01582,platform.py:321(_wmi_query)
2,0.03158,0.01579,0.03158,0.01579,~:0(<built-in method _wmi.exec_query>)
1,0.002584,0.002584,0.03,0.03,camera_detail.py:1(<module>)
786,0.02957,3.76E-05,0.02957,3.76E-05,~:0(<line>)
1,0.0001105,0.0001105,0.02795,0.02795,__init__.py:1(<module>)
61,0.0005778,9.47E-06,0.02769,0.0004539,mapping.py:182(<genexpr>)
2,0.000936,0.000468,0.02747,0.01373,roi_window.py:24(__init__)
1,1.81E-05,1.81E-05,0.02726,0.02726,__init__.py:1(<module>)
2,0.002363,0.001182,0.02569,0.01285,roi_window.py:219(set_frame)
1,0.0007364,0.0007364,0.02556,0.02556,__init__.py:68(bootstrap)
1291,0.01906,1.48E-05,0.025,1.94E-05,~:0(<built-in method nt.stat>)
365,0.001898,5.20E-06,0.02499,6.85E-05,mapping.py:163(module_valid)
1,8.29E-05,8.29E-05,0.02434,0.02434,layout.py:1(<module>)
2460,0.02374,9.65E-06,0.02374,9.65E-06,~:0(<convexHull>)
336/258,0.0005377,2.08E-06,0.0228,8.84E-05,typing.py:426(inner)
1,1.15E-05,1.15E-05,0.02275,0.02275,platform.py:447(win32_ver)
1,1.12E-05,1.12E-05,0.02273,0.02273,platform.py:388(_win32_ver)
89,0.01666,0.0001872,0.02271,0.0002552,~:0(<method 'addWidget' of 'PySide6.QtWidgets.QBoxLayout' objects>)
11,8.28E-05,7.53E-06,0.02271,0.002065,database.py:26(get_connection)
1,1.94E-05,1.94E-05,0.02241,0.02241,camera_detail.py:739(_open_folder)
1,0.02237,0.02237,0.02237,0.02237,~:0(<built-in method openUrl>)
8,0.0002893,3.62E-05,0.02061,0.002577,camera_detail.py:640(_on_state_changed)
2,5.80E-05,2.90E-05,0.01999,0.009997,roi_window.py:285(confirm_selection)
1,5.57E-05,5.57E-05,0.01995,0.01995,parser.py:1(<module>)
8076,0.01954,2.42E-06,0.01954,2.42E-06,~:0(<arcLength>)
11,0.007432,0.0006757,0.01916,0.001742,~:0(<built-in method _sqlite3.connect>)
266,0.002683,1.01E-05,0.01904,7.16E-05,stream_worker.py:296(_adjust_timer)
15,0.01886,0.001257,0.01886,0.001257,~:0(<built-in method builtins.compile>)
1,0.0001763,0.0001763,0.01874,0.01874,main_window.py:799(__init__)
174,0.001439,8.27E-06,0.01852,0.0001064,<frozen importlib._bootstrap_external>:782(_compile_bytecode)
1,7.00E-06,7.00E-06,0.01852,0.01852,parser.py:116(__init__)
4183,0.007697,1.84E-06,0.01848,4.42E-06,enum.py:1055(_add_member_)
23,3.40E-05,1.48E-06,0.0183,0.0007955,__init__.py:71(import_module)
1,0.001869,0.001869,0.01828,0.01828,main_window.py:813(setup_ui)
23,3.21E-05,1.40E-06,0.01826,0.0007939,<frozen importlib._bootstrap>:1375(_gcd_import)
7,0.0004127,5.90E-05,0.01761,0.002515,camera_detail.py:551(update_coverage_display)
2130,0.0113,5.31E-06,0.01689,7.93E-06,<frozen importlib._bootstrap_external>:101(_path_join)
174,0.01686,9.69E-05,0.01686,9.69E-05,~:0(<built-in method marshal.loads>)
1,0.0003156,0.0003156,0.01681,0.01681,camera_detail.py:730(show_data_logs)
1,2.91E-05,2.91E-05,0.01598,0.01598,add_camera.py:20(_refresh_styles)
3,0.0157,0.005233,0.0157,0.005233,~:0(<built-in method processEvents>)
25,5.83E-05,2.33E-06,0.01546,0.0006183,_compiler.py:576(_code)
246,0.01535,6.24E-05,0.01535,6.24E-05,~:0(<method 'setInterval' of 'PySide6.QtCore.QTimer' objects>)
6,0.000648,0.000108,0.01532,0.002553,~:0(<method 'style' of 'PySide6.QtWidgets.QWidget' objects>)
1266/25,0.005205,0.0002082,0.01493,0.0005973,_compiler.py:37(_compile)
33,0.01388,0.0004205,0.01472,0.0004461,~:0(<method 'execute' of 'sqlite3.Cursor' objects>)
1,0.0003325,0.0003325,0.01379,0.01379,camera.py:1(<module>)
1,0.01359,0.01359,0.01359,0.01359,~:0(<built-in method gc.collect>)
281,0.0007966,2.84E-06,0.01351,4.81E-05,_abc.py:460(is_dir)
984,0.0005102,5.19E-07,0.01344,1.37E-05,<frozen importlib._bootstrap_external>:145(_path_stat)
22,0.0005838,2.65E-05,0.01325,0.0006021,__init__.py:23(__load_extra_py_code_for_module)
8076,0.008134,1.01E-06,0.01324,1.64E-06,~:0(<boundingRect>)
283,0.0005362,1.90E-06,0.01254,4.43E-05,_local.py:510(stat)
1,0.0001096,0.0001096,0.01206,0.01206,multiarray.py:1(<module>)
250,0.001248,4.99E-06,0.01185,4.74E-05,typing.py:1423(__init__)
6,0.002005,0.0003342,0.01179,0.001964,roi_selector.py:105(_handle_click)
2,0.00134,0.0006699,0.01174,0.005868,roi_selector.py:71(confirm_selection)
128,0.01165,9.10E-05,0.01165,9.10E-05,~:0(<method 'setStyleSheet' of 'PySide6.QtWidgets.QWidget' objects>)
2,0.001882,0.000941,0.01156,0.005778,roi_selector.py:29(__init__)
3,0.01107,0.00369,0.0112,0.003733,~:0(<method 'accept' of 'PySide6.QtWidgets.QDialog' objects>)
8,0.0007114,8.89E-05,0.01104,0.001379,camera_detail.py:110(update_data)
1,3.01E-05,3.01E-05,0.01101,0.01101,overrides.py:1(<module>)
1,0.0002295,0.0002295,0.01098,0.01098,__init__.py:1(<module>)
2448,0.005637,2.30E-06,0.01091,4.46E-06,~:0(<method 'type' of 'PySide6.QtCore.QEvent' objects>)
70299,0.01089,1.55E-07,0.0109,1.55E-07,~:0(<built-in method builtins.isinstance>)
2,0.001933,0.0009664,0.01087,0.005436,stream_worker.py:286(get_latest_raw_frame)
53330/51868,0.01003,1.93E-07,0.01044,2.01E-07,~:0(<built-in method builtins.len>)
609,0.01036,1.70E-05,0.01036,1.70E-05,~:0(<method 'pos' of 'PySide6.QtGui.QMouseEvent' objects>)
1,0.0007116,0.0007116,0.01001,0.01001,add_camera.py:1(<module>)
7308,0.008224,1.13E-06,0.009823,1.34E-06,enum.py:825(__setattr__)
1,1.45E-05,1.45E-05,0.009613,0.009613,platform.py:688(_node)
8100,0.003109,3.84E-07,0.009555,1.18E-06,~:0(<built-in method builtins.setattr>)
105/102,7.05E-05,6.91E-07,0.009529,9.34E-05,typing.py:574(__getitem__)
1,0.0001708,0.0001708,0.009449,0.009449,_dtype_like.py:1(<module>)
102,0.0004172,4.09E-06,0.009422,9.24E-05,typing.py:753(Union)
536,0.002407,4.49E-06,0.009421,1.76E-05,<frozen importlib._bootstrap>:304(acquire)
1,0.009339,0.009339,0.009358,0.009358,~:0(<method 'showMaximized' of 'PySide6.QtWidgets.QWidget' objects>)
1,3.92E-05,3.92E-05,0.009356,0.009356,__init__.py:1(<module>)
5510,0.003782,6.86E-07,0.009128,1.66E-06,~:0(<built-in method builtins.delattr>)
1,1.53E-05,1.53E-05,0.009092,0.009092,main_window.py:1049(closeEvent)
1,0.0001259,0.0001259,0.009074,0.009074,~:0(<method 'close' of 'PySide6.QtWidgets.QWidget' objects>)
3,0.0001446,4.82E-05,0.009021,0.003007,main_window.py:455(_populate_camera_list)
1,5.13E-05,5.13E-05,0.00894,0.00894,main_window.py:779(closeEvent)
1,8.00E-06,8.00E-06,0.008932,0.008932,platform.py:837(_get_machine_win32)
128,0.0001236,9.66E-07,0.008797,6.87E-05,loader.py:67(feature_imported)
8,0.00879,0.001099,0.00879,0.001099,~:0(<method 'setRange' of 'PySide6.QtCharts.QDateTimeAxis' objects>)
1,0.002074,0.002074,0.00877,0.00877,add_camera.py:48(__init__)
128,0.0001475,1.15E-06,0.008673,6.78E-05,feature.py:134(feature_imported)
5093,0.006053,1.19E-06,0.008659,1.70E-06,enum.py:199(__get__)
70,0.0003117,4.45E-06,0.008488,0.0001213,feature.py:150(_mod_uses_pyside)
60,3.75E-05,6.25E-07,0.008481,0.0001414,typing.py:1446(__or__)
2,0.0001219,6.10E-05,0.008448,0.004224,roi_selector.py:242(_extract_roi)
70,6.13E-05,8.76E-07,0.008176,0.0001168,inspect.py:1250(getsource)
174,0.008124,4.67E-05,0.008124,4.67E-05,~:0(<method 'read' of '_io.BufferedReader' objects>)
2,0.008094,0.004047,0.008113,0.004056,~:0(<method 'hide' of 'PySide6.QtWidgets.QWidget' objects>)
15,0.008048,0.0005366,0.008048,0.0005366,~:0(<method 'addLayout' of 'PySide6.QtWidgets.QBoxLayout' objects>)
1,3.06E-05,3.06E-05,0.007894,0.007894,preview_scheduler.py:76(release_all)
70,0.000124,1.77E-06,0.007789,0.0001113,inspect.py:1229(getsourcelines)
245,0.0004245,1.73E-06,0.007708,3.15E-05,<frozen importlib._bootstrap>:416(__enter__)
22097,0.006713,3.04E-07,0.007581,3.43E-07,~:0(<built-in method builtins.hasattr>)
38762,0.007537,1.94E-07,0.007537,1.94E-07,~:0(<method 'append' of 'list' objects>)
1,0.0001675,0.0001675,0.007446,0.007446,socket.py:1(<module>)
253,0.002446,9.67E-06,0.007407,2.93E-05,typing.py:260(_collect_type_parameters)
593,0.00387,6.53E-06,0.007256,1.22E-05,_local.py:257(_parse_path)
70,0.0001572,2.25E-06,0.007218,0.0001031,inspect.py:1052(findsource)
3078,0.005357,1.74E-06,0.007191,2.34E-06,_parser.py:311(_class_escape)
1,5.90E-06,5.90E-06,0.007184,0.007184,database.py:74(delete_camera)
1,5.80E-05,5.80E-05,0.007163,0.007163,__init__.py:28(load_fonts)
1,0.0002214,0.0002214,0.007162,0.007162,numeric.py:1(<module>)
382,0.006733,1.76E-05,0.007104,1.86E-05,stream_worker.py:153(_is_stopping)
14388,0.004469,3.11E-07,0.007101,4.94E-07,_parser.py:260(get)
332,0.0003419,1.03E-06,0.007064,2.13E-05,_local.py:166(__fspath__)
237,0.0008766,3.70E-06,0.007063,2.98E-05,<frozen importlib._bootstrap>:733(_init_module_attrs)
16784,0.006103,3.64E-07,0.007056,4.20E-07,~:0(<built-in method builtins.getattr>)
1,3.48E-05,3.48E-05,0.006955,0.006955,_char_codes.py:1(<module>)
50,5.67E-05,1.13E-06,0.006917,0.0001383,typing.py:580(__getitem__)
6,0.006809,0.001135,0.006809,0.001135,~:0(<built-in method addApplicationFont>)
1,4.18E-05,4.18E-05,0.006735,0.006735,_internal.py:1(<module>)
332,0.001103,3.32E-06,0.006722,2.03E-05,_local.py:227(__str__)
1,1.18E-05,1.18E-05,0.006596,0.006596,__init__.py:1(<module>)
348,0.00117,3.36E-06,0.006594,1.90E-05,<frozen importlib._bootstrap_external>:513(cache_from_source)
266,0.003699,1.39E-05,0.006362,2.39E-05,stream_worker.py:387(_should_process_frame)
50,0.0006437,1.29E-05,0.00626,0.0001252,typing.py:812(Literal)
1,2.35E-05,2.35E-05,0.006051,0.006051,__init__.py:1(<module>)
265,0.0008661,3.27E-06,0.00576,2.17E-05,overrides.py:142(decorator)
4225,0.003426,8.11E-07,0.005714,1.35E-06,enum.py:37(_is_descriptor)
645,0.002876,4.46E-06,0.00571,8.85E-06,stream_worker.py:119(state)
15,5.59E-05,3.73E-06,0.005698,0.0003799,linecache.py:31(getlines)
15,0.0009749,6.50E-05,0.005651,0.0003767,<frozen os>:202(makedirs)
15,0.0002468,1.65E-05,0.005642,0.0003762,linecache.py:83(updatecache)
1,0.0001793,0.0001793,0.005603,0.005603,_array_like.py:1(<module>)
536,0.0008917,1.66E-06,0.005577,1.04E-05,<frozen importlib._bootstrap>:162(__enter__)
280,0.0004518,1.61E-06,0.005575,1.99E-05,_abc.py:167(suffix)
272,0.0008417,3.09E-06,0.005561,2.05E-05,enum.py:484(__prepare__)
8,0.0001651,2.06E-05,0.005546,0.0006932,camera_detail.py:178(updateStatus)
1,0.0001481,0.0001481,0.005525,0.005525,roi_window.py:1(<module>)
2,0.001223,0.0006115,0.005482,0.002741,main_window.py:109(__init__)
3262,0.005469,1.68E-06,0.005469,1.68E-06,~:0(<built-in method numpy.array>)
1655,0.005347,3.23E-06,0.005347,3.23E-06,~:0(<method 'size' of 'PySide6.QtWidgets.QWidget' objects>)
5510,0.005346,9.70E-07,0.005346,9.70E-07,enum.py:760(__delattr__)
49,0.002011,4.10E-05,0.005265,0.0001075,__init__.py:358(namedtuple)
373,0.0003949,1.06E-06,0.005228,1.40E-05,<frozen importlib._bootstrap_external>:155(_path_is_mode_type)
1,2.25E-05,2.25E-05,0.005076,0.005076,context.py:1(<module>)
313,0.0007165,2.29E-06,0.005062,1.62E-05,_local.py:289(drive)
331,0.0002334,7.05E-07,0.00505,1.53E-05,<frozen importlib._bootstrap_external>:164(_path_isfile)
4796,0.003287,6.85E-07,0.005027,1.05E-06,enum.py:78(_is_private)
291,0.000362,1.24E-06,0.005012,1.72E-05,<frozen importlib._bootstrap>:463(_lock_unlock_module)
280,0.0002208,7.89E-07,0.004948,1.77E-05,_local.py:346(name)
1,0.0001487,0.0001487,0.004937,0.004937,__init__.py:1(<module>)
1,0.0005726,0.0005726,0.004836,0.004836,mapping.py:482(init_PySide6_QtCore)
596,0.0009632,1.62E-06,0.004778,8.02E-06,_local.py:307(_tail)
1,0.0002181,0.0002181,0.004696,0.004696,mapping.py:565(init_PySide6_QtGui)
20454,0.004666,2.28E-07,0.004666,2.28E-07,~:0(<method 'get' of 'mappingproxy' objects>)
1,0.0006488,0.0006488,0.004617,0.004617,main_window.py:33(__init__)
536,0.003243,6.05E-06,0.004525,8.44E-06,<frozen importlib._bootstrap>:124(setdefault)
433,0.002219,5.12E-06,0.004506,1.04E-05,_compiler.py:241(_optimize_charset)
786,0.004389,5.58E-06,0.004389,5.58E-06,~:0(<circle>)
518,0.00426,8.23E-06,0.00426,8.23E-06,~:0(<built-in method builtins.sum>)
26,0.0008504,3.27E-05,0.004243,0.0001632,<frozen importlib._bootstrap_external>:1675(_fill_cache)
365,0.0001723,4.72E-07,0.004242,1.16E-05,<frozen importlib._bootstrap>:632(cached)
8500,0.002927,3.44E-07,0.004189,4.93E-07,_parser.py:167(__getitem__)
203,0.004098,2.02E-05,0.004169,2.05E-05,~:0(<method '__exit__' of '_io._IOBase' objects>)
1,1.09E-05,1.09E-05,0.004151,0.004151,npyio.py:1(<module>)
1,5.61E-05,5.61E-05,0.004146,0.004146,shutil.py:1(<module>)
191,0.0003098,1.62E-06,0.00407,2.13E-05,<frozen importlib._bootstrap_external>:642(_get_cached)
98,0.003242,3.31E-05,0.004039,4.12E-05,roi_selector.py:149(_calculate_potential_rectangle)
1,3.22E-05,3.22E-05,0.004018,0.004018,db_worker.py:1(<module>)
58,0.0002366,4.08E-06,0.003929,6.78E-05,__init__.py:1625(makeRecord)
1,3.14E-05,3.14E-05,0.003842,0.003842,__init__.py:1(<module>)
56/15,0.0001777,1.19E-05,0.003791,0.0002528,typing.py:1452(__getitem__)
808,0.001019,1.26E-06,0.003741,4.63E-06,enum.py:942(_get_mixins_)
1,0.0008728,0.0008728,0.003707,0.003707,camera_detail.py:35(__init__)
58,0.001115,1.92E-05,0.003693,6.37E-05,__init__.py:298(__init__)
3,0.003614,0.001205,0.003614,0.001205,~:0(<method 'pixmap' of 'PySide6.QtGui.QIcon' objects>)
1,7.11E-05,7.11E-05,0.003585,0.003585,__init__.py:1(<module>)
1,7.64E-05,7.64E-05,0.003526,0.003526,coverage_logger.py:1(<module>)
1,0.0001122,0.0001122,0.003522,0.003522,numerictypes.py:1(<module>)
1,0.0001256,0.0001256,0.003462,0.003462,_pswindows.py:1(<module>)
1,2.01E-05,2.01E-05,0.003415,0.003415,database.py:1(<module>)
1,0.0005256,0.0005256,0.003413,0.003413,mapping.py:592(init_PySide6_QtWidgets)
1,3.06E-05,3.06E-05,0.003314,0.003314,__init__.py:116(show_main_window)
1,8.68E-05,8.68E-05,0.003294,0.003294,_npyio_impl.py:1(<module>)
1,0.003277,0.003277,0.003277,0.003277,~:0(<method 'finish' of 'PySide6.QtWidgets.QSplashScreen' objects>)
64,0.001641,2.57E-05,0.003277,5.12E-05,shape_base.py:220(vstack)
1,1.56E-05,1.56E-05,0.003026,0.003026,_abc.py:1(<module>)
4536,0.002342,5.16E-07,0.002972,6.55E-07,enum.py:47(_is_dunder)
597,0.001657,2.78E-06,0.002944,4.93E-06,typing.py:1813(__hash__)
15849,0.002932,1.85E-07,0.002932,1.85E-07,_parser.py:239(__next)
8,0.0003613,4.52E-05,0.002928,0.000366,stream_worker.py:124(set_state)
230,0.0006855,2.98E-06,0.002926,1.27E-05,overrides.py:83(verify_matching_signatures)
1,0.0001026,0.0001026,0.002917,0.002917,_common.py:1(<module>)
4218,0.0029,6.87E-07,0.0029,6.87E-07,~:0(<method 'width' of 'PySide6.QtGui.QPixmap' objects>)
27,0.002891,0.0001071,0.002891,0.0001071,~:0(<built-in method nt.listdir>)
11,0.0002206,2.01E-05,0.002836,0.0002578,database.py:34(ensure_tables)
1,3.93E-05,3.93E-05,0.002832,0.002832,shape_base.py:1(<module>)
619,0.0009486,1.53E-06,0.002793,4.51E-06,_local.py:498(__init__)
50,0.002765,5.53E-05,0.002787,5.57E-05,~:0(<built-in method builtins.eval>)
16,0.002717,0.0001698,0.002739,0.0001712,~:0(<built-in method nt.mkdir>)
2479,0.001029,4.15E-07,0.002724,1.10E-06,typing.py:1122(_is_unpacked_typevartuple)
4796,0.002171,4.53E-07,0.002716,5.66E-07,enum.py:58(_is_sunder)
267,0.0008554,3.20E-06,0.002711,1.02E-05,~:0(<method 'isOpened' of 'cv2.VideoCapture' objects>)
1,1.27E-05,1.27E-05,0.00269,0.00269,importhandler.py:1(<module>)
1,2.85E-05,2.85E-05,0.002669,0.002669,add_camera.py:29(validate_ip_address)
311,0.0005708,1.84E-06,0.002667,8.57E-06,function_base.py:487(add_newdoc)
2214,0.002647,1.20E-06,0.002647,1.20E-06,~:0(<method '__exit__' of 'PySide6.QtCore.QMutexLocker' objects>)
1,3.30E-05,3.30E-05,0.002616,0.002616,reduction.py:1(<module>)
1718,0.00137,7.97E-07,0.00261,1.52E-06,typing.py:1368(__setattr__)
6,0.0004734,7.89E-05,0.002597,0.0004328,enum.py:894(_convert_)
808,0.001844,2.28E-06,0.002576,3.19E-06,enum.py:983(_find_data_type_)
5069,0.002574,5.08E-07,0.002574,5.08E-07,enum.py:1333(value)
2504,0.002396,9.57E-07,0.002566,1.03E-06,enum.py:1152(__new__)
1,0.002522,0.002522,0.002522,0.002522,~:0(<method 'connect_ex' of '_socket.socket' objects>)
1,0.0001182,0.0001182,0.00252,0.00252,_add_newdocs.py:1(<module>)
1,3.90E-05,3.90E-05,0.002485,0.002485,platform.py:1(<module>)
1,3.50E-05,3.50E-05,0.00248,0.00248,__init__.py:1(<module>)
56/15,0.0001737,1.16E-05,0.002437,0.0001625,typing.py:1483(_determine_new_args)
9725,0.002399,2.47E-07,0.002399,2.47E-07,~:0(<method 'get' of 'dict' objects>)
314,0.002379,7.58E-06,0.002379,7.58E-06,~:0(<built-in method numpy.zeros>)
313,0.0005692,1.82E-06,0.002368,7.57E-06,~:0(<__lazy_import__>)
56/15,0.0002657,1.77E-05,0.002343,0.0001562,typing.py:1512(_make_substitution)
1,0.0002241,0.0002241,0.002316,0.002316,log.py:49(setup_file_logging)
41,0.001885,4.60E-05,0.002301,5.61E-05,~:0(<built-in method nt._path_exists>)
11866,0.002284,1.92E-07,0.002284,1.92E-07,~:0(<method 'startswith' of 'str' objects>)
5695,0.002275,3.99E-07,0.002275,3.99E-07,~:0(<built-in method sys.intern>)
60,0.000148,2.47E-06,0.002273,3.79E-05,~:0(<__feature_import__>)
9541,0.002269,2.38E-07,0.002269,2.38E-07,~:0(<built-in method builtins.issubclass>)
1,9.50E-06,9.50E-06,0.002229,0.002229,scimath.py:1(<module>)
334,0.001124,3.37E-06,0.002222,6.65E-06,functools.py:36(update_wrapper)
1,0.0004214,0.0004214,0.002217,0.002217,main_window.py:330(__init__)
1295/55,0.00165,3.00E-05,0.002201,4.00E-05,_parser.py:177(getwidth)
174,0.0001542,8.86E-07,0.002178,1.25E-05,<frozen importlib._bootstrap_external>:1233(path_stats)
2,2.46E-05,1.23E-05,0.002163,0.001082,roi_selector.py:274(_apply_aspect_ratio_padding)
64,0.0001704,2.66E-06,0.002147,3.36E-05,~:0(<method 'min' of 'numpy.ndarray' objects>)
2,0.002139,0.001069,0.002139,0.001069,~:0(<copyMakeBorder>)
1,1.96E-05,1.96E-05,0.002136,0.002136,glob.py:1(<module>)
191,0.0003862,2.02E-06,0.002105,1.10E-05,<frozen importlib._bootstrap_external>:1619(_get_spec)
30,2.06E-05,6.87E-07,0.002103,7.01E-05,_parser.py:97(closegroup)
569,0.0007078,1.24E-06,0.002079,3.65E-06,~:0(<built-in method fromkeys>)
14,0.00191,0.0001364,0.002077,0.0001483,~:0(<method 'readlines' of '_io._IOBase' objects>)
2762,0.001259,4.56E-07,0.002068,7.49E-07,typing.py:1294(_is_dunder)
59,0.0001146,1.94E-06,0.002048,3.47E-05,__init__.py:987(format)
128,0.002038,1.59E-05,0.002038,1.59E-05,~:0(<method 'reduce' of 'numpy.ufunc' objects>)
102,0.0002713,2.66E-06,0.002028,1.99E-05,typing.py:379(_remove_dups_flatten)
14,0.0002325,1.66E-05,0.002025,0.0001446,tokenize.py:451(open)
2,3.28E-05,1.64E-05,0.002007,0.001003,coverage_logger.py:121(_get_camera_dir)
387,0.0009847,2.54E-06,0.001951,5.04E-06,typing.py:173(_type_check)
1,0.001941,0.001941,0.001941,0.001941,~:0(<resize>)
59,0.0002405,4.08E-06,0.001933,3.28E-05,__init__.py:698(format)
1039,0.0002646,2.55E-07,0.001927,1.85E-06,__init__.py:42(<lambda>)
58,0.0004249,7.33E-06,0.001893,3.26E-05,__init__.py:1591(findCaller)
460,0.0004956,1.08E-06,0.001891,4.11E-06,_inspect.py:96(getargspec)
1,2.63E-05,2.63E-05,0.001891,0.001891,decoder.py:1(<module>)
18,0.001339,7.44E-05,0.001886,0.0001048,~:0(<built-in method _io.open>)
3,0.000151,5.03E-05,0.001886,0.0006285,main_window.py:427(load_cameras)
1,2.65E-05,2.65E-05,0.001886,0.001886,_local.py:1(<module>)
468,0.0002712,5.80E-07,0.001853,3.96E-06,<frozen importlib._bootstrap_external>:1500(_path_importer_cache)
1299,0.001844,1.42E-06,0.001844,1.42E-06,~:0(<built-in method time.time>)
619,0.001109,1.79E-06,0.001844,2.98E-06,_local.py:117(__init__)
536,0.001168,2.18E-06,0.001842,3.44E-06,<frozen importlib._bootstrap>:372(release)
1,6.42E-05,6.42E-05,0.001833,0.001833,dbapi2.py:1(<module>)
2,1.15E-05,5.75E-06,0.001827,0.0009134,database.py:110(update_roi_points)
9953,0.001826,1.83E-07,0.001826,1.83E-07,~:0(<method 'endswith' of 'str' objects>)
1,0.0001185,0.0001185,0.001821,0.001821,fromnumeric.py:1(<module>)
1,3.43E-05,3.43E-05,0.001809,0.001809,camera_detail.py:514(update_contour_preset)
152,8.61E-05,5.66E-07,0.001791,1.18E-05,typing.py:351(_deduplicate)
1,2.47E-05,2.47E-05,0.001776,0.001776,tempfile.py:1(<module>)
67,0.001768,2.64E-05,0.001774,2.65E-05,~:0(<method 'connect' of 'PySide6.QtCore.SignalInstance' objects>)
250,0.0002771,1.11E-06,0.001759,7.04E-06,typing.py:1307(__init__)
4183,0.001171,2.80E-07,0.001755,4.20E-07,enum.py:69(_is_internal_class)
192,0.0006391,3.33E-06,0.001741,9.07E-06,<frozen importlib._bootstrap_external>:833(spec_from_file_location)
536,0.001144,2.14E-06,0.001732,3.23E-06,<frozen importlib._bootstrap>:426(_get_module_lock)
250,0.00103,4.12E-06,0.001719,6.87E-06,stream_worker.py:407(_update_processing_stats)
1,6.84E-05,6.84E-05,0.001676,0.001676,_scimath_impl.py:1(<module>)
354,0.0001396,3.94E-07,0.001661,4.69E-06,typing.py:789(<genexpr>)
916,0.001083,1.18E-06,0.00166,1.81E-06,_parser.py:371(_escape)
1827,0.001121,6.14E-07,0.001649,9.03E-07,~:0(<built-in method builtins.max>)
2976,0.001539,5.17E-07,0.001627,5.47E-07,~:0(<method 'join' of 'str' objects>)
17,3.12E-05,1.84E-06,0.001611,9.48E-05,<frozen importlib._bootstrap_external>:1326(exec_module)
1044,0.0007593,7.27E-07,0.001587,1.52E-06,typing.py:1358(__getattr__)
26,0.0001346,5.18E-06,0.001582,6.08E-05,<frozen importlib._bootstrap_external>:1487(_path_hooks)
64,0.0009967,1.56E-05,0.001579,2.47E-05,shape_base.py:80(atleast_2d)
660,0.001531,2.32E-06,0.001557,2.36E-06,~:0(<method 'update' of 'dict' objects>)
1,2.67E-05,2.67E-05,0.001556,0.001556,queue.py:1(<module>)
1,0.0001335,0.0001335,0.001546,0.001546,_function_base_impl.py:1(<module>)
4520,0.001543,3.42E-07,0.001543,3.42E-07,~:0(<method 'setdefault' of 'dict' objects>)
2,1.43E-05,7.15E-06,0.001527,0.0007637,__init__.py:99(load_first_config)
349,0.0005615,1.61E-06,0.001494,4.28E-06,<frozen importlib._bootstrap_external>:137(_path_split)
2,1.28E-05,6.40E-06,0.001465,0.0007325,load_config_py3.py:6(exec_file_wrapper)
1,8.92E-05,8.92E-05,0.001458,0.001458,pickle.py:1(<module>)
64,7.33E-05,1.15E-06,0.001458,2.28E-05,_methods.py:46(_amin)
6830,0.00144,2.11E-07,0.00144,2.11E-07,~:0(<method 'rstrip' of 'str' objects>)
272,0.001111,4.08E-06,0.00144,5.29E-06,enum.py:1010(_find_new_)
1,1.32E-05,1.32E-05,0.001435,0.001435,bz2.py:1(<module>)
2,0.001423,0.0007117,0.001427,0.0007136,~:0(<method 'addAxis' of 'PySide6.QtCharts.QChart' objects>)
1,2.02E-05,2.02E-05,0.001427,0.001427,_globals.py:1(<module>)
17,0.001391,8.18E-05,0.001391,8.18E-05,~:0(<built-in method _imp.exec_dynamic>)
21,0.0001505,7.17E-06,0.001389,6.61E-05,resources.py:13(resource_path)
14,0.001388,9.92E-05,0.001388,9.92E-05,~:0(<built-in method singleShot>)
1406,0.001386,9.85E-07,0.001386,9.85E-07,~:0(<method 'width' of 'PySide6.QtCore.QSize' objects>)
7398,0.00134,1.81E-07,0.00134,1.81E-07,typing.py:1803(<genexpr>)
6,0.0005068,8.45E-05,0.001339,0.0002233,enum.py:1749(convert_class)
5808,0.001017,1.75E-07,0.001293,2.23E-07,_parser.py:255(match)
175,0.0003111,1.78E-06,0.001291,7.38E-06,__init__.py:197(_is_internal_frame)
27,0.00129,4.78E-05,0.00129,4.78E-05,~:0(<method 'setEnabled' of 'PySide6.QtWidgets.QWidget' objects>)
1,5.50E-06,5.50E-06,0.001285,0.001285,database.py:64(update_camera)
1592/1570,0.0004632,2.95E-07,0.001276,8.13E-07,~:0(<built-in method nt.fspath>)
70,0.0002279,3.26E-06,0.001263,1.81E-05,inspect.py:959(getsourcefile)
2,2.21E-05,1.11E-05,0.001263,0.0006313,__init__.py:71(search_function)
274,0.001108,4.04E-06,0.001259,4.59E-06,_compiler.py:389(_mk_bitmap)
1,1.61E-05,1.61E-05,0.001259,0.001259,signature_bootstrap.py:150(prepare_zipfile)
8,0.0002913,3.64E-05,0.001257,0.0001571,typing.py:2998(__new__)
245,0.0001593,6.50E-07,0.00122,4.98E-06,<frozen importlib._bootstrap>:420(__exit__)
95,0.0002001,2.11E-06,0.001219,1.28E-05,typing.py:1773(__hash__)
15,1.04E-05,6.93E-07,0.001206,8.04E-05,typing.py:1762(copy_with)
272,0.001203,4.42E-06,0.001203,4.42E-06,enum.py:346(__init__)
4218,0.001202,2.85E-07,0.001202,2.85E-07,~:0(<method 'height' of 'PySide6.QtGui.QPixmap' objects>)
1,5.64E-05,5.64E-05,0.001179,0.001179,__init__.py:1(<module>)
1,3.68E-05,3.68E-05,0.001162,0.001162,process.py:1(<module>)
2864,0.0007724,2.70E-07,0.00114,3.98E-07,_parser.py:163(__len__)
218,0.0001425,6.54E-07,0.001133,5.20E-06,<frozen importlib._bootstrap_external>:190(_path_abspath)
1,2.99E-05,2.99E-05,0.001128,0.001128,traceback.py:1(<module>)
412,0.001102,2.68E-06,0.001102,2.68E-06,~:0(<function ROISelectorDialog.eventFilter at 0x000001E6254C5440>)
59,0.0001077,1.83E-06,0.001097,1.86E-05,__init__.py:630(formatTime)
1,3.61E-05,3.61E-05,0.001083,0.001083,selectors.py:1(<module>)
92,0.0006432,6.99E-06,0.001077,1.17E-05,<frozen ntpath>:222(split)
3,3.42E-05,1.14E-05,0.001066,0.0003554,__init__.py:1521(warning)
1,4.00E-05,4.00E-05,0.001057,0.001057,signature_bootstrap.py:1(<module>)
1,1.47E-05,1.47E-05,0.001051,0.001051,fnmatch.py:1(<module>)
1,1.60E-05,1.60E-05,0.001041,0.001041,__init__.py:1328(__init__)
2020,0.0006836,3.38E-07,0.001039,5.14E-07,_parser.py:175(append)
1,3.70E-06,3.70E-06,0.001015,0.001015,__init__.py:477(StrFormatStyle)
181,0.0003757,2.08E-06,0.001011,5.58E-06,<frozen ntpath>:50(normcase)
1,0.0001185,0.0001185,0.001009,0.001009,__init__.py:1444(_RealGetContents)
460,0.0007911,1.72E-06,0.000969,2.11E-06,_inspect.py:65(getargs)
5,4.18E-05,8.36E-06,0.0009522,0.0001904,<frozen ntpath>:702(realpath)
218,0.0004571,2.10E-06,0.0009495,4.36E-06,<frozen importlib._bootstrap_external>:177(_path_isabs)
8,4.09E-05,5.11E-06,0.0009416,0.0001177,typing.py:2979(_make_nmtuple)
13,0.0001922,1.48E-05,0.0009349,7.19E-05,~:0(<method 'start' of 'PySide6.QtCore.QThreadPool' objects>)
1746,0.0009319,5.34E-07,0.0009319,5.34E-07,~:0(<method 'reshape' of 'numpy.ndarray' objects>)
1,3.40E-05,3.40E-05,0.0009318,0.0009318,coverage_logger.py:126(_get_log_file_path)
1,1.80E-06,1.80E-06,0.0009307,0.0009307,<frozen importlib._bootstrap>:1171(exec_module)
1,3.63E-05,3.63E-05,0.000926,0.000926,random.py:1(<module>)
13,3.09E-05,2.38E-06,0.0009122,7.02E-05,__init__.py:990(read)
41,5.12E-05,1.25E-06,0.000912,2.22E-05,typing.py:1574(copy_with)
592,0.0005442,9.19E-07,0.0009099,1.54E-06,_local.py:277(_raw_path)
27,0.0001853,6.86E-06,0.0009052,3.35E-05,typing.py:1207(_generic_class_getitem)
493,0.0002865,5.81E-07,0.0008979,1.82E-06,_compiler.py:401(_simple)
1,1.28E-05,1.28E-05,0.0008961,0.0008961,string.py:1(<module>)
13,9.68E-05,7.45E-06,0.0008813,6.78E-05,__init__.py:1072(_read1)
1,5.39E-05,5.39E-05,0.0008771,0.0008771,_arraysetops_impl.py:1(<module>)
71,0.0006482,9.13E-06,0.0008762,1.23E-05,numeric.py:137(ones)
60,0.0001299,2.17E-06,0.0008634,1.44E-05,<frozen ntpath>:254(basename)
14,1.01E-05,7.21E-07,0.0008625,6.16E-05,typing.py:1449(__ror__)
1,4.74E-05,4.74E-05,0.0008459,0.0008459,_type_check_impl.py:1(<module>)
19,0.0004656,2.45E-05,0.0008447,4.45E-05,~:0(<method 'strftime' of 'datetime.date' objects>)
1,2.03E-05,2.03E-05,0.0008421,0.0008421,<frozen posixpath>:1(<module>)
433,0.0005179,1.20E-06,0.0008365,1.93E-06,_compiler.py:214(_compile_charset)
49,6.86E-05,1.40E-06,0.0008312,1.70E-05,~:0(<method 'decode' of 'bytes' objects>)
7,6.68E-05,9.54E-06,0.000811,0.0001159,coverage_logger.py:40(log_measurement)
1,0.0001384,0.0001384,0.00081,0.00081,getlimits.py:167(_register_known_types)
7,0.0008042,0.0001149,0.0008042,0.0001149,~:0(<method 'setVisible' of 'PySide6.QtWidgets.QWidget' objects>)
26,7.81E-05,3.00E-06,0.0008037,3.09E-05,<frozen importlib._bootstrap_external>:1716(path_hook_for_FileFinder)
174,0.0004192,2.41E-06,0.0008018,4.61E-06,<frozen importlib._bootstrap_external>:697(_classify_pyc)
1493,0.0007946,5.32E-07,0.0007946,5.32E-07,roi_selector.py:67(is_confirmed)
64,9.68E-05,1.51E-06,0.0007944,1.24E-05,~:0(<method 'max' of 'numpy.ndarray' objects>)
536,0.0005526,1.03E-06,0.0007919,1.48E-06,<frozen importlib._bootstrap>:74(__new__)
14,9.61E-05,6.86E-06,0.0007901,5.64E-05,tokenize.py:358(detect_encoding)
10,0.0007837,7.84E-05,0.0007837,7.84E-05,~:0(<built-in method nt._getfinalpathname>)
1,1.88E-05,1.88E-05,0.000774,0.000774,camera_detail.py:602(init_camera)
61,0.0001201,1.97E-06,0.0007676,1.26E-05,threading.py:1427(current_thread)
1,1.38E-05,1.38E-05,0.0007569,0.0007569,log.py:1(<module>)
1,9.70E-06,9.70E-06,0.0007545,0.0007545,string.py:69(__init_subclass__)
3115,0.0007408,2.38E-07,0.0007408,2.38E-07,~:0(<method 'add' of 'set' objects>)
25,4.59E-05,1.84E-06,0.0007384,2.95E-05,<frozen abc>:105(__new__)
1,1.91E-05,1.91E-05,0.0007379,0.0007379,lzma.py:1(<module>)
417,0.0003606,8.65E-07,0.0007345,1.76E-06,_parser.py:448(_uniq)
1406,0.0007342,5.22E-07,0.0007342,5.22E-07,~:0(<method 'height' of 'PySide6.QtCore.QSize' objects>)
1,1.27E-05,1.27E-05,0.0007241,0.0007241,__init__.py:1(<module>)
1,6.53E-05,6.53E-05,0.0007227,0.0007227,stream_worker.py:1(<module>)
1,4.18E-05,4.18E-05,0.0007189,0.0007189,subprocess.py:1(<module>)
1,1.45E-05,1.45E-05,0.0007106,0.0007106,printoptions.py:1(<module>)
1,1.62E-05,1.62E-05,0.0007098,0.0007098,__init__.py:1(<module>)
1,8.40E-06,8.40E-06,0.0007047,0.0007047,stride_tricks.py:1(<module>)
3,1.16E-05,3.87E-06,0.0007027,0.0002342,_local.py:664(resolve)
619,0.0004498,7.27E-07,0.0007023,1.14E-06,_local.py:505(__new__)
231,0.0003215,1.39E-06,0.0007015,3.04E-06,__init__.py:101(find_spec)
23,8.07E-05,3.51E-06,0.0007009,3.05E-05,typing.py:1634(__getitem__)
1,8.54E-05,8.54E-05,0.0006924,0.0006924,camera_detail.py:613(_init_camera_new)
64,3.64E-05,5.69E-07,0.0006898,1.08E-05,_methods.py:42(_amax)
1,1.42E-05,1.42E-05,0.0006889,0.0006889,scanner.py:1(<module>)
1,2.30E-05,2.30E-05,0.0006844,0.0006844,format.py:1(<module>)
4,2.74E-05,6.85E-06,0.0006671,0.0001668,camera_detail.py:237(set_connecting_message)
3,1.45E-05,4.83E-06,0.000667,0.0002223,camera_detail.py:758(handle_connection_change)
35,9.58E-05,2.74E-06,0.0006663,1.90E-05,__init__.py:50(modules_filter)
128,0.0002208,1.73E-06,0.0006605,5.16E-06,loader.py:59(feature_import)
896,0.0006486,7.24E-07,0.0006486,7.24E-07,~:0(<built-in method nt._path_splitroot_ex>)
522,0.0004259,8.16E-07,0.0006447,1.24E-06,<frozen importlib._bootstrap_external>:89(_unpack_uint32)
6,0.0001651,2.75E-05,0.0006436,0.0001073,getlimits.py:35(__init__)
26,0.000142,5.46E-06,0.0006434,2.48E-05,<frozen zipimport>:68(__init__)
1,1.73E-05,1.73E-05,0.0006408,0.0006408,__init__.py:1(<module>)
9,0.0006389,7.10E-05,0.0006389,7.10E-05,~:0(<method 'addRow' of 'PySide6.QtWidgets.QFormLayout' objects>)
12,0.000124,1.03E-05,0.0006353,5.29E-05,threading.py:1397(__init__)
1389,0.0004348,3.13E-07,0.0006343,4.57E-07,_parser.py:292(tell)
59,0.0006276,1.06E-05,0.0006276,1.06E-05,~:0(<built-in method time.localtime>)
231,0.0001238,5.36E-07,0.0006276,2.72E-06,<frozen importlib._bootstrap>:982(find_spec)
67,0.0006272,9.36E-06,0.0006272,9.36E-06,~:0(<method 'flush' of '_io.TextIOWrapper' objects>)
1,0.0002717,0.0002717,0.0006191,0.0006191,~:0(<method 'legend' of 'PySide6.QtCharts.QChart' objects>)
1142,0.0006132,5.37E-07,0.0006132,5.37E-07,~:0(<method 'replace' of 'str' objects>)
1,0.000118,0.000118,0.0006121,0.0006121,mapping.py:1(<module>)
1,9.20E-06,9.20E-06,0.0006032,0.0006032,array_utils.py:1(<module>)
1,6.73E-05,6.73E-05,0.0006021,0.0006021,_add_newdocs_scalars.py:1(<module>)
1,9.50E-06,9.50E-06,0.0006,0.0006,__init__.py:1(<module>)
3,0.0005942,0.0001981,0.0005942,0.0001981,~:0(<method 'waitForDone' of 'PySide6.QtCore.QThreadPool' objects>)
2,2.20E-05,1.10E-05,0.0005933,0.0002967,stream_worker.py:139(enter_roi_edit)
50,0.0005913,1.18E-05,0.0005913,1.18E-05,~:0(<built-in method nt._path_isdir>)
28,4.48E-05,1.60E-06,0.0005838,2.09E-05,typing.py:1658(copy_with)
338,0.0004774,1.41E-06,0.0005713,1.69E-06,~:0(<method 'format' of 'str' objects>)
174,0.0002437,1.40E-06,0.0005697,3.27E-06,<frozen importlib._bootstrap_external>:730(_validate_timestamp_pyc)
1,3.10E-06,3.10E-06,0.0005684,0.0005684,__init__.py:444(PercentStyle)
18,2.30E-05,1.28E-06,0.000566,3.14E-05,tokenize.py:382(read_or_stop)
536,0.0003932,7.34E-07,0.0005623,1.05E-06,<frozen importlib._bootstrap>:82(remove)
13,0.0005547,4.27E-05,0.0005547,4.27E-05,~:0(<method 'decompress' of 'zlib.Decompress' objects>)
313,0.0003243,1.04E-06,0.0005505,1.76E-06,_local.py:237(_format_parsed_parts)
250,0.0002857,1.14E-06,0.0005444,2.18E-06,<string>:1(<lambda>)
1513,0.0005319,3.52E-07,0.0005319,3.52E-07,~:0(<method 'rpartition' of 'str' objects>)
1,5.85E-05,5.85E-05,0.0005278,0.0005278,_polynomial_impl.py:1(<module>)
1047,0.0003462,3.31E-07,0.0005207,4.97E-07,<frozen importlib._bootstrap_external>:139(<genexpr>)
56,0.0005203,9.29E-06,0.0005203,9.29E-06,~:0(<method 'setSecsSinceEpoch' of 'PySide6.QtCore.QDateTime' objects>)
311,0.0001573,5.06E-07,0.0005203,1.67E-06,function_base.py:473(_add_docstring)
1,6.30E-06,6.30E-06,0.0005192,0.0005192,preview_scheduler.py:177(<lambda>)
18,0.0005179,2.88E-05,0.0005179,2.88E-05,~:0(<method 'readline' of '_io.BufferedReader' objects>)
1,4.30E-06,4.30E-06,0.0005129,0.0005129,preview_scheduler.py:196(_handle_snapshot)
2,4.15E-05,2.08E-05,0.0005102,0.0002551,tool.py:17(build_brace_pattern)
13,0.0001419,1.09E-05,0.0005087,3.91E-05,__init__.py:1606(open)
1,3.44E-05,3.44E-05,0.0005086,0.0005086,main_window.py:714(_on_snapshot_received)
3266,0.0004879,1.49E-07,0.0005077,1.56E-07,~:0(<built-in method builtins.min>)
3,1.83E-05,6.10E-06,0.0005066,0.0001689,warnings.py:131(filterwarnings)
3700,0.0005037,1.36E-07,0.0005037,1.36E-07,~:0(<built-in method builtins.ord>)
4225,0.0004936,1.17E-07,0.0004936,1.17E-07,enum.py:1213(__init__)
25,7.60E-05,3.04E-06,0.0004918,1.97E-05,dtypes.py:30(_add_dtype_helper)
536,0.0004903,9.15E-07,0.0004903,9.15E-07,<frozen importlib._bootstrap>:79(__init__)
317,0.0004852,1.53E-06,0.0004852,1.53E-06,~:0(<built-in method _imp.is_builtin>)
917,0.0004837,5.28E-07,0.0004837,5.28E-07,~:0(<method 'pop' of 'list' objects>)
11,0.0004735,4.31E-05,0.0004735,4.31E-05,~:0(<method 'close' of 'sqlite3.Connection' objects>)
1,4.25E-05,4.25E-05,0.0004723,0.0004723,encoder.py:1(<module>)
609,0.0004714,7.74E-07,0.0004714,7.74E-07,~:0(<method 'split' of 'str' objects>)
59,0.0002139,3.63E-06,0.0004661,7.90E-06,__init__.py:1130(flush)
1414,0.0004624,3.27E-07,0.0004624,3.27E-07,roi_window.py:236(update_from_selector)
25,0.0001291,5.16E-06,0.0004607,1.84E-05,_compiler.py:514(_compile_info)
1,4.15E-05,4.15E-05,0.0004595,0.0004595,threading.py:1(<module>)
243,0.0002856,1.18E-06,0.0004556,1.88E-06,<frozen importlib._bootstrap>:445(cb)
576,0.0004546,7.89E-07,0.0004546,7.89E-07,~:0(<method 'x' of 'PySide6.QtCore.QPoint' objects>)
266,0.0004522,1.70E-06,0.0004522,1.70E-06,~:0(<method 'interval' of 'PySide6.QtCore.QTimer' objects>)
81,0.0001358,1.68E-06,0.0004516,5.58E-06,inspect.py:919(getfile)
272,0.0003172,1.17E-06,0.0004511,1.66E-06,enum.py:932(_check_for_existing_members_)
91,0.000286,3.14E-06,0.0004476,4.92E-06,<frozen ntpath>:99(join)
42,3.65E-05,8.69E-07,0.0004476,1.07E-05,<frozen importlib._bootstrap_external>:169(_path_isdir)
911,0.0003166,3.48E-07,0.0004434,4.87E-07,<frozen importlib._bootstrap>:1222(__enter__)
128,0.0002813,2.20E-06,0.0004397,3.44E-06,feature.py:88(feature_import)
1,1.18E-05,1.18E-05,0.0004386,0.0004386,config-3.py:1(<module>)
26,0.0001292,4.97E-06,0.0004382,1.69E-05,<frozen importlib._bootstrap_external>:1598(__init__)
4183,0.0004354,1.04E-07,0.0004354,1.04E-07,enum.py:248(__init__)
2087,0.0004317,2.07E-07,0.0004317,2.07E-07,~:0(<method 'find' of 'bytearray' objects>)
911,0.0002924,3.21E-07,0.0004308,4.73E-07,<frozen importlib._bootstrap>:1226(__exit__)
1,5.24E-05,5.24E-05,0.0004308,0.0004308,_nanfunctions_impl.py:1(<module>)
1,3.43E-05,3.43E-05,0.0004303,0.0004303,add_camera.py:452(get_camera_data)
1,2.68E-05,2.68E-05,0.000429,0.000429,signal.py:1(<module>)
536,0.0002456,4.58E-07,0.0004262,7.95E-07,<frozen importlib._bootstrap>:173(__exit__)
70,0.0001261,1.80E-06,0.0004228,6.04E-06,inspect.py:764(unwrap)
58,0.0001272,2.19E-06,0.0004045,6.97E-06,<frozen ntpath>:243(splitext)
4,5.69E-05,1.42E-05,0.0004033,0.0001008,main_window.py:950(update_clock)
215,0.0001538,7.15E-07,0.0003972,1.85E-06,<frozen importlib._bootstrap>:1128(find_spec)
1,1.51E-05,1.51E-05,0.0003966,0.0003966,signature_bootstrap.py:88(find_incarnated_files)
243,0.0003126,1.29E-06,0.0003965,1.63E-06,<frozen importlib._bootstrap>:232(__init__)
2199,0.0003943,1.79E-07,0.0003943,1.79E-07,<frozen importlib._bootstrap>:491(_verbose_message)
1,0.0001201,0.0001201,0.0003937,0.0003937,camera_detail.py:152(__init__)
181,0.0003932,2.17E-06,0.0003932,2.17E-06,~:0(<built-in method _winapi.LCMapStringEx>)
1,8.15E-05,8.15E-05,0.0003913,0.0003913,arrayprint.py:1(<module>)
2,0.0002143,0.0001072,0.000389,0.0001945,log.py:8(setup)
1,6.05E-05,6.05E-05,0.0003888,0.0003888,_shape_base_impl.py:1(<module>)
59,5.45E-05,9.24E-07,0.0003861,6.54E-06,__init__.py:682(formatMessage)
1293,0.0003748,2.90E-07,0.0003748,2.90E-07,~:0(<method '__exit__' of '_thread.RLock' objects>)
50,0.0002142,4.28E-06,0.0003726,7.45E-06,typing.py:395(_flatten_literal_params)
14,0.0001624,1.16E-05,0.0003622,2.59E-05,threading.py:869(__init__)
59,0.0003617,6.13E-06,0.0003617,6.13E-06,~:0(<built-in method time.strftime>)
2469,0.000356,1.44E-07,0.000356,1.44E-07,__init__.py:158(<lambda>)
1,7.60E-06,7.60E-06,0.0003546,0.0003546,coverage_logger.py:37(_ensure_base_dir)
1,2.60E-05,2.60E-05,0.0003522,0.0003522,argparse.py:1(<module>)
1,0.000243,0.000243,0.0003495,0.0003495,_type_aliases.py:1(<module>)
3,0.0001104,3.68E-05,0.0003494,0.0001165,camera.py:229(_prepare_roi_transform)
529,0.0002175,4.11E-07,0.0003485,6.59E-07,<frozen importlib._bootstrap>:645(parent)
1171,0.0003478,2.97E-07,0.0003478,2.97E-07,~:0(<method 'rfind' of 'str' objects>)
106,5.84E-05,5.51E-07,0.0003475,3.28E-06,__init__.py:164(match)
2773,0.000347,1.25E-07,0.000347,1.25E-07,<frozen importlib._bootstrap>:653(has_location)
22,0.0003466,1.58E-05,0.0003466,1.58E-05,~:0(<method 'setText' of 'PySide6.QtWidgets.QLabel' objects>)
3,0.0003462,0.0001154,0.0003462,0.0001154,~:0(<method 'unpolish' of 'PySide6.QtWidgets.QCommonStyle' objects>)
16,1.19E-05,7.44E-07,0.0003411,2.13E-05,<frozen importlib._bootstrap>:997(exec_module)
1,6.08E-05,6.08E-05,0.0003384,0.0003384,_twodim_base_impl.py:1(<module>)
4,5.79E-05,1.45E-05,0.0003383,8.46E-05,database.py:79(get_all_cameras)
1,1.64E-05,1.64E-05,0.0003381,0.0003381,resources.py:1(<module>)
59,3.94E-05,6.68E-07,0.0003316,5.62E-06,__init__.py:470(format)
64,0.0001135,1.77E-06,0.0003277,5.12E-06,shape_base.py:216(_vhstack_dispatcher)
850,0.0003268,3.85E-07,0.0003268,3.85E-07,~:0(<method 'pop' of 'dict' objects>)
2,0.0003216,0.0001608,0.0003255,0.0001627,~:0(<built-in method writableLocation>)
23,2.36E-05,1.03E-06,0.000323,1.40E-05,overrides.py:177(decorator)
16,0.0003199,2.00E-05,0.0003199,2.00E-05,~:0(<built-in method _imp.exec_builtin>)
2770,0.0003166,1.14E-07,0.0003166,1.14E-07,typing.py:1427(<genexpr>)
536/445,0.0001745,3.92E-07,0.0003166,7.12E-07,typing.py:1443(__hash__)
40,0.0003126,7.82E-06,0.0003126,7.82E-06,~:0(<method 'append' of 'PySide6.QtCharts.QXYSeries' objects>)
1,3.50E-06,3.50E-06,0.0003108,0.0003108,__init__.py:2187(info)
36,9.46E-05,2.63E-06,0.0003081,8.56E-06,getlimits.py:112(_float_to_str)
1223,0.0003041,2.49E-07,0.0003041,2.49E-07,~:0(<built-in method _thread.get_ident>)
10,4.88E-05,4.88E-06,0.0003036,3.04E-05,enum.py:1592(__or__)
4,9.10E-06,2.28E-06,0.0003034,7.59E-05,~:0(<built-in method builtins.next>)
25,7.53E-05,3.01E-06,0.0002969,1.19E-05,_add_newdocs_scalars.py:71(add_newdoc_for_scalar_type)
1228/1133,0.0002661,2.35E-07,0.0002961,2.61E-07,~:0(<built-in method builtins.hash>)
575,0.0002547,4.43E-07,0.0002931,5.10E-07,~:0(<method 'extend' of 'list' objects>)
59,0.0002922,4.95E-06,0.0002922,4.95E-06,__init__.py:463(_format)
3,4.46E-05,1.49E-05,0.0002916,9.72E-05,database.py:95(get_camera)
1,2.10E-06,2.10E-06,0.0002911,0.0002911,contextlib.py:136(__enter__)
563,0.0001772,3.15E-07,0.0002889,5.13E-07,typing.py:1765(__eq__)
3,0.0002888,9.63E-05,0.0002888,9.63E-05,~:0(<method 'polish' of 'PySide6.QtWidgets.QCommonStyle' objects>)
5,0.0002884,5.77E-05,0.0002884,5.77E-05,~:0(<method 'setText' of 'PySide6.QtWidgets.QLineEdit' objects>)
2,9.80E-06,4.90E-06,0.0002883,0.0001442,signature_bootstrap.py:49(ensure_shibokensupport)
1690,0.0002859,1.69E-07,0.0002859,1.69E-07,~:0(<built-in method _imp.acquire_lock>)
955,0.0002837,2.97E-07,0.0002837,2.97E-07,roi_selector.py:63(is_complete)
2,5.00E-06,2.50E-06,0.0002806,0.0001403,camera_detail.py:664(edit_roi)
1,1.60E-05,1.60E-05,0.0002793,0.0002793,__init__.py:1(<module>)
17,2.72E-05,1.60E-06,0.000279,1.64E-05,<frozen ntpath>:261(dirname)
152,0.0001486,9.78E-07,0.000275,1.81E-06,queue.py:267(_qsize)
2,3.54E-05,1.77E-05,0.000274,0.000137,stream_worker.py:350(restart_with_new_roi)
1387,0.0002716,1.96E-07,0.0002716,1.96E-07,~:0(<method 'lower' of 'str' objects>)
81,0.0001458,1.80E-06,0.0002715,3.35E-06,threading.py:315(_acquire_restore)
15,7.00E-05,4.67E-06,0.0002688,1.79E-05,functools.py:544(decorating_function)
311,0.0001742,5.60E-07,0.000267,8.59E-07,function_base.py:455(_needs_add_docstring)
1,1.53E-05,1.53E-05,0.0002667,0.0002667,material_detector.py:1(<module>)
34,6.54E-05,1.92E-06,0.0002628,7.73E-06,_abc.py:130(with_segments)
272,0.000223,8.20E-07,0.0002619,9.63E-07,enum.py:961(_find_data_repr_)
1690,0.0002611,1.55E-07,0.0002611,1.55E-07,~:0(<built-in method _imp.release_lock>)
1458,0.0002597,1.78E-07,0.0002597,1.78E-07,_parser.py:112(__init__)
1,6.21E-05,6.21E-05,0.0002586,0.0002586,coverage_logger.py:102(run)
175,0.0002313,1.32E-06,0.0002577,1.47E-06,<frozen importlib._bootstrap_external>:674(_check_name_wrapper)
653,0.0001607,2.46E-07,0.0002567,3.93E-07,typing.py:1437(__eq__)
58,0.0001545,2.66E-06,0.0002529,4.36E-06,<frozen genericpath>:157(_splitext)
1,2.28E-05,2.28E-05,0.0002528,0.0002528,csv.py:1(<module>)
487,0.0001508,3.10E-07,0.0002525,5.19E-07,typing.py:164(_type_convert)
1746,0.000249,1.43E-07,0.000249,1.43E-07,~:0(<built-in method numpy.asanyarray>)
218,0.0002487,1.14E-06,0.0002487,1.14E-06,~:0(<built-in method nt._path_splitroot>)
2,1.73E-05,8.65E-06,0.0002461,0.0001231,main_window.py:489(_request_initial_snapshot)
1090,0.0002453,2.25E-07,0.0002453,2.25E-07,enum.py:91(_is_single_bit)
1,7.64E-05,7.64E-05,0.0002447,0.0002447,camera_detail.py:199(__init__)
4,2.21E-05,5.53E-06,0.0002441,6.10E-05,typing.py:2054(__new__)
204,0.0002428,1.19E-06,0.0002428,1.19E-06,<frozen importlib._bootstrap>:48(_new_module)
460,0.0001592,3.46E-07,0.0002415,5.25E-07,_inspect.py:13(ismethod)
117,0.0001242,1.06E-06,0.0002341,2.00E-06,threading.py:318(_is_owned)
1,2.50E-05,2.50E-05,0.0002324,0.0002324,_pswindows.py:708(Process)
40,0.0002301,5.75E-06,0.0002301,5.75E-06,~:0(<method 'toMSecsSinceEpoch' of 'PySide6.QtCore.QDateTime' objects>)
41,7.11E-05,1.73E-06,0.0002286,5.58E-06,~:0(<method '__typing_subst__' of 'typing.TypeVar' objects>)
1,5.54E-05,5.54E-05,0.0002278,0.0002278,preview_scheduler.py:160(request_snapshot)
1,1.91E-05,1.91E-05,0.0002272,0.0002272,numbers.py:1(<module>)
347/1,0.0001784,0.0001784,0.0002242,0.0002242,__config__.py:19(_cleanup)
26,2.25E-05,8.65E-07,0.0002236,8.60E-06,_local.py:148(__truediv__)
16,2.23E-05,1.39E-06,0.0002227,1.39E-05,<frozen importlib._bootstrap>:989(create_module)
7,1.79E-05,2.56E-06,0.0002211,3.16E-05,<frozen os>:719(__setitem__)
411,0.0002203,5.36E-07,0.0002203,5.36E-07,<frozen importlib._bootstrap_external>:67(_relax_case)
1,3.75E-05,3.75E-05,0.0002198,0.0002198,stream_worker.py:33(StreamWorker)
4,2.26E-05,5.65E-06,0.0002195,5.49E-05,textwrap.py:419(dedent)
16,0.0002162,1.35E-05,0.0002162,1.35E-05,~:0(<method 'addSecs' of 'PySide6.QtCore.QDateTime' objects>)
64,0.0001485,2.32E-06,0.0002142,3.35E-06,shape_base.py:208(_arrays_for_stack_dispatcher)
1,2.36E-05,2.36E-05,0.0002129,0.0002129,_nested_sequence.py:1(<module>)
5,2.14E-05,4.28E-06,0.0002112,4.22E-05,typing.py:1748(__getitem__)
1726,0.0002105,1.22E-07,0.0002105,1.22E-07,typing.py:840(<genexpr>)
91,0.0002073,2.28E-06,0.0002073,2.28E-06,~:0(<built-in method builtins.locals>)
71,0.0002062,2.90E-06,0.0002062,2.90E-06,~:0(<built-in method numpy.empty>)
24,7.79E-05,3.25E-06,0.0002051,8.55E-06,enum.py:1603(__and__)
1,0.0002035,0.0002035,0.0002035,0.0002035,threading.py:674(Barrier)
80,8.56E-05,1.07E-06,0.0002034,2.54E-06,<frozen codecs>:322(decode)
17,0.0002033,1.20E-05,0.0002033,1.20E-05,~:0(<built-in method globalInstance>)
103,0.0001588,1.54E-06,0.0002022,1.96E-06,threading.py:306(__exit__)
5,0.0001993,3.99E-05,0.0001993,3.99E-05,~:0(<method 'takeAt' of 'PySide6.QtWidgets.QBoxLayout' objects>)
7,8.11E-05,1.16E-05,0.0001977,2.82E-05,queue.py:140(put)
2,1.06E-05,5.30E-06,0.0001961,9.81E-05,main_window.py:263(set_preview)
744,0.0001957,2.63E-07,0.0001957,2.63E-07,~:0(<method 'partition' of 'str' objects>)
52,5.15E-05,9.90E-07,0.0001924,3.70E-06,typing.py:1131(_typevar_subst)
225,9.46E-05,4.20E-07,0.0001919,8.53E-07,socket.py:79(<lambda>)
226,0.0001084,4.80E-07,0.0001888,8.35E-07,socket.py:84(<lambda>)
7,0.0001877,2.68E-05,0.0001877,2.68E-05,~:0(<built-in method nt.putenv>)
16,0.0001876,1.17E-05,0.0001876,1.17E-05,~:0(<built-in method _imp.create_builtin>)
545,0.0001875,3.44E-07,0.0001875,3.44E-07,~:0(<method 'remove' of 'list' objects>)
16,2.57E-05,1.61E-06,0.0001855,1.16E-05,__init__.py:2128(getLogger)
1,3.30E-05,3.30E-05,0.0001853,0.0001853,preview_scheduler.py:1(<module>)
647,0.0001852,2.86E-07,0.0001852,2.86E-07,typing.py:1802(_value_and_type_iter)
460,0.0001303,2.83E-07,0.0001845,4.01E-07,_inspect.py:26(isfunction)
1,2.01E-05,2.01E-05,0.0001827,0.0001827,_distributor_init.py:1(<module>)
319,0.0001814,5.69E-07,0.0001814,5.69E-07,functools.py:66(wraps)
1,7.70E-06,7.70E-06,0.0001813,0.0001813,__init__.py:49(__collect_extra_submodules)
460,0.0001288,2.80E-07,0.0001779,3.87E-07,_inspect.py:41(iscode)
58,9.29E-05,1.60E-06,0.0001769,3.05E-06,__init__.py:167(<lambda>)
1,1.32E-05,1.32E-05,0.0001752,0.0001752,datetime.py:1(<module>)
1,3.63E-05,3.63E-05,0.0001742,0.0001742,function_base.py:1(<module>)
25,0.000174,6.96E-06,0.000174,6.96E-06,~:0(<built-in method _abc._abc_init>)
1,2.59E-05,2.59E-05,0.000174,0.000174,_nbit_base.py:1(<module>)
3,7.61E-05,2.54E-05,0.0001739,5.80E-05,camera.py:297(from_dict)
15,5.48E-05,3.65E-06,0.0001721,1.15E-05,threading.py:620(set)
28,2.81E-05,1.00E-06,0.0001714,6.12E-06,_pswindows.py:667(wrap_exceptions)
936,0.0001712,1.83E-07,0.0001712,1.83E-07,~:0(<method 'isupper' of 'str' objects>)
4,2.50E-05,6.25E-06,0.0001711,4.28E-05,camera_detail.py:662(<lambda>)
7,7.48E-05,1.07E-05,0.0001693,2.42E-05,enum.py:1455(_missing_)
536,0.0001691,3.16E-07,0.0001691,3.16E-07,~:0(<built-in method _weakref._remove_dead_weakref>)
69,0.0001086,1.57E-06,0.0001686,2.44E-06,~:0(<built-in method builtins.sorted>)
13,9.10E-05,7.00E-06,0.000168,1.29E-05,__init__.py:879(__init__)
1,1.44E-05,1.44E-05,0.0001667,0.0001667,_iotools.py:1(<module>)
576,0.000166,2.88E-07,0.000166,2.88E-07,~:0(<method 'y' of 'PySide6.QtCore.QPoint' objects>)
3,1.06E-05,3.53E-06,0.000166,5.53E-05,typing.py:806(Optional)
325,0.0001657,5.10E-07,0.0001657,5.10E-07,~:0(<built-in method _thread.allocate_lock>)
1,7.90E-06,7.90E-06,0.0001657,0.0001657,__init__.py:1(<module>)
1,1.04E-05,1.04E-05,0.000165,0.000165,__init__.py:1193(__init__)
59,7.46E-05,1.26E-06,0.0001631,2.76E-06,__init__.py:676(usesTime)
227,9.46E-05,4.17E-07,0.0001619,7.13E-07,socket.py:89(<lambda>)
63,7.24E-05,1.15E-06,0.0001589,2.52E-06,~:0(<built-in method builtins.any>)
13,5.65E-05,4.35E-06,0.0001575,1.21E-05,__init__.py:1361(getLogger)
7,0.0001573,2.25E-05,0.0001573,2.25E-05,~:0(<method 'start' of 'PySide6.QtCore.QTimer' objects>)
9,6.10E-05,6.78E-06,0.0001562,1.74E-05,__init__.py:299(loads)
36,2.83E-05,7.86E-07,0.0001557,4.33E-06,getlimits.py:92(_float_to_float)
1,0.0001546,0.0001546,0.0001546,0.0001546,~:0(<method 'addSeries' of 'PySide6.QtCharts.QChart' objects>)
57,2.57E-05,4.51E-07,0.0001546,2.71E-06,typing.py:1639(<genexpr>)
1,8.80E-06,8.80E-06,0.0001528,0.0001528,parser.py:99(EnumSelect)
2,6.47E-05,3.24E-05,0.0001508,7.54E-05,typing.py:3142(__new__)
186,0.0001505,8.09E-07,0.0001505,8.09E-07,~:0(<built-in method sys._getframe>)
36,6.47E-05,1.80E-06,0.0001501,4.17E-06,threading.py:398(notify)
522,0.0001498,2.87E-07,0.0001498,2.87E-07,~:0(<built-in method from_bytes>)
39,8.45E-05,2.17E-06,0.0001487,3.81E-06,__init__.py:827(read)
4,5.40E-06,1.35E-06,0.0001457,3.64E-05,__init__.py:183(sub)
1,2.51E-05,2.51E-05,0.0001431,0.0001431,_stride_tricks_impl.py:1(<module>)
353,0.0001426,4.04E-07,0.0001426,4.04E-07,~:0(<method 'strip' of 'str' objects>)
103,8.67E-05,8.42E-07,0.0001419,1.38E-06,threading.py:303(__enter__)
228,8.14E-05,3.57E-07,0.0001406,6.17E-07,socket.py:94(<lambda>)
1,3.40E-05,3.40E-05,0.0001396,0.0001396,records.py:1(<module>)
4,1.22E-05,3.05E-06,0.0001396,3.49E-05,_local.py:329(parent)
10,0.0001222,1.22E-05,0.0001392,1.39E-05,~:0(<method 'setFrameShape' of 'PySide6.QtWidgets.QFrame' objects>)
1,3.74E-05,3.74E-05,0.0001392,0.0001392,getlimits.py:1(<module>)
1,4.90E-06,4.90E-06,0.0001391,0.0001391,base64.py:65(b64decode)
2,8.10E-06,4.05E-06,0.0001389,6.95E-05,_abc.py:442(exists)
1,0.0001371,0.0001371,0.0001371,0.0001371,~:0(<method 'statusBar' of 'PySide6.QtWidgets.QMainWindow' objects>)
1,1.62E-05,1.62E-05,0.0001366,0.0001366,_exceptions.py:1(<module>)
174,0.0001336,7.68E-07,0.0001336,7.68E-07,~:0(<built-in method _imp._fix_co_filename>)
8,0.0001333,1.67E-05,0.0001333,1.67E-05,~:0(<method 'clear' of 'PySide6.QtCharts.QXYSeries' objects>)
568,0.000133,2.34E-07,0.000133,2.34E-07,~:0(<method 'bit_length' of 'int' objects>)
1,3.40E-06,3.40E-06,0.0001329,0.0001329,main_window.py:309(on_edit_clicked)
1,0.0001327,0.0001327,0.0001327,0.0001327,~:0(<method 'close' of '_io.TextIOWrapper' objects>)
1,4.70E-06,4.70E-06,0.0001325,0.0001325,_local.py:717(mkdir)
395,0.0001315,3.33E-07,0.0001315,3.33E-07,~:0(<method 'items' of 'dict' objects>)
1,1.60E-06,1.60E-06,0.0001302,0.0001302,__init__.py:1241(_open)
18,3.42E-05,1.90E-06,0.0001299,7.22E-06,arrayprint.py:1685(_array_str_implementation)
4,9.50E-06,2.38E-06,0.0001286,3.22E-05,camera_detail.py:660(<lambda>)
215,0.0001279,5.95E-07,0.0001279,5.95E-07,~:0(<built-in method _imp.find_frozen>)
12,3.00E-05,2.50E-06,0.0001278,1.07E-05,contextlib.py:276(contextmanager)
150,0.0001274,8.49E-07,0.0001274,8.49E-07,~:0(<method 'match' of 're.Pattern' objects>)
1,2.15E-05,2.15E-05,0.0001261,0.0001261,_histograms_impl.py:1(<module>)
1,4.81E-05,4.81E-05,0.0001249,0.0001249,_methods.py:1(<module>)
328,7.87E-05,2.40E-07,0.0001244,3.79E-07,typing.py:1807(__eq__)
58,5.77E-05,9.95E-07,0.0001241,2.14E-06,__init__.py:129(getLevelName)
1,6.20E-06,6.20E-06,0.0001241,0.0001241,struct.py:1(<module>)
1,6.70E-06,6.70E-06,0.000124,0.000124,exceptions.py:1(<module>)
250,0.0001229,4.92E-07,0.0001229,4.92E-07,numeric.py:58(_zeros_like_dispatcher)
12,7.23E-05,6.03E-06,0.0001219,1.02E-05,_linalg.py:2575(norm)
1,1.06E-05,1.06E-05,0.0001205,0.0001205,_endian.py:1(<module>)
1,3.89E-05,3.89E-05,0.000119,0.000119,cp437.py:1(<module>)
1,2.57E-05,2.57E-05,0.0001182,0.0001182,heapq.py:1(<module>)
80,0.0001178,1.47E-06,0.0001178,1.47E-06,~:0(<built-in method _codecs.utf_8_decode>)
8,8.13E-05,1.02E-05,0.0001176,1.47E-05,~:0(<method 'writerow' of '_csv.writer' objects>)
1,3.00E-06,3.00E-06,0.000117,0.000117,main_window.py:304(on_click)
15,4.42E-05,2.95E-06,0.0001163,7.75E-06,threading.py:592(__init__)
305,0.0001161,3.81E-07,0.0001161,3.81E-07,~:0(<built-in method sys._getframemodulename>)
69,0.0001029,1.49E-06,0.0001153,1.67E-06,__init__.py:1764(isEnabledFor)
1,0.0001151,0.0001151,0.0001151,0.0001151,~:0(<method 'start' of 'PySide6.QtCore.QThread' objects>)
265,0.0001144,4.32E-07,0.0001144,4.32E-07,overrides.py:105(array_function_dispatch)
17,5.48E-05,3.22E-06,0.0001142,6.72E-06,<frozen importlib._bootstrap>:662(spec_from_loader)
1,3.60E-06,3.60E-06,0.0001139,0.0001139,main_window.py:314(on_delete_clicked)
495,0.000109,2.20E-07,0.000113,2.28E-07,_parser.py:171(__setitem__)
4,2.78E-05,6.95E-06,0.000113,2.83E-05,typing.py:2199(__init_subclass__)
274,0.0001115,4.07E-07,0.0001115,4.07E-07,~:0(<method 'translate' of 'bytearray' objects>)
336,0.0001114,3.32E-07,0.0001114,3.32E-07,~:0(<built-in method numpy._core._multiarray_umath.add_docstring>)
1,6.50E-06,6.50E-06,0.0001114,0.0001114,mixins.py:1(<module>)
1,0.0001109,0.0001109,0.0001109,0.0001109,~:0(<built-in method binascii.a2b_base64>)
1,6.86E-05,6.86E-05,0.0001106,0.0001106,umath.py:1(<module>)
1,6.90E-06,6.90E-06,0.0001105,0.0001105,__init__.py:15(_additional_dll_directories)
1,4.41E-05,4.41E-05,0.0001102,0.0001102,main_window.py:602(edit_camera)
1,8.20E-06,8.20E-06,0.0001102,0.0001102,main_window.py:290(update_status)
22,4.14E-05,1.88E-06,0.0001085,4.93E-06,threading.py:428(notify_all)
1,6.00E-06,6.00E-06,0.0001078,0.0001078,__init__.py:44(GOpaque)
395,0.0001074,2.72E-07,0.0001074,2.72E-07,~:0(<method 'insert' of 'list' objects>)
215,0.0001068,4.97E-07,0.0001068,4.97E-07,~:0(<built-in method time.monotonic>)
1,6.70E-06,6.70E-06,0.0001065,0.0001065,__init__.py:107(GArray)
56,4.69E-05,8.38E-07,0.0001064,1.90E-06,typing.py:341(_unpack_args)
1,0.000106,0.000106,0.000106,0.000106,~:0(<built-in method primaryScreen>)
102,7.54E-05,7.39E-07,0.0001051,1.03E-06,enum.py:1585(_get_value)
2,0.0001045,5.23E-05,0.0001045,5.23E-05,~:0(<method 'setCentralWidget' of 'PySide6.QtWidgets.QMainWindow' objects>)
2,4.40E-06,2.20E-06,0.0001038,5.19E-05,typing.py:1719(__getitem__)
11,8.95E-05,8.14E-06,0.0001034,9.40E-06,db_worker.py:41(__init__)
1,7.42E-05,7.42E-05,0.0001031,0.0001031,stream_worker.py:45(__init__)
1,3.31E-05,3.31E-05,0.0001027,0.0001027,main_window.py:968(update_status_bar)
1,1.60E-05,1.60E-05,0.0001026,0.0001026,ping_scheduler.py:1(<module>)
21,0.0001025,4.88E-06,0.0001025,4.88E-06,~:0(<built-in method now>)
5,0.0001009,2.02E-05,0.0001009,2.02E-05,~:0(<getPerspectiveTransform>)
6,7.17E-05,1.20E-05,0.0001005,1.68E-05,numeric.py:2690(extend_all)
485,0.0001003,2.07E-07,0.0001003,2.07E-07,enum.py:795(<genexpr>)
81,7.19E-05,8.88E-07,0.0001002,1.24E-06,threading.py:312(_release_save)
125,7.84E-05,6.27E-07,9.99E-05,7.99E-07,inspect.py:298(ismodule)
261,9.91E-05,3.80E-07,9.91E-05,3.80E-07,<frozen importlib._bootstrap>:599(__init__)
92,7.26E-05,7.89E-07,9.88E-05,1.07E-06,<frozen ntpath>:34(_get_bothseps)
81,9.77E-05,1.21E-06,9.77E-05,1.21E-06,~:0(<method 'remove' of 'collections.deque' objects>)
2,9.76E-05,4.88E-05,9.76E-05,4.88E-05,~:0(<method 'attachAxis' of 'PySide6.QtCharts.QAbstractSeries' objects>)
13,3.05E-05,2.35E-06,9.74E-05,7.49E-06,__init__.py:1108(_read2)
30,9.55E-05,3.18E-06,9.55E-05,3.18E-06,~:0(<method 'setContentsMargins' of 'PySide6.QtWidgets.QLayout' objects>)
3,1.18E-05,3.93E-06,9.54E-05,3.18E-05,<frozen os>:1153(add_dll_directory)
1,2.87E-05,2.87E-05,9.53E-05,9.53E-05,enum_sig.py:1(<module>)
44,4.00E-05,9.09E-07,9.39E-05,2.13E-06,<frozen importlib._bootstrap>:541(_module_repr)
1,6.70E-06,6.70E-06,9.32E-05,9.32E-05,contextvars.py:1(<module>)
1,6.85E-05,6.85E-05,9.31E-05,9.31E-05,_compat_pickle.py:1(<module>)
18,3.50E-05,1.94E-06,9.26E-05,5.14E-06,arrayprint.py:550(wrapper)
1,1.42E-05,1.42E-05,9.14E-05,9.14E-05,parser.py:46(_get_flag_enum_option)
1,9.08E-05,9.08E-05,9.08E-05,9.08E-05,~:0(<method 'setRange' of 'PySide6.QtWidgets.QSpinBox' objects>)
13,1.67E-05,1.29E-06,8.99E-05,6.92E-06,__init__.py:1025(_update_crc)
2,7.09E-05,3.55E-05,8.98E-05,4.49E-05,roi_selector.py:128(_add_constrained_point)
1,3.26E-05,3.26E-05,8.92E-05,8.92E-05,main_window.py:652(delete_camera)
1,1.30E-05,1.30E-05,8.87E-05,8.87E-05,loader.py:100(move_into_pyside_package)
536,8.86E-05,1.65E-07,8.86E-05,1.65E-07,<frozen importlib._bootstrap>:158(__init__)
59,6.03E-05,1.02E-06,8.85E-05,1.50E-06,__init__.py:455(usesTime)
59,8.72E-05,1.48E-06,8.72E-05,1.48E-06,~:0(<built-in method time.time_ns>)
44,8.71E-05,1.98E-06,8.71E-05,1.98E-06,~:0(<built-in method zlib.crc32>)
9,8.68E-05,9.64E-06,8.68E-05,9.64E-06,~:0(<method 'addItem' of 'PySide6.QtWidgets.QComboBox' objects>)
18,3.72E-05,2.07E-06,8.64E-05,4.80E-06,tokenize.py:388(find_cookie)
1,1.80E-06,1.80E-06,8.61E-05,8.61E-05,__init__.py:1250(emit)
2,7.83E-05,3.92E-05,8.60E-05,4.30E-05,~:0(<method 'read' of '_io.TextIOWrapper' objects>)
6,3.21E-05,5.35E-06,8.46E-05,1.41E-05,decoder.py:340(decode)
321,8.45E-05,2.63E-07,8.45E-05,2.63E-07,multiarray.py:1098(copyto)
18,6.36E-05,3.53E-06,8.45E-05,4.69E-06,threading.py:281(__init__)
2,7.70E-06,3.85E-06,8.39E-05,4.20E-05,typing.py:1733(__getitem_inner__)
1,2.36E-05,2.36E-05,8.33E-05,8.33E-05,mixins.py:61(NDArrayOperatorsMixin)
1,4.50E-06,4.50E-06,8.33E-05,8.33E-05,stream_worker.py:23(StreamState)
14,6.15E-05,4.39E-06,8.28E-05,5.91E-06,~:0(<method 'setAlignment' of 'PySide6.QtWidgets.QLabel' objects>)
1,2.48E-05,2.48E-05,8.28E-05,8.28E-05,einsumfunc.py:1(<module>)
1,3.53E-05,3.53E-05,8.27E-05,8.27E-05,main_window.py:1017(open_camera_detail)
3,8.16E-05,2.72E-05,8.16E-05,2.72E-05,~:0(<built-in method nt._add_dll_directory>)
1,7.60E-06,7.60E-06,8.16E-05,8.16E-05,bisect.py:1(<module>)
1,8.80E-06,8.80E-06,8.14E-05,8.14E-05,cp1252.py:1(<module>)
5,8.13E-05,1.63E-05,8.13E-05,1.63E-05,~:0(<built-in method builtins.dir>)
1,8.13E-05,8.13E-05,8.13E-05,8.13E-05,~:0(<built-in method _imp.get_frozen_object>)
255,8.08E-05,3.17E-07,8.08E-05,3.17E-07,~:0(<built-in method _stat.S_ISDIR>)
9,5.70E-06,6.33E-07,8.07E-05,8.97E-06,<frozen abc>:110(register)
1,1.87E-05,1.87E-05,8.05E-05,8.05E-05,__init__.py:1(<module>)
25,7.96E-05,3.18E-06,7.96E-05,3.18E-06,~:0(<built-in method _sre.compile>)
7,3.71E-05,5.30E-06,7.96E-05,1.14E-05,queue.py:72(task_done)
127,4.24E-05,3.34E-07,7.94E-05,6.25E-07,typing.py:1478(<genexpr>)
1,2.41E-05,2.41E-05,7.86E-05,7.86E-05,warnings.py:1(<module>)
21,1.89E-05,9.00E-07,7.85E-05,3.74E-06,overrides.py:22(get_array_function_like_doc)
95,7.84E-05,8.25E-07,7.84E-05,8.25E-07,~:0(<method '__typing_prepare_subst__' of 'typing.TypeVar' objects>)
30/22,5.65E-05,2.57E-06,7.79E-05,3.54E-06,_compiler.py:439(_get_literal_prefix)
12,1.58E-05,1.32E-06,7.79E-05,6.49E-06,~:0(<built-in method nt._path_normpath>)
4,1.34E-05,3.35E-06,7.76E-05,1.94E-05,~:0(<method '__init_subclass__' of 'object' objects>)
1,1.15E-05,1.15E-05,7.76E-05,7.76E-05,<frozen importlib._bootstrap_external>:1770(_fix_up_module)
8,7.57E-05,9.46E-06,7.57E-05,9.46E-06,~:0(<method 'stop' of 'PySide6.QtCore.QTimer' objects>)
9,1.08E-05,1.20E-06,7.50E-05,8.33E-06,~:0(<built-in method _abc._abc_register>)
1,5.30E-06,5.30E-06,7.42E-05,7.42E-05,_pswindows.py:101(Priority)
2,2.21E-05,1.11E-05,7.30E-05,3.65E-05,main_window.py:503(_hide_empty_label)
1,1.35E-05,1.35E-05,7.27E-05,7.27E-05,_ufunclike_impl.py:1(<module>)
1,1.62E-05,1.62E-05,7.20E-05,7.20E-05,_arraypad_impl.py:1(<module>)
117,7.16E-05,6.12E-07,7.16E-05,6.12E-07,__init__.py:839(filter)
1,5.40E-06,5.40E-06,7.16E-05,7.16E-05,_abc.py:754(home)
1,1.11E-05,1.11E-05,7.15E-05,7.15E-05,_compression.py:1(<module>)
13,3.93E-05,3.02E-06,7.13E-05,5.49E-06,__init__.py:1124(close)
30,3.54E-05,1.18E-06,7.12E-05,2.37E-06,_parser.py:85(opengroup)
1,1.36E-05,1.36E-05,7.12E-05,7.12E-05,_datasource.py:1(<module>)
24-Oct,8.70E-06,8.70E-07,7.10E-05,7.10E-06,<frozen abc>:121(__subclasscheck__)
1,2.03E-05,2.03E-05,7.03E-05,7.03E-05,memmap.py:1(<module>)
1,8.60E-06,8.60E-06,7.03E-05,7.03E-05,__init__.py:91(_delvewheel_patch_1_10_0)
3,9.20E-06,3.07E-06,6.98E-05,2.33E-05,__init__.py:183(dumps)
36,3.36E-05,9.33E-07,6.94E-05,1.93E-06,getlimits.py:25(_fr1)
16,2.09E-05,1.31E-06,6.82E-05,4.26E-06,<frozen importlib._bootstrap_external>:1363(__init__)
6,6.80E-05,1.13E-05,6.80E-05,1.13E-05,~:0(<method 'setWindowTitle' of 'PySide6.QtWidgets.QWidget' objects>)
1,6.23E-05,6.23E-05,6.75E-05,6.75E-05,preview_scheduler.py:96(__init__)
14,3.21E-05,2.29E-06,6.73E-05,4.81E-06,<frozen os>:711(__getitem__)
42,1.92E-05,4.57E-07,6.70E-05,1.60E-06,getlimits.py:102(_float_conv)
1,2.12E-05,2.12E-05,6.68E-05,6.68E-05,_colorize.py:1(<module>)
24-Oct,5.46E-05,5.46E-06,6.66E-05,6.66E-06,~:0(<built-in method _abc._abc_subclasscheck>)
63,6.45E-05,1.02E-06,6.45E-05,1.02E-06,enum.py:791(__iter__)
89,6.45E-05,7.25E-07,6.45E-05,7.25E-07,~:0(<method 'release' of '_thread.lock' objects>)
11,4.35E-05,3.96E-06,6.45E-05,5.86E-06,~:0(<method 'setSizePolicy' of 'PySide6.QtWidgets.QWidget' objects>)
1,2.18E-05,2.18E-05,6.43E-05,6.43E-05,__init__.py:288(Process)
4,2.09E-05,5.23E-06,6.42E-05,1.61E-05,typing.py:1256(_generic_init_subclass)
14,5.05E-05,3.61E-06,6.35E-05,4.54E-06,_weakrefset.py:85(add)
4,1.02E-05,2.55E-06,6.33E-05,1.58E-05,typing.py:2073(__init__)
6,9.10E-06,1.52E-06,6.33E-05,1.06E-05,__init__.py:1490(setLevel)
1,8.40E-06,8.40E-06,6.31E-05,6.31E-05,coverage_logger.py:21(__init__)
88,6.23E-05,7.08E-07,6.23E-05,7.08E-07,~:0(<method 'append' of 'collections.deque' objects>)
58,6.21E-05,1.07E-06,6.21E-05,1.07E-06,threading.py:1094(name)
2,1.75E-05,8.75E-06,6.21E-05,3.11E-05,__init__.py:343(__init__)
1,6.18E-05,6.18E-05,6.18E-05,6.18E-05,~:0(<method 'availableGeometry' of 'PySide6.QtGui.QScreen' objects>)
1,1.74E-05,1.74E-05,6.14E-05,6.14E-05,_utils_impl.py:1(<module>)
3,4.03E-05,1.34E-05,6.13E-05,2.04E-05,~:0(<createBackgroundSubtractorMOG2>)
14,4.75E-05,3.39E-06,6.12E-05,4.37E-06,__init__.py:145(_check_size)
17,9.60E-06,5.65E-07,6.07E-05,3.57E-06,typing.py:1757(<genexpr>)
3,1.84E-05,6.13E-06,6.06E-05,2.02E-05,encoder.py:183(encode)
13,2.03E-05,1.56E-06,6.05E-05,4.65E-06,__init__.py:784(_get_decompressor)
4,2.18E-05,5.45E-06,6.04E-05,1.51E-05,__init__.py:930(__init__)
260,6.00E-05,2.31E-07,6.00E-05,2.31E-07,~:0(<method 'isidentifier' of 'str' objects>)
313,5.97E-05,1.91E-07,5.97E-05,1.91E-07,_local.py:298(root)
2,4.00E-06,2.00E-06,5.91E-05,2.96E-05,typing.py:1715(copy_with)
1,5.83E-05,5.83E-05,5.83E-05,5.83E-05,~:0(<built-in method _thread.start_joinable_thread>)
2,4.70E-06,2.35E-06,5.83E-05,2.92E-05,__init__.py:1658(cpu_times)
1,5.50E-06,5.50E-06,5.82E-05,5.82E-05,_globals.py:65(_CopyMode)
1,2.08E-05,2.08E-05,5.80E-05,5.80E-05,_ufunc_config.py:1(<module>)
5,1.24E-05,2.48E-06,5.78E-05,1.16E-05,loader.py:54(finish_import)
252,5.76E-05,2.29E-07,5.76E-05,2.29E-07,__init__.py:432(<genexpr>)
250,5.69E-05,2.28E-07,5.69E-05,2.28E-07,multiarray.py:107(empty_like)
9,1.39E-05,1.54E-06,5.69E-05,6.32E-06,<frozen _collections_abc>:808(get)
1,1.18E-05,1.18E-05,5.68E-05,5.68E-05,_local.py:800(expanduser)
4,2.28E-05,5.70E-06,5.62E-05,1.41E-05,__init__.py:600(__init__)
1,2.92E-05,2.92E-05,5.58E-05,5.58E-05,_scalars.py:1(<module>)
5,1.28E-05,2.56E-06,5.56E-05,1.11E-05,_local.py:245(_from_parsed_parts)
1,4.30E-06,4.30E-06,5.55E-05,5.55E-05,socket.py:501(close)
103,5.52E-05,5.36E-07,5.52E-05,5.36E-07,~:0(<method '__enter__' of '_thread.lock' objects>)
5,5.51E-05,1.10E-05,5.51E-05,1.10E-05,~:0(<method 'copy' of 'dict' objects>)
4,6.70E-06,1.68E-06,5.51E-05,1.38E-05,camera_detail.py:659(<lambda>)
1,6.70E-06,6.70E-06,5.47E-05,5.47E-05,threading.py:953(start)
252,5.44E-05,2.16E-07,5.44E-05,2.16E-07,~:0(<method '__contains__' of 'frozenset' objects>)
1,5.42E-05,5.42E-05,5.42E-05,5.42E-05,~:0(<method 'setWidget' of 'PySide6.QtWidgets.QScrollArea' objects>)
3,6.90E-06,2.30E-06,5.41E-05,1.80E-05,__init__.py:1119(__init__)
11,3.77E-05,3.43E-06,5.39E-05,4.90E-06,__init__.py:1409(_fixupParents)
379,5.38E-05,1.42E-07,5.38E-05,1.42E-07,~:0(<built-in method builtins.globals>)
2,8.00E-06,4.00E-06,5.38E-05,2.69E-05,<frozen os>:725(__delitem__)
12,3.96E-05,3.30E-06,5.37E-05,4.48E-06,threading.py:1382(__del__)
1,1.59E-05,1.59E-05,5.30E-05,5.30E-05,__init__.py:445(_sanity_check)
3,4.82E-05,1.61E-05,5.27E-05,1.76E-05,camera.py:276(set_roi)
4,3.87E-05,9.68E-06,5.20E-05,1.30E-05,typing.py:1927(_get_protocol_attrs)
23,2.67E-05,1.16E-06,5.19E-05,2.26E-06,<frozen os>:785(encodekey)
6,3.48E-05,5.80E-06,5.14E-05,8.57E-06,__init__.py:1446(_clear_cache)
1,7.10E-06,7.10E-06,5.12E-05,5.12E-05,socket.py:497(_real_close)
1,3.00E-06,3.00E-06,5.12E-05,5.12E-05,_pswindows.py:113(IOPriority)
245,5.10E-05,2.08E-07,5.10E-05,2.08E-07,<frozen importlib._bootstrap>:412(__init__)
12,4.52E-05,3.77E-06,5.10E-05,4.25E-06,threading.py:1371(__init__)
28,3.08E-05,1.10E-06,5.10E-05,1.82E-06,_abc.py:38(_ignore_error)
1,5.05E-05,5.05E-05,5.05E-05,5.05E-05,~:0(<method 'showMessage' of 'PySide6.QtWidgets.QSplashScreen' objects>)
1,1.26E-05,1.26E-05,5.04E-05,5.04E-05,threading.py:1350(__init__)
1,1.10E-06,1.10E-06,5.04E-05,5.04E-05,typing.py:797(_make_union)
5,4.92E-05,9.84E-06,4.92E-05,9.84E-06,~:0(<method 'setProperty' of 'PySide6.QtCore.QObject' objects>)
16,4.86E-05,3.04E-06,4.86E-05,3.04E-06,typing.py:3794(__getattr__)
1,4.84E-05,4.84E-05,4.84E-05,4.84E-05,socket.py:221(__init__)
26,1.61E-05,6.19E-07,4.84E-05,1.86E-06,tool.py:45(escape)
1,3.50E-06,3.50E-06,4.84E-05,4.84E-05,_common.py:128(NicDuplex)
110,3.49E-05,3.17E-07,4.82E-05,4.38E-07,_parser.py:82(groups)
11,2.91E-05,2.65E-06,4.76E-05,4.33E-06,~:0(<method 'sort' of 'list' objects>)
1,1.25E-05,1.25E-05,4.76E-05,4.76E-05,threading.py:641(wait)
58,4.75E-05,8.19E-07,4.75E-05,8.19E-07,~:0(<built-in method nt.getpid>)
23,2.39E-05,1.04E-06,4.74E-05,2.06E-06,enum.py:1435(_iter_member_by_value_)
100,4.73E-05,4.73E-07,4.73E-05,4.73E-07,multiarray.py:761(dot)
16,1.98E-05,1.24E-06,4.73E-05,2.96E-06,<frozen importlib._bootstrap_external>:1380(_get_parent_path)
2,1.38E-05,6.90E-06,4.73E-05,2.37E-05,__init__.py:73(CFUNCTYPE)
78,3.36E-05,4.31E-07,4.67E-05,5.99E-07,inspect.py:966(<genexpr>)
59,4.65E-05,7.88E-07,4.65E-05,7.88E-07,__init__.py:391(getMessage)
8,4.65E-05,5.81E-06,4.65E-05,5.81E-06,~:0(<method 'sub' of 're.Pattern' objects>)
1,2.85E-05,2.85E-05,4.63E-05,4.63E-05,signature_bootstrap.py:60(<genexpr>)
13,4.61E-05,3.55E-06,4.61E-05,3.55E-06,~:0(<method 'dot' of 'numpy.ndarray' objects>)
13,1.68E-05,1.29E-06,4.59E-05,3.53E-06,mixins.py:46(_numeric_methods)
63,4.54E-05,7.21E-07,4.54E-05,7.21E-07,~:0(<method 'timestamp' of 'datetime.datetime' objects>)
5,1.75E-05,3.50E-06,4.54E-05,9.08E-06,importhandler.py:28(finish_import)
9,6.40E-06,7.11E-07,4.52E-05,5.02E-06,overrides.py:27(finalize_array_function_like)
1,4.51E-05,4.51E-05,4.51E-05,4.51E-05,~:0(<built-in method families>)
36,2.51E-05,6.97E-07,4.51E-05,1.25E-06,getlimits.py:17(_fr0)
1,2.17E-05,2.17E-05,4.51E-05,4.51E-05,<frozen os>:44(_get_exports_list)
12,3.14E-05,2.62E-06,4.49E-05,3.74E-06,__init__.py:1477(__init__)
10,8.10E-06,8.10E-07,4.49E-05,4.49E-06,enum.py:1445(_iter_member_by_def_)
50,1.79E-05,3.58E-07,4.48E-05,8.96E-07,_add_newdocs.py:6637(refer_to_array_attribute)
18,1.76E-05,9.78E-07,4.47E-05,2.48E-06,__init__.py:401(__init__)
15,3.89E-05,2.59E-06,4.43E-05,2.95E-06,functools.py:504(lru_cache)
1,3.43E-05,3.43E-05,4.42E-05,4.42E-05,socket.py:215(socket)
1,3.25E-05,3.25E-05,4.42E-05,4.42E-05,~:0(<method 'disable' of '_lsprof.Profiler' objects>)
1,4.41E-05,4.41E-05,4.41E-05,4.41E-05,~:0(<function socket.close at 0x000001E60980D620>)
104,4.39E-05,4.22E-07,4.39E-05,4.22E-07,~:0(<method '__exit__' of '_thread.lock' objects>)
17,4.38E-05,2.58E-06,4.38E-05,2.58E-06,~:0(<method 'setIcon' of 'PySide6.QtWidgets.QAbstractButton' objects>)
31,1.93E-05,6.23E-07,4.35E-05,1.40E-06,cp437.py:14(decode)
114,4.30E-05,3.77E-07,4.30E-05,3.77E-07,~:0(<method 'read' of '_io.BytesIO' objects>)
25,2.77E-05,1.11E-06,4.28E-05,1.71E-06,_parser.py:230(__init__)
18,3.71E-05,2.06E-06,4.18E-05,2.32E-06,arrayprint.py:1678(_guarded_repr_or_str)
2,4.15E-05,2.08E-05,4.15E-05,2.08E-05,~:0(<built-in method nt.unsetenv>)
5,1.29E-05,2.58E-06,4.14E-05,8.28E-06,_common.py:425(memoize_when_activated)
20,2.88E-05,1.44E-06,4.10E-05,2.05E-06,signature_bootstrap.py:183(find_spec)
4,3.64E-05,9.10E-06,4.09E-05,1.02E-05,layout.py:79(__init__)
15,4.04E-05,2.69E-06,4.04E-05,2.69E-06,linecache.py:47(checkcache)
2,2.02E-05,1.01E-05,4.03E-05,2.02E-05,main_window.py:767(showEvent)
58,4.01E-05,6.91E-07,4.01E-05,6.91E-07,process.py:37(current_process)
44,3.59E-05,8.16E-07,4.01E-05,9.11E-07,<frozen importlib._bootstrap>:823(_module_repr_from_spec)
1,1.54E-05,1.54E-05,4.00E-05,4.00E-05,_machar.py:1(<module>)
1,7.00E-06,7.00E-06,3.99E-05,3.99E-05,numerictypes.py:622(_register_types)
16,3.66E-05,2.29E-06,3.97E-05,2.48E-06,<frozen importlib._bootstrap>:501(_requires_builtin_wrapper)
6,2.37E-05,3.95E-06,3.96E-05,6.60E-06,~:0(<method 'button' of 'PySide6.QtGui.QSinglePointEvent' objects>)
1,1.61E-05,1.61E-05,3.96E-05,3.96E-05,_asarray.py:1(<module>)
1,4.30E-06,4.30E-06,3.96E-05,3.96E-05,__init__.py:457(__getattr__)
1,2.60E-06,2.60E-06,3.93E-05,3.93E-05,_common.py:138(BatteryTime)
1,3.76E-05,3.76E-05,3.91E-05,3.91E-05,~:0(<method 'setWindowFlags' of 'PySide6.QtWidgets.QWidget' objects>)
208,3.84E-05,1.85E-07,3.84E-05,1.85E-07,<frozen importlib._bootstrap_external>:1604(<genexpr>)
12,2.96E-05,2.47E-06,3.83E-05,3.19E-06,_weakrefset.py:39(_remove)
1,9.70E-06,9.70E-06,3.83E-05,3.83E-05,coverage_logger.py:110(flush_async)
3,3.80E-05,1.27E-05,3.80E-05,1.27E-05,encoder.py:205(iterencode)
1,2.90E-06,2.90E-06,3.79E-05,3.79E-05,__config__.py:14(DisplayModes)
1,2.03E-05,2.03E-05,3.78E-05,3.78E-05,camera_detail.py:246(__init__)
175,3.76E-05,2.15E-07,3.76E-05,2.15E-07,<frozen importlib._bootstrap_external>:1184(__init__)
8,2.82E-05,3.53E-06,3.75E-05,4.69E-06,~:0(<method 'setAttribute' of 'PySide6.QtWidgets.QWidget' objects>)
1,5.80E-06,5.80E-06,3.71E-05,3.71E-05,_array_api_info.py:1(<module>)
1,3.70E-05,3.70E-05,3.70E-05,3.70E-05,~:0(<built-in method _socket.gethostname>)
1,2.50E-05,2.50E-05,3.69E-05,3.69E-05,base64.py:1(<module>)
24,2.83E-05,1.18E-06,3.68E-05,1.53E-06,numerictypes.py:590(_scalar_type_key)
54,2.08E-05,3.85E-07,3.68E-05,6.82E-07,typing.py:1221(<genexpr>)
1,1.11E-05,1.11E-05,3.67E-05,3.67E-05,_dtype.py:1(<module>)
3,3.66E-05,1.22E-05,3.66E-05,1.22E-05,camera.py:23(__init__)
1,1.85E-05,1.85E-05,3.64E-05,3.64E-05,feature.py:1(<module>)
8,2.46E-05,3.08E-06,3.63E-05,4.54E-06,cp1252.py:18(encode)
1,6.20E-06,6.20E-06,3.63E-05,3.63E-05,loader.py:44(seterror_argument)
4,3.62E-05,9.05E-06,3.62E-05,9.05E-06,~:0(<method 'fetchall' of 'sqlite3.Cursor' objects>)
67,2.65E-05,3.96E-07,3.62E-05,5.40E-07,inspect.py:969(<genexpr>)
4,3.61E-05,9.03E-06,3.61E-05,9.03E-06,~:0(<method 'disconnect' of 'PySide6.QtCore.SignalInstance' objects>)
1,1.09E-05,1.09E-05,3.60E-05,3.60E-05,__future__.py:1(<module>)
5,4.30E-06,8.60E-07,3.56E-05,7.12E-06,_local.py:252(_from_parsed_string)
13,3.53E-05,2.72E-06,3.53E-05,2.72E-06,threading.py:843(_newname)
24,3.52E-05,1.47E-06,3.52E-05,1.47E-06,~:0(<method 'setFixedHeight' of 'PySide6.QtWidgets.QWidget' objects>)
26,2.31E-05,8.89E-07,3.51E-05,1.35E-06,<frozen ntpath>:146(splitdrive)
1,6.40E-06,6.40E-06,3.42E-05,3.42E-05,__init__.py:265(_reset_cache)
13,3.40E-05,2.62E-06,3.40E-05,2.62E-06,~:0(<built-in method zlib.decompressobj>)
2,3.36E-05,1.68E-05,3.36E-05,1.68E-05,~:0(<method 'setValue' of 'PySide6.QtWidgets.QSpinBox' objects>)
30,2.19E-05,7.30E-07,3.36E-05,1.12E-06,signal.py:9(<lambda>)
3,1.02E-05,3.40E-06,3.35E-05,1.12E-05,_common.py:380(memoize)
1,6.90E-06,6.90E-06,3.33E-05,3.33E-05,_ufunc.py:1(<module>)
1,8.80E-06,8.80E-06,3.32E-05,3.32E-05,signature_bootstrap.py:172(__init__)
99,3.31E-05,3.34E-07,3.31E-05,3.34E-07,__init__.py:16(set_module)
77,3.28E-05,4.26E-07,3.28E-05,4.26E-07,~:0(<method 'find' of 'str' objects>)
1,1.77E-05,1.77E-05,3.28E-05,3.28E-05,queue.py:46(__init__)
3,2.10E-06,7.00E-07,3.26E-05,1.09E-05,__init__.py:522(PYFUNCTYPE)
1,1.46E-05,1.46E-05,3.23E-05,3.23E-05,_pswindows.py:276(cpu_times)
1,2.47E-05,2.47E-05,3.21E-05,3.21E-05,_linalg.py:43(EigResult)
24,3.16E-05,1.32E-06,3.16E-05,1.32E-06,enum.py:1328(name)
1,1.21E-05,1.21E-05,3.14E-05,3.14E-05,_arrayterator_impl.py:1(<module>)
8,2.23E-05,2.79E-06,3.13E-05,3.91E-06,_parser.py:273(getuntil)
13,3.11E-05,2.39E-06,3.11E-05,2.39E-06,~:0(<method 'flush' of 'zlib.Decompress' objects>)
6,3.09E-05,5.15E-06,3.09E-05,5.15E-06,decoder.py:351(raw_decode)
50,2.41E-05,4.82E-07,3.08E-05,6.16E-07,_compiler.py:573(isstring)
1,3.05E-05,3.05E-05,3.05E-05,3.05E-05,main_window.py:324(CameraList)
13,3.05E-05,2.35E-06,3.05E-05,2.35E-06,~:0(<method 'set' of 'cv2.VideoCapture' objects>)
22,3.03E-05,1.38E-06,3.03E-05,1.38E-06,~:0(<method 'cursor' of 'sqlite3.Connection' objects>)
4,8.80E-06,2.20E-06,3.02E-05,7.55E-06,__init__.py:458(validate)
14,2.64E-05,1.89E-06,3.01E-05,2.15E-06,<frozen codecs>:312(__init__)
7,7.70E-06,1.10E-06,3.01E-05,4.30E-06,<frozen ntpath>:573(abspath)
1,4.00E-06,4.00E-06,3.01E-05,3.01E-05,errorhandler.py:69(seterror_argument)
19,2.97E-05,1.56E-06,2.97E-05,1.56E-06,~:0(<method 'setSpacing' of 'PySide6.QtWidgets.QBoxLayout' objects>)
99,2.82E-05,2.85E-07,2.97E-05,3.00E-07,__init__.py:27(decorator)
2,2.94E-05,1.47E-05,2.94E-05,1.47E-05,~:0(<method 'center' of 'PySide6.QtCore.QRect' objects>)
115,2.92E-05,2.54E-07,2.92E-05,2.54E-07,~:0(<method 'pop' of 'set' objects>)
1,1.19E-05,1.19E-05,2.92E-05,2.92E-05,glob.py:1(<module>)
2,7.40E-06,3.70E-06,2.92E-05,1.46E-05,coverage_logger.py:89(flush)
1,1.48E-05,1.48E-05,2.89E-05,2.89E-05,stream_worker.py:96(_setup_platform_specific)
1,6.30E-06,6.30E-06,2.85E-05,2.85E-05,coverage_logger.py:15(CoverageLogger)
33,2.84E-05,8.61E-07,2.84E-05,8.61E-07,~:0(<built-in method _codecs.charmap_decode>)
1,1.50E-05,1.50E-05,2.84E-05,2.84E-05,subprocess.py:758(Popen)
1,2.81E-05,2.81E-05,2.81E-05,2.81E-05,defmatrix.py:72(matrix)
11,1.64E-05,1.49E-06,2.80E-05,2.55E-06,__init__.py:1497(debug)
1,4.60E-06,4.60E-06,2.80E-05,2.80E-05,roi_selector.py:1(<module>)
16,2.72E-05,1.70E-06,2.72E-05,1.70E-06,~:0(<method 'addStretch' of 'PySide6.QtWidgets.QBoxLayout' objects>)
11,1.74E-05,1.58E-06,2.72E-05,2.47E-06,loader.py:87(put_into_package)
18,1.90E-05,1.06E-06,2.71E-05,1.51E-06,__init__.py:355(_sanitize_filename)
2,2.70E-05,1.35E-05,2.70E-05,1.35E-05,~:0(<built-in method _ctypes.POINTER>)
2,2.12E-05,1.06E-05,2.68E-05,1.34E-05,main_window.py:774(hideEvent)
1,3.30E-06,3.30E-06,2.67E-05,2.67E-05,random.py:119(__init__)
1,5.00E-06,5.00E-06,2.66E-05,2.66E-05,_dtype_ctypes.py:1(<module>)
1,2.65E-05,2.65E-05,2.65E-05,2.65E-05,~:0(<built-in method setFont>)
175,2.64E-05,1.51E-07,2.64E-05,1.51E-07,<frozen importlib._bootstrap_external>:1209(get_filename)
24,1.94E-05,8.08E-07,2.63E-05,1.10E-06,typing.py:310(_check_generic_specialization)
1,2.09E-05,2.09E-05,2.60E-05,2.60E-05,_nbit.py:1(<module>)
1,1.75E-05,1.75E-05,2.60E-05,2.60E-05,_linalg.py:59(SVDResult)
19,1.99E-05,1.05E-06,2.59E-05,1.36E-06,_compiler.py:470(_get_charset_prefix)
1,2.51E-05,2.51E-05,2.58E-05,2.58E-05,_iotools.py:451(StringConverter)
38,1.23E-05,3.24E-07,2.57E-05,6.76E-07,__init__.py:23(<genexpr>)
25,2.25E-05,9.00E-07,2.56E-05,1.02E-06,_parser.py:954(fix_flags)
1,5.50E-06,5.50E-06,2.56E-05,2.56E-05,_add_newdocs_scalars.py:18(numeric_type_aliases)
33,2.55E-05,7.73E-07,2.55E-05,7.73E-07,~:0(<built-in method _struct.unpack>)
6,2.53E-05,4.22E-06,2.53E-05,4.22E-06,~:0(<method 'deleteLater' of 'PySide6.QtCore.QObject' objects>)
1,3.10E-06,3.10E-06,2.53E-05,2.53E-05,version.py:1(<module>)
38,1.96E-05,5.16E-07,2.45E-05,6.45E-07,~:0(<built-in method builtins.all>)
88,2.44E-05,2.77E-07,2.44E-05,2.77E-07,~:0(<built-in method builtins.id>)
18,1.45E-05,8.06E-07,2.44E-05,1.36E-06,signature_bootstrap.py:173(p2m)
1,1.05E-05,1.05E-05,2.40E-05,2.40E-05,main_window.py:977(pause_background_tasks)
174,2.39E-05,1.37E-07,2.39E-05,1.37E-07,<frozen importlib._bootstrap_external>:1017(create_module)
1,2.37E-05,2.37E-05,2.37E-05,2.37E-05,~:0(<built-in method fromLocalFile>)
1,2.27E-05,2.27E-05,2.37E-05,2.37E-05,stream_worker.py:442(set_contour_params)
1,1.46E-05,1.46E-05,2.37E-05,2.37E-05,__init__.py:295(_EndRecData)
16,1.05E-05,6.56E-07,2.35E-05,1.47E-06,inspect.py:1000(getmodule)
1,6.90E-06,6.90E-06,2.34E-05,2.34E-05,random.py:128(seed)
11,2.33E-05,2.12E-06,2.33E-05,2.12E-06,~:0(<method 'wakeAll' of 'PySide6.QtCore.QWaitCondition' objects>)
1,2.80E-06,2.80E-06,2.33E-05,2.33E-05,base64.py:34(_bytes_from_decode_data)
2,1.36E-05,6.80E-06,2.28E-05,1.14E-05,__init__.py:43(normalize_encoding)
5,2.27E-05,4.54E-06,2.27E-05,4.54E-06,~:0(<method 'setWindowIcon' of 'PySide6.QtWidgets.QWidget' objects>)
3,2.22E-05,7.40E-06,2.22E-05,7.40E-06,~:0(<method 'fetchone' of 'sqlite3.Cursor' objects>)
3,1.74E-05,5.80E-06,2.20E-05,7.33E-06,~:0(<method 'setFrameShadow' of 'PySide6.QtWidgets.QFrame' objects>)
4,2.19E-05,5.48E-06,2.19E-05,5.48E-06,~:0(<method 'findall' of 're.Pattern' objects>)
2,1.51E-05,7.55E-06,2.18E-05,1.09E-05,queue.py:97(join)
3,6.30E-06,2.10E-06,2.18E-05,7.27E-06,<frozen _collections_abc>:815(__contains__)
1,2.17E-05,2.17E-05,2.17E-05,2.17E-05,pickle.py:1180(_Unpickler)
1,1.04E-05,1.04E-05,2.16E-05,2.16E-05,parser.py:177(using_snake_case)
13,1.44E-05,1.11E-06,2.15E-05,1.65E-06,__init__.py:838(close)
4,2.14E-05,5.35E-06,2.14E-05,5.35E-06,~:0(<method 'search' of 're.Pattern' objects>)
113,2.14E-05,1.89E-07,2.14E-05,1.89E-07,~:0(<built-in method _sre.unicode_iscased>)
4,1.54E-05,3.85E-06,2.13E-05,5.33E-06,~:0(<method 'setAlignment' of 'PySide6.QtWidgets.QLayout' objects>)
1,9.50E-06,9.50E-06,2.13E-05,2.13E-05,_pswindows.py:288(per_cpu_times)
17,2.11E-05,1.24E-06,2.11E-05,1.24E-06,~:0(<method 'setIconSize' of 'PySide6.QtWidgets.QAbstractButton' objects>)
4,1.36E-05,3.40E-06,2.11E-05,5.28E-06,typing.py:2329(runtime_checkable)
1,2.10E-05,2.10E-05,2.10E-05,2.10E-05,main_window.py:1024(_on_data_received)
12,2.10E-05,1.75E-06,2.10E-05,1.75E-06,~:0(<method 'setFixedSize' of 'PySide6.QtWidgets.QWidget' objects>)
14,2.09E-05,1.49E-06,2.09E-05,1.49E-06,threading.py:1265(_make_invoke_excepthook)
70,2.08E-05,2.97E-07,2.08E-05,2.97E-07,~:0(<built-in method sys.getrecursionlimit>)
1,2.08E-05,2.08E-05,2.08E-05,2.08E-05,~:0(<method 'hide' of 'PySide6.QtWidgets.QGraphicsItem' objects>)
1,1.39E-05,1.39E-05,2.08E-05,2.08E-05,_linalg.py:47(EighResult)
6,2.05E-05,3.42E-06,2.05E-05,3.42E-06,types.py:334(__getattr__)
1,3.60E-06,3.60E-06,2.05E-05,2.05E-05,loader.py:147(post_init)
1,1.17E-05,1.17E-05,2.04E-05,2.04E-05,main_window.py:514(_show_empty_state)
1,2.03E-05,2.03E-05,2.03E-05,2.03E-05,~:0(<method 'encode' of 'str' objects>)
20,1.03E-05,5.15E-07,2.01E-05,1.01E-06,mixins.py:18(_binary_method)
16,8.20E-06,5.13E-07,2.01E-05,1.26E-06,_add_newdocs_scalars.py:19(type_aliases_gen)
16,1.20E-05,7.50E-07,2.00E-05,1.25E-06,<frozen importlib._bootstrap_external>:1370(_find_parent_path_names)
1,1.96E-05,1.96E-05,1.99E-05,1.99E-05,multiarray.py:73(_override___module__)
30,1.48E-05,4.93E-07,1.99E-05,6.63E-07,<frozen os>:779(check_str)
48,1.98E-05,4.13E-07,1.98E-05,4.13E-07,camera_detail.py:121(<genexpr>)
23,1.57E-05,6.83E-07,1.96E-05,8.52E-07,<frozen importlib._bootstrap>:1285(_sanity_check)
2,5.80E-06,2.90E-06,1.96E-05,9.80E-06,context.py:41(cpu_count)
1,1.95E-05,1.95E-05,1.95E-05,1.95E-05,_string_helpers.py:1(<module>)
1,1.94E-05,1.94E-05,1.94E-05,1.94E-05,_local.py:59(PurePath)
1,1.31E-05,1.31E-05,1.92E-05,1.92E-05,_linalg.py:55(SlogdetResult)
12,1.91E-05,1.59E-06,1.91E-05,1.59E-06,~:0(<method 'setAutoDelete' of 'PySide6.QtCore.QRunnable' objects>)
4,1.20E-05,3.00E-06,1.90E-05,4.75E-06,warnings.py:188(_add_filter)
1,2.90E-06,2.90E-06,1.90E-05,1.90E-05,_version.py:1(<module>)
1,1.49E-05,1.49E-05,1.89E-05,1.89E-05,_array_utils_impl.py:1(<module>)
1,1.29E-05,1.29E-05,1.89E-05,1.89E-05,_linalg.py:51(QRResult)
2,1.43E-05,7.15E-06,1.88E-05,9.40E-06,~:0(<method 'setCursor' of 'PySide6.QtWidgets.QWidget' objects>)
1,5.30E-06,5.30E-06,1.87E-05,1.87E-05,__init__.py:1(<module>)
1,1.59E-05,1.59E-05,1.86E-05,1.86E-05,errorhandler.py:1(<module>)
4,1.08E-05,2.70E-06,1.86E-05,4.65E-06,camera.py:68(build_stream_url)
3,3.50E-06,1.17E-06,1.86E-05,6.20E-06,_pswindows.py:680(retry_error_partial_copy)
42,1.83E-05,4.36E-07,1.83E-05,4.36E-07,_add_newdocs_scalars.py:83(<genexpr>)
1,6.40E-06,6.40E-06,1.82E-05,1.82E-05,_add_newdocs_scalars.py:54(_get_platform_and_machine)
1,3.70E-06,3.70E-06,1.82E-05,1.82E-05,__init__.py:400(__getattr__)
1,4.00E-06,4.00E-06,1.81E-05,1.81E-05,_pytesttester.py:1(<module>)
1,1.60E-06,1.60E-06,1.81E-05,1.81E-05,functools.py:677(cache)
1,1.79E-05,1.79E-05,1.80E-05,1.80E-05,__init__.py:1(<module>)
23,1.23E-05,5.35E-07,1.80E-05,7.83E-07,enum.py:115(_iter_bits_lsb)
2,5.10E-06,2.55E-06,1.80E-05,9.00E-06,arrayprint.py:547(decorating_function)
1,1.76E-05,1.76E-05,1.76E-05,1.76E-05,coverage_logger.py:97(__init__)
2,1.76E-05,8.80E-06,1.76E-05,8.80E-06,~:0(<method 'addItem' of 'PySide6.QtWidgets.QBoxLayout' objects>)
6,1.21E-05,2.02E-06,1.76E-05,2.93E-06,<frozen ntpath>:80(isabs)
26,1.34E-05,5.15E-07,1.73E-05,6.65E-07,__init__.py:205(_checkLevel)
1,1.59E-05,1.59E-05,1.71E-05,1.71E-05,_local.py:482(Path)
14,1.28E-05,9.14E-07,1.71E-05,1.22E-06,inspect.py:485(istraceback)
1,1.40E-05,1.40E-05,1.68E-05,1.68E-05,_shape.py:1(<module>)
7,1.66E-05,2.37E-06,1.66E-05,2.37E-06,~:0(<method 'window' of 'PySide6.QtWidgets.QWidget' objects>)
1,1.65E-05,1.65E-05,1.65E-05,1.65E-05,tempfile.py:685(SpooledTemporaryFile)
1,1.56E-05,1.56E-05,1.64E-05,1.64E-05,stream_worker.py:437(set_bg_params)
23,1.63E-05,7.09E-07,1.63E-05,7.09E-07,~:0(<built-in method _struct.calcsize>)
1,1.63E-05,1.63E-05,1.63E-05,1.63E-05,~:0(<method 'setWindowTitle' of 'PySide6.QtWidgets.QMessageBox' objects>)
4,1.38E-05,3.45E-06,1.62E-05,4.05E-06,__init__.py:898(_addHandlerRef)
4,9.80E-06,2.45E-06,1.62E-05,4.05E-06,__init__.py:957(createLock)
64,1.60E-05,2.50E-07,1.60E-05,2.50E-07,multiarray.py:180(concatenate)
6,5.90E-06,9.83E-07,1.59E-05,2.65E-06,typing.py:3119(_get_typeddict_qualifiers)
1,1.56E-05,1.56E-05,1.56E-05,1.56E-05,camera_detail.py:243(CameraDetailUI)
1,1.56E-05,1.56E-05,1.56E-05,1.56E-05,~:0(<function Random.seed at 0x000001E607D26160>)
105,1.56E-05,1.49E-07,1.56E-05,1.49E-07,~:0(<built-in method _sre.unicode_tolower>)
1,6.90E-06,6.90E-06,1.56E-05,1.56E-05,_pswindows.py:471(WindowsService)
1,6.40E-06,6.40E-06,1.55E-05,1.55E-05,<frozen importlib._bootstrap_external>:1009(is_package)
42,1.52E-05,3.62E-07,1.52E-05,3.62E-07,~:0(<method 'discard' of 'set' objects>)
1,5.00E-06,5.00E-06,1.51E-05,1.51E-05,argparse.py:155(HelpFormatter)
14,1.50E-05,1.07E-06,1.50E-05,1.07E-06,~:0(<method 'seek' of '_io.BufferedReader' objects>)
7,1.07E-05,1.53E-06,1.49E-05,2.13E-06,queue.py:271(_put)
2,8.70E-06,4.35E-06,1.49E-05,7.45E-06,_ufunc_config.py:440(__enter__)
7,1.48E-05,2.11E-06,1.48E-05,2.11E-06,~:0(<built-in method nt._getfullpathname>)
43,1.48E-05,3.44E-07,1.48E-05,3.44E-07,~:0(<method 'seek' of '_io.BytesIO' objects>)
1,1.50E-06,1.50E-06,1.47E-05,1.47E-05,__init__.py:1277(__init__)
74,1.45E-05,1.96E-07,1.45E-05,1.96E-07,threading.py:605(is_set)
13,1.45E-05,1.12E-06,1.45E-05,1.12E-06,~:0(<method 'setMinimumHeight' of 'PySide6.QtWidgets.QWidget' objects>)
2,1.10E-05,5.50E-06,1.45E-05,7.25E-06,<frozen _collections_abc>:473(__new__)
1,1.44E-05,1.44E-05,1.44E-05,1.44E-05,camera.py:347(CameraThread)
2,9.90E-06,4.95E-06,1.44E-05,7.20E-06,_compiler.py:394(_bytes_to_codes)
1,1.02E-05,1.02E-05,1.43E-05,1.43E-05,numbers.py:57(Complex)
3,1.41E-05,4.70E-06,1.41E-05,4.70E-06,~:0(<built-in method _csv.register_dialect>)
1,1.10E-05,1.10E-05,1.41E-05,1.41E-05,numbers.py:172(Real)
1,6.00E-06,6.00E-06,1.41E-05,1.41E-05,<frozen ntpath>:343(expanduser)
1,1.28E-05,1.28E-05,1.40E-05,1.40E-05,process.py:71(BaseProcess)
1,9.30E-06,9.30E-06,1.40E-05,1.40E-05,dbapi2.py:57(register_adapters_and_converters)
1,1.38E-05,1.38E-05,1.38E-05,1.38E-05,_abc.py:403(PathBase)
47,1.38E-05,2.94E-07,1.38E-05,2.94E-07,_compiler.py:31(_combine_flags)
2,1.38E-05,6.90E-06,1.38E-05,6.90E-06,~:0(<built-in method nt.cpu_count>)
1,1.25E-05,1.25E-05,1.38E-05,1.38E-05,__init__.py:407(__getitem__)
6,1.36E-05,2.27E-06,1.36E-05,2.27E-06,~:0(<method 'isNull' of 'PySide6.QtGui.QPixmap' objects>)
8,1.35E-05,1.69E-06,1.35E-05,1.69E-06,~:0(<built-in method nt.getcwd>)
1,1.31E-05,1.31E-05,1.35E-05,1.35E-05,tool.py:1(<module>)
7,1.05E-05,1.50E-06,1.33E-05,1.90E-06,queue.py:275(_get)
3,1.32E-05,4.40E-06,1.32E-05,4.40E-06,getlimits.py:697(__init__)
1,1.32E-05,1.32E-05,1.32E-05,1.32E-05,~:0(<built-in method instance>)
7,1.32E-05,1.89E-06,1.32E-05,1.89E-06,~:0(<method 'setMinimumSize' of 'PySide6.QtWidgets.QWidget' objects>)
2,3.10E-06,1.55E-06,1.32E-05,6.60E-06,<frozen os>:810(getenv)
1,2.90E-06,2.90E-06,1.32E-05,1.32E-05,signature_bootstrap.py:107(handle_embedding_switch)
14,1.31E-05,9.36E-07,1.31E-05,9.36E-07,~:0(<method 'startswith' of 'bytes' objects>)
1,1.25E-05,1.25E-05,1.31E-05,1.31E-05,context.py:30(BaseContext)
1,4.20E-06,4.20E-06,1.31E-05,1.31E-05,__init__.py:508(hugepage_setup)
2,1.28E-05,6.40E-06,1.28E-05,6.40E-06,~:0(<built-in method psutil_windows.per_cpu_times>)
3,1.27E-05,4.23E-06,1.27E-05,4.23E-06,~:0(<method 'setMaxThreadCount' of 'PySide6.QtCore.QThreadPool' objects>)
1,1.27E-05,1.27E-05,1.27E-05,1.27E-05,~:0(<built-in method _ctypes.LoadLibrary>)
1,1.17E-05,1.17E-05,1.25E-05,1.25E-05,csv.py:145(DictReader)
58,1.23E-05,2.12E-07,1.23E-05,2.12E-07,process.py:189(name)
1,8.70E-06,8.70E-06,1.23E-05,1.23E-05,stream_worker.py:106(_check_timeout_support)
1,1.21E-05,1.21E-05,1.21E-05,1.21E-05,preview_scheduler.py:155(__init__)
2,1.21E-05,6.05E-06,1.21E-05,6.05E-06,~:0(<method 'itemAt' of 'PySide6.QtWidgets.QBoxLayout' objects>)
1,3.70E-06,3.70E-06,1.21E-05,1.21E-05,warnings.py:170(simplefilter)
1,8.00E-06,8.00E-06,1.20E-05,1.20E-05,__init__.py:339(__getattr__)
13,7.50E-06,5.77E-07,1.19E-05,9.15E-07,__init__.py:1564(getinfo)
1,1.18E-05,1.18E-05,1.18E-05,1.18E-05,<frozen codecs>:1079(make_identity_dict)
67,1.18E-05,1.76E-07,1.18E-05,1.76E-07,tool.py:46(<genexpr>)
14,6.40E-06,4.57E-07,1.18E-05,8.43E-07,threading.py:1022(_set_native_id)
1,4.20E-06,4.20E-06,1.18E-05,1.18E-05,config.py:1(<module>)
81,1.17E-05,1.44E-07,1.17E-05,1.44E-07,__init__.py:108(<lambda>)
8,1.17E-05,1.46E-06,1.17E-05,1.46E-06,~:0(<built-in method _codecs.charmap_encode>)
48,1.17E-05,2.44E-07,1.17E-05,2.44E-07,~:0(<method 'clear' of 'dict' objects>)
2,1.17E-05,5.85E-06,1.17E-05,5.85E-06,~:0(<method 'currentText' of 'PySide6.QtWidgets.QComboBox' objects>)
8,1.05E-05,1.31E-06,1.17E-05,1.46E-06,_nbit_base.py:52(__init_subclass__)
1,1.16E-05,1.16E-05,1.16E-05,1.16E-05,bz2.py:26(BZ2File)
1,1.70E-06,1.70E-06,1.16E-05,1.16E-05,<frozen abc>:117(__instancecheck__)
1,7.90E-06,7.90E-06,1.14E-05,1.14E-05,~:0(<method 'setTimerType' of 'PySide6.QtCore.QTimer' objects>)
49,1.13E-05,2.31E-07,1.13E-05,2.31E-07,_compiler.py:431(_get_iscased)
1,1.12E-05,1.12E-05,1.12E-05,1.12E-05,main_window.py:101(CameraItem)
13,7.90E-06,6.08E-07,1.12E-05,8.62E-07,threading.py:1018(_set_ident)
64,1.11E-05,1.73E-07,1.11E-05,1.73E-07,shape_base.py:76(_atleast_2d_dispatcher)
9,1.10E-05,1.22E-06,1.10E-05,1.22E-06,~:0(<method 'text' of 'PySide6.QtWidgets.QLineEdit' objects>)
1,1.00E-05,1.00E-05,1.10E-05,1.10E-05,_polynomial_impl.py:1080(poly1d)
13,1.09E-05,8.39E-07,1.09E-05,8.39E-07,~:0(<built-in method _thread._make_thread_handle>)
18,8.30E-06,4.61E-07,1.09E-05,6.06E-07,__init__.py:523(_decodeExtra)
1,1.08E-05,1.08E-05,1.08E-05,1.08E-05,lzma.py:38(LZMAFile)
1,1.07E-05,1.07E-05,1.07E-05,1.07E-05,glob.py:527(_StringGlobber)
1,1.07E-05,1.07E-05,1.07E-05,1.07E-05,__init__.py:453(LibraryLoader)
1,9.70E-06,9.70E-06,1.07E-05,1.07E-05,threading.py:858(Thread)
46,1.06E-05,2.30E-07,1.06E-05,2.30E-07,<frozen abc>:7(abstractmethod)
1,8.60E-06,8.60E-06,1.06E-05,1.06E-05,numbers.py:319(Integral)
1,1.20E-06,1.20E-06,1.06E-05,1.06E-05,_internal.py:252(_missing_ctypes)
86,1.05E-05,1.22E-07,1.05E-05,1.22E-07,_compat_pickle.py:166(<genexpr>)
13,1.05E-05,8.08E-07,1.05E-05,8.08E-07,~:0(<function ZipExtFile.close at 0x000001E607CF07C0>)
1,1.01E-05,1.01E-05,1.05E-05,1.05E-05,__init__.py:1302(ZipFile)
1,7.20E-06,7.20E-06,1.05E-05,1.05E-05,multiarray.py:1(<module>)
25,1.04E-05,4.16E-07,1.04E-05,4.16E-07,_parser.py:76(__init__)
5,1.04E-05,2.08E-06,1.04E-05,2.08E-06,~:0(<method 'setPlaceholderText' of 'PySide6.QtWidgets.QLineEdit' objects>)
40,1.03E-05,2.58E-07,1.03E-05,2.58E-07,~:0(<method 'tell' of '_io.BytesIO' objects>)
1,1.02E-05,1.02E-05,1.02E-05,1.02E-05,_abc.py:101(PurePathBase)
1,1.01E-05,1.01E-05,1.01E-05,1.01E-05,pickle.py:404(_Pickler)
1,1.00E-05,1.00E-05,1.00E-05,1.00E-05,~:0(<method 'setText' of 'PySide6.QtWidgets.QMessageBox' objects>)
6,7.40E-06,1.23E-06,1.00E-05,1.67E-06,typing.py:2528(get_origin)
1,5.80E-06,5.80E-06,1.00E-05,1.00E-05,weakref.py:104(__init__)
4,2.60E-06,6.50E-07,1.00E-05,2.50E-06,selectors.py:568(_can_use)
7,9.90E-06,1.41E-06,9.90E-06,1.41E-06,threading.py:122(RLock)
2,9.90E-06,4.95E-06,9.90E-06,4.95E-06,~:0(<method 'setMouseTracking' of 'PySide6.QtWidgets.QWidget' objects>)
1,7.40E-06,7.40E-06,9.90E-06,9.90E-06,~:0(<method 'setStandardButtons' of 'PySide6.QtWidgets.QMessageBox' objects>)
1,3.10E-06,3.10E-06,9.90E-06,9.90E-06,~:0(<built-in method _abc._abc_instancecheck>)
37,9.80E-06,2.65E-07,9.80E-06,2.65E-07,mapping.py:131(__init__)
22,9.70E-06,4.41E-07,9.70E-06,4.41E-07,_type_aliases.py:118(<lambda>)
1,9.70E-06,9.70E-06,9.70E-06,9.70E-06,load_config_py3.py:1(<module>)
1,9.60E-06,9.60E-06,9.60E-06,9.60E-06,queue.py:40(Queue)
1,9.60E-06,9.60E-06,9.60E-06,9.60E-06,~:0(<method 'accept' of 'PySide6.QtCore.QEvent' objects>)
12,9.60E-06,8.00E-07,9.60E-06,8.00E-07,~:0(<method 'widget' of 'PySide6.QtWidgets.QWidgetItem' objects>)
13,5.00E-06,3.85E-07,9.60E-06,7.39E-07,mixins.py:38(_inplace_binary_method)
14,5.50E-06,3.93E-07,9.50E-06,6.79E-07,mixins.py:28(_reflected_binary_method)
1,2.20E-06,2.20E-06,9.50E-06,9.50E-06,argparse.py:1154(_SubParsersAction)
4,9.40E-06,2.35E-06,9.40E-06,2.35E-06,~:0(<method 'clear' of 'PySide6.QtCore.QThreadPool' objects>)
1,6.70E-06,6.70E-06,9.40E-06,9.40E-06,~:0(<method 'setStyleStrategy' of 'PySide6.QtGui.QFont' objects>)
8,5.70E-06,7.13E-07,9.40E-06,1.18E-06,platform.py:337(<genexpr>)
8,9.30E-06,1.16E-06,9.30E-06,1.16E-06,~:0(<method 'addSpacing' of 'PySide6.QtWidgets.QBoxLayout' objects>)
1,9.20E-06,9.20E-06,9.20E-06,9.20E-06,traceback.py:424(StackSummary)
9,9.20E-06,1.02E-06,9.20E-06,1.02E-06,~:0(<method 'count' of 'PySide6.QtWidgets.QBoxLayout' objects>)
12,9.10E-06,7.58E-07,9.10E-06,7.58E-07,~:0(<method 'ravel' of 'numpy.ndarray' objects>)
2,9.10E-06,4.55E-06,9.10E-06,4.55E-06,~:0(<method 'installEventFilter' of 'PySide6.QtCore.QObject' objects>)
1,8.60E-06,8.60E-06,9.10E-06,9.10E-06,db_worker.py:33(DBWorker)
1,9.00E-06,9.00E-06,9.00E-06,9.00E-06,glob.py:331(_Globber)
1,9.00E-06,9.00E-06,9.00E-06,9.00E-06,tempfile.py:860(TemporaryDirectory)
4,7.60E-06,1.90E-06,9.00E-06,2.25E-06,_parser.py:264(getwhile)
4,8.90E-06,2.23E-06,8.90E-06,2.23E-06,~:0(<built-in method shiboken6.Shiboken.isValid>)
1,8.50E-06,8.50E-06,8.90E-06,8.90E-06,__init__.py:1846(LoggerAdapter)
3,7.50E-06,2.50E-06,8.90E-06,2.97E-06,_parser.py:894(_parse_flags)
42,8.80E-06,2.10E-07,8.80E-06,2.10E-07,enum.py:917(<lambda>)
10,8.80E-06,8.80E-07,8.80E-06,8.80E-07,enum.py:803(__members__)
1,8.70E-06,8.70E-06,8.70E-06,8.70E-06,~:0(<method 'setRange' of 'PySide6.QtCharts.QValueAxis' objects>)
1,8.60E-06,8.60E-06,8.60E-06,8.60E-06,_inspect.py:1(<module>)
1,8.60E-06,8.60E-06,8.60E-06,8.60E-06,getlimits.py:384(finfo)
1,7.50E-06,7.50E-06,8.50E-06,8.50E-06,selectors.py:84(BaseSelector)
23,8.40E-06,3.65E-07,8.40E-06,3.65E-07,~:0(<method 'upper' of 'str' objects>)
1,6.60E-06,6.60E-06,8.40E-06,8.40E-06,~:0(<method 'setLabelAlignment' of 'PySide6.QtWidgets.QFormLayout' objects>)
16,8.30E-06,5.19E-07,8.30E-06,5.19E-07,~:0(<method 'setter' of 'property' objects>)
3,6.80E-06,2.27E-06,8.30E-06,2.77E-06,__init__.py:1682(addHandler)
1,8.20E-06,8.20E-06,8.20E-06,8.20E-06,subprocess.py:478(CompletedProcess)
1,8.20E-06,8.20E-06,8.20E-06,8.20E-06,~:0(<built-in method _csv.writer>)
1,6.20E-06,6.20E-06,8.20E-06,8.20E-06,linecache.py:161(lazycache)
1,4.80E-06,4.80E-06,8.20E-06,8.20E-06,cp1252.py:33(getregentry)
1,8.10E-06,8.10E-06,8.10E-06,8.10E-06,preview_scheduler.py:90(SnapshotSignal)
1,7.30E-06,7.30E-06,8.10E-06,8.10E-06,platform.py:921(uname_result)
1,5.00E-06,5.00E-06,8.10E-06,8.10E-06,cp437.py:33(getregentry)
13,8.00E-06,6.15E-07,8.00E-06,6.15E-07,__init__.py:803(__init__)
1,8.00E-06,8.00E-06,8.00E-06,8.00E-06,__init__.py:192(_Extra)
50,8.00E-06,1.60E-07,8.00E-06,1.60E-07,~:0(<built-in method builtins.chr>)
1,7.50E-06,7.50E-06,8.00E-06,8.00E-06,enum_sig.py:56(ExactEnumerator)
1,7.20E-06,7.20E-06,8.00E-06,8.00E-06,<frozen importlib._bootstrap>:1103(_resolve_filename)
1,7.90E-06,7.90E-06,7.90E-06,7.90E-06,random.py:103(Random)
25,7.90E-06,3.16E-07,7.90E-06,3.16E-07,~:0(<built-in method _thread.daemon_threads_allowed>)
5,7.80E-06,1.56E-06,7.80E-06,1.56E-06,~:0(<method 'isActive' of 'PySide6.QtCore.QTimer' objects>)
1,7.80E-06,7.80E-06,7.80E-06,7.80E-06,~:0(<method 'settimeout' of '_socket.socket' objects>)
6,6.80E-06,1.13E-06,7.70E-06,1.28E-06,_exceptions.py:17(_display_as_base)
2,3.50E-06,1.75E-06,7.70E-06,3.85E-06,cp1252.py:22(decode)
16,7.60E-06,4.75E-07,7.60E-06,4.75E-07,__init__.py:819(__init__)
1,7.50E-06,7.50E-06,7.50E-06,7.50E-06,_expired_attrs_2_0.py:1(<module>)
1,7.50E-06,7.50E-06,7.50E-06,7.50E-06,__init__.py:203(Path)
6,7.50E-06,1.25E-06,7.50E-06,1.25E-06,__init__.py:1750(getEffectiveLevel)
3,7.50E-06,2.50E-06,7.50E-06,2.50E-06,~:0(<method 'setNMixtures' of 'cv2.BackgroundSubtractorMOG2' objects>)
1,7.40E-06,7.40E-06,7.40E-06,7.40E-06,camera.py:18(Camera)
4,7.40E-06,1.85E-06,7.40E-06,1.85E-06,~:0(<method 'darker' of 'PySide6.QtGui.QColor' objects>)
8,4.70E-06,5.88E-07,7.40E-06,9.25E-07,_parser.py:303(checkgroupname)
1,7.30E-06,7.30E-06,7.30E-06,7.30E-06,traceback.py:989(TracebackException)
14,7.30E-06,5.21E-07,7.30E-06,5.21E-07,threading.py:1110(ident)
1,7.30E-06,7.30E-06,7.30E-06,7.30E-06,main_window.py:796(MainWindow)
1,7.30E-06,7.30E-06,7.30E-06,7.30E-06,~:0(<built-in method _socket.inet_aton>)
1,5.70E-06,5.70E-06,7.30E-06,7.30E-06,~:0(<method 'setRenderHint' of 'PySide6.QtWidgets.QGraphicsView' objects>)
3,6.30E-06,2.10E-06,7.20E-06,2.40E-06,_compiler.py:410(_generate_overlap_table)
12,5.50E-06,4.58E-07,7.20E-06,6.00E-07,_linalg.py:128(isComplexType)
2,2.30E-06,1.15E-06,7.20E-06,3.60E-06,_ufunc_config.py:456(__exit__)
13,7.10E-06,5.46E-07,7.10E-06,5.46E-07,__init__.py:2098(_fpclose)
42,7.10E-06,1.69E-07,7.10E-06,1.69E-07,_compat_pickle.py:164(<genexpr>)
1,7.10E-06,7.10E-06,7.10E-06,7.10E-06,_index_tricks_impl.py:328(AxisConcatenator)
1,7.10E-06,7.10E-06,7.10E-06,7.10E-06,queue.py:316(_PySimpleQueue)
1,7.00E-06,7.00E-06,7.10E-06,7.10E-06,deprecated.py:1(<module>)
1,2.00E-06,2.00E-06,7.10E-06,7.10E-06,_common.py:633(outer)
1,7.00E-06,7.00E-06,7.00E-06,7.00E-06,__init__.py:921(Handler)
48,7.00E-06,1.46E-07,7.00E-06,1.46E-07,camera_detail.py:122(<genexpr>)
38,6.90E-06,1.82E-07,6.90E-06,1.82E-07,~:0(<built-in method _ctypes.sizeof>)
1,4.20E-06,4.20E-06,6.90E-06,6.90E-06,process.py:396(__init__)
1,2.80E-06,2.80E-06,6.90E-06,6.90E-06,contextlib.py:303(helper)
14,6.80E-06,4.86E-07,6.80E-06,4.86E-07,__init__.py:749(_check_compression)
1,2.40E-06,2.40E-06,6.80E-06,6.80E-06,__init__.py:1835(__init__)
1,6.70E-06,6.70E-06,6.70E-06,6.70E-06,socket.py:677(SocketIO)
1,6.60E-06,6.60E-06,6.60E-06,6.60E-06,__init__.py:1110(StreamHandler)
3,6.60E-06,2.20E-06,6.60E-06,2.20E-06,material_detector.py:305(__init__)
14,6.60E-06,4.71E-07,6.60E-06,4.71E-07,~:0(<method 'values' of 'dict' objects>)
1,4.80E-06,4.80E-06,6.60E-06,6.60E-06,queue.py:115(empty)
1,6.50E-06,6.50E-06,6.50E-06,6.50E-06,__init__.py:1462(Logger)
2,5.50E-06,2.75E-06,6.50E-06,3.25E-06,<frozen codecs>:94(__new__)
1,6.40E-06,6.40E-06,6.40E-06,6.40E-06,__init__.py:102(CompleteDirs)
1,4.70E-06,4.70E-06,6.40E-06,6.40E-06,~:0(<method 'setEchoMode' of 'PySide6.QtWidgets.QLineEdit' objects>)
2,2.90E-06,1.45E-06,6.40E-06,3.20E-06,<frozen os>:1126(__subclasshook__)
39,6.30E-06,1.62E-07,6.30E-06,1.62E-07,__init__.py:1653(<lambda>)
1,5.50E-06,5.50E-06,6.30E-06,6.30E-06,subprocess.py:130(CalledProcessError)
8,6.20E-06,7.75E-07,6.20E-06,7.75E-07,__init__.py:8(parameterized)
1,6.20E-06,6.20E-06,6.20E-06,6.20E-06,~:0(<built-in method cv2._registerMatType>)
1,5.60E-06,5.60E-06,6.20E-06,6.20E-06,__init__.py:374(ZipInfo)
1,6.10E-06,6.10E-06,6.10E-06,6.10E-06,~:0(<method 'quit' of 'PySide6.QtCore.QThread' objects>)
1,2.30E-06,2.30E-06,6.10E-06,6.10E-06,contextlib.py:145(__exit__)
1,5.90E-06,5.90E-06,5.90E-06,5.90E-06,~:0(<built-in method shiboken6.Shiboken.replaceModuleDict>)
1,5.70E-06,5.70E-06,5.90E-06,5.90E-06,__init__.py:1(<module>)
2,4.30E-06,2.15E-06,5.90E-06,2.95E-06,roi_selector.py:78(get_roi)
2,5.80E-06,2.90E-06,5.80E-06,2.90E-06,_weakrefset.py:37(__init__)
9,5.80E-06,6.44E-07,5.80E-06,6.44E-07,~:0(<method 'title' of 'str' objects>)
1,5.70E-06,5.70E-06,5.70E-06,5.70E-06,_internal.py:261(_ctypes)
1,5.70E-06,5.70E-06,5.70E-06,5.70E-06,preview_scheduler.py:95(SnapshotWorker)
1,5.70E-06,5.70E-06,5.70E-06,5.70E-06,database.py:15(DatabaseManager)
1,5.60E-06,5.60E-06,5.60E-06,5.60E-06,~:0(<method 'setPen' of 'PySide6.QtCharts.QXYSeries' objects>)
1,5.40E-06,5.40E-06,5.60E-06,5.60E-06,__init__.py:1(<module>)
1,5.50E-06,5.50E-06,5.50E-06,5.50E-06,traceback.py:276(FrameSummary)
1,5.50E-06,5.50E-06,5.50E-06,5.50E-06,db_worker.py:24(DBSignals)
1,5.50E-06,5.50E-06,5.50E-06,5.50E-06,ping_scheduler.py:9(PingSignal)
1,5.30E-06,5.30E-06,5.50E-06,5.50E-06,__init__.py:1(<module>)
23,5.40E-06,2.35E-07,5.40E-06,2.35E-07,overrides.py:173(array_function_from_dispatcher)
1,5.40E-06,5.40E-06,5.40E-06,5.40E-06,_array_api_info.py:29(__array_namespace_info__)
14,5.40E-06,3.86E-07,5.40E-06,3.86E-07,~:0(<built-in method _thread.get_native_id>)
3,5.30E-06,1.77E-06,5.30E-06,1.77E-06,dbapi2.py:101(__getattr__)
3,5.30E-06,1.77E-06,5.30E-06,1.77E-06,~:0(<method 'setBackgroundRatio' of 'cv2.BackgroundSubtractorMOG2' objects>)
3,5.30E-06,1.77E-06,5.30E-06,1.77E-06,~:0(<method 'value' of 'PySide6.QtWidgets.QSpinBox' objects>)
1,5.30E-06,5.30E-06,5.30E-06,5.30E-06,~:0(<method 'setBackgroundBrush' of 'PySide6.QtCharts.QChart' objects>)
1,5.30E-06,5.30E-06,5.30E-06,5.30E-06,~:0(<built-in method psutil_windows.cpu_times>)
1,5.20E-06,5.20E-06,5.20E-06,5.20E-06,decoder.py:292(__init__)
1,5.20E-06,5.20E-06,5.20E-06,5.20E-06,roi_window.py:20(ROISelectorDialog)
1,5.10E-06,5.10E-06,5.10E-06,5.10E-06,random.py:880(SystemRandom)
4,5.10E-06,1.28E-06,5.10E-06,1.28E-06,__init__.py:158(__getattr__)
1,5.10E-06,5.10E-06,5.10E-06,5.10E-06,_machar.py:17(MachAr)
1,4.50E-06,4.50E-06,5.10E-06,5.10E-06,__init__.py:1337(Manager)
10,5.00E-06,5.00E-07,5.00E-06,5.00E-07,typing.py:544(__getattr__)
9,5.00E-06,5.56E-07,5.00E-06,5.56E-07,typing.py:2754(final)
1,5.00E-06,5.00E-06,5.00E-06,5.00E-06,reduction.py:33(ForkingPickler)
17,4.90E-06,2.88E-07,4.90E-06,2.88E-07,<frozen importlib._bootstrap_external>:1307(__init__)
1,4.90E-06,4.90E-06,4.90E-06,4.90E-06,csv.py:199(DictWriter)
12,4.90E-06,4.08E-07,4.90E-06,4.08E-07,~:0(<method 'rsplit' of 'str' objects>)
2,4.90E-06,2.45E-06,4.90E-06,2.45E-06,~:0(<method 'reset' of '_contextvars.ContextVar' objects>)
1,4.90E-06,4.90E-06,4.90E-06,4.90E-06,~:0(<method 'resize' of 'PySide6.QtWidgets.QWidget' objects>)
6,2.70E-06,4.50E-07,4.90E-06,8.17E-07,typing.py:1230(<genexpr>)
16,4.80E-06,3.00E-07,4.80E-06,3.00E-07,<frozen codecs>:263(__init__)
2,4.80E-06,2.40E-06,4.80E-06,2.40E-06,~:0(<method 'setLabelsColor' of 'PySide6.QtCharts.QAbstractAxis' objects>)
1,4.10E-06,4.10E-06,4.80E-06,4.80E-06,threading.py:1047(_delete)
1,4.60E-06,4.60E-06,4.60E-06,4.60E-06,_npyio_impl.py:106(NpzFile)
2,4.60E-06,2.30E-06,4.60E-06,2.30E-06,~:0(<function CameraList.closeEvent at 0x000001E6255F2340>)
1,4.60E-06,4.60E-06,4.60E-06,4.60E-06,~:0(<method 'setMaximumHeight' of 'PySide6.QtWidgets.QWidget' objects>)
1,4.50E-06,4.50E-06,4.50E-06,4.50E-06,__init__.py:99(<genexpr>)
1,4.50E-06,4.50E-06,4.50E-06,4.50E-06,argparse.py:1737(ArgumentParser)
1,3.90E-06,3.90E-06,4.50E-06,4.50E-06,_index_tricks_impl.py:269(__init__)
3,3.20E-06,1.07E-06,4.50E-06,1.50E-06,feature.py:53(<genexpr>)
1,4.40E-06,4.40E-06,4.40E-06,4.40E-06,string.py:57(Template)
31,4.40E-06,1.42E-07,4.40E-06,1.42E-07,signal.py:16(<lambda>)
1,4.40E-06,4.40E-06,4.40E-06,4.40E-06,getlimits.py:639(iinfo)
1,4.30E-06,4.30E-06,4.30E-06,4.30E-06,_datasource.py:195(DataSource)
2,3.20E-06,1.60E-06,4.30E-06,2.15E-06,__init__.py:1690(removeHandler)
1,4.20E-06,4.20E-06,4.20E-06,4.20E-06,_exceptions.py:116(_ArrayMemoryError)
4,4.20E-06,1.05E-06,4.20E-06,1.05E-06,~:0(<built-in method maketrans>)
1,3.30E-06,3.30E-06,4.20E-06,4.20E-06,~:0(<method 'setFormAlignment' of 'PySide6.QtWidgets.QFormLayout' objects>)
1,2.80E-06,2.80E-06,4.20E-06,4.20E-06,weakref.py:289(update)
1,4.10E-06,4.10E-06,4.10E-06,4.10E-06,pickle.py:194(_Framer)
2,4.10E-06,2.05E-06,4.10E-06,2.05E-06,~:0(<function CameraList.showEvent at 0x000001E6255F2200>)
1,3.70E-06,3.70E-06,4.10E-06,4.10E-06,contextlib.py:108(__init__)
1,4.00E-06,4.00E-06,4.00E-06,4.00E-06,__init__.py:865(ZipExtFile)
2,4.00E-06,2.00E-06,4.00E-06,2.00E-06,roi_selector.py:52(set_callback)
12,4.00E-06,3.33E-07,4.00E-06,3.33E-07,~:0(<method 'removeprefix' of 'str' objects>)
1,4.00E-06,4.00E-06,4.00E-06,4.00E-06,~:0(<method 'setMargins' of 'PySide6.QtCharts.QChart' objects>)
1,3.00E-06,3.00E-06,4.00E-06,4.00E-06,version.py:1(<module>)
1,2.70E-06,2.70E-06,4.00E-06,4.00E-06,__init__.py:252(_EndRecData64)
3,2.40E-06,8.00E-07,4.00E-06,1.33E-06,__init__.py:981(setLevel)
26,3.90E-06,1.50E-07,3.90E-06,1.50E-07,__init__.py:811(tell)
1,3.90E-06,3.90E-06,3.90E-06,3.90E-06,layout.py:59(SignatureLayout)
13,3.90E-06,3.00E-07,3.90E-06,3.00E-07,~:0(<method 'seekable' of '_io.BytesIO' objects>)
2,3.90E-06,1.95E-06,3.90E-06,1.95E-06,~:0(<built-in method numpy._core._multiarray_umath._make_extobj>)
3,3.10E-06,1.03E-06,3.90E-06,1.30E-06,typing.py:1599(__mro_entries__)
2,2.70E-06,1.35E-06,3.90E-06,1.95E-06,__init__.py:882(_removeHandlerRef)
5,3.80E-06,7.60E-07,3.80E-06,7.60E-07,_pytesttester.py:75(__init__)
1,3.80E-06,3.80E-06,3.80E-06,3.80E-06,roi_selector.py:5(ROISelector)
6,3.70E-06,6.17E-07,3.70E-06,6.17E-07,enum.py:1733(_simple_enum)
1,3.70E-06,3.70E-06,3.70E-06,3.70E-06,mapping.py:153(Reloader)
7,3.70E-06,5.29E-07,3.70E-06,5.29E-07,getlimits.py:160(_register_type)
1,3.70E-06,3.70E-06,3.70E-06,3.70E-06,_iotools.py:228(NameValidator)
1,3.70E-06,3.70E-06,3.70E-06,3.70E-06,~:0(<method 'frameGeometry' of 'PySide6.QtWidgets.QWidget' objects>)
2,3.70E-06,1.85E-06,3.70E-06,1.85E-06,~:0(<method 'setGridLineColor' of 'PySide6.QtCharts.QAbstractAxis' objects>)
4,1.60E-06,4.00E-07,3.70E-06,9.25E-07,mixins.py:53(_unary_method)
16,3.60E-06,2.25E-07,3.60E-06,2.25E-07,typing.py:3004(<genexpr>)
1,3.60E-06,3.60E-06,3.60E-06,3.60E-06,_abc.py:55(ParserBase)
3,3.60E-06,1.20E-06,3.60E-06,1.20E-06,signal.py:51(decorator)
2,3.60E-06,1.80E-06,3.60E-06,1.80E-06,__init__.py:384(_FuncPtr)
2,3.50E-06,1.75E-06,3.50E-06,1.75E-06,<frozen _collections_abc>:108(_check_methods)
1,3.50E-06,3.50E-06,3.50E-06,3.50E-06,threading.py:269(Condition)
1,3.50E-06,3.50E-06,3.50E-06,3.50E-06,_arrayterator_impl.py:16(Arrayterator)
2,3.50E-06,1.75E-06,3.50E-06,1.75E-06,~:0(<function CameraList.hideEvent at 0x000001E6255F22A0>)
2,2.50E-06,1.25E-06,3.50E-06,1.75E-06,copyreg.py:12(pickle)
1,3.40E-06,3.40E-06,3.40E-06,3.40E-06,platform.py:865(_Processor)
10,3.40E-06,3.40E-07,3.40E-06,3.40E-07,__future__.py:83(__init__)
1,3.40E-06,3.40E-06,3.40E-06,3.40E-06,context.py:220(Process)
1,3.40E-06,3.40E-06,3.40E-06,3.40E-06,arrayprint.py:1432(StructuredVoidFormat)
1,3.40E-06,3.40E-06,3.40E-06,3.40E-06,__init__.py:322(CDLL)
12,3.40E-06,2.83E-07,3.40E-06,2.83E-07,_linalg.py:2571(_norm_dispatcher)
12,3.40E-06,2.83E-07,3.40E-06,2.83E-07,~:0(<method 'end' of 're.Match' objects>)
2,3.40E-06,1.70E-06,3.40E-06,1.70E-06,~:0(<method 'clear' of 'list' objects>)
1,2.10E-06,2.10E-06,3.30E-06,3.30E-06,__init__.py:305(escape)
13,3.20E-06,2.46E-07,3.20E-06,2.46E-07,signature_bootstrap.py:187(create_module)
1,3.20E-06,3.20E-06,3.20E-06,3.20E-06,__init__.py:777(Filter)
4,3.20E-06,8.00E-07,3.20E-06,8.00E-07,__init__.py:451(__init__)
1,3.20E-06,3.20E-06,3.20E-06,3.20E-06,_utils.py:1(<module>)
1,3.20E-06,3.20E-06,3.20E-06,3.20E-06,~:0(<built-in method math.exp>)
11,3.20E-06,2.91E-07,3.20E-06,2.91E-07,~:0(<method 'isalnum' of 'str' objects>)
1,3.20E-06,3.20E-06,3.20E-06,3.20E-06,~:0(<built-in method numpy._core._multiarray_umath._reload_guard>)
1,3.20E-06,3.20E-06,3.20E-06,3.20E-06,~:0(<method 'setValidator' of 'PySide6.QtWidgets.QLineEdit' objects>)
1,3.20E-06,3.20E-06,3.20E-06,3.20E-06,~:0(<method 'setSpacing' of 'PySide6.QtWidgets.QFormLayout' objects>)
2,3.20E-06,1.60E-06,3.20E-06,1.60E-06,~:0(<method 'setMinorGridLineColor' of 'PySide6.QtCharts.QAbstractAxis' objects>)
1,2.30E-06,2.30E-06,3.20E-06,3.20E-06,copy.py:62(copy)
16,3.10E-06,1.94E-07,3.10E-06,1.94E-07,<frozen importlib._bootstrap>:1014(is_package)
8,3.10E-06,3.88E-07,3.10E-06,3.88E-07,typing.py:3112(_namedtuple_mro_entries)
2,3.10E-06,1.55E-06,3.10E-06,1.55E-06,arrayprint.py:537(_recursive_guard)
18,3.10E-06,1.72E-07,3.10E-06,1.72E-07,~:0(<method 'get' of '_contextvars.ContextVar' objects>)
2,3.10E-06,1.55E-06,3.10E-06,1.55E-06,~:0(<function ROISelectorDialog.resizeEvent at 0x000001E6254C54E0>)
2,3.10E-06,1.55E-06,3.10E-06,1.55E-06,~:0(<built-in method _sqlite3.register_adapter>)
1,1.50E-06,1.50E-06,3.10E-06,3.10E-06,__init__.py:1342(__init__)
1,3.00E-06,3.00E-06,3.00E-06,3.00E-06,warnings.py:518(deprecated)
3,3.00E-06,1.00E-06,3.00E-06,1.00E-06,__init__.py:1301(__init__)
5,3.00E-06,6.00E-07,3.00E-06,6.00E-07,__init__.py:1307(append)
1,3.00E-06,3.00E-06,3.00E-06,3.00E-06,__init__.py:63(UInt64)
15,3.00E-06,2.00E-07,3.00E-06,2.00E-07,~:0(<built-in method builtins.callable>)
1,2.90E-06,2.90E-06,2.90E-06,2.90E-06,glob.py:8(Translator)
1,2.90E-06,2.90E-06,2.90E-06,2.90E-06,argparse.py:1350(_ActionsContainer)
1,2.90E-06,2.90E-06,2.90E-06,2.90E-06,reduction.py:104(DupHandle)
1,2.90E-06,2.90E-06,2.90E-06,2.90E-06,getlimits.py:33(MachArLike)
6,2.90E-06,4.83E-07,2.90E-06,4.83E-07,~:0(<method 'items' of 'mappingproxy' objects>)
8,2.80E-06,3.50E-07,2.80E-06,3.50E-07,platform.py:339(<genexpr>)
7,2.80E-06,4.00E-07,2.80E-06,4.00E-07,~:0(<method 'popleft' of 'collections.deque' objects>)
12,2.80E-06,2.33E-07,2.80E-06,2.33E-07,~:0(<method 'islower' of 'str' objects>)
1,2.40E-06,2.40E-06,2.80E-06,2.80E-06,numbers.py:292(Rational)
1,2.70E-06,2.70E-06,2.70E-06,2.70E-06,introspect.py:1(<module>)
1,2.70E-06,2.70E-06,2.70E-06,2.70E-06,_index_tricks_impl.py:643(ndindex)
4,2.70E-06,6.75E-07,2.70E-06,6.75E-07,__init__.py:211(<genexpr>)
1,2.70E-06,2.70E-06,2.70E-06,2.70E-06,queue.py:264(_init)
1,2.70E-06,2.70E-06,2.70E-06,2.70E-06,~:0(<built-in method nt.urandom>)
1,2.70E-06,2.70E-06,2.70E-06,2.70E-06,~:0(<method 'height' of 'PySide6.QtCore.QRect' objects>)
1,2.70E-06,2.70E-06,2.70E-06,2.70E-06,~:0(<method 'setTitle' of 'PySide6.QtCharts.QChart' objects>)
1,2.10E-06,2.10E-06,2.70E-06,2.70E-06,_globals.py:52(__new__)
14,2.60E-06,1.86E-07,2.60E-06,1.86E-07,_parser.py:165(__delitem__)
1,2.60E-06,2.60E-06,2.60E-06,2.60E-06,selectors.py:281(SelectSelector)
1,2.60E-06,2.60E-06,2.60E-06,2.60E-06,preview_scheduler.py:150(PreviewScheduler)
2,2.60E-06,1.30E-06,2.60E-06,1.30E-06,~:0(<method 'tolist' of 'memoryview' objects>)
1,2.60E-06,2.60E-06,2.60E-06,2.60E-06,~:0(<method 'setWidgetResizable' of 'PySide6.QtWidgets.QScrollArea' objects>)
3,1.80E-06,6.00E-07,2.60E-06,8.67E-07,_parser.py:294(seek)
4,1.80E-06,4.50E-07,2.60E-06,6.50E-07,typing.py:1742(<genexpr>)
1,2.50E-06,2.50E-06,2.50E-06,2.50E-06,_compression.py:33(DecompressReader)
1,2.50E-06,2.50E-06,2.50E-06,2.50E-06,__init__.py:554(Formatter)
3,2.50E-06,8.33E-07,2.50E-06,8.33E-07,__init__.py:523(CFunctionType)
1,2.50E-06,2.50E-06,2.50E-06,2.50E-06,preview_scheduler.py:19(__init__)
12,2.50E-06,2.08E-07,2.50E-06,2.08E-07,~:0(<built-in method numpy.asarray>)
1,2.50E-06,2.50E-06,2.50E-06,2.50E-06,~:0(<method 'isRunning' of 'PySide6.QtCore.QThread' objects>)
1,2.50E-06,2.50E-06,2.50E-06,2.50E-06,~:0(<method 'setWidth' of 'PySide6.QtGui.QPen' objects>)
2,2.50E-06,1.25E-06,2.50E-06,1.25E-06,~:0(<method 'setTitleText' of 'PySide6.QtCharts.QAbstractAxis' objects>)
18,2.40E-06,1.33E-07,2.40E-06,1.33E-07,__init__.py:1525(<lambda>)
1,2.40E-06,2.40E-06,2.40E-06,2.40E-06,random.py:225(__init_subclass__)
1,2.40E-06,2.40E-06,2.40E-06,2.40E-06,tempfile.py:132(_RandomNameSequence)
1,2.40E-06,2.40E-06,2.40E-06,2.40E-06,threading.py:141(_RLock)
1,2.40E-06,2.40E-06,2.40E-06,2.40E-06,selectors.py:330(_PollLikeSelector)
5,2.40E-06,4.80E-07,2.40E-06,4.80E-07,~:0(<method 'keys' of 'dict' objects>)
2,2.30E-06,1.15E-06,2.30E-06,1.15E-06,<frozen codecs>:189(__init__)
1,2.30E-06,2.30E-06,2.30E-06,2.30E-06,__init__.py:1210(_ZipWriteFile)
1,2.30E-06,2.30E-06,2.30E-06,2.30E-06,_local.py:30(_PathParents)
1,2.30E-06,2.30E-06,2.30E-06,2.30E-06,tempfile.py:432(_TemporaryFileCloser)
1,2.30E-06,2.30E-06,2.30E-06,2.30E-06,reduction.py:251(AbstractReducer)
1,2.30E-06,2.30E-06,2.30E-06,2.30E-06,decoder.py:262(JSONDecoder)
1,2.30E-06,2.30E-06,2.30E-06,2.30E-06,encoder.py:74(JSONEncoder)
1,2.30E-06,2.30E-06,2.30E-06,2.30E-06,_function_base_impl.py:2271(vectorize)
1,2.30E-06,2.30E-06,2.30E-06,2.30E-06,_dtype_like.py:66(_DTypeDictBase)
11,2.30E-06,2.09E-07,2.30E-06,2.09E-07,~:0(<method 'isascii' of 'str' objects>)
2,2.30E-06,1.15E-06,2.30E-06,1.15E-06,~:0(<method 'set' of '_contextvars.ContextVar' objects>)
1,2.30E-06,2.30E-06,2.30E-06,2.30E-06,~:0(<method 'setBackgroundRoundness' of 'PySide6.QtCharts.QChart' objects>)
1,2.00E-06,2.00E-06,2.30E-06,2.30E-06,subprocess.py:169(TimeoutExpired)
1,1.30E-06,1.30E-06,2.30E-06,2.30E-06,<frozen importlib._bootstrap>:1158(create_module)
1,2.20E-06,2.20E-06,2.20E-06,2.20E-06,<string>:1(<module>)
6,2.20E-06,3.67E-07,2.20E-06,3.67E-07,__init__.py:1353(disable)
2,2.20E-06,1.10E-06,2.20E-06,1.10E-06,_ufunc_config.py:430(__init__)
1,2.20E-06,2.20E-06,2.20E-06,2.20E-06,_dtype_like.py:72(_DTypeDict)
1,2.20E-06,2.20E-06,2.20E-06,2.20E-06,_version.py:14(NumpyVersion)
1,2.20E-06,2.20E-06,2.20E-06,2.20E-06,_common.py:345(TimeoutExpired)
3,1.70E-06,5.67E-07,2.20E-06,7.33E-07,typing.py:1127(_is_typevar_like)
16,2.10E-06,1.31E-07,2.10E-06,1.31E-07,<frozen importlib._bootstrap_external>:1439(exec_module)
1,2.10E-06,2.10E-06,2.10E-06,2.10E-06,string.py:188(Formatter)
1,2.10E-06,2.10E-06,2.10E-06,2.10E-06,selectors.py:210(_BaseSelectorImpl)
1,2.10E-06,2.10E-06,2.10E-06,2.10E-06,context.py:332(SpawnProcess)
1,2.10E-06,2.10E-06,2.10E-06,2.10E-06,_exceptions.py:32(UFuncTypeError)
1,2.10E-06,2.10E-06,2.10E-06,2.10E-06,memmap.py:21(memmap)
2,2.10E-06,1.05E-06,2.10E-06,1.05E-06,__init__.py:102(CFunctionType)
1,2.10E-06,2.10E-06,2.10E-06,2.10E-06,__init__.py:257(c_wchar_p)
1,2.10E-06,2.10E-06,2.10E-06,2.10E-06,__init__.py:1367(Popen)
1,2.10E-06,2.10E-06,2.10E-06,2.10E-06,~:0(<built-in method _struct.pack>)
2,2.00E-06,1.00E-06,2.00E-06,1.00E-06,<frozen os>:1137(__init__)
7,2.00E-06,2.86E-07,2.00E-06,2.86E-07,enum.py:1452(<lambda>)
1,2.00E-06,2.00E-06,2.00E-06,2.00E-06,selectors.py:60(_SelectorMapping)
1,2.00E-06,2.00E-06,2.00E-06,2.00E-06,records.py:196(record)
1,2.00E-06,2.00E-06,2.00E-06,2.00E-06,_arraysetops_impl.py:387(UniqueAllResult)
1,2.00E-06,2.00E-06,2.00E-06,2.00E-06,_nested_sequence.py:21(_NestedSequence)
1,2.00E-06,2.00E-06,2.00E-06,2.00E-06,__init__.py:59(Int64)
2,2.00E-06,1.00E-06,2.00E-06,1.00E-06,roi_window.py:293(get_roi)
1,2.00E-06,2.00E-06,2.00E-06,2.00E-06,~:0(<built-in method sys.exit>)
1,2.00E-06,2.00E-06,2.00E-06,2.00E-06,~:0(<method 'parent' of 'PySide6.QtCore.QObject' objects>)
4,1.50E-06,3.75E-07,2.00E-06,5.00E-07,typing.py:3155(<genexpr>)
1,1.30E-06,1.30E-06,2.00E-06,2.00E-06,_index_tricks_impl.py:552(__init__)
1,1.90E-06,1.90E-06,1.90E-06,1.90E-06,__init__.py:119(__getattr__)
1,1.90E-06,1.90E-06,1.90E-06,1.90E-06,_colorize.py:8(ANSIColors)
1,1.90E-06,1.90E-06,1.90E-06,1.90E-06,signature_bootstrap.py:170(EmbeddableZipImporter)
5,1.90E-06,3.80E-07,1.90E-06,3.80E-07,reduction.py:43(register)
1,1.90E-06,1.90E-06,1.90E-06,1.90E-06,main_window.py:31(DeleteCameraDialog)
1,1.90E-06,1.90E-06,1.90E-06,1.90E-06,_internal.py:630(_Stream)
1,1.90E-06,1.90E-06,1.90E-06,1.90E-06,_internal.py:210(dummy_ctype)
1,1.90E-06,1.90E-06,1.90E-06,1.90E-06,_datasource.py:532(Repository)
1,1.90E-06,1.90E-06,1.90E-06,1.90E-06,~:0(<built-in method _codecs.charmap_build>)
1,1.80E-06,1.80E-06,1.80E-06,1.80E-06,__init__.py:2264(NullHandler)
1,1.80E-06,1.80E-06,1.80E-06,1.80E-06,encoder.py:105(__init__)
1,1.80E-06,1.80E-06,1.80E-06,1.80E-06,_globals.py:32(_NoValueType)
1,1.80E-06,1.80E-06,1.80E-06,1.80E-06,_iotools.py:132(LineSplitter)
1,1.80E-06,1.80E-06,1.80E-06,1.80E-06,_dtype_like.py:82(_SupportsDType)
8,1.80E-06,2.25E-07,1.80E-06,2.25E-07,__init__.py:7(register)
1,1.80E-06,1.80E-06,1.80E-06,1.80E-06,add_camera.py:47(AddCameraDialog)
1,1.30E-06,1.30E-06,1.80E-06,1.80E-06,_index_tricks_impl.py:321(__init__)
3,1.70E-06,5.67E-07,1.70E-06,5.67E-07,typing.py:553(__repr__)
1,1.70E-06,1.70E-06,1.70E-06,1.70E-06,__init__.py:84(InitializedState)
1,1.70E-06,1.70E-06,1.70E-06,1.70E-06,__init__.py:511(StringTemplateStyle)
1,1.70E-06,1.70E-06,1.70E-06,1.70E-06,_ufunc_config.py:363(errstate)
1,1.70E-06,1.70E-06,1.70E-06,1.70E-06,records.py:282(recarray)
1,1.70E-06,1.70E-06,1.70E-06,1.70E-06,_datasource.py:73(_FileOpeners)
1,1.70E-06,1.70E-06,1.70E-06,1.70E-06,_common.py:656(__init__)
1,1.70E-06,1.70E-06,1.70E-06,1.70E-06,camera_detail.py:196(VideoDisplayWidget)
1,1.70E-06,1.70E-06,1.70E-06,1.70E-06,csv.py:88(Dialect)
1,1.70E-06,1.70E-06,1.70E-06,1.70E-06,preview_scheduler.py:18(VideoCapturePool)
4,1.70E-06,4.25E-07,1.70E-06,4.25E-07,~:0(<method 'update' of 'set' objects>)
4,1.60E-06,4.00E-07,1.60E-06,4.00E-07,typing.py:2204(<genexpr>)
1,1.60E-06,1.60E-06,1.60E-06,1.60E-06,warnings.py:442(catch_warnings)
1,1.60E-06,1.60E-06,1.60E-06,1.60E-06,threading.py:581(Event)
1,1.60E-06,1.60E-06,1.60E-06,1.60E-06,material_detector.py:123(ForegroundExtraction)
1,1.60E-06,1.60E-06,1.60E-06,1.60E-06,_npyio_impl.py:41(BagObj)
4,1.60E-06,4.00E-07,1.60E-06,4.00E-07,__init__.py:454(__init__)
1,1.60E-06,1.60E-06,1.60E-06,1.60E-06,_common.py:651(_WrapNumbers)
1,1.60E-06,1.60E-06,1.60E-06,1.60E-06,camera_detail.py:32(VerticalBarGraph)
1,1.60E-06,1.60E-06,1.60E-06,1.60E-06,coverage_logger.py:95(_FlushRunner)
1,1.60E-06,1.60E-06,1.60E-06,1.60E-06,~:0(<method 'width' of 'PySide6.QtCore.QRect' objects>)
2,1.60E-06,8.00E-07,1.60E-06,8.00E-07,~:0(<method 'setMaximumWidth' of 'PySide6.QtWidgets.QWidget' objects>)
1,8.00E-07,8.00E-07,1.60E-06,1.60E-06,__init__.py:1357(disable)
1,1.50E-06,1.50E-06,1.50E-06,1.50E-06,pyscript:1(<module>)
1,1.50E-06,1.50E-06,1.50E-06,1.50E-06,platform.py:455(<genexpr>)
5,1.50E-06,3.00E-07,1.50E-06,3.00E-07,platform.py:915(_unknown_as_blank)
1,1.50E-06,1.50E-06,1.50E-06,1.50E-06,argparse.py:850(BooleanOptionalAction)
1,1.50E-06,1.50E-06,1.50E-06,1.50E-06,process.py:361(_ParentProcess)
1,1.50E-06,1.50E-06,1.50E-06,1.50E-06,records.py:56(format_parser)
1,1.50E-06,1.50E-06,1.50E-06,1.50E-06,__init__.py:157(py_object)
1,1.50E-06,1.50E-06,1.50E-06,1.50E-06,_utils_impl.py:118(_Deprecate)
2,1.50E-06,7.50E-07,1.50E-06,7.50E-07,_index_tricks_impl.py:340(__init__)
1,1.50E-06,1.50E-06,1.50E-06,1.50E-06,subprocess.py:221(Handle)
1,1.50E-06,1.50E-06,1.50E-06,1.50E-06,camera_detail.py:149(CoverageStatusWidget)
1,1.50E-06,1.50E-06,1.50E-06,1.50E-06,ping_scheduler.py:12(PingWorker)
1,1.50E-06,1.50E-06,1.50E-06,1.50E-06,~:0(<built-in method math.sqrt>)
2,1.50E-06,7.50E-07,1.50E-06,7.50E-07,~:0(<method 'copy' of 'list' objects>)
1,1.50E-06,1.50E-06,1.50E-06,1.50E-06,~:0(<method 'move' of 'PySide6.QtWidgets.QWidget' objects>)
1,1.40E-06,1.40E-06,1.40E-06,1.40E-06,traceback.py:966(_ExceptionPrintContext)
1,1.40E-06,1.40E-06,1.40E-06,1.40E-06,tempfile.py:475(_TemporaryFileWrapper)
1,1.40E-06,1.40E-06,1.40E-06,1.40E-06,argparse.py:107(_AttributeHolder)
1,1.40E-06,1.40E-06,1.40E-06,1.40E-06,context.py:230(DefaultContext)
1,1.40E-06,1.40E-06,1.40E-06,1.40E-06,__init__.py:413(PyDLL)
1,1.40E-06,1.40E-06,1.40E-06,1.40E-06,_index_tricks_impl.py:110(nd_grid)
1,1.40E-06,1.40E-06,1.40E-06,1.40E-06,_arraysetops_impl.py:394(UniqueCountsResult)
1,1.40E-06,1.40E-06,1.40E-06,1.40E-06,_arraysetops_impl.py:399(UniqueInverseResult)
2,1.40E-06,7.00E-07,1.40E-06,7.00E-07,~:0(<method 'setLabelsFont' of 'PySide6.QtCharts.QAbstractAxis' objects>)
2,1.40E-06,7.00E-07,1.40E-06,7.00E-07,~:0(<method 'setTitleBrush' of 'PySide6.QtCharts.QAbstractAxis' objects>)
2,1.40E-06,7.00E-07,1.40E-06,7.00E-07,~:0(<built-in method _sqlite3.register_converter>)
1,6.00E-07,6.00E-07,1.40E-06,1.40E-06,_index_tricks_impl.py:586(__init__)
6,1.30E-06,2.17E-07,1.30E-06,2.17E-07,<frozen _collections_abc>:345(__subclasshook__)
1,1.30E-06,1.30E-06,1.30E-06,1.30E-06,_local.py:462(PurePosixPath)
1,1.30E-06,1.30E-06,1.30E-06,1.30E-06,_local.py:839(PosixPath)
1,1.30E-06,1.30E-06,1.30E-06,1.30E-06,_compression.py:9(BaseStream)
1,1.30E-06,1.30E-06,1.30E-06,1.30E-06,argparse.py:749(Action)
1,1.30E-06,1.30E-06,1.30E-06,1.30E-06,__init__.py:1271(_StderrHandler)
3,1.30E-06,4.33E-07,1.30E-06,4.33E-07,__init__.py:1029(setFormatter)
1,1.30E-06,1.30E-06,1.30E-06,1.30E-06,pickle.py:257(_Unframer)
1,1.30E-06,1.30E-06,1.30E-06,1.30E-06,decoder.py:20(JSONDecodeError)
1,1.30E-06,1.30E-06,1.30E-06,1.30E-06,arrayprint.py:959(FloatingFormat)
1,1.30E-06,1.30E-06,1.30E-06,1.30E-06,__init__.py:162(Scalar)
1,1.30E-06,1.30E-06,1.30E-06,1.30E-06,__init__.py:16(Mat)
1,1.30E-06,1.30E-06,1.30E-06,1.30E-06,subprocess.py:198(STARTUPINFO)
1,1.30E-06,1.30E-06,1.30E-06,1.30E-06,csv.py:234(Sniffer)
1,1.30E-06,1.30E-06,1.30E-06,1.30E-06,csv.py:119(excel)
1,1.30E-06,1.30E-06,1.30E-06,1.30E-06,material_detector.py:296(ContourProcessor)
1,9.00E-07,9.00E-07,1.30E-06,1.30E-06,context.py:203(reducer)
1,1.20E-06,1.20E-06,1.20E-06,1.20E-06,__init__.py:2105(PyZipFile)
1,1.20E-06,1.20E-06,1.20E-06,1.20E-06,pyscript:1(_C)
1,1.20E-06,1.20E-06,1.20E-06,1.20E-06,cp437.py:9(Codec)
1,1.20E-06,1.20E-06,1.20E-06,1.20E-06,mapping.py:71(_NotCalled)
1,1.20E-06,1.20E-06,1.20E-06,1.20E-06,__future__.py:81(_Feature)
1,1.20E-06,1.20E-06,1.20E-06,1.20E-06,__init__.py:286(LogRecord)
1,1.20E-06,1.20E-06,1.20E-06,1.20E-06,pyi_generator.py:34(Writer)
1,1.20E-06,1.20E-06,1.20E-06,1.20E-06,_convertions.py:1(<module>)
1,1.20E-06,1.20E-06,1.20E-06,1.20E-06,_exceptions.py:56(_UFuncBinaryResolutionError)
1,1.20E-06,1.20E-06,1.20E-06,1.20E-06,arrayprint.py:1369(DatetimeFormat)
1,1.20E-06,1.20E-06,1.20E-06,1.20E-06,_pytesttester.py:45(PytestTester)
1,1.20E-06,1.20E-06,1.20E-06,1.20E-06,_endian.py:23(_swapped_meta)
1,1.20E-06,1.20E-06,1.20E-06,1.20E-06,_datasource.py:98(__init__)
1,1.20E-06,1.20E-06,1.20E-06,1.20E-06,_nbit_base.py:6(NBitBase)
1,1.20E-06,1.20E-06,1.20E-06,1.20E-06,cp1252.py:9(Codec)
1,1.20E-06,1.20E-06,1.20E-06,1.20E-06,_common.py:261(Error)
1,1.20E-06,1.20E-06,1.20E-06,1.20E-06,~:0(<method 'setFormat' of 'PySide6.QtCharts.QDateTimeAxis' objects>)
1,1.10E-06,1.10E-06,1.10E-06,1.10E-06,threading.py:449(Semaphore)
1,1.10E-06,1.10E-06,1.10E-06,1.10E-06,layout.py:50(install_typing_patch)
1,1.10E-06,1.10E-06,1.10E-06,1.10E-06,enum_sig.py:337(HintingEnumerator)
1,1.10E-06,1.10E-06,1.10E-06,1.10E-06,__init__.py:735(BufferingFormatter)
1,1.10E-06,1.10E-06,1.10E-06,1.10E-06,parser.py:115(ArglistParser)
1,1.10E-06,1.10E-06,1.10E-06,1.10E-06,exceptions.py:109(AxisError)
1,1.10E-06,1.10E-06,1.10E-06,1.10E-06,_exceptions.py:38(_UFuncNoLoopError)
1,1.10E-06,1.10E-06,1.10E-06,1.10E-06,numbers.py:37(Number)
2,1.10E-06,5.50E-07,1.10E-06,5.50E-07,_index_tricks_impl.py:146(__init__)
1,1.10E-06,1.10E-06,1.10E-06,1.10E-06,_stride_tricks_impl.py:14(DummyArray)
1,1.10E-06,1.10E-06,1.10E-06,1.10E-06,_array_like.py:48(_SupportsArray)
1,1.10E-06,1.10E-06,1.10E-06,1.10E-06,_array_like.py:53(_SupportsArrayFunc)
1,1.10E-06,1.10E-06,1.10E-06,1.10E-06,queue.py:281(PriorityQueue)
2,1.10E-06,5.50E-07,1.10E-06,5.50E-07,~:0(<method 'cast' of 'memoryview' objects>)
3,1.10E-06,3.67E-07,1.10E-06,3.67E-07,~:0(<method 'has_default' of 'typing.TypeVar' objects>)
1,1.10E-06,1.10E-06,1.10E-06,1.10E-06,~:0(<method 'translate' of 'str' objects>)
1,1.10E-06,1.10E-06,1.10E-06,1.10E-06,~:0(<built-in method sys.getfilesystemencodeerrors>)
1,1.00E-06,1.00E-06,1.00E-06,1.00E-06,warnings.py:420(WarningMessage)
1,1.00E-06,1.00E-06,1.00E-06,1.00E-06,__init__.py:678(LZMACompressor)
1,1.00E-06,1.00E-06,1.00E-06,1.00E-06,__init__.py:845(_Tellable)
1,1.00E-06,1.00E-06,1.00E-06,1.00E-06,__init__.py:802(_SharedFile)
1,1.00E-06,1.00E-06,1.00E-06,1.00E-06,threading.py:536(BoundedSemaphore)
1,1.00E-06,1.00E-06,1.00E-06,1.00E-06,threading.py:1318(Timer)
1,1.00E-06,1.00E-06,1.00E-06,1.00E-06,mapping.py:28(ellipsis)
1,1.00E-06,1.00E-06,1.00E-06,1.00E-06,argparse.py:1665(_ArgumentGroup)
1,1.00E-06,1.00E-06,1.00E-06,1.00E-06,__init__.py:814(Filterer)
1,1.00E-06,1.00E-06,1.00E-06,1.00E-06,socket.py:212(_GiveupOnSendfile)
1,1.00E-06,1.00E-06,1.00E-06,1.00E-06,parser.py:434(Hashabledict)
1,1.00E-06,1.00E-06,1.00E-06,1.00E-06,__init__.py:1189(FileHandler)
1,1.00E-06,1.00E-06,1.00E-06,1.00E-06,arrayprint.py:1343(_TimelikeFormat)
1,1.00E-06,1.00E-06,1.00E-06,1.00E-06,_index_tricks_impl.py:214(MGridClass)
1,1.00E-06,1.00E-06,1.00E-06,1.00E-06,_index_tricks_impl.py:593(ndenumerate)
1,1.00E-06,1.00E-06,1.00E-06,1.00E-06,_index_tricks_impl.py:744(IndexExpression)
1,1.00E-06,1.00E-06,1.00E-06,1.00E-06,_common.py:294(NoSuchProcess)
1,1.00E-06,1.00E-06,1.00E-06,1.00E-06,_common.py:330(AccessDenied)
1,1.00E-06,1.00E-06,1.00E-06,1.00E-06,csv.py:134(unix_dialect)
4,1.00E-06,2.50E-07,1.00E-06,2.50E-07,~:0(<built-in method _warnings._filters_mutated>)
2,9.00E-07,4.50E-07,9.00E-07,4.50E-07,<frozen _collections_abc>:515(_is_param_expr)
1,9.00E-07,9.00E-07,9.00E-07,9.00E-07,typing.py:592(__repr__)
1,9.00E-07,9.00E-07,9.00E-07,9.00E-07,threading.py:1395(_DummyThread)
1,9.00E-07,9.00E-07,9.00E-07,9.00E-07,__init__.py:177(FastLookup)
1,9.00E-07,9.00E-07,9.00E-07,9.00E-07,threading.py:1366(_DeleteDummyThreadOnDel)
1,9.00E-07,9.00E-07,9.00E-07,9.00E-07,argparse.py:910(_StoreAction)
1,9.00E-07,9.00E-07,9.00E-07,9.00E-07,argparse.py:947(_StoreConstAction)
1,9.00E-07,9.00E-07,9.00E-07,9.00E-07,argparse.py:1275(FileType)
1,9.00E-07,9.00E-07,9.00E-07,9.00E-07,enum_sig.py:315(SimplifyingEnumerator)
1,9.00E-07,9.00E-07,9.00E-07,9.00E-07,__init__.py:1829(RootLogger)
1,9.00E-07,9.00E-07,9.00E-07,9.00E-07,argparse.py:1708(_MutuallyExclusiveGroup)
1,9.00E-07,9.00E-07,9.00E-07,9.00E-07,arrayprint.py:1281(IntegerFormat)
1,9.00E-07,9.00E-07,9.00E-07,9.00E-07,arrayprint.py:1310(ComplexFloatingFormat)
1,9.00E-07,9.00E-07,9.00E-07,9.00E-07,__init__.py:213(c_longlong)
1,9.00E-07,9.00E-07,9.00E-07,9.00E-07,__init__.py:262(c_wchar)
1,9.00E-07,9.00E-07,9.00E-07,9.00E-07,__init__.py:241(c_char_p)
1,9.00E-07,9.00E-07,9.00E-07,9.00E-07,__init__.py:422(WinDLL)
1,9.00E-07,9.00E-07,9.00E-07,9.00E-07,__init__.py:431(HRESULT)
1,9.00E-07,9.00E-07,9.00E-07,9.00E-07,_index_tricks_impl.py:455(RClass)
1,9.00E-07,9.00E-07,9.00E-07,9.00E-07,cp1252.py:25(StreamWriter)
1,9.00E-07,9.00E-07,9.00E-07,9.00E-07,queue.py:300(LifoQueue)
4,9.00E-07,2.25E-07,9.00E-07,2.25E-07,~:0(<built-in method _sre.ascii_iscased>)
2,9.00E-07,4.50E-07,9.00E-07,4.50E-07,~:0(<built-in method math.log>)
1,8.00E-07,8.00E-07,8.00E-07,8.00E-07,functools.py:1011(__init__)
1,8.00E-07,8.00E-07,8.00E-07,8.00E-07,subprocess.py:703(_use_posix_spawn)
1,8.00E-07,8.00E-07,8.00E-07,8.00E-07,warnings.py:207(_OptionError)
1,8.00E-07,8.00E-07,8.00E-07,8.00E-07,__init__.py:701(LZMADecompressor)
1,8.00E-07,8.00E-07,8.00E-07,8.00E-07,mapping.py:130(_Parameterized)
1,8.00E-07,8.00E-07,8.00E-07,8.00E-07,argparse.py:678(MetavarTypeHelpFormatter)
1,8.00E-07,8.00E-07,8.00E-07,8.00E-07,__init__.py:1295(PlaceHolder)
1,8.00E-07,8.00E-07,8.00E-07,8.00E-07,argparse.py:1125(_VersionAction)
1,8.00E-07,8.00E-07,8.00E-07,8.00E-07,process.py:394(_MainProcess)
1,8.00E-07,8.00E-07,8.00E-07,8.00E-07,_exceptions.py:71(_UFuncCastingError)
1,8.00E-07,8.00E-07,8.00E-07,8.00E-07,numerictypes.py:364(_PreprocessDTypeError)
1,8.00E-07,8.00E-07,8.00E-07,8.00E-07,__init__.py:444(OleDLL)
1,8.00E-07,8.00E-07,8.00E-07,8.00E-07,_endian.py:48(BigEndianStructure)
1,8.00E-07,8.00E-07,8.00E-07,8.00E-07,_linalg.py:73(LinAlgError)
1,8.00E-07,8.00E-07,8.00E-07,8.00E-07,_index_tricks_impl.py:276(OGridClass)
1,8.00E-07,8.00E-07,8.00E-07,8.00E-07,version.py:1(<module>)
1,8.00E-07,8.00E-07,8.00E-07,8.00E-07,_common.py:311(ZombieProcess)
1,8.00E-07,8.00E-07,8.00E-07,8.00E-07,~:0(<method 'setMaximumSize' of 'PySide6.QtWidgets.QWidget' objects>)
1,8.00E-07,8.00E-07,8.00E-07,8.00E-07,~:0(<method 'setLabelFormat' of 'PySide6.QtCharts.QValueAxis' objects>)
1,7.00E-07,7.00E-07,7.00E-07,7.00E-07,shutil.py:87(_GiveupOnFastCopy)
1,7.00E-07,7.00E-07,7.00E-07,7.00E-07,_local.py:851(WindowsPath)
1,7.00E-07,7.00E-07,7.00E-07,7.00E-07,traceback.py:94(_Sentinel)
1,7.00E-07,7.00E-07,7.00E-07,7.00E-07,argparse.py:991(_StoreFalseAction)
1,7.00E-07,7.00E-07,7.00E-07,7.00E-07,argparse.py:1330(Namespace)
1,7.00E-07,7.00E-07,7.00E-07,7.00E-07,argparse.py:202(_Section)
1,7.00E-07,7.00E-07,7.00E-07,7.00E-07,argparse.py:635(RawDescriptionHelpFormatter)
1,7.00E-07,7.00E-07,7.00E-07,7.00E-07,argparse.py:646(RawTextHelpFormatter)
1,7.00E-07,7.00E-07,7.00E-07,7.00E-07,argparse.py:1010(_AppendAction)
1,7.00E-07,7.00E-07,7.00E-07,7.00E-07,argparse.py:1050(_AppendConstAction)
1,7.00E-07,7.00E-07,7.00E-07,7.00E-07,argparse.py:1079(_CountAction)
1,7.00E-07,7.00E-07,7.00E-07,7.00E-07,argparse.py:1104(_HelpAction)
1,7.00E-07,7.00E-07,7.00E-07,7.00E-07,context.py:344(SpawnContext)
1,7.00E-07,7.00E-07,7.00E-07,7.00E-07,process.py:346(AuthenticationString)
1,7.00E-07,7.00E-07,7.00E-07,7.00E-07,pickle.py:73(PickleError)
1,7.00E-07,7.00E-07,7.00E-07,7.00E-07,exceptions.py:48(ComplexWarning)
1,7.00E-07,7.00E-07,7.00E-07,7.00E-07,_exceptions.py:80(_UFuncInputCastingError)
1,7.00E-07,7.00E-07,7.00E-07,7.00E-07,arrayprint.py:1300(BoolFormat)
1,7.00E-07,7.00E-07,7.00E-07,7.00E-07,arrayprint.py:1406(SubArrayFormat)
1,7.00E-07,7.00E-07,7.00E-07,7.00E-07,_ufunc_config.py:356(_unspecified)
1,7.00E-07,7.00E-07,7.00E-07,7.00E-07,__init__.py:252(c_bool)
1,7.00E-07,7.00E-07,7.00E-07,7.00E-07,_endian.py:55(BigEndianUnion)
1,7.00E-07,7.00E-07,7.00E-07,7.00E-07,_index_tricks_impl.py:559(CClass)
1,7.00E-07,7.00E-07,7.00E-07,7.00E-07,queue.py:31(Full)
1,7.00E-07,7.00E-07,7.00E-07,7.00E-07,queue.py:36(ShutDown)
1,7.00E-07,7.00E-07,7.00E-07,7.00E-07,csv.py:129(excel_tab)
4,7.00E-07,1.75E-07,7.00E-07,1.75E-07,~:0(<built-in method _sre.ascii_tolower>)
1,7.00E-07,7.00E-07,7.00E-07,7.00E-07,~:0(<built-in method _io.text_encoding>)
2,7.00E-07,3.50E-07,7.00E-07,3.50E-07,~:0(<method 'isdisjoint' of 'set' objects>)
1,7.00E-07,7.00E-07,7.00E-07,7.00E-07,~:0(<built-in method numpy._core._multiarray_umath.set_typeDict>)
1,6.00E-07,6.00E-07,6.00E-07,6.00E-07,functools.py:1017(__set_name__)
1,6.00E-07,6.00E-07,6.00E-07,6.00E-07,_abc.py:48(UnsupportedOperation)
1,6.00E-07,6.00E-07,6.00E-07,6.00E-07,shutil.py:67(Error)
1,6.00E-07,6.00E-07,6.00E-07,6.00E-07,shutil.py:70(SameFileError)
1,6.00E-07,6.00E-07,6.00E-07,6.00E-07,threading.py:837(BrokenBarrierError)
1,6.00E-07,6.00E-07,6.00E-07,6.00E-07,__init__.py:128(ModuleDict)
1,6.00E-07,6.00E-07,6.00E-07,6.00E-07,_local.py:472(PureWindowsPath)
1,6.00E-07,6.00E-07,6.00E-07,6.00E-07,threading.py:1348(_MainThread)
1,6.00E-07,6.00E-07,6.00E-07,6.00E-07,cp437.py:17(IncrementalEncoder)
1,6.00E-07,6.00E-07,6.00E-07,6.00E-07,mapping.py:104(Missing)
1,6.00E-07,6.00E-07,6.00E-07,6.00E-07,mapping.py:99(Virtual)
1,6.00E-07,6.00E-07,6.00E-07,6.00E-07,mapping.py:140(ResultVariable)
4,6.00E-07,1.50E-07,6.00E-07,1.50E-07,__init__.py:257(_register_at_fork_reinit_lock)
1,6.00E-07,6.00E-07,6.00E-07,6.00E-07,argparse.py:972(_StoreTrueAction)
1,6.00E-07,6.00E-07,6.00E-07,6.00E-07,argparse.py:720(ArgumentError)
1,6.00E-07,6.00E-07,6.00E-07,6.00E-07,argparse.py:1156(_ChoicesPseudoAction)
1,6.00E-07,6.00E-07,6.00E-07,6.00E-07,context.py:233(__init__)
1,6.00E-07,6.00E-07,6.00E-07,6.00E-07,pickle.py:97(_Stop)
1,6.00E-07,6.00E-07,6.00E-07,6.00E-07,reduction.py:211(_C)
1,6.00E-07,6.00E-07,6.00E-07,6.00E-07,context.py:20(TimeoutError)
3,6.00E-07,2.00E-07,6.00E-07,2.00E-07,signal.py:50(_wraps)
1,6.00E-07,6.00E-07,6.00E-07,6.00E-07,exceptions.py:59(ModuleDeprecationWarning)
1,6.00E-07,6.00E-07,6.00E-07,6.00E-07,dtypes.py:1(<module>)
1,6.00E-07,6.00E-07,6.00E-07,6.00E-07,_exceptions.py:98(_UFuncOutputCastingError)
1,6.00E-07,6.00E-07,6.00E-07,6.00E-07,__init__.py:166(c_short)
1,6.00E-07,6.00E-07,6.00E-07,6.00E-07,_nbit_base.py:61(_256Bit)
1,6.00E-07,6.00E-07,6.00E-07,6.00E-07,cp1252.py:17(IncrementalEncoder)
1,6.00E-07,6.00E-07,6.00E-07,6.00E-07,__init__.py:83(Point2f)
1,6.00E-07,6.00E-07,6.00E-07,6.00E-07,__init__.py:174(Prim)
1,6.00E-07,6.00E-07,6.00E-07,6.00E-07,subprocess.py:127(SubprocessError)
1,6.00E-07,6.00E-07,6.00E-07,6.00E-07,__init__.py:1(<module>)
1,5.00E-07,5.00E-07,5.00E-07,5.00E-07,__init__.py:39(BadZipFile)
1,5.00E-07,5.00E-07,5.00E-07,5.00E-07,__init__.py:43(LargeZipFile)
1,5.00E-07,5.00E-07,5.00E-07,5.00E-07,shutil.py:73(SpecialFileError)
1,5.00E-07,5.00E-07,5.00E-07,5.00E-07,shutil.py:77(ExecError)
1,5.00E-07,5.00E-07,5.00E-07,5.00E-07,shutil.py:80(ReadError)
1,5.00E-07,5.00E-07,5.00E-07,5.00E-07,shutil.py:83(RegistryError)
1,5.00E-07,5.00E-07,5.00E-07,5.00E-07,threading.py:1145(daemon)
1,5.00E-07,5.00E-07,5.00E-07,5.00E-07,cp437.py:21(IncrementalDecoder)
1,5.00E-07,5.00E-07,5.00E-07,5.00E-07,argparse.py:657(ArgumentDefaultsHelpFormatter)
1,5.00E-07,5.00E-07,5.00E-07,5.00E-07,argparse.py:1264(_ExtendAction)
1,5.00E-07,5.00E-07,5.00E-07,5.00E-07,arrayprint.py:1401(TimedeltaFormat)
1,5.00E-07,5.00E-07,5.00E-07,5.00E-07,__init__.py:170(c_ushort)
1,5.00E-07,5.00E-07,5.00E-07,5.00E-07,__init__.py:199(c_double)
1,5.00E-07,5.00E-07,5.00E-07,5.00E-07,__init__.py:217(c_ulonglong)
1,5.00E-07,5.00E-07,5.00E-07,5.00E-07,__init__.py:224(c_ubyte)
1,5.00E-07,5.00E-07,5.00E-07,5.00E-07,__init__.py:231(c_byte)
1,5.00E-07,5.00E-07,5.00E-07,5.00E-07,_endian.py:34(_swapped_struct_meta)
1,5.00E-07,5.00E-07,5.00E-07,5.00E-07,_internal.py:256(c_void_p)
1,5.00E-07,5.00E-07,5.00E-07,5.00E-07,_iotools.py:422(ConverterError)
1,5.00E-07,5.00E-07,5.00E-07,5.00E-07,_iotools.py:430(ConverterLockError)
2,5.00E-07,2.50E-07,5.00E-07,2.50E-07,_index_tricks_impl.py:791(__init__)
1,5.00E-07,5.00E-07,5.00E-07,5.00E-07,linalg.py:1(<module>)
1,5.00E-07,5.00E-07,5.00E-07,5.00E-07,cp1252.py:21(IncrementalDecoder)
1,5.00E-07,5.00E-07,5.00E-07,5.00E-07,_common.py:628(deprecated_method)
1,5.00E-07,5.00E-07,5.00E-07,5.00E-07,database.py:22(__init__)
1,5.00E-07,5.00E-07,5.00E-07,5.00E-07,~:0(<built-in method atexit.register>)
1,5.00E-07,5.00E-07,5.00E-07,5.00E-07,~:0(<built-in method sys.getfilesystemencoding>)
1,5.00E-07,5.00E-07,5.00E-07,5.00E-07,~:0(<method 'setTickCount' of 'PySide6.QtCharts.QValueAxis' objects>)
1,4.00E-07,4.00E-07,5.00E-07,5.00E-07,copyreg.py:22(constructor)
1,4.00E-07,4.00E-07,4.00E-07,4.00E-07,warnings.py:212(_processoptions)
1,4.00E-07,4.00E-07,4.00E-07,4.00E-07,__init__.py:136(SubModule)
1,4.00E-07,4.00E-07,4.00E-07,4.00E-07,cp437.py:28(StreamReader)
1,4.00E-07,4.00E-07,4.00E-07,4.00E-07,cp437.py:25(StreamWriter)
1,4.00E-07,4.00E-07,4.00E-07,4.00E-07,mapping.py:112(Invalid)
1,4.00E-07,4.00E-07,4.00E-07,4.00E-07,argparse.py:740(ArgumentTypeError)
1,4.00E-07,4.00E-07,4.00E-07,4.00E-07,context.py:14(ProcessError)
1,4.00E-07,4.00E-07,4.00E-07,4.00E-07,pickle.py:77(PicklingError)
1,4.00E-07,4.00E-07,4.00E-07,4.00E-07,pickle.py:84(UnpicklingError)
1,4.00E-07,4.00E-07,4.00E-07,4.00E-07,exceptions.py:76(VisibleDeprecationWarning)
1,4.00E-07,4.00E-07,4.00E-07,4.00E-07,exceptions.py:87(RankWarning)
1,4.00E-07,4.00E-07,4.00E-07,4.00E-07,exceptions.py:200(DTypePromotionError)
1,4.00E-07,4.00E-07,4.00E-07,4.00E-07,__init__.py:174(c_long)
1,4.00E-07,4.00E-07,4.00E-07,4.00E-07,__init__.py:178(c_ulong)
1,4.00E-07,4.00E-07,4.00E-07,4.00E-07,__init__.py:195(c_float)
1,4.00E-07,4.00E-07,4.00E-07,4.00E-07,__init__.py:203(c_longdouble)
1,4.00E-07,4.00E-07,4.00E-07,4.00E-07,__init__.py:247(c_void_p)
1,4.00E-07,4.00E-07,4.00E-07,4.00E-07,_endian.py:35(_swapped_union_meta)
1,4.00E-07,4.00E-07,4.00E-07,4.00E-07,_iotools.py:438(ConversionWarning)
1,4.00E-07,4.00E-07,4.00E-07,4.00E-07,_nbit_base.py:67(_128Bit)
1,4.00E-07,4.00E-07,4.00E-07,4.00E-07,_nbit_base.py:72(_96Bit)
1,4.00E-07,4.00E-07,4.00E-07,4.00E-07,_nbit_base.py:77(_80Bit)
1,4.00E-07,4.00E-07,4.00E-07,4.00E-07,_nbit_base.py:82(_64Bit)
1,4.00E-07,4.00E-07,4.00E-07,4.00E-07,cp1252.py:28(StreamReader)
1,4.00E-07,4.00E-07,4.00E-07,4.00E-07,__init__.py:51(Bool)
1,4.00E-07,4.00E-07,4.00E-07,4.00E-07,__init__.py:55(Int)
1,4.00E-07,4.00E-07,4.00E-07,4.00E-07,__init__.py:67(Double)
1,4.00E-07,4.00E-07,4.00E-07,4.00E-07,__init__.py:71(Float)
1,4.00E-07,4.00E-07,4.00E-07,4.00E-07,__init__.py:87(Point3f)
1,4.00E-07,4.00E-07,4.00E-07,4.00E-07,__init__.py:91(Size)
1,4.00E-07,4.00E-07,4.00E-07,4.00E-07,__init__.py:95(Rect)
1,4.00E-07,4.00E-07,4.00E-07,4.00E-07,__init__.py:122(Int64)
1,4.00E-07,4.00E-07,4.00E-07,4.00E-07,__init__.py:126(UInt64)
1,4.00E-07,4.00E-07,4.00E-07,4.00E-07,__init__.py:130(Double)
1,4.00E-07,4.00E-07,4.00E-07,4.00E-07,__init__.py:134(Float)
1,4.00E-07,4.00E-07,4.00E-07,4.00E-07,__init__.py:138(String)
1,4.00E-07,4.00E-07,4.00E-07,4.00E-07,__init__.py:146(Point2f)
1,4.00E-07,4.00E-07,4.00E-07,4.00E-07,__init__.py:150(Point3f)
1,4.00E-07,4.00E-07,4.00E-07,4.00E-07,__init__.py:154(Size)
1,4.00E-07,4.00E-07,4.00E-07,4.00E-07,__init__.py:166(Mat)
1,4.00E-07,4.00E-07,4.00E-07,4.00E-07,__init__.py:178(Any)
1,4.00E-07,4.00E-07,4.00E-07,4.00E-07,~:0(<built-in method numpy._core._multiarray_umath._set_madvise_hugepage>)
1,3.00E-07,3.00E-07,3.00E-07,3.00E-07,typing.py:3324(<lambda>)
1,3.00E-07,3.00E-07,3.00E-07,3.00E-07,mapping.py:121(Instance)
1,3.00E-07,3.00E-07,3.00E-07,3.00E-07,mapping.py:160(__init__)
1,3.00E-07,3.00E-07,3.00E-07,3.00E-07,mapping.py:146(ArrayLikeVariable)
1,3.00E-07,3.00E-07,3.00E-07,3.00E-07,mapping.py:117(Default)
1,3.00E-07,3.00E-07,3.00E-07,3.00E-07,mapping.py:125(KeywordOnly)
1,3.00E-07,3.00E-07,3.00E-07,3.00E-07,context.py:23(AuthenticationError)
1,3.00E-07,3.00E-07,3.00E-07,3.00E-07,context.py:17(BufferTooShort)
1,3.00E-07,3.00E-07,3.00E-07,3.00E-07,exceptions.py:97(TooHardError)
1,3.00E-07,3.00E-07,3.00E-07,3.00E-07,__init__.py:236(c_char)
1,3.00E-07,3.00E-07,3.00E-07,3.00E-07,_nbit_base.py:87(_32Bit)
1,3.00E-07,3.00E-07,3.00E-07,3.00E-07,_nbit_base.py:92(_16Bit)
1,3.00E-07,3.00E-07,3.00E-07,3.00E-07,_nbit_base.py:97(_8Bit)
1,3.00E-07,3.00E-07,3.00E-07,3.00E-07,__init__.py:75(String)
1,3.00E-07,3.00E-07,3.00E-07,3.00E-07,__init__.py:79(Point)
1,3.00E-07,3.00E-07,3.00E-07,3.00E-07,__init__.py:99(Prim)
1,3.00E-07,3.00E-07,3.00E-07,3.00E-07,__init__.py:103(Any)
1,3.00E-07,3.00E-07,3.00E-07,3.00E-07,__init__.py:114(Bool)
1,3.00E-07,3.00E-07,3.00E-07,3.00E-07,__init__.py:118(Int)
1,3.00E-07,3.00E-07,3.00E-07,3.00E-07,__init__.py:142(Point)
1,3.00E-07,3.00E-07,3.00E-07,3.00E-07,__init__.py:158(Rect)
1,3.00E-07,3.00E-07,3.00E-07,3.00E-07,__init__.py:170(GMat)
1,3.00E-07,3.00E-07,3.00E-07,3.00E-07,~:0(<built-in method _thread._get_main_thread_ident>)
1,2.00E-07,2.00E-07,2.00E-07,2.00E-07,__init__.py:1(<module>)
1,2.00E-07,2.00E-07,2.00E-07,2.00E-07,__init__.py:1(<module>)
1,1.00E-07,1.00E-07,1.00E-07,1.00E-07,<frozen codecs>:217(setstate)
