frame,pred_q,gt_q,pred_x1,pred_y1,pred_x2,pred_y2,gt_x1,gt_y1,gt_x2,gt_y2,coord_space
0,4,1,0.500000,0.500000,1.000000,1.000000,0.000000,0.000000,0.500000,0.500000,normalized
17,3,1,0.000000,0.500000,0.500000,1.000000,0.000000,0.000000,0.500000,0.500000,normalized
18,4,1,0.500000,0.500000,1.000000,1.000000,0.000000,0.000000,0.500000,0.500000,normalized
28,3,1,0.000000,0.500000,0.500000,1.000000,0.000000,0.000000,0.500000,0.500000,normalized
34,2,2,0.500000,0.000000,1.000000,0.500000,0.500000,0.000000,1.000000,0.500000,normalized
51,1,2,0.000000,0.000000,0.500000,0.500000,0.500000,0.000000,1.000000,0.500000,normalized
55,2,2,0.500000,0.000000,1.000000,0.500000,0.500000,0.000000,1.000000,0.500000,normalized
80,3,2,0.000000,0.500000,0.500000,1.000000,0.500000,0.000000,1.000000,0.500000,normalized
88,2,2,0.500000,0.000000,1.000000,0.500000,0.500000,0.000000,1.000000,0.500000,normalized
96,3,2,0.000000,0.500000,0.500000,1.000000,0.500000,0.000000,1.000000,0.500000,normalized
99,2,2,0.500000,0.000000,1.000000,0.500000,0.500000,0.000000,1.000000,0.500000,normalized
100,3,2,0.000000,0.500000,0.500000,1.000000,0.500000,0.000000,1.000000,0.500000,normalized
102,4,3,0.500000,0.500000,1.000000,1.000000,0.000000,0.500000,0.500000,1.000000,normalized
113,3,2,0.000000,0.500000,0.500000,1.000000,0.500000,0.000000,1.000000,0.500000,normalized
115,2,2,0.500000,0.000000,1.000000,0.500000,0.500000,0.000000,1.000000,0.500000,normalized
132,1,2,0.000000,0.000000,0.500000,0.500000,0.500000,0.000000,1.000000,0.500000,normalized
136,2,2,0.500000,0.000000,1.000000,0.500000,0.500000,0.000000,1.000000,0.500000,normalized
154,3,2,0.000000,0.500000,0.500000,1.000000,0.500000,0.000000,1.000000,0.500000,normalized
161,2,2,0.500000,0.000000,1.000000,0.500000,0.500000,0.000000,1.000000,0.500000,normalized
183,1,2,0.000000,0.000000,0.500000,0.500000,0.500000,0.000000,1.000000,0.500000,normalized
200,2,2,0.500000,0.000000,1.000000,0.500000,0.500000,0.000000,1.000000,0.500000,normalized
261,1,2,0.000000,0.000000,0.500000,0.500000,0.500000,0.000000,1.000000,0.500000,normalized
292,2,2,0.500000,0.000000,1.000000,0.500000,0.500000,0.000000,1.000000,0.500000,normalized
298,1,2,0.000000,0.000000,0.500000,0.500000,0.500000,0.000000,1.000000,0.500000,normalized
302,2,2,0.500000,0.000000,1.000000,0.500000,0.500000,0.000000,1.000000,0.500000,normalized
331,1,2,0.000000,0.000000,0.500000,0.500000,0.500000,0.000000,1.000000,0.500000,normalized
419,2,2,0.500000,0.000000,1.000000,0.500000,0.500000,0.000000,1.000000,0.500000,normalized
438,3,2,0.000000,0.500000,0.500000,1.000000,0.500000,0.000000,1.000000,0.500000,normalized
441,2,2,0.500000,0.000000,1.000000,0.500000,0.500000,0.000000,1.000000,0.500000,normalized
451,1,2,0.000000,0.000000,0.500000,0.500000,0.500000,0.000000,1.000000,0.500000,normalized
513,2,2,0.500000,0.000000,1.000000,0.500000,0.500000,0.000000,1.000000,0.500000,normalized
514,1,2,0.000000,0.000000,0.500000,0.500000,0.500000,0.000000,1.000000,0.500000,normalized
542,2,2,0.500000,0.000000,1.000000,0.500000,0.500000,0.000000,1.000000,0.500000,normalized
574,1,2,0.000000,0.000000,0.500000,0.500000,0.500000,0.000000,1.000000,0.500000,normalized
596,2,2,0.500000,0.000000,1.000000,0.500000,0.500000,0.000000,1.000000,0.500000,normalized
631,1,2,0.000000,0.000000,0.500000,0.500000,0.500000,0.000000,1.000000,0.500000,normalized
634,2,2,0.500000,0.000000,1.000000,0.500000,0.500000,0.000000,1.000000,0.500000,normalized
640,1,2,0.000000,0.000000,0.500000,0.500000,0.500000,0.000000,1.000000,0.500000,normalized
651,2,2,0.500000,0.000000,1.000000,0.500000,0.500000,0.000000,1.000000,0.500000,normalized
659,1,2,0.000000,0.000000,0.500000,0.500000,0.500000,0.000000,1.000000,0.500000,normalized
673,2,2,0.500000,0.000000,1.000000,0.500000,0.500000,0.000000,1.000000,0.500000,normalized
722,1,2,0.000000,0.000000,0.500000,0.500000,0.500000,0.000000,1.000000,0.500000,normalized
733,2,2,0.500000,0.000000,1.000000,0.500000,0.500000,0.000000,1.000000,0.500000,normalized
779,1,2,0.000000,0.000000,0.500000,0.500000,0.500000,0.000000,1.000000,0.500000,normalized
796,2,2,0.500000,0.000000,1.000000,0.500000,0.500000,0.000000,1.000000,0.500000,normalized
817,3,2,0.000000,0.500000,0.500000,1.000000,0.500000,0.000000,1.000000,0.500000,normalized
823,4,3,0.500000,0.500000,1.000000,1.000000,0.000000,0.500000,0.500000,1.000000,normalized
830,3,2,0.000000,0.500000,0.500000,1.000000,0.500000,0.000000,1.000000,0.500000,normalized
833,2,2,0.500000,0.000000,1.000000,0.500000,0.500000,0.000000,1.000000,0.500000,normalized
846,1,2,0.000000,0.000000,0.500000,0.500000,0.500000,0.000000,1.000000,0.500000,normalized
850,2,2,0.500000,0.000000,1.000000,0.500000,0.500000,0.000000,1.000000,0.500000,normalized
871,3,2,0.000000,0.500000,0.500000,1.000000,0.500000,0.000000,1.000000,0.500000,normalized
877,2,2,0.500000,0.000000,1.000000,0.500000,0.500000,0.000000,1.000000,0.500000,normalized
923,3,2,0.000000,0.500000,0.500000,1.000000,0.500000,0.000000,1.000000,0.500000,normalized
929,2,2,0.500000,0.000000,1.000000,0.500000,0.500000,0.000000,1.000000,0.500000,normalized
940,3,2,0.000000,0.500000,0.500000,1.000000,0.500000,0.000000,1.000000,0.500000,normalized
942,4,3,0.500000,0.500000,1.000000,1.000000,0.000000,0.500000,0.500000,1.000000,normalized
951,3,2,0.000000,0.500000,0.500000,1.000000,0.500000,0.000000,1.000000,0.500000,normalized
954,2,2,0.500000,0.000000,1.000000,0.500000,0.500000,0.000000,1.000000,0.500000,normalized
1086,3,2,0.000000,0.500000,0.500000,1.000000,0.500000,0.000000,1.000000,0.500000,normalized
1094,2,2,0.500000,0.000000,1.000000,0.500000,0.500000,0.000000,1.000000,0.500000,normalized
1101,3,2,0.000000,0.500000,0.500000,1.000000,0.500000,0.000000,1.000000,0.500000,normalized
1107,2,2,0.500000,0.000000,1.000000,0.500000,0.500000,0.000000,1.000000,0.500000,normalized
1154,3,2,0.000000,0.500000,0.500000,1.000000,0.500000,0.000000,1.000000,0.500000,normalized
1160,2,2,0.500000,0.000000,1.000000,0.500000,0.500000,0.000000,1.000000,0.500000,normalized
1180,3,2,0.000000,0.500000,0.500000,1.000000,0.500000,0.000000,1.000000,0.500000,normalized
1182,4,3,0.500000,0.500000,1.000000,1.000000,0.000000,0.500000,0.500000,1.000000,normalized
1192,3,2,0.000000,0.500000,0.500000,1.000000,0.500000,0.000000,1.000000,0.500000,normalized
1228,2,2,0.500000,0.000000,1.000000,0.500000,0.500000,0.000000,1.000000,0.500000,normalized
1251,3,2,0.000000,0.500000,0.500000,1.000000,0.500000,0.000000,1.000000,0.500000,normalized
1271,2,2,0.500000,0.000000,1.000000,0.500000,0.500000,0.000000,1.000000,0.500000,normalized
1273,3,2,0.000000,0.500000,0.500000,1.000000,0.500000,0.000000,1.000000,0.500000,normalized
1290,2,4,0.500000,0.000000,1.000000,0.500000,0.500000,0.500000,1.000000,1.000000,normalized
1300,3,2,0.000000,0.500000,0.500000,1.000000,0.500000,0.000000,1.000000,0.500000,normalized
1302,4,2,0.500000,0.500000,1.000000,1.000000,0.500000,0.000000,1.000000,0.500000,normalized
1312,3,4,0.000000,0.500000,0.500000,1.000000,0.500000,0.500000,1.000000,1.000000,normalized
1346,2,4,0.500000,0.000000,1.000000,0.500000,0.500000,0.500000,1.000000,1.000000,normalized
1352,3,2,0.000000,0.500000,0.500000,1.000000,0.500000,0.000000,1.000000,0.500000,normalized
1422,4,4,0.500000,0.500000,1.000000,1.000000,0.500000,0.500000,1.000000,1.000000,normalized
1433,3,4,0.000000,0.500000,0.500000,1.000000,0.500000,0.500000,1.000000,1.000000,normalized
1542,4,4,0.500000,0.500000,1.000000,1.000000,0.500000,0.500000,1.000000,1.000000,normalized
1553,3,4,0.000000,0.500000,0.500000,1.000000,0.500000,0.500000,1.000000,1.000000,normalized
1662,4,4,0.500000,0.500000,1.000000,1.000000,0.500000,0.500000,1.000000,1.000000,normalized
1672,3,4,0.000000,0.500000,0.500000,1.000000,0.500000,0.500000,1.000000,1.000000,normalized
1782,4,4,0.500000,0.500000,1.000000,1.000000,0.500000,0.500000,1.000000,1.000000,normalized
1793,3,4,0.000000,0.500000,0.500000,1.000000,0.500000,0.500000,1.000000,1.000000,normalized
1902,4,4,0.500000,0.500000,1.000000,1.000000,0.500000,0.500000,1.000000,1.000000,normalized
1913,3,4,0.000000,0.500000,0.500000,1.000000,0.500000,0.500000,1.000000,1.000000,normalized
2022,4,4,0.500000,0.500000,1.000000,1.000000,0.500000,0.500000,1.000000,1.000000,normalized
2031,3,4,0.000000,0.500000,0.500000,1.000000,0.500000,0.500000,1.000000,1.000000,normalized
2142,4,4,0.500000,0.500000,1.000000,1.000000,0.500000,0.500000,1.000000,1.000000,normalized
2154,3,4,0.000000,0.500000,0.500000,1.000000,0.500000,0.500000,1.000000,1.000000,normalized
2255,4,4,0.500000,0.500000,1.000000,1.000000,0.500000,0.500000,1.000000,1.000000,normalized
2256,3,4,0.000000,0.500000,0.500000,1.000000,0.500000,0.500000,1.000000,1.000000,normalized
2261,4,4,0.500000,0.500000,1.000000,1.000000,0.500000,0.500000,1.000000,1.000000,normalized
2272,3,4,0.000000,0.500000,0.500000,1.000000,0.500000,0.500000,1.000000,1.000000,normalized
2382,4,4,0.500000,0.500000,1.000000,1.000000,0.500000,0.500000,1.000000,1.000000,normalized
2392,3,4,0.000000,0.500000,0.500000,1.000000,0.500000,0.500000,1.000000,1.000000,normalized
2502,4,2,0.500000,0.500000,1.000000,1.000000,0.500000,0.000000,1.000000,0.500000,normalized
2513,3,4,0.000000,0.500000,0.500000,1.000000,0.500000,0.500000,1.000000,1.000000,normalized
2543,2,2,0.500000,0.000000,1.000000,0.500000,0.500000,0.000000,1.000000,0.500000,normalized
2545,3,2,0.000000,0.500000,0.500000,1.000000,0.500000,0.000000,1.000000,0.500000,normalized
2592,2,4,0.500000,0.000000,1.000000,0.500000,0.500000,0.500000,1.000000,1.000000,normalized
2596,3,2,0.000000,0.500000,0.500000,1.000000,0.500000,0.000000,1.000000,0.500000,normalized
2622,4,4,0.500000,0.500000,1.000000,1.000000,0.500000,0.500000,1.000000,1.000000,normalized
2632,3,4,0.000000,0.500000,0.500000,1.000000,0.500000,0.500000,1.000000,1.000000,normalized
2742,4,2,0.500000,0.500000,1.000000,1.000000,0.500000,0.000000,1.000000,0.500000,normalized
2751,3,4,0.000000,0.500000,0.500000,1.000000,0.500000,0.500000,1.000000,1.000000,normalized
2854,2,4,0.500000,0.000000,1.000000,0.500000,0.500000,0.500000,1.000000,1.000000,normalized
2860,3,2,0.000000,0.500000,0.500000,1.000000,0.500000,0.000000,1.000000,0.500000,normalized
2863,4,2,0.500000,0.500000,1.000000,1.000000,0.500000,0.000000,1.000000,0.500000,normalized
2872,3,4,0.000000,0.500000,0.500000,1.000000,0.500000,0.500000,1.000000,1.000000,normalized
2910,2,4,0.500000,0.000000,1.000000,0.500000,0.500000,0.500000,1.000000,1.000000,normalized
2911,3,2,0.000000,0.500000,0.500000,1.000000,0.500000,0.000000,1.000000,0.500000,normalized
2981,4,2,0.500000,0.500000,1.000000,1.000000,0.500000,0.000000,1.000000,0.500000,normalized
2992,3,4,0.000000,0.500000,0.500000,1.000000,0.500000,0.500000,1.000000,1.000000,normalized
3056,2,4,0.500000,0.000000,1.000000,0.500000,0.500000,0.500000,1.000000,1.000000,normalized
3065,3,2,0.000000,0.500000,0.500000,1.000000,0.500000,0.000000,1.000000,0.500000,normalized
3102,4,2,0.500000,0.500000,1.000000,1.000000,0.500000,0.000000,1.000000,0.500000,normalized
3109,3,4,0.000000,0.500000,0.500000,1.000000,0.500000,0.500000,1.000000,1.000000,normalized
3159,2,2,0.500000,0.000000,1.000000,0.500000,0.500000,0.000000,1.000000,0.500000,normalized
3173,3,2,0.000000,0.500000,0.500000,1.000000,0.500000,0.000000,1.000000,0.500000,normalized
3214,2,2,0.500000,0.000000,1.000000,0.500000,0.500000,0.000000,1.000000,0.500000,normalized
3220,3,2,0.000000,0.500000,0.500000,1.000000,0.500000,0.000000,1.000000,0.500000,normalized
3223,4,3,0.500000,0.500000,1.000000,1.000000,0.000000,0.500000,0.500000,1.000000,normalized
3234,3,2,0.000000,0.500000,0.500000,1.000000,0.500000,0.000000,1.000000,0.500000,normalized
3266,2,2,0.500000,0.000000,1.000000,0.500000,0.500000,0.000000,1.000000,0.500000,normalized
3276,3,2,0.000000,0.500000,0.500000,1.000000,0.500000,0.000000,1.000000,0.500000,normalized
3318,2,2,0.500000,0.000000,1.000000,0.500000,0.500000,0.000000,1.000000,0.500000,normalized
3329,3,2,0.000000,0.500000,0.500000,1.000000,0.500000,0.000000,1.000000,0.500000,normalized
3341,4,3,0.500000,0.500000,1.000000,1.000000,0.000000,0.500000,0.500000,1.000000,normalized
3355,3,2,0.000000,0.500000,0.500000,1.000000,0.500000,0.000000,1.000000,0.500000,normalized
3371,2,2,0.500000,0.000000,1.000000,0.500000,0.500000,0.000000,1.000000,0.500000,normalized
3383,3,2,0.000000,0.500000,0.500000,1.000000,0.500000,0.000000,1.000000,0.500000,normalized
3425,2,4,0.500000,0.000000,1.000000,0.500000,0.500000,0.500000,1.000000,1.000000,normalized
3436,3,2,0.000000,0.500000,0.500000,1.000000,0.500000,0.000000,1.000000,0.500000,normalized
3461,4,2,0.500000,0.500000,1.000000,1.000000,0.500000,0.000000,1.000000,0.500000,normalized
3471,3,4,0.000000,0.500000,0.500000,1.000000,0.500000,0.500000,1.000000,1.000000,normalized
3480,2,4,0.500000,0.000000,1.000000,0.500000,0.500000,0.500000,1.000000,1.000000,normalized
3488,3,2,0.000000,0.500000,0.500000,1.000000,0.500000,0.000000,1.000000,0.500000,normalized
3507,4,2,0.500000,0.500000,1.000000,1.000000,0.500000,0.000000,1.000000,0.500000,normalized
3508,3,4,0.000000,0.500000,0.500000,1.000000,0.500000,0.500000,1.000000,1.000000,normalized
3529,2,4,0.500000,0.000000,1.000000,0.500000,0.500000,0.500000,1.000000,1.000000,normalized
3542,3,2,0.000000,0.500000,0.500000,1.000000,0.500000,0.000000,1.000000,0.500000,normalized
3583,4,2,0.500000,0.500000,1.000000,1.000000,0.500000,0.000000,1.000000,0.500000,normalized
3588,3,4,0.000000,0.500000,0.500000,1.000000,0.500000,0.500000,1.000000,1.000000,normalized
3640,2,2,0.500000,0.000000,1.000000,0.500000,0.500000,0.000000,1.000000,0.500000,normalized
3645,3,2,0.000000,0.500000,0.500000,1.000000,0.500000,0.000000,1.000000,0.500000,normalized
3695,2,4,0.500000,0.000000,1.000000,0.500000,0.500000,0.500000,1.000000,1.000000,normalized
3699,3,2,0.000000,0.500000,0.500000,1.000000,0.500000,0.000000,1.000000,0.500000,normalized
3703,4,2,0.500000,0.500000,1.000000,1.000000,0.500000,0.000000,1.000000,0.500000,normalized
3711,3,4,0.000000,0.500000,0.500000,1.000000,0.500000,0.500000,1.000000,1.000000,normalized
3747,2,4,0.500000,0.000000,1.000000,0.500000,0.500000,0.500000,1.000000,1.000000,normalized
3751,3,2,0.000000,0.500000,0.500000,1.000000,0.500000,0.000000,1.000000,0.500000,normalized
3822,4,4,0.500000,0.500000,1.000000,1.000000,0.500000,0.500000,1.000000,1.000000,normalized
3831,3,4,0.000000,0.500000,0.500000,1.000000,0.500000,0.500000,1.000000,1.000000,normalized
3942,4,2,0.500000,0.500000,1.000000,1.000000,0.500000,0.000000,1.000000,0.500000,normalized
3952,3,4,0.000000,0.500000,0.500000,1.000000,0.500000,0.500000,1.000000,1.000000,normalized
4019,2,4,0.500000,0.000000,1.000000,0.500000,0.500000,0.500000,1.000000,1.000000,normalized
4021,3,2,0.000000,0.500000,0.500000,1.000000,0.500000,0.000000,1.000000,0.500000,normalized
4062,4,2,0.500000,0.500000,1.000000,1.000000,0.500000,0.000000,1.000000,0.500000,normalized
4067,3,4,0.000000,0.500000,0.500000,1.000000,0.500000,0.500000,1.000000,1.000000,normalized
4123,2,2,0.500000,0.000000,1.000000,0.500000,0.500000,0.000000,1.000000,0.500000,normalized
4127,3,2,0.000000,0.500000,0.500000,1.000000,0.500000,0.000000,1.000000,0.500000,normalized
4129,2,2,0.500000,0.000000,1.000000,0.500000,0.500000,0.000000,1.000000,0.500000,normalized
4132,3,2,0.000000,0.500000,0.500000,1.000000,0.500000,0.000000,1.000000,0.500000,normalized
4176,2,4,0.500000,0.000000,1.000000,0.500000,0.500000,0.500000,1.000000,1.000000,normalized
4180,3,2,0.000000,0.500000,0.500000,1.000000,0.500000,0.000000,1.000000,0.500000,normalized
4184,4,4,0.500000,0.500000,1.000000,1.000000,0.500000,0.500000,1.000000,1.000000,normalized
4192,3,4,0.000000,0.500000,0.500000,1.000000,0.500000,0.500000,1.000000,1.000000,normalized
4204,4,4,0.500000,0.500000,1.000000,1.000000,0.500000,0.500000,1.000000,1.000000,normalized
4210,3,3,0.000000,0.500000,0.500000,1.000000,0.000000,0.500000,0.500000,1.000000,normalized
4230,2,2,0.500000,0.000000,1.000000,0.500000,0.500000,0.000000,1.000000,0.500000,normalized
4238,3,3,0.000000,0.500000,0.500000,1.000000,0.000000,0.500000,0.500000,1.000000,normalized
4256,4,4,0.500000,0.500000,1.000000,1.000000,0.500000,0.500000,1.000000,1.000000,normalized
4261,3,3,0.000000,0.500000,0.500000,1.000000,0.000000,0.500000,0.500000,1.000000,normalized
4284,2,2,0.500000,0.000000,1.000000,0.500000,0.500000,0.000000,1.000000,0.500000,normalized
4293,3,3,0.000000,0.500000,0.500000,1.000000,0.000000,0.500000,0.500000,1.000000,normalized
4302,4,4,0.500000,0.500000,1.000000,1.000000,0.500000,0.500000,1.000000,1.000000,normalized
4315,3,3,0.000000,0.500000,0.500000,1.000000,0.000000,0.500000,0.500000,1.000000,normalized
4337,2,2,0.500000,0.000000,1.000000,0.500000,0.500000,0.000000,1.000000,0.500000,normalized
4345,3,3,0.000000,0.500000,0.500000,1.000000,0.000000,0.500000,0.500000,1.000000,normalized
4389,2,2,0.500000,0.000000,1.000000,0.500000,0.500000,0.000000,1.000000,0.500000,normalized
4399,3,3,0.000000,0.500000,0.500000,1.000000,0.000000,0.500000,0.500000,1.000000,normalized
4421,4,4,0.500000,0.500000,1.000000,1.000000,0.500000,0.500000,1.000000,1.000000,normalized
4432,3,3,0.000000,0.500000,0.500000,1.000000,0.000000,0.500000,0.500000,1.000000,normalized
4542,4,4,0.500000,0.500000,1.000000,1.000000,0.500000,0.500000,1.000000,1.000000,normalized
4549,3,3,0.000000,0.500000,0.500000,1.000000,0.000000,0.500000,0.500000,1.000000,normalized
4610,2,2,0.500000,0.000000,1.000000,0.500000,0.500000,0.000000,1.000000,0.500000,normalized
4613,3,3,0.000000,0.500000,0.500000,1.000000,0.000000,0.500000,0.500000,1.000000,normalized
4667,4,4,0.500000,0.500000,1.000000,1.000000,0.500000,0.500000,1.000000,1.000000,normalized
4670,3,3,0.000000,0.500000,0.500000,1.000000,0.000000,0.500000,0.500000,1.000000,normalized
4781,4,4,0.500000,0.500000,1.000000,1.000000,0.500000,0.500000,1.000000,1.000000,normalized
4799,3,3,0.000000,0.500000,0.500000,1.000000,0.000000,0.500000,0.500000,1.000000,normalized
4863,2,2,0.500000,0.000000,1.000000,0.500000,0.500000,0.000000,1.000000,0.500000,normalized
4869,3,3,0.000000,0.500000,0.500000,1.000000,0.000000,0.500000,0.500000,1.000000,normalized
4900,4,4,0.500000,0.500000,1.000000,1.000000,0.500000,0.500000,1.000000,1.000000,normalized
4908,3,3,0.000000,0.500000,0.500000,1.000000,0.000000,0.500000,0.500000,1.000000,normalized
4919,2,2,0.500000,0.000000,1.000000,0.500000,0.500000,0.000000,1.000000,0.500000,normalized
4921,3,3,0.000000,0.500000,0.500000,1.000000,0.000000,0.500000,0.500000,1.000000,normalized
4950,4,4,0.500000,0.500000,1.000000,1.000000,0.500000,0.500000,1.000000,1.000000,normalized
4951,3,3,0.000000,0.500000,0.500000,1.000000,0.000000,0.500000,0.500000,1.000000,normalized
4965,2,2,0.500000,0.000000,1.000000,0.500000,0.500000,0.000000,1.000000,0.500000,normalized
4974,3,3,0.000000,0.500000,0.500000,1.000000,0.000000,0.500000,0.500000,1.000000,normalized
5016,2,2,0.500000,0.000000,1.000000,0.500000,0.500000,0.000000,1.000000,0.500000,normalized
5021,3,3,0.000000,0.500000,0.500000,1.000000,0.000000,0.500000,0.500000,1.000000,normalized
5027,4,4,0.500000,0.500000,1.000000,1.000000,0.500000,0.500000,1.000000,1.000000,normalized
5030,3,3,0.000000,0.500000,0.500000,1.000000,0.000000,0.500000,0.500000,1.000000,normalized
5040,4,4,0.500000,0.500000,1.000000,1.000000,0.500000,0.500000,1.000000,1.000000,normalized
5044,3,3,0.000000,0.500000,0.500000,1.000000,0.000000,0.500000,0.500000,1.000000,normalized
5053,4,4,0.500000,0.500000,1.000000,1.000000,0.500000,0.500000,1.000000,1.000000,normalized
5056,3,3,0.000000,0.500000,0.500000,1.000000,0.000000,0.500000,0.500000,1.000000,normalized
5068,2,2,0.500000,0.000000,1.000000,0.500000,0.500000,0.000000,1.000000,0.500000,normalized
5078,3,3,0.000000,0.500000,0.500000,1.000000,0.000000,0.500000,0.500000,1.000000,normalized
5120,2,2,0.500000,0.000000,1.000000,0.500000,0.500000,0.000000,1.000000,0.500000,normalized
5128,3,3,0.000000,0.500000,0.500000,1.000000,0.000000,0.500000,0.500000,1.000000,normalized
5141,4,3,0.500000,0.500000,1.000000,1.000000,0.000000,0.500000,0.500000,1.000000,normalized
5154,3,3,0.000000,0.500000,0.500000,1.000000,0.000000,0.500000,0.500000,1.000000,normalized
5173,2,2,0.500000,0.000000,1.000000,0.500000,0.500000,0.000000,1.000000,0.500000,normalized
5181,3,3,0.000000,0.500000,0.500000,1.000000,0.000000,0.500000,0.500000,1.000000,normalized
5218,2,2,0.500000,0.000000,1.000000,0.500000,0.500000,0.000000,1.000000,0.500000,normalized
5234,3,3,0.000000,0.500000,0.500000,1.000000,0.000000,0.500000,0.500000,1.000000,normalized
5254,4,4,0.500000,0.500000,1.000000,1.000000,0.500000,0.500000,1.000000,1.000000,normalized
5270,3,3,0.000000,0.500000,0.500000,1.000000,0.000000,0.500000,0.500000,1.000000,normalized
5274,2,2,0.500000,0.000000,1.000000,0.500000,0.500000,0.000000,1.000000,0.500000,normalized
5284,3,3,0.000000,0.500000,0.500000,1.000000,0.000000,0.500000,0.500000,1.000000,normalized
5340,4,4,0.500000,0.500000,1.000000,1.000000,0.500000,0.500000,1.000000,1.000000,normalized
5363,3,3,0.000000,0.500000,0.500000,1.000000,0.000000,0.500000,0.500000,1.000000,normalized
5384,4,4,0.500000,0.500000,1.000000,1.000000,0.500000,0.500000,1.000000,1.000000,normalized
5389,3,3,0.000000,0.500000,0.500000,1.000000,0.000000,0.500000,0.500000,1.000000,normalized
5395,4,4,0.500000,0.500000,1.000000,1.000000,0.500000,0.500000,1.000000,1.000000,normalized
5405,3,3,0.000000,0.500000,0.500000,1.000000,0.000000,0.500000,0.500000,1.000000,normalized
5414,4,4,0.500000,0.500000,1.000000,1.000000,0.500000,0.500000,1.000000,1.000000,normalized
5424,3,3,0.000000,0.500000,0.500000,1.000000,0.000000,0.500000,0.500000,1.000000,normalized
5433,2,2,0.500000,0.000000,1.000000,0.500000,0.500000,0.000000,1.000000,0.500000,normalized
5437,3,3,0.000000,0.500000,0.500000,1.000000,0.000000,0.500000,0.500000,1.000000,normalized
5455,4,4,0.500000,0.500000,1.000000,1.000000,0.500000,0.500000,1.000000,1.000000,normalized
5464,3,3,0.000000,0.500000,0.500000,1.000000,0.000000,0.500000,0.500000,1.000000,normalized
5501,4,4,0.500000,0.500000,1.000000,1.000000,0.500000,0.500000,1.000000,1.000000,normalized
5518,3,3,0.000000,0.500000,0.500000,1.000000,0.000000,0.500000,0.500000,1.000000,normalized
5556,4,4,0.500000,0.500000,1.000000,1.000000,0.500000,0.500000,1.000000,1.000000,normalized
5572,3,3,0.000000,0.500000,0.500000,1.000000,0.000000,0.500000,0.500000,1.000000,normalized
5585,2,2,0.500000,0.000000,1.000000,0.500000,0.500000,0.000000,1.000000,0.500000,normalized
5588,3,3,0.000000,0.500000,0.500000,1.000000,0.000000,0.500000,0.500000,1.000000,normalized
5612,4,4,0.500000,0.500000,1.000000,1.000000,0.500000,0.500000,1.000000,1.000000,normalized
5633,3,3,0.000000,0.500000,0.500000,1.000000,0.000000,0.500000,0.500000,1.000000,normalized
5639,2,2,0.500000,0.000000,1.000000,0.500000,0.500000,0.000000,1.000000,0.500000,normalized
5647,3,3,0.000000,0.500000,0.500000,1.000000,0.000000,0.500000,0.500000,1.000000,normalized
5658,4,4,0.500000,0.500000,1.000000,1.000000,0.500000,0.500000,1.000000,1.000000,normalized
5663,3,3,0.000000,0.500000,0.500000,1.000000,0.000000,0.500000,0.500000,1.000000,normalized
5676,4,4,0.500000,0.500000,1.000000,1.000000,0.500000,0.500000,1.000000,1.000000,normalized
5677,3,3,0.000000,0.500000,0.500000,1.000000,0.000000,0.500000,0.500000,1.000000,normalized
5710,4,4,0.500000,0.500000,1.000000,1.000000,0.500000,0.500000,1.000000,1.000000,normalized
5713,3,3,0.000000,0.500000,0.500000,1.000000,0.000000,0.500000,0.500000,1.000000,normalized
5742,4,4,0.500000,0.500000,1.000000,1.000000,0.500000,0.500000,1.000000,1.000000,normalized
5765,3,3,0.000000,0.500000,0.500000,1.000000,0.000000,0.500000,0.500000,1.000000,normalized
5790,2,2,0.500000,0.000000,1.000000,0.500000,0.500000,0.000000,1.000000,0.500000,normalized
5794,3,3,0.000000,0.500000,0.500000,1.000000,0.000000,0.500000,0.500000,1.000000,normalized
5811,4,4,0.500000,0.500000,1.000000,1.000000,0.500000,0.500000,1.000000,1.000000,normalized
5814,3,3,0.000000,0.500000,0.500000,1.000000,0.000000,0.500000,0.500000,1.000000,normalized
5839,2,2,0.500000,0.000000,1.000000,0.500000,0.500000,0.000000,1.000000,0.500000,normalized
5846,3,3,0.000000,0.500000,0.500000,1.000000,0.000000,0.500000,0.500000,1.000000,normalized
5861,4,4,0.500000,0.500000,1.000000,1.000000,0.500000,0.500000,1.000000,1.000000,normalized
5872,3,3,0.000000,0.500000,0.500000,1.000000,0.000000,0.500000,0.500000,1.000000,normalized
5889,2,2,0.500000,0.000000,1.000000,0.500000,0.500000,0.000000,1.000000,0.500000,normalized
5896,3,3,0.000000,0.500000,0.500000,1.000000,0.000000,0.500000,0.500000,1.000000,normalized
5939,2,2,0.500000,0.000000,1.000000,0.500000,0.500000,0.000000,1.000000,0.500000,normalized
5950,3,3,0.000000,0.500000,0.500000,1.000000,0.000000,0.500000,0.500000,1.000000,normalized
5982,4,3,0.500000,0.500000,1.000000,1.000000,0.000000,0.500000,0.500000,1.000000,normalized
5991,3,3,0.000000,0.500000,0.500000,1.000000,0.000000,0.500000,0.500000,1.000000,normalized
6042,2,2,0.500000,0.000000,1.000000,0.500000,0.500000,0.000000,1.000000,0.500000,normalized
6051,3,3,0.000000,0.500000,0.500000,1.000000,0.000000,0.500000,0.500000,1.000000,normalized
6093,2,2,0.500000,0.000000,1.000000,0.500000,0.500000,0.000000,1.000000,0.500000,normalized
6101,3,3,0.000000,0.500000,0.500000,1.000000,0.000000,0.500000,0.500000,1.000000,normalized
6104,4,3,0.500000,0.500000,1.000000,1.000000,0.000000,0.500000,0.500000,1.000000,normalized
6110,3,3,0.000000,0.500000,0.500000,1.000000,0.000000,0.500000,0.500000,1.000000,normalized
6144,2,2,0.500000,0.000000,1.000000,0.500000,0.500000,0.000000,1.000000,0.500000,normalized
6161,3,3,0.000000,0.500000,0.500000,1.000000,0.000000,0.500000,0.500000,1.000000,normalized
6194,2,2,0.500000,0.000000,1.000000,0.500000,0.500000,0.000000,1.000000,0.500000,normalized
6212,3,3,0.000000,0.500000,0.500000,1.000000,0.000000,0.500000,0.500000,1.000000,normalized
6222,4,3,0.500000,0.500000,1.000000,1.000000,0.000000,0.500000,0.500000,1.000000,normalized
6233,3,3,0.000000,0.500000,0.500000,1.000000,0.000000,0.500000,0.500000,1.000000,normalized
6247,2,2,0.500000,0.000000,1.000000,0.500000,0.500000,0.000000,1.000000,0.500000,normalized
6263,3,3,0.000000,0.500000,0.500000,1.000000,0.000000,0.500000,0.500000,1.000000,normalized
6298,2,2,0.500000,0.000000,1.000000,0.500000,0.500000,0.000000,1.000000,0.500000,normalized
6314,3,3,0.000000,0.500000,0.500000,1.000000,0.000000,0.500000,0.500000,1.000000,normalized
6342,4,3,0.500000,0.500000,1.000000,1.000000,0.000000,0.500000,0.500000,1.000000,normalized
6350,3,3,0.000000,0.500000,0.500000,1.000000,0.000000,0.500000,0.500000,1.000000,normalized
6354,2,2,0.500000,0.000000,1.000000,0.500000,0.500000,0.000000,1.000000,0.500000,normalized
6362,3,3,0.000000,0.500000,0.500000,1.000000,0.000000,0.500000,0.500000,1.000000,normalized
6400,2,2,0.500000,0.000000,1.000000,0.500000,0.500000,0.000000,1.000000,0.500000,normalized
6413,3,3,0.000000,0.500000,0.500000,1.000000,0.000000,0.500000,0.500000,1.000000,normalized
6452,2,2,0.500000,0.000000,1.000000,0.500000,0.500000,0.000000,1.000000,0.500000,normalized
6506,3,3,0.000000,0.500000,0.500000,1.000000,0.000000,0.500000,0.500000,1.000000,normalized
6507,2,2,0.500000,0.000000,1.000000,0.500000,0.500000,0.000000,1.000000,0.500000,normalized
6508,3,3,0.000000,0.500000,0.500000,1.000000,0.000000,0.500000,0.500000,1.000000,normalized
6555,2,2,0.500000,0.000000,1.000000,0.500000,0.500000,0.000000,1.000000,0.500000,normalized
6563,3,3,0.000000,0.500000,0.500000,1.000000,0.000000,0.500000,0.500000,1.000000,normalized
6582,4,3,0.500000,0.500000,1.000000,1.000000,0.000000,0.500000,0.500000,1.000000,normalized
6592,3,3,0.000000,0.500000,0.500000,1.000000,0.000000,0.500000,0.500000,1.000000,normalized
6607,2,2,0.500000,0.000000,1.000000,0.500000,0.500000,0.000000,1.000000,0.500000,normalized
6613,3,3,0.000000,0.500000,0.500000,1.000000,0.000000,0.500000,0.500000,1.000000,normalized
6652,2,2,0.500000,0.000000,1.000000,0.500000,0.500000,0.000000,1.000000,0.500000,normalized
6665,3,3,0.000000,0.500000,0.500000,1.000000,0.000000,0.500000,0.500000,1.000000,normalized
6698,2,2,0.500000,0.000000,1.000000,0.500000,0.500000,0.000000,1.000000,0.500000,normalized
6700,3,3,0.000000,0.500000,0.500000,1.000000,0.000000,0.500000,0.500000,1.000000,normalized
6704,4,3,0.500000,0.500000,1.000000,1.000000,0.000000,0.500000,0.500000,1.000000,normalized
6709,3,3,0.000000,0.500000,0.500000,1.000000,0.000000,0.500000,0.500000,1.000000,normalized
6747,2,2,0.500000,0.000000,1.000000,0.500000,0.500000,0.000000,1.000000,0.500000,normalized
6764,3,3,0.000000,0.500000,0.500000,1.000000,0.000000,0.500000,0.500000,1.000000,normalized
6796,2,2,0.500000,0.000000,1.000000,0.500000,0.500000,0.000000,1.000000,0.500000,normalized
6816,3,3,0.000000,0.500000,0.500000,1.000000,0.000000,0.500000,0.500000,1.000000,normalized
6822,4,3,0.500000,0.500000,1.000000,1.000000,0.000000,0.500000,0.500000,1.000000,normalized
6831,3,3,0.000000,0.500000,0.500000,1.000000,0.000000,0.500000,0.500000,1.000000,normalized
6847,2,2,0.500000,0.000000,1.000000,0.500000,0.500000,0.000000,1.000000,0.500000,normalized
6862,3,3,0.000000,0.500000,0.500000,1.000000,0.000000,0.500000,0.500000,1.000000,normalized
6897,2,2,0.500000,0.000000,1.000000,0.500000,0.500000,0.000000,1.000000,0.500000,normalized
6914,3,3,0.000000,0.500000,0.500000,1.000000,0.000000,0.500000,0.500000,1.000000,normalized
6942,4,3,0.500000,0.500000,1.000000,1.000000,0.000000,0.500000,0.500000,1.000000,normalized
6950,3,3,0.000000,0.500000,0.500000,1.000000,0.000000,0.500000,0.500000,1.000000,normalized
6954,2,2,0.500000,0.000000,1.000000,0.500000,0.500000,0.000000,1.000000,0.500000,normalized
6964,3,3,0.000000,0.500000,0.500000,1.000000,0.000000,0.500000,0.500000,1.000000,normalized
6997,2,2,0.500000,0.000000,1.000000,0.500000,0.500000,0.000000,1.000000,0.500000,normalized
7014,3,3,0.000000,0.500000,0.500000,1.000000,0.000000,0.500000,0.500000,1.000000,normalized
7046,2,2,0.500000,0.000000,1.000000,0.500000,0.500000,0.000000,1.000000,0.500000,normalized
7096,3,3,0.000000,0.500000,0.500000,1.000000,0.000000,0.500000,0.500000,1.000000,normalized
7097,2,2,0.500000,0.000000,1.000000,0.500000,0.500000,0.000000,1.000000,0.500000,normalized
7113,3,3,0.000000,0.500000,0.500000,1.000000,0.000000,0.500000,0.500000,1.000000,normalized
7145,2,2,0.500000,0.000000,1.000000,0.500000,0.500000,0.000000,1.000000,0.500000,normalized
7162,3,3,0.000000,0.500000,0.500000,1.000000,0.000000,0.500000,0.500000,1.000000,normalized
7181,4,3,0.500000,0.500000,1.000000,1.000000,0.000000,0.500000,0.500000,1.000000,normalized
7192,3,3,0.000000,0.500000,0.500000,1.000000,0.000000,0.500000,0.500000,1.000000,normalized
7196,2,2,0.500000,0.000000,1.000000,0.500000,0.500000,0.000000,1.000000,0.500000,normalized
7211,3,3,0.000000,0.500000,0.500000,1.000000,0.000000,0.500000,0.500000,1.000000,normalized
7240,2,2,0.500000,0.000000,1.000000,0.500000,0.500000,0.000000,1.000000,0.500000,normalized
7260,3,3,0.000000,0.500000,0.500000,1.000000,0.000000,0.500000,0.500000,1.000000,normalized
7292,2,2,0.500000,0.000000,1.000000,0.500000,0.500000,0.000000,1.000000,0.500000,normalized
7301,3,3,0.000000,0.500000,0.500000,1.000000,0.000000,0.500000,0.500000,1.000000,normalized
7304,4,3,0.500000,0.500000,1.000000,1.000000,0.000000,0.500000,0.500000,1.000000,normalized
7312,3,3,0.000000,0.500000,0.500000,1.000000,0.000000,0.500000,0.500000,1.000000,normalized
7342,2,2,0.500000,0.000000,1.000000,0.500000,0.500000,0.000000,1.000000,0.500000,normalized
7360,3,3,0.000000,0.500000,0.500000,1.000000,0.000000,0.500000,0.500000,1.000000,normalized
7393,2,2,0.500000,0.000000,1.000000,0.500000,0.500000,0.000000,1.000000,0.500000,normalized
7412,3,3,0.000000,0.500000,0.500000,1.000000,0.000000,0.500000,0.500000,1.000000,normalized
7421,4,3,0.500000,0.500000,1.000000,1.000000,0.000000,0.500000,0.500000,1.000000,normalized
7431,3,3,0.000000,0.500000,0.500000,1.000000,0.000000,0.500000,0.500000,1.000000,normalized
7445,2,2,0.500000,0.000000,1.000000,0.500000,0.500000,0.000000,1.000000,0.500000,normalized
7459,3,3,0.000000,0.500000,0.500000,1.000000,0.000000,0.500000,0.500000,1.000000,normalized
7496,2,2,0.500000,0.000000,1.000000,0.500000,0.500000,0.000000,1.000000,0.500000,normalized
7513,3,3,0.000000,0.500000,0.500000,1.000000,0.000000,0.500000,0.500000,1.000000,normalized
7542,4,3,0.500000,0.500000,1.000000,1.000000,0.000000,0.500000,0.500000,1.000000,normalized
7549,3,3,0.000000,0.500000,0.500000,1.000000,0.000000,0.500000,0.500000,1.000000,normalized
7554,2,2,0.500000,0.000000,1.000000,0.500000,0.500000,0.000000,1.000000,0.500000,normalized
7567,3,3,0.000000,0.500000,0.500000,1.000000,0.000000,0.500000,0.500000,1.000000,normalized
7598,2,2,0.500000,0.000000,1.000000,0.500000,0.500000,0.000000,1.000000,0.500000,normalized
7617,3,3,0.000000,0.500000,0.500000,1.000000,0.000000,0.500000,0.500000,1.000000,normalized
7646,2,2,0.500000,0.000000,1.000000,0.500000,0.500000,0.000000,1.000000,0.500000,normalized
7713,3,3,0.000000,0.500000,0.500000,1.000000,0.000000,0.500000,0.500000,1.000000,normalized
7748,2,2,0.500000,0.000000,1.000000,0.500000,0.500000,0.000000,1.000000,0.500000,normalized
7761,3,3,0.000000,0.500000,0.500000,1.000000,0.000000,0.500000,0.500000,1.000000,normalized
7782,4,3,0.500000,0.500000,1.000000,1.000000,0.000000,0.500000,0.500000,1.000000,normalized
7791,3,3,0.000000,0.500000,0.500000,1.000000,0.000000,0.500000,0.500000,1.000000,normalized
7796,2,2,0.500000,0.000000,1.000000,0.500000,0.500000,0.000000,1.000000,0.500000,normalized
7810,3,3,0.000000,0.500000,0.500000,1.000000,0.000000,0.500000,0.500000,1.000000,normalized
7845,2,2,0.500000,0.000000,1.000000,0.500000,0.500000,0.000000,1.000000,0.500000,normalized
7859,3,3,0.000000,0.500000,0.500000,1.000000,0.000000,0.500000,0.500000,1.000000,normalized
7896,2,2,0.500000,0.000000,1.000000,0.500000,0.500000,0.000000,1.000000,0.500000,normalized
7900,3,3,0.000000,0.500000,0.500000,1.000000,0.000000,0.500000,0.500000,1.000000,normalized
7907,4,3,0.500000,0.500000,1.000000,1.000000,0.000000,0.500000,0.500000,1.000000,normalized
7909,3,3,0.000000,0.500000,0.500000,1.000000,0.000000,0.500000,0.500000,1.000000,normalized
7954,2,2,0.500000,0.000000,1.000000,0.500000,0.500000,0.000000,1.000000,0.500000,normalized
7960,3,3,0.000000,0.500000,0.500000,1.000000,0.000000,0.500000,0.500000,1.000000,normalized
8000,2,2,0.500000,0.000000,1.000000,0.500000,0.500000,0.000000,1.000000,0.500000,normalized
8012,3,3,0.000000,0.500000,0.500000,1.000000,0.000000,0.500000,0.500000,1.000000,normalized
8022,4,3,0.500000,0.500000,1.000000,1.000000,0.000000,0.500000,0.500000,1.000000,normalized
8032,3,3,0.000000,0.500000,0.500000,1.000000,0.000000,0.500000,0.500000,1.000000,normalized
8052,2,2,0.500000,0.000000,1.000000,0.500000,0.500000,0.000000,1.000000,0.500000,normalized
8065,3,3,0.000000,0.500000,0.500000,1.000000,0.000000,0.500000,0.500000,1.000000,normalized
8098,2,2,0.500000,0.000000,1.000000,0.500000,0.500000,0.000000,1.000000,0.500000,normalized
8115,3,3,0.000000,0.500000,0.500000,1.000000,0.000000,0.500000,0.500000,1.000000,normalized
8141,4,3,0.500000,0.500000,1.000000,1.000000,0.000000,0.500000,0.500000,1.000000,normalized
8150,3,3,0.000000,0.500000,0.500000,1.000000,0.000000,0.500000,0.500000,1.000000,normalized
8153,2,2,0.500000,0.000000,1.000000,0.500000,0.500000,0.000000,1.000000,0.500000,normalized
8162,3,3,0.000000,0.500000,0.500000,1.000000,0.000000,0.500000,0.500000,1.000000,normalized
8198,2,2,0.500000,0.000000,1.000000,0.500000,0.500000,0.000000,1.000000,0.500000,normalized
8213,3,3,0.000000,0.500000,0.500000,1.000000,0.000000,0.500000,0.500000,1.000000,normalized
8246,2,2,0.500000,0.000000,1.000000,0.500000,0.500000,0.000000,1.000000,0.500000,normalized
8257,3,3,0.000000,0.500000,0.500000,1.000000,0.000000,0.500000,0.500000,1.000000,normalized
8263,4,3,0.500000,0.500000,1.000000,1.000000,0.000000,0.500000,0.500000,1.000000,normalized
8274,3,3,0.000000,0.500000,0.500000,1.000000,0.000000,0.500000,0.500000,1.000000,normalized
8300,2,2,0.500000,0.000000,1.000000,0.500000,0.500000,0.000000,1.000000,0.500000,normalized
8305,3,3,0.000000,0.500000,0.500000,1.000000,0.000000,0.500000,0.500000,1.000000,normalized
8348,2,2,0.500000,0.000000,1.000000,0.500000,0.500000,0.000000,1.000000,0.500000,normalized
8357,3,3,0.000000,0.500000,0.500000,1.000000,0.000000,0.500000,0.500000,1.000000,normalized
8382,4,3,0.500000,0.500000,1.000000,1.000000,0.000000,0.500000,0.500000,1.000000,normalized
8394,3,3,0.000000,0.500000,0.500000,1.000000,0.000000,0.500000,0.500000,1.000000,normalized
8402,2,2,0.500000,0.000000,1.000000,0.500000,0.500000,0.000000,1.000000,0.500000,normalized
8404,3,3,0.000000,0.500000,0.500000,1.000000,0.000000,0.500000,0.500000,1.000000,normalized
8421,2,2,0.500000,0.000000,1.000000,0.500000,0.500000,0.000000,1.000000,0.500000,normalized
8434,3,3,0.000000,0.500000,0.500000,1.000000,0.000000,0.500000,0.500000,1.000000,normalized
8470,2,2,0.500000,0.000000,1.000000,0.500000,0.500000,0.000000,1.000000,0.500000,normalized
8480,3,3,0.000000,0.500000,0.500000,1.000000,0.000000,0.500000,0.500000,1.000000,normalized
8500,4,3,0.500000,0.500000,1.000000,1.000000,0.000000,0.500000,0.500000,1.000000,normalized
8511,3,3,0.000000,0.500000,0.500000,1.000000,0.000000,0.500000,0.500000,1.000000,normalized
8520,2,2,0.500000,0.000000,1.000000,0.500000,0.500000,0.000000,1.000000,0.500000,normalized
8530,3,3,0.000000,0.500000,0.500000,1.000000,0.000000,0.500000,0.500000,1.000000,normalized
8568,2,2,0.500000,0.000000,1.000000,0.500000,0.500000,0.000000,1.000000,0.500000,normalized
8580,3,3,0.000000,0.500000,0.500000,1.000000,0.000000,0.500000,0.500000,1.000000,normalized
8621,4,4,0.500000,0.500000,1.000000,1.000000,0.500000,0.500000,1.000000,1.000000,normalized
8626,3,3,0.000000,0.500000,0.500000,1.000000,0.000000,0.500000,0.500000,1.000000,normalized
8629,4,4,0.500000,0.500000,1.000000,1.000000,0.500000,0.500000,1.000000,1.000000,normalized
8630,3,3,0.000000,0.500000,0.500000,1.000000,0.000000,0.500000,0.500000,1.000000,normalized
8669,2,2,0.500000,0.000000,1.000000,0.500000,0.500000,0.000000,1.000000,0.500000,normalized
8676,3,3,0.000000,0.500000,0.500000,1.000000,0.000000,0.500000,0.500000,1.000000,normalized
8740,4,4,0.500000,0.500000,1.000000,1.000000,0.500000,0.500000,1.000000,1.000000,normalized
8751,3,3,0.000000,0.500000,0.500000,1.000000,0.000000,0.500000,0.500000,1.000000,normalized
8819,2,2,0.500000,0.000000,1.000000,0.500000,0.500000,0.000000,1.000000,0.500000,normalized
8831,3,3,0.000000,0.500000,0.500000,1.000000,0.000000,0.500000,0.500000,1.000000,normalized
8859,4,4,0.500000,0.500000,1.000000,1.000000,0.500000,0.500000,1.000000,1.000000,normalized
8868,3,3,0.000000,0.500000,0.500000,1.000000,0.000000,0.500000,0.500000,1.000000,normalized
8874,2,2,0.500000,0.000000,1.000000,0.500000,0.500000,0.000000,1.000000,0.500000,normalized
8879,3,3,0.000000,0.500000,0.500000,1.000000,0.000000,0.500000,0.500000,1.000000,normalized
8917,2,2,0.500000,0.000000,1.000000,0.500000,0.500000,0.000000,1.000000,0.500000,normalized
8932,3,3,0.000000,0.500000,0.500000,1.000000,0.000000,0.500000,0.500000,1.000000,normalized
8969,2,2,0.500000,0.000000,1.000000,0.500000,0.500000,0.000000,1.000000,0.500000,normalized
8978,3,3,0.000000,0.500000,0.500000,1.000000,0.000000,0.500000,0.500000,1.000000,normalized
8981,4,4,0.500000,0.500000,1.000000,1.000000,0.500000,0.500000,1.000000,1.000000,normalized
8995,3,3,0.000000,0.500000,0.500000,1.000000,0.000000,0.500000,0.500000,1.000000,normalized
9004,4,4,0.500000,0.500000,1.000000,1.000000,0.500000,0.500000,1.000000,1.000000,normalized
9007,3,3,0.000000,0.500000,0.500000,1.000000,0.000000,0.500000,0.500000,1.000000,normalized
9017,2,2,0.500000,0.000000,1.000000,0.500000,0.500000,0.000000,1.000000,0.500000,normalized
9027,3,3,0.000000,0.500000,0.500000,1.000000,0.000000,0.500000,0.500000,1.000000,normalized
9067,2,2,0.500000,0.000000,1.000000,0.500000,0.500000,0.000000,1.000000,0.500000,normalized
9075,3,3,0.000000,0.500000,0.500000,1.000000,0.000000,0.500000,0.500000,1.000000,normalized
9099,4,4,0.500000,0.500000,1.000000,1.000000,0.500000,0.500000,1.000000,1.000000,normalized
9111,3,3,0.000000,0.500000,0.500000,1.000000,0.000000,0.500000,0.500000,1.000000,normalized
9214,2,2,0.500000,0.000000,1.000000,0.500000,0.500000,0.000000,1.000000,0.500000,normalized
9216,3,3,0.000000,0.500000,0.500000,1.000000,0.000000,0.500000,0.500000,1.000000,normalized
9221,4,4,0.500000,0.500000,1.000000,1.000000,0.500000,0.500000,1.000000,1.000000,normalized
9231,3,3,0.000000,0.500000,0.500000,1.000000,0.000000,0.500000,0.500000,1.000000,normalized
9312,2,2,0.500000,0.000000,1.000000,0.500000,0.500000,0.000000,1.000000,0.500000,normalized
9314,3,3,0.000000,0.500000,0.500000,1.000000,0.000000,0.500000,0.500000,1.000000,normalized
9340,4,4,0.500000,0.500000,1.000000,1.000000,0.500000,0.500000,1.000000,1.000000,normalized
9352,3,3,0.000000,0.500000,0.500000,1.000000,0.000000,0.500000,0.500000,1.000000,normalized
9402,2,2,0.500000,0.000000,1.000000,0.500000,0.500000,0.000000,1.000000,0.500000,normalized
9410,3,3,0.000000,0.500000,0.500000,1.000000,0.000000,0.500000,0.500000,1.000000,normalized
9448,2,2,0.500000,0.000000,1.000000,0.500000,0.500000,0.000000,1.000000,0.500000,normalized
9458,3,3,0.000000,0.500000,0.500000,1.000000,0.000000,0.500000,0.500000,1.000000,normalized
9461,4,4,0.500000,0.500000,1.000000,1.000000,0.500000,0.500000,1.000000,1.000000,normalized
9472,3,3,0.000000,0.500000,0.500000,1.000000,0.000000,0.500000,0.500000,1.000000,normalized
9484,4,4,0.500000,0.500000,1.000000,1.000000,0.500000,0.500000,1.000000,1.000000,normalized
9486,3,3,0.000000,0.500000,0.500000,1.000000,0.000000,0.500000,0.500000,1.000000,normalized
9494,2,2,0.500000,0.000000,1.000000,0.500000,0.500000,0.000000,1.000000,0.500000,normalized
9502,3,3,0.000000,0.500000,0.500000,1.000000,0.000000,0.500000,0.500000,1.000000,normalized
9540,2,2,0.500000,0.000000,1.000000,0.500000,0.500000,0.000000,1.000000,0.500000,normalized
9552,3,3,0.000000,0.500000,0.500000,1.000000,0.000000,0.500000,0.500000,1.000000,normalized
9580,4,3,0.500000,0.500000,1.000000,1.000000,0.000000,0.500000,0.500000,1.000000,normalized
9586,3,3,0.000000,0.500000,0.500000,1.000000,0.000000,0.500000,0.500000,1.000000,normalized
9592,2,2,0.500000,0.000000,1.000000,0.500000,0.500000,0.000000,1.000000,0.500000,normalized
9599,3,3,0.000000,0.500000,0.500000,1.000000,0.000000,0.500000,0.500000,1.000000,normalized
9634,2,2,0.500000,0.000000,1.000000,0.500000,0.500000,0.000000,1.000000,0.500000,normalized
9648,3,3,0.000000,0.500000,0.500000,1.000000,0.000000,0.500000,0.500000,1.000000,normalized
9683,2,2,0.500000,0.000000,1.000000,0.500000,0.500000,0.000000,1.000000,0.500000,normalized
9695,3,3,0.000000,0.500000,0.500000,1.000000,0.000000,0.500000,0.500000,1.000000,normalized
9701,4,3,0.500000,0.500000,1.000000,1.000000,0.000000,0.500000,0.500000,1.000000,normalized
9713,3,3,0.000000,0.500000,0.500000,1.000000,0.000000,0.500000,0.500000,1.000000,normalized
9731,2,2,0.500000,0.000000,1.000000,0.500000,0.500000,0.000000,1.000000,0.500000,normalized
9741,3,3,0.000000,0.500000,0.500000,1.000000,0.000000,0.500000,0.500000,1.000000,normalized
9742,2,2,0.500000,0.000000,1.000000,0.500000,0.500000,0.000000,1.000000,0.500000,normalized
9743,3,3,0.000000,0.500000,0.500000,1.000000,0.000000,0.500000,0.500000,1.000000,normalized
9780,2,2,0.500000,0.000000,1.000000,0.500000,0.500000,0.000000,1.000000,0.500000,normalized
9794,3,3,0.000000,0.500000,0.500000,1.000000,0.000000,0.500000,0.500000,1.000000,normalized
9821,4,3,0.500000,0.500000,1.000000,1.000000,0.000000,0.500000,0.500000,1.000000,normalized
9828,3,3,0.000000,0.500000,0.500000,1.000000,0.000000,0.500000,0.500000,1.000000,normalized
9833,2,2,0.500000,0.000000,1.000000,0.500000,0.500000,0.000000,1.000000,0.500000,normalized
9837,3,3,0.000000,0.500000,0.500000,1.000000,0.000000,0.500000,0.500000,1.000000,normalized
9877,2,2,0.500000,0.000000,1.000000,0.500000,0.500000,0.000000,1.000000,0.500000,normalized
9890,3,3,0.000000,0.500000,0.500000,1.000000,0.000000,0.500000,0.500000,1.000000,normalized
9928,2,2,0.500000,0.000000,1.000000,0.500000,0.500000,0.000000,1.000000,0.500000,normalized
9939,3,3,0.000000,0.500000,0.500000,1.000000,0.000000,0.500000,0.500000,1.000000,normalized
9942,4,4,0.500000,0.500000,1.000000,1.000000,0.500000,0.500000,1.000000,1.000000,normalized
9951,3,3,0.000000,0.500000,0.500000,1.000000,0.000000,0.500000,0.500000,1.000000,normalized
9977,2,2,0.500000,0.000000,1.000000,0.500000,0.500000,0.000000,1.000000,0.500000,normalized
9990,3,3,0.000000,0.500000,0.500000,1.000000,0.000000,0.500000,0.500000,1.000000,normalized
10010,4,4,0.500000,0.500000,1.000000,1.000000,0.500000,0.500000,1.000000,1.000000,normalized
10013,3,3,0.000000,0.500000,0.500000,1.000000,0.000000,0.500000,0.500000,1.000000,normalized
10023,2,2,0.500000,0.000000,1.000000,0.500000,0.500000,0.000000,1.000000,0.500000,normalized
10038,3,3,0.000000,0.500000,0.500000,1.000000,0.000000,0.500000,0.500000,1.000000,normalized
10059,4,4,0.500000,0.500000,1.000000,1.000000,0.500000,0.500000,1.000000,1.000000,normalized
10071,3,3,0.000000,0.500000,0.500000,1.000000,0.000000,0.500000,0.500000,1.000000,normalized
10074,2,2,0.500000,0.000000,1.000000,0.500000,0.500000,0.000000,1.000000,0.500000,normalized
10088,3,3,0.000000,0.500000,0.500000,1.000000,0.000000,0.500000,0.500000,1.000000,normalized
10118,2,2,0.500000,0.000000,1.000000,0.500000,0.500000,0.000000,1.000000,0.500000,normalized
10137,3,3,0.000000,0.500000,0.500000,1.000000,0.000000,0.500000,0.500000,1.000000,normalized
10166,2,2,0.500000,0.000000,1.000000,0.500000,0.500000,0.000000,1.000000,0.500000,normalized
10236,3,3,0.000000,0.500000,0.500000,1.000000,0.000000,0.500000,0.500000,1.000000,normalized
10265,2,2,0.500000,0.000000,1.000000,0.500000,0.500000,0.000000,1.000000,0.500000,normalized
10287,3,3,0.000000,0.500000,0.500000,1.000000,0.000000,0.500000,0.500000,1.000000,normalized
10301,4,3,0.500000,0.500000,1.000000,1.000000,0.000000,0.500000,0.500000,1.000000,normalized
10310,3,3,0.000000,0.500000,0.500000,1.000000,0.000000,0.500000,0.500000,1.000000,normalized
10316,2,2,0.500000,0.000000,1.000000,0.500000,0.500000,0.000000,1.000000,0.500000,normalized
10334,3,3,0.000000,0.500000,0.500000,1.000000,0.000000,0.500000,0.500000,1.000000,normalized
10365,2,2,0.500000,0.000000,1.000000,0.500000,0.500000,0.000000,1.000000,0.500000,normalized
10385,3,3,0.000000,0.500000,0.500000,1.000000,0.000000,0.500000,0.500000,1.000000,normalized
10414,2,2,0.500000,0.000000,1.000000,0.500000,0.500000,0.000000,1.000000,0.500000,normalized
10419,3,3,0.000000,0.500000,0.500000,1.000000,0.000000,0.500000,0.500000,1.000000,normalized
10422,4,3,0.500000,0.500000,1.000000,1.000000,0.000000,0.500000,0.500000,1.000000,normalized
10425,3,3,0.000000,0.500000,0.500000,1.000000,0.000000,0.500000,0.500000,1.000000,normalized
10464,2,2,0.500000,0.000000,1.000000,0.500000,0.500000,0.000000,1.000000,0.500000,normalized
10486,3,3,0.000000,0.500000,0.500000,1.000000,0.000000,0.500000,0.500000,1.000000,normalized
10514,2,2,0.500000,0.000000,1.000000,0.500000,0.500000,0.000000,1.000000,0.500000,normalized
10531,3,3,0.000000,0.500000,0.500000,1.000000,0.000000,0.500000,0.500000,1.000000,normalized
10541,4,3,0.500000,0.500000,1.000000,1.000000,0.000000,0.500000,0.500000,1.000000,normalized
10553,3,3,0.000000,0.500000,0.500000,1.000000,0.000000,0.500000,0.500000,1.000000,normalized
10566,2,2,0.500000,0.000000,1.000000,0.500000,0.500000,0.000000,1.000000,0.500000,normalized
10581,3,3,0.000000,0.500000,0.500000,1.000000,0.000000,0.500000,0.500000,1.000000,normalized
10614,2,2,0.500000,0.000000,1.000000,0.500000,0.500000,0.000000,1.000000,0.500000,normalized
10629,3,3,0.000000,0.500000,0.500000,1.000000,0.000000,0.500000,0.500000,1.000000,normalized
10661,4,3,0.500000,0.500000,1.000000,1.000000,0.000000,0.500000,0.500000,1.000000,normalized
10666,3,3,0.000000,0.500000,0.500000,1.000000,0.000000,0.500000,0.500000,1.000000,normalized
10672,2,2,0.500000,0.000000,1.000000,0.500000,0.500000,0.000000,1.000000,0.500000,normalized
10679,3,3,0.000000,0.500000,0.500000,1.000000,0.000000,0.500000,0.500000,1.000000,normalized
10713,2,2,0.500000,0.000000,1.000000,0.500000,0.500000,0.000000,1.000000,0.500000,normalized
10731,3,3,0.000000,0.500000,0.500000,1.000000,0.000000,0.500000,0.500000,1.000000,normalized
10765,2,2,0.500000,0.000000,1.000000,0.500000,0.500000,0.000000,1.000000,0.500000,normalized
10775,3,3,0.000000,0.500000,0.500000,1.000000,0.000000,0.500000,0.500000,1.000000,normalized
10781,4,3,0.500000,0.500000,1.000000,1.000000,0.000000,0.500000,0.500000,1.000000,normalized
10793,3,3,0.000000,0.500000,0.500000,1.000000,0.000000,0.500000,0.500000,1.000000,normalized
10814,2,2,0.500000,0.000000,1.000000,0.500000,0.500000,0.000000,1.000000,0.500000,normalized
10824,3,3,0.000000,0.500000,0.500000,1.000000,0.000000,0.500000,0.500000,1.000000,normalized
10866,2,2,0.500000,0.000000,1.000000,0.500000,0.500000,0.000000,1.000000,0.500000,normalized
10874,3,3,0.000000,0.500000,0.500000,1.000000,0.000000,0.500000,0.500000,1.000000,normalized
10901,4,3,0.500000,0.500000,1.000000,1.000000,0.000000,0.500000,0.500000,1.000000,normalized
10910,3,3,0.000000,0.500000,0.500000,1.000000,0.000000,0.500000,0.500000,1.000000,normalized
10915,2,2,0.500000,0.000000,1.000000,0.500000,0.500000,0.000000,1.000000,0.500000,normalized
10927,3,3,0.000000,0.500000,0.500000,1.000000,0.000000,0.500000,0.500000,1.000000,normalized
10968,2,2,0.500000,0.000000,1.000000,0.500000,0.500000,0.000000,1.000000,0.500000,normalized
10972,3,3,0.000000,0.500000,0.500000,1.000000,0.000000,0.500000,0.500000,1.000000,normalized
11015,2,2,0.500000,0.000000,1.000000,0.500000,0.500000,0.000000,1.000000,0.500000,normalized
11019,3,3,0.000000,0.500000,0.500000,1.000000,0.000000,0.500000,0.500000,1.000000,normalized
11021,4,3,0.500000,0.500000,1.000000,1.000000,0.000000,0.500000,0.500000,1.000000,normalized
11026,3,3,0.000000,0.500000,0.500000,1.000000,0.000000,0.500000,0.500000,1.000000,normalized
11062,2,2,0.500000,0.000000,1.000000,0.500000,0.500000,0.000000,1.000000,0.500000,normalized
11079,3,3,0.000000,0.500000,0.500000,1.000000,0.000000,0.500000,0.500000,1.000000,normalized
11112,2,2,0.500000,0.000000,1.000000,0.500000,0.500000,0.000000,1.000000,0.500000,normalized
11128,3,3,0.000000,0.500000,0.500000,1.000000,0.000000,0.500000,0.500000,1.000000,normalized
11140,4,3,0.500000,0.500000,1.000000,1.000000,0.000000,0.500000,0.500000,1.000000,normalized
11151,3,3,0.000000,0.500000,0.500000,1.000000,0.000000,0.500000,0.500000,1.000000,normalized
11169,2,2,0.500000,0.000000,1.000000,0.500000,0.500000,0.000000,1.000000,0.500000,normalized
11180,3,3,0.000000,0.500000,0.500000,1.000000,0.000000,0.500000,0.500000,1.000000,normalized
11211,2,2,0.500000,0.000000,1.000000,0.500000,0.500000,0.000000,1.000000,0.500000,normalized
11218,3,3,0.000000,0.500000,0.500000,1.000000,0.000000,0.500000,0.500000,1.000000,normalized
11220,2,2,0.500000,0.000000,1.000000,0.500000,0.500000,0.000000,1.000000,0.500000,normalized
11230,3,3,0.000000,0.500000,0.500000,1.000000,0.000000,0.500000,0.500000,1.000000,normalized
11253,4,4,0.500000,0.500000,1.000000,1.000000,0.500000,0.500000,1.000000,1.000000,normalized
11256,3,3,0.000000,0.500000,0.500000,1.000000,0.000000,0.500000,0.500000,1.000000,normalized
11260,4,4,0.500000,0.500000,1.000000,1.000000,0.500000,0.500000,1.000000,1.000000,normalized
11268,3,3,0.000000,0.500000,0.500000,1.000000,0.000000,0.500000,0.500000,1.000000,normalized
11273,2,2,0.500000,0.000000,1.000000,0.500000,0.500000,0.000000,1.000000,0.500000,normalized
11279,3,3,0.000000,0.500000,0.500000,1.000000,0.000000,0.500000,0.500000,1.000000,normalized
11302,4,4,0.500000,0.500000,1.000000,1.000000,0.500000,0.500000,1.000000,1.000000,normalized
11306,3,3,0.000000,0.500000,0.500000,1.000000,0.000000,0.500000,0.500000,1.000000,normalized
11311,2,2,0.500000,0.000000,1.000000,0.500000,0.500000,0.000000,1.000000,0.500000,normalized
11328,3,3,0.000000,0.500000,0.500000,1.000000,0.000000,0.500000,0.500000,1.000000,normalized
11359,2,2,0.500000,0.000000,1.000000,0.500000,0.500000,0.000000,1.000000,0.500000,normalized
11376,3,3,0.000000,0.500000,0.500000,1.000000,0.000000,0.500000,0.500000,1.000000,normalized
11381,4,3,0.500000,0.500000,1.000000,1.000000,0.000000,0.500000,0.500000,1.000000,normalized
11394,3,3,0.000000,0.500000,0.500000,1.000000,0.000000,0.500000,0.500000,1.000000,normalized
11408,2,2,0.500000,0.000000,1.000000,0.500000,0.500000,0.000000,1.000000,0.500000,normalized
11423,3,3,0.000000,0.500000,0.500000,1.000000,0.000000,0.500000,0.500000,1.000000,normalized
11455,2,2,0.500000,0.000000,1.000000,0.500000,0.500000,0.000000,1.000000,0.500000,normalized
11472,3,3,0.000000,0.500000,0.500000,1.000000,0.000000,0.500000,0.500000,1.000000,normalized
11501,4,3,0.500000,0.500000,1.000000,1.000000,0.000000,0.500000,0.500000,1.000000,normalized
11508,3,3,0.000000,0.500000,0.500000,1.000000,0.000000,0.500000,0.500000,1.000000,normalized
11517,2,2,0.500000,0.000000,1.000000,0.500000,0.500000,0.000000,1.000000,0.500000,normalized
11519,3,3,0.000000,0.500000,0.500000,1.000000,0.000000,0.500000,0.500000,1.000000,normalized
11557,2,2,0.500000,0.000000,1.000000,0.500000,0.500000,0.000000,1.000000,0.500000,normalized
11558,3,3,0.000000,0.500000,0.500000,1.000000,0.000000,0.500000,0.500000,1.000000,normalized
11563,2,2,0.500000,0.000000,1.000000,0.500000,0.500000,0.000000,1.000000,0.500000,normalized
11571,3,3,0.000000,0.500000,0.500000,1.000000,0.000000,0.500000,0.500000,1.000000,normalized
11596,4,4,0.500000,0.500000,1.000000,1.000000,0.500000,0.500000,1.000000,1.000000,normalized
11597,3,3,0.000000,0.500000,0.500000,1.000000,0.000000,0.500000,0.500000,1.000000,normalized
11605,2,2,0.500000,0.000000,1.000000,0.500000,0.500000,0.000000,1.000000,0.500000,normalized
11619,3,3,0.000000,0.500000,0.500000,1.000000,0.000000,0.500000,0.500000,1.000000,normalized
11621,4,4,0.500000,0.500000,1.000000,1.000000,0.500000,0.500000,1.000000,1.000000,normalized
11637,3,3,0.000000,0.500000,0.500000,1.000000,0.000000,0.500000,0.500000,1.000000,normalized
11652,2,2,0.500000,0.000000,1.000000,0.500000,0.500000,0.000000,1.000000,0.500000,normalized
11668,3,3,0.000000,0.500000,0.500000,1.000000,0.000000,0.500000,0.500000,1.000000,normalized
11682,4,4,0.500000,0.500000,1.000000,1.000000,0.500000,0.500000,1.000000,1.000000,normalized
11685,3,3,0.000000,0.500000,0.500000,1.000000,0.000000,0.500000,0.500000,1.000000,normalized
11700,2,2,0.500000,0.000000,1.000000,0.500000,0.500000,0.000000,1.000000,0.500000,normalized
11717,3,3,0.000000,0.500000,0.500000,1.000000,0.000000,0.500000,0.500000,1.000000,normalized
11740,4,4,0.500000,0.500000,1.000000,1.000000,0.500000,0.500000,1.000000,1.000000,normalized
11750,3,3,0.000000,0.500000,0.500000,1.000000,0.000000,0.500000,0.500000,1.000000,normalized
11756,2,2,0.500000,0.000000,1.000000,0.500000,0.500000,0.000000,1.000000,0.500000,normalized
11765,3,3,0.000000,0.500000,0.500000,1.000000,0.000000,0.500000,0.500000,1.000000,normalized
11805,2,2,0.500000,0.000000,1.000000,0.500000,0.500000,0.000000,1.000000,0.500000,normalized
11817,3,3,0.000000,0.500000,0.500000,1.000000,0.000000,0.500000,0.500000,1.000000,normalized
11851,2,2,0.500000,0.000000,1.000000,0.500000,0.500000,0.000000,1.000000,0.500000,normalized
11859,3,3,0.000000,0.500000,0.500000,1.000000,0.000000,0.500000,0.500000,1.000000,normalized
11862,4,4,0.500000,0.500000,1.000000,1.000000,0.500000,0.500000,1.000000,1.000000,normalized
11869,3,3,0.000000,0.500000,0.500000,1.000000,0.000000,0.500000,0.500000,1.000000,normalized
11887,4,4,0.500000,0.500000,1.000000,1.000000,0.500000,0.500000,1.000000,1.000000,normalized
11888,3,3,0.000000,0.500000,0.500000,1.000000,0.000000,0.500000,0.500000,1.000000,normalized
11901,2,2,0.500000,0.000000,1.000000,0.500000,0.500000,0.000000,1.000000,0.500000,normalized
11915,3,3,0.000000,0.500000,0.500000,1.000000,0.000000,0.500000,0.500000,1.000000,normalized
11947,2,2,0.500000,0.000000,1.000000,0.500000,0.500000,0.000000,1.000000,0.500000,normalized
11963,3,3,0.000000,0.500000,0.500000,1.000000,0.000000,0.500000,0.500000,1.000000,normalized
11980,4,3,0.500000,0.500000,1.000000,1.000000,0.000000,0.500000,0.500000,1.000000,normalized
11990,3,3,0.000000,0.500000,0.500000,1.000000,0.000000,0.500000,0.500000,1.000000,normalized
11999,2,2,0.500000,0.000000,1.000000,0.500000,0.500000,0.000000,1.000000,0.500000,normalized
12007,3,3,0.000000,0.500000,0.500000,1.000000,0.000000,0.500000,0.500000,1.000000,normalized
12046,2,2,0.500000,0.000000,1.000000,0.500000,0.500000,0.000000,1.000000,0.500000,normalized
12057,3,3,0.000000,0.500000,0.500000,1.000000,0.000000,0.500000,0.500000,1.000000,normalized
12096,2,2,0.500000,0.000000,1.000000,0.500000,0.500000,0.000000,1.000000,0.500000,normalized
12098,3,3,0.000000,0.500000,0.500000,1.000000,0.000000,0.500000,0.500000,1.000000,normalized
12101,4,3,0.500000,0.500000,1.000000,1.000000,0.000000,0.500000,0.500000,1.000000,normalized
12105,3,3,0.000000,0.500000,0.500000,1.000000,0.000000,0.500000,0.500000,1.000000,normalized
12145,2,2,0.500000,0.000000,1.000000,0.500000,0.500000,0.000000,1.000000,0.500000,normalized
12159,3,3,0.000000,0.500000,0.500000,1.000000,0.000000,0.500000,0.500000,1.000000,normalized
12193,2,2,0.500000,0.000000,1.000000,0.500000,0.500000,0.000000,1.000000,0.500000,normalized
12206,3,3,0.000000,0.500000,0.500000,1.000000,0.000000,0.500000,0.500000,1.000000,normalized
12220,4,3,0.500000,0.500000,1.000000,1.000000,0.000000,0.500000,0.500000,1.000000,normalized
12231,3,3,0.000000,0.500000,0.500000,1.000000,0.000000,0.500000,0.500000,1.000000,normalized
12245,2,2,0.500000,0.000000,1.000000,0.500000,0.500000,0.000000,1.000000,0.500000,normalized
12253,3,3,0.000000,0.500000,0.500000,1.000000,0.000000,0.500000,0.500000,1.000000,normalized
12294,2,2,0.500000,0.000000,1.000000,0.500000,0.500000,0.000000,1.000000,0.500000,normalized
12304,3,3,0.000000,0.500000,0.500000,1.000000,0.000000,0.500000,0.500000,1.000000,normalized
12341,4,3,0.500000,0.500000,1.000000,1.000000,0.000000,0.500000,0.500000,1.000000,normalized
12344,3,3,0.000000,0.500000,0.500000,1.000000,0.000000,0.500000,0.500000,1.000000,normalized
12352,2,2,0.500000,0.000000,1.000000,0.500000,0.500000,0.000000,1.000000,0.500000,normalized
12356,3,3,0.000000,0.500000,0.500000,1.000000,0.000000,0.500000,0.500000,1.000000,normalized
12390,2,2,0.500000,0.000000,1.000000,0.500000,0.500000,0.000000,1.000000,0.500000,normalized
12406,3,3,0.000000,0.500000,0.500000,1.000000,0.000000,0.500000,0.500000,1.000000,normalized
12439,2,2,0.500000,0.000000,1.000000,0.500000,0.500000,0.000000,1.000000,0.500000,normalized
12456,3,3,0.000000,0.500000,0.500000,1.000000,0.000000,0.500000,0.500000,1.000000,normalized
12461,4,3,0.500000,0.500000,1.000000,1.000000,0.000000,0.500000,0.500000,1.000000,normalized
12471,3,3,0.000000,0.500000,0.500000,1.000000,0.000000,0.500000,0.500000,1.000000,normalized
12492,2,2,0.500000,0.000000,1.000000,0.500000,0.500000,0.000000,1.000000,0.500000,normalized
12503,3,3,0.000000,0.500000,0.500000,1.000000,0.000000,0.500000,0.500000,1.000000,normalized
12540,2,2,0.500000,0.000000,1.000000,0.500000,0.500000,0.000000,1.000000,0.500000,normalized
12554,3,3,0.000000,0.500000,0.500000,1.000000,0.000000,0.500000,0.500000,1.000000,normalized
12581,4,3,0.500000,0.500000,1.000000,1.000000,0.000000,0.500000,0.500000,1.000000,normalized
12587,3,3,0.000000,0.500000,0.500000,1.000000,0.000000,0.500000,0.500000,1.000000,normalized
12592,2,2,0.500000,0.000000,1.000000,0.500000,0.500000,0.000000,1.000000,0.500000,normalized
12602,3,3,0.000000,0.500000,0.500000,1.000000,0.000000,0.500000,0.500000,1.000000,normalized
12630,2,2,0.500000,0.000000,1.000000,0.500000,0.500000,0.000000,1.000000,0.500000,normalized
12653,3,3,0.000000,0.500000,0.500000,1.000000,0.000000,0.500000,0.500000,1.000000,normalized
12673,4,4,0.500000,0.500000,1.000000,1.000000,0.500000,0.500000,1.000000,1.000000,normalized
12686,3,3,0.000000,0.500000,0.500000,1.000000,0.000000,0.500000,0.500000,1.000000,normalized
12701,4,4,0.500000,0.500000,1.000000,1.000000,0.500000,0.500000,1.000000,1.000000,normalized
12711,3,3,0.000000,0.500000,0.500000,1.000000,0.000000,0.500000,0.500000,1.000000,normalized
12739,2,2,0.500000,0.000000,1.000000,0.500000,0.500000,0.000000,1.000000,0.500000,normalized
12752,3,3,0.000000,0.500000,0.500000,1.000000,0.000000,0.500000,0.500000,1.000000,normalized
12801,4,4,0.500000,0.500000,1.000000,1.000000,0.500000,0.500000,1.000000,1.000000,normalized
12812,3,3,0.000000,0.500000,0.500000,1.000000,0.000000,0.500000,0.500000,1.000000,normalized
12820,4,4,0.500000,0.500000,1.000000,1.000000,0.500000,0.500000,1.000000,1.000000,normalized
12831,3,3,0.000000,0.500000,0.500000,1.000000,0.000000,0.500000,0.500000,1.000000,normalized
12835,2,2,0.500000,0.000000,1.000000,0.500000,0.500000,0.000000,1.000000,0.500000,normalized
12837,3,3,0.000000,0.500000,0.500000,1.000000,0.000000,0.500000,0.500000,1.000000,normalized
12881,2,2,0.500000,0.000000,1.000000,0.500000,0.500000,0.000000,1.000000,0.500000,normalized
12897,3,3,0.000000,0.500000,0.500000,1.000000,0.000000,0.500000,0.500000,1.000000,normalized
12928,2,2,0.500000,0.000000,1.000000,0.500000,0.500000,0.000000,1.000000,0.500000,normalized
12994,3,3,0.000000,0.500000,0.500000,1.000000,0.000000,0.500000,0.500000,1.000000,normalized
13022,2,2,0.500000,0.000000,1.000000,0.500000,0.500000,0.000000,1.000000,0.500000,normalized
13041,3,3,0.000000,0.500000,0.500000,1.000000,0.000000,0.500000,0.500000,1.000000,normalized
13061,4,3,0.500000,0.500000,1.000000,1.000000,0.000000,0.500000,0.500000,1.000000,normalized
13069,3,3,0.000000,0.500000,0.500000,1.000000,0.000000,0.500000,0.500000,1.000000,normalized
13076,2,2,0.500000,0.000000,1.000000,0.500000,0.500000,0.000000,1.000000,0.500000,normalized
13093,3,3,0.000000,0.500000,0.500000,1.000000,0.000000,0.500000,0.500000,1.000000,normalized
13123,2,2,0.500000,0.000000,1.000000,0.500000,0.500000,0.000000,1.000000,0.500000,normalized
13141,3,3,0.000000,0.500000,0.500000,1.000000,0.000000,0.500000,0.500000,1.000000,normalized
13170,2,2,0.500000,0.000000,1.000000,0.500000,0.500000,0.000000,1.000000,0.500000,normalized
13180,3,3,0.000000,0.500000,0.500000,1.000000,0.000000,0.500000,0.500000,1.000000,normalized
13188,4,3,0.500000,0.500000,1.000000,1.000000,0.000000,0.500000,0.500000,1.000000,normalized
13190,3,3,0.000000,0.500000,0.500000,1.000000,0.000000,0.500000,0.500000,1.000000,normalized
13222,2,2,0.500000,0.000000,1.000000,0.500000,0.500000,0.000000,1.000000,0.500000,normalized
13236,3,3,0.000000,0.500000,0.500000,1.000000,0.000000,0.500000,0.500000,1.000000,normalized
13272,2,2,0.500000,0.000000,1.000000,0.500000,0.500000,0.000000,1.000000,0.500000,normalized
13294,3,3,0.000000,0.500000,0.500000,1.000000,0.000000,0.500000,0.500000,1.000000,normalized
13301,4,3,0.500000,0.500000,1.000000,1.000000,0.000000,0.500000,0.500000,1.000000,normalized
13313,3,3,0.000000,0.500000,0.500000,1.000000,0.000000,0.500000,0.500000,1.000000,normalized
13322,2,2,0.500000,0.000000,1.000000,0.500000,0.500000,0.000000,1.000000,0.500000,normalized
13339,3,3,0.000000,0.500000,0.500000,1.000000,0.000000,0.500000,0.500000,1.000000,normalized
13366,2,2,0.500000,0.000000,1.000000,0.500000,0.500000,0.000000,1.000000,0.500000,normalized
13387,3,3,0.000000,0.500000,0.500000,1.000000,0.000000,0.500000,0.500000,1.000000,normalized
13416,2,2,0.500000,0.000000,1.000000,0.500000,0.500000,0.000000,1.000000,0.500000,normalized
13419,3,3,0.000000,0.500000,0.500000,1.000000,0.000000,0.500000,0.500000,1.000000,normalized
13421,4,3,0.500000,0.500000,1.000000,1.000000,0.000000,0.500000,0.500000,1.000000,normalized
13425,3,3,0.000000,0.500000,0.500000,1.000000,0.000000,0.500000,0.500000,1.000000,normalized
13431,2,2,0.500000,0.000000,1.000000,0.500000,0.500000,0.000000,1.000000,0.500000,normalized
13440,3,3,0.000000,0.500000,0.500000,1.000000,0.000000,0.500000,0.500000,1.000000,normalized
13467,2,2,0.500000,0.000000,1.000000,0.500000,0.500000,0.000000,1.000000,0.500000,normalized
13488,3,3,0.000000,0.500000,0.500000,1.000000,0.000000,0.500000,0.500000,1.000000,normalized
13514,2,2,0.500000,0.000000,1.000000,0.500000,0.500000,0.000000,1.000000,0.500000,normalized
13535,3,3,0.000000,0.500000,0.500000,1.000000,0.000000,0.500000,0.500000,1.000000,normalized
13541,4,3,0.500000,0.500000,1.000000,1.000000,0.000000,0.500000,0.500000,1.000000,normalized
13551,3,3,0.000000,0.500000,0.500000,1.000000,0.000000,0.500000,0.500000,1.000000,normalized
13565,2,2,0.500000,0.000000,1.000000,0.500000,0.500000,0.000000,1.000000,0.500000,normalized
13584,3,3,0.000000,0.500000,0.500000,1.000000,0.000000,0.500000,0.500000,1.000000,normalized
13615,2,2,0.500000,0.000000,1.000000,0.500000,0.500000,0.000000,1.000000,0.500000,normalized
13642,3,3,0.000000,0.500000,0.500000,1.000000,0.000000,0.500000,0.500000,1.000000,normalized
13661,4,3,0.500000,0.500000,1.000000,1.000000,0.000000,0.500000,0.500000,1.000000,normalized
13668,3,3,0.000000,0.500000,0.500000,1.000000,0.000000,0.500000,0.500000,1.000000,normalized
13672,2,2,0.500000,0.000000,1.000000,0.500000,0.500000,0.000000,1.000000,0.500000,normalized
13687,3,3,0.000000,0.500000,0.500000,1.000000,0.000000,0.500000,0.500000,1.000000,normalized
13713,2,2,0.500000,0.000000,1.000000,0.500000,0.500000,0.000000,1.000000,0.500000,normalized
13740,3,3,0.000000,0.500000,0.500000,1.000000,0.000000,0.500000,0.500000,1.000000,normalized
13763,2,2,0.500000,0.000000,1.000000,0.500000,0.500000,0.000000,1.000000,0.500000,normalized
13825,1,1,0.000000,0.000000,0.500000,0.500000,0.000000,0.000000,0.500000,0.500000,normalized
13829,2,2,0.500000,0.000000,1.000000,0.500000,0.500000,0.000000,1.000000,0.500000,normalized
13839,3,3,0.000000,0.500000,0.500000,1.000000,0.000000,0.500000,0.500000,1.000000,normalized
13860,2,2,0.500000,0.000000,1.000000,0.500000,0.500000,0.000000,1.000000,0.500000,normalized
13885,3,3,0.000000,0.500000,0.500000,1.000000,0.000000,0.500000,0.500000,1.000000,normalized
13901,4,3,0.500000,0.500000,1.000000,1.000000,0.000000,0.500000,0.500000,1.000000,normalized
13910,3,3,0.000000,0.500000,0.500000,1.000000,0.000000,0.500000,0.500000,1.000000,normalized
13924,2,2,0.500000,0.000000,1.000000,0.500000,0.500000,0.000000,1.000000,0.500000,normalized
13944,3,3,0.000000,0.500000,0.500000,1.000000,0.000000,0.500000,0.500000,1.000000,normalized
13969,2,2,0.500000,0.000000,1.000000,0.500000,0.500000,0.000000,1.000000,0.500000,normalized
13993,3,3,0.000000,0.500000,0.500000,1.000000,0.000000,0.500000,0.500000,1.000000,normalized
14016,2,2,0.500000,0.000000,1.000000,0.500000,0.500000,0.000000,1.000000,0.500000,normalized
14019,3,3,0.000000,0.500000,0.500000,1.000000,0.000000,0.500000,0.500000,1.000000,normalized
14022,4,3,0.500000,0.500000,1.000000,1.000000,0.000000,0.500000,0.500000,1.000000,normalized
14024,3,3,0.000000,0.500000,0.500000,1.000000,0.000000,0.500000,0.500000,1.000000,normalized
14031,2,2,0.500000,0.000000,1.000000,0.500000,0.500000,0.000000,1.000000,0.500000,normalized
14037,3,3,0.000000,0.500000,0.500000,1.000000,0.000000,0.500000,0.500000,1.000000,normalized
14066,2,2,0.500000,0.000000,1.000000,0.500000,0.500000,0.000000,1.000000,0.500000,normalized
14095,3,3,0.000000,0.500000,0.500000,1.000000,0.000000,0.500000,0.500000,1.000000,normalized
14119,2,2,0.500000,0.000000,1.000000,0.500000,0.500000,0.000000,1.000000,0.500000,normalized
14190,3,3,0.000000,0.500000,0.500000,1.000000,0.000000,0.500000,0.500000,1.000000,normalized
14229,2,2,0.500000,0.000000,1.000000,0.500000,0.500000,0.000000,1.000000,0.500000,normalized
14236,3,3,0.000000,0.500000,0.500000,1.000000,0.000000,0.500000,0.500000,1.000000,normalized
14260,4,4,0.500000,0.500000,1.000000,1.000000,0.500000,0.500000,1.000000,1.000000,normalized
14274,3,3,0.000000,0.500000,0.500000,1.000000,0.000000,0.500000,0.500000,1.000000,normalized
14278,2,2,0.500000,0.000000,1.000000,0.500000,0.500000,0.000000,1.000000,0.500000,normalized
14294,3,3,0.000000,0.500000,0.500000,1.000000,0.000000,0.500000,0.500000,1.000000,normalized
14305,4,4,0.500000,0.500000,1.000000,1.000000,0.500000,0.500000,1.000000,1.000000,normalized
14307,3,3,0.000000,0.500000,0.500000,1.000000,0.000000,0.500000,0.500000,1.000000,normalized
14324,2,2,0.500000,0.000000,1.000000,0.500000,0.500000,0.000000,1.000000,0.500000,normalized
14343,3,3,0.000000,0.500000,0.500000,1.000000,0.000000,0.500000,0.500000,1.000000,normalized
14375,2,2,0.500000,0.000000,1.000000,0.500000,0.500000,0.000000,1.000000,0.500000,normalized
14379,3,3,0.000000,0.500000,0.500000,1.000000,0.000000,0.500000,0.500000,1.000000,normalized
14382,4,3,0.500000,0.500000,1.000000,1.000000,0.000000,0.500000,0.500000,1.000000,normalized
14386,3,3,0.000000,0.500000,0.500000,1.000000,0.000000,0.500000,0.500000,1.000000,normalized
14427,2,2,0.500000,0.000000,1.000000,0.500000,0.500000,0.000000,1.000000,0.500000,normalized
14446,3,3,0.000000,0.500000,0.500000,1.000000,0.000000,0.500000,0.500000,1.000000,normalized
14474,2,2,0.500000,0.000000,1.000000,0.500000,0.500000,0.000000,1.000000,0.500000,normalized
14492,3,3,0.000000,0.500000,0.500000,1.000000,0.000000,0.500000,0.500000,1.000000,normalized
14497,2,2,0.500000,0.000000,1.000000,0.500000,0.500000,0.000000,1.000000,0.500000,normalized
14499,3,3,0.000000,0.500000,0.500000,1.000000,0.000000,0.500000,0.500000,1.000000,normalized
14501,4,3,0.500000,0.500000,1.000000,1.000000,0.000000,0.500000,0.500000,1.000000,normalized
14510,3,3,0.000000,0.500000,0.500000,1.000000,0.000000,0.500000,0.500000,1.000000,normalized
14532,2,2,0.500000,0.000000,1.000000,0.500000,0.500000,0.000000,1.000000,0.500000,normalized
14553,3,3,0.000000,0.500000,0.500000,1.000000,0.000000,0.500000,0.500000,1.000000,normalized
14579,2,2,0.500000,0.000000,1.000000,0.500000,0.500000,0.000000,1.000000,0.500000,normalized
14601,3,3,0.000000,0.500000,0.500000,1.000000,0.000000,0.500000,0.500000,1.000000,normalized
14621,4,3,0.500000,0.500000,1.000000,1.000000,0.000000,0.500000,0.500000,1.000000,normalized
14629,3,3,0.000000,0.500000,0.500000,1.000000,0.000000,0.500000,0.500000,1.000000,normalized
14633,2,2,0.500000,0.000000,1.000000,0.500000,0.500000,0.000000,1.000000,0.500000,normalized
14638,3,3,0.000000,0.500000,0.500000,1.000000,0.000000,0.500000,0.500000,1.000000,normalized
14643,2,2,0.500000,0.000000,1.000000,0.500000,0.500000,0.000000,1.000000,0.500000,normalized
14648,3,3,0.000000,0.500000,0.500000,1.000000,0.000000,0.500000,0.500000,1.000000,normalized
14684,2,2,0.500000,0.000000,1.000000,0.500000,0.500000,0.000000,1.000000,0.500000,normalized
14706,3,3,0.000000,0.500000,0.500000,1.000000,0.000000,0.500000,0.500000,1.000000,normalized
14735,2,2,0.500000,0.000000,1.000000,0.500000,0.500000,0.000000,1.000000,0.500000,normalized
14739,3,3,0.000000,0.500000,0.500000,1.000000,0.000000,0.500000,0.500000,1.000000,normalized
14742,4,3,0.500000,0.500000,1.000000,1.000000,0.000000,0.500000,0.500000,1.000000,normalized
14745,3,3,0.000000,0.500000,0.500000,1.000000,0.000000,0.500000,0.500000,1.000000,normalized
14790,2,2,0.500000,0.000000,1.000000,0.500000,0.500000,0.000000,1.000000,0.500000,normalized
14810,3,3,0.000000,0.500000,0.500000,1.000000,0.000000,0.500000,0.500000,1.000000,normalized
14839,2,2,0.500000,0.000000,1.000000,0.500000,0.500000,0.000000,1.000000,0.500000,normalized
14858,3,3,0.000000,0.500000,0.500000,1.000000,0.000000,0.500000,0.500000,1.000000,normalized
14861,4,3,0.500000,0.500000,1.000000,1.000000,0.000000,0.500000,0.500000,1.000000,normalized
14871,3,3,0.000000,0.500000,0.500000,1.000000,0.000000,0.500000,0.500000,1.000000,normalized
14892,2,2,0.500000,0.000000,1.000000,0.500000,0.500000,0.000000,1.000000,0.500000,normalized
14913,3,3,0.000000,0.500000,0.500000,1.000000,0.000000,0.500000,0.500000,1.000000,normalized
14943,2,2,0.500000,0.000000,1.000000,0.500000,0.500000,0.000000,1.000000,0.500000,normalized
14964,3,3,0.000000,0.500000,0.500000,1.000000,0.000000,0.500000,0.500000,1.000000,normalized
14981,4,3,0.500000,0.500000,1.000000,1.000000,0.000000,0.500000,0.500000,1.000000,normalized
14989,3,3,0.000000,0.500000,0.500000,1.000000,0.000000,0.500000,0.500000,1.000000,normalized
14994,2,2,0.500000,0.000000,1.000000,0.500000,0.500000,0.000000,1.000000,0.500000,normalized
15011,3,3,0.000000,0.500000,0.500000,1.000000,0.000000,0.500000,0.500000,1.000000,normalized
15051,2,2,0.500000,0.000000,1.000000,0.500000,0.500000,0.000000,1.000000,0.500000,normalized
15069,3,3,0.000000,0.500000,0.500000,1.000000,0.000000,0.500000,0.500000,1.000000,normalized
15102,4,3,0.500000,0.500000,1.000000,1.000000,0.000000,0.500000,0.500000,1.000000,normalized
15104,3,3,0.000000,0.500000,0.500000,1.000000,0.000000,0.500000,0.500000,1.000000,normalized
15111,2,2,0.500000,0.000000,1.000000,0.500000,0.500000,0.000000,1.000000,0.500000,normalized
15116,3,3,0.000000,0.500000,0.500000,1.000000,0.000000,0.500000,0.500000,1.000000,normalized
15145,2,2,0.500000,0.000000,1.000000,0.500000,0.500000,0.000000,1.000000,0.500000,normalized
15172,3,3,0.000000,0.500000,0.500000,1.000000,0.000000,0.500000,0.500000,1.000000,normalized
15201,2,2,0.500000,0.000000,1.000000,0.500000,0.500000,0.000000,1.000000,0.500000,normalized
15242,3,3,0.000000,0.500000,0.500000,1.000000,0.000000,0.500000,0.500000,1.000000,normalized
15253,2,2,0.500000,0.000000,1.000000,0.500000,0.500000,0.000000,1.000000,0.500000,normalized
15279,3,3,0.000000,0.500000,0.500000,1.000000,0.000000,0.500000,0.500000,1.000000,normalized
15304,2,2,0.500000,0.000000,1.000000,0.500000,0.500000,0.000000,1.000000,0.500000,normalized
15327,3,3,0.000000,0.500000,0.500000,1.000000,0.000000,0.500000,0.500000,1.000000,normalized
15341,4,3,0.500000,0.500000,1.000000,1.000000,0.000000,0.500000,0.500000,1.000000,normalized
15349,3,3,0.000000,0.500000,0.500000,1.000000,0.000000,0.500000,0.500000,1.000000,normalized
15356,2,2,0.500000,0.000000,1.000000,0.500000,0.500000,0.000000,1.000000,0.500000,normalized
15374,3,3,0.000000,0.500000,0.500000,1.000000,0.000000,0.500000,0.500000,1.000000,normalized
15409,2,2,0.500000,0.000000,1.000000,0.500000,0.500000,0.000000,1.000000,0.500000,normalized
15432,3,3,0.000000,0.500000,0.500000,1.000000,0.000000,0.500000,0.500000,1.000000,normalized
15462,4,3,0.500000,0.500000,1.000000,1.000000,0.000000,0.500000,0.500000,1.000000,normalized
15464,3,3,0.000000,0.500000,0.500000,1.000000,0.000000,0.500000,0.500000,1.000000,normalized
15472,2,2,0.500000,0.000000,1.000000,0.500000,0.500000,0.000000,1.000000,0.500000,normalized
15477,3,3,0.000000,0.500000,0.500000,1.000000,0.000000,0.500000,0.500000,1.000000,normalized
15507,2,2,0.500000,0.000000,1.000000,0.500000,0.500000,0.000000,1.000000,0.500000,normalized
15512,3,3,0.000000,0.500000,0.500000,1.000000,0.000000,0.500000,0.500000,1.000000,normalized
15514,2,2,0.500000,0.000000,1.000000,0.500000,0.500000,0.000000,1.000000,0.500000,normalized
15534,3,3,0.000000,0.500000,0.500000,1.000000,0.000000,0.500000,0.500000,1.000000,normalized
15560,2,2,0.500000,0.000000,1.000000,0.500000,0.500000,0.000000,1.000000,0.500000,normalized
15599,3,3,0.000000,0.500000,0.500000,1.000000,0.000000,0.500000,0.500000,1.000000,normalized
15618,2,2,0.500000,0.000000,1.000000,0.500000,0.500000,0.000000,1.000000,0.500000,normalized
15627,3,3,0.000000,0.500000,0.500000,1.000000,0.000000,0.500000,0.500000,1.000000,normalized
15629,2,2,0.500000,0.000000,1.000000,0.500000,0.500000,0.000000,1.000000,0.500000,normalized
15638,3,3,0.000000,0.500000,0.500000,1.000000,0.000000,0.500000,0.500000,1.000000,normalized
15665,2,2,0.500000,0.000000,1.000000,0.500000,0.500000,0.000000,1.000000,0.500000,normalized
15686,3,3,0.000000,0.500000,0.500000,1.000000,0.000000,0.500000,0.500000,1.000000,normalized
15701,4,3,0.500000,0.500000,1.000000,1.000000,0.000000,0.500000,0.500000,1.000000,normalized
15710,3,3,0.000000,0.500000,0.500000,1.000000,0.000000,0.500000,0.500000,1.000000,normalized
15715,2,2,0.500000,0.000000,1.000000,0.500000,0.500000,0.000000,1.000000,0.500000,normalized
15729,3,3,0.000000,0.500000,0.500000,1.000000,0.000000,0.500000,0.500000,1.000000,normalized
15731,2,2,0.500000,0.000000,1.000000,0.500000,0.500000,0.000000,1.000000,0.500000,normalized
15734,3,3,0.000000,0.500000,0.500000,1.000000,0.000000,0.500000,0.500000,1.000000,normalized
15765,2,2,0.500000,0.000000,1.000000,0.500000,0.500000,0.000000,1.000000,0.500000,normalized
15792,3,3,0.000000,0.500000,0.500000,1.000000,0.000000,0.500000,0.500000,1.000000,normalized
15813,2,2,0.500000,0.000000,1.000000,0.500000,0.500000,0.000000,1.000000,0.500000,normalized
15819,3,3,0.000000,0.500000,0.500000,1.000000,0.000000,0.500000,0.500000,1.000000,normalized
15822,4,3,0.500000,0.500000,1.000000,1.000000,0.000000,0.500000,0.500000,1.000000,normalized
15824,3,3,0.000000,0.500000,0.500000,1.000000,0.000000,0.500000,0.500000,1.000000,normalized
15833,2,2,0.500000,0.000000,1.000000,0.500000,0.500000,0.000000,1.000000,0.500000,normalized
15838,3,3,0.000000,0.500000,0.500000,1.000000,0.000000,0.500000,0.500000,1.000000,normalized
15866,2,2,0.500000,0.000000,1.000000,0.500000,0.500000,0.000000,1.000000,0.500000,normalized
15893,3,3,0.000000,0.500000,0.500000,1.000000,0.000000,0.500000,0.500000,1.000000,normalized
15914,2,2,0.500000,0.000000,1.000000,0.500000,0.500000,0.000000,1.000000,0.500000,normalized
15958,3,3,0.000000,0.500000,0.500000,1.000000,0.000000,0.500000,0.500000,1.000000,normalized
15966,2,2,0.500000,0.000000,1.000000,0.500000,0.500000,0.000000,1.000000,0.500000,normalized
15984,3,3,0.000000,0.500000,0.500000,1.000000,0.000000,0.500000,0.500000,1.000000,normalized
15994,2,2,0.500000,0.000000,1.000000,0.500000,0.500000,0.000000,1.000000,0.500000,normalized
15996,3,3,0.000000,0.500000,0.500000,1.000000,0.000000,0.500000,0.500000,1.000000,normalized
16023,2,2,0.500000,0.000000,1.000000,0.500000,0.500000,0.000000,1.000000,0.500000,normalized
16048,3,3,0.000000,0.500000,0.500000,1.000000,0.000000,0.500000,0.500000,1.000000,normalized
16061,4,3,0.500000,0.500000,1.000000,1.000000,0.000000,0.500000,0.500000,1.000000,normalized
16070,3,3,0.000000,0.500000,0.500000,1.000000,0.000000,0.500000,0.500000,1.000000,normalized
16074,2,2,0.500000,0.000000,1.000000,0.500000,0.500000,0.000000,1.000000,0.500000,normalized
16092,3,3,0.000000,0.500000,0.500000,1.000000,0.000000,0.500000,0.500000,1.000000,normalized
16113,2,2,0.500000,0.000000,1.000000,0.500000,0.500000,0.000000,1.000000,0.500000,normalized
16139,3,3,0.000000,0.500000,0.500000,1.000000,0.000000,0.500000,0.500000,1.000000,normalized
16158,2,2,0.500000,0.000000,1.000000,0.500000,0.500000,0.000000,1.000000,0.500000,normalized
16161,3,3,0.000000,0.500000,0.500000,1.000000,0.000000,0.500000,0.500000,1.000000,normalized
16167,2,2,0.500000,0.000000,1.000000,0.500000,0.500000,0.000000,1.000000,0.500000,normalized
16179,3,3,0.000000,0.500000,0.500000,1.000000,0.000000,0.500000,0.500000,1.000000,normalized
16183,4,3,0.500000,0.500000,1.000000,1.000000,0.000000,0.500000,0.500000,1.000000,normalized
16185,3,3,0.000000,0.500000,0.500000,1.000000,0.000000,0.500000,0.500000,1.000000,normalized
16222,2,2,0.500000,0.000000,1.000000,0.500000,0.500000,0.000000,1.000000,0.500000,normalized
16245,3,3,0.000000,0.500000,0.500000,1.000000,0.000000,0.500000,0.500000,1.000000,normalized
16268,2,2,0.500000,0.000000,1.000000,0.500000,0.500000,0.000000,1.000000,0.500000,normalized
16294,3,3,0.000000,0.500000,0.500000,1.000000,0.000000,0.500000,0.500000,1.000000,normalized
16301,4,3,0.500000,0.500000,1.000000,1.000000,0.000000,0.500000,0.500000,1.000000,normalized
16310,3,3,0.000000,0.500000,0.500000,1.000000,0.000000,0.500000,0.500000,1.000000,normalized
16321,2,2,0.500000,0.000000,1.000000,0.500000,0.500000,0.000000,1.000000,0.500000,normalized
16348,3,3,0.000000,0.500000,0.500000,1.000000,0.000000,0.500000,0.500000,1.000000,normalized
16368,2,2,0.500000,0.000000,1.000000,0.500000,0.500000,0.000000,1.000000,0.500000,normalized
16395,3,3,0.000000,0.500000,0.500000,1.000000,0.000000,0.500000,0.500000,1.000000,normalized
16405,2,2,0.500000,0.000000,1.000000,0.500000,0.500000,0.000000,1.000000,0.500000,normalized
16419,3,3,0.000000,0.500000,0.500000,1.000000,0.000000,0.500000,0.500000,1.000000,normalized
16422,4,3,0.500000,0.500000,1.000000,1.000000,0.000000,0.500000,0.500000,1.000000,normalized
16429,3,3,0.000000,0.500000,0.500000,1.000000,0.000000,0.500000,0.500000,1.000000,normalized
16446,2,2,0.500000,0.000000,1.000000,0.500000,0.500000,0.000000,1.000000,0.500000,normalized
16469,3,3,0.000000,0.500000,0.500000,1.000000,0.000000,0.500000,0.500000,1.000000,normalized
16491,2,2,0.500000,0.000000,1.000000,0.500000,0.500000,0.000000,1.000000,0.500000,normalized
16515,3,3,0.000000,0.500000,0.500000,1.000000,0.000000,0.500000,0.500000,1.000000,normalized
16543,4,3,0.500000,0.500000,1.000000,1.000000,0.000000,0.500000,0.500000,1.000000,normalized
16546,3,3,0.000000,0.500000,0.500000,1.000000,0.000000,0.500000,0.500000,1.000000,normalized
16553,2,2,0.500000,0.000000,1.000000,0.500000,0.500000,0.000000,1.000000,0.500000,normalized
16567,3,3,0.000000,0.500000,0.500000,1.000000,0.000000,0.500000,0.500000,1.000000,normalized
16596,2,2,0.500000,0.000000,1.000000,0.500000,0.500000,0.000000,1.000000,0.500000,normalized
16614,3,3,0.000000,0.500000,0.500000,1.000000,0.000000,0.500000,0.500000,1.000000,normalized
16640,2,2,0.500000,0.000000,1.000000,0.500000,0.500000,0.000000,1.000000,0.500000,normalized
16659,3,3,0.000000,0.500000,0.500000,1.000000,0.000000,0.500000,0.500000,1.000000,normalized
16663,4,3,0.500000,0.500000,1.000000,1.000000,0.000000,0.500000,0.500000,1.000000,normalized
16670,3,3,0.000000,0.500000,0.500000,1.000000,0.000000,0.500000,0.500000,1.000000,normalized
16696,2,2,0.500000,0.000000,1.000000,0.500000,0.500000,0.000000,1.000000,0.500000,normalized
16718,3,3,0.000000,0.500000,0.500000,1.000000,0.000000,0.500000,0.500000,1.000000,normalized
16741,2,2,0.500000,0.000000,1.000000,0.500000,0.500000,0.000000,1.000000,0.500000,normalized
16761,3,3,0.000000,0.500000,0.500000,1.000000,0.000000,0.500000,0.500000,1.000000,normalized
16782,4,3,0.500000,0.500000,1.000000,1.000000,0.000000,0.500000,0.500000,1.000000,normalized
16789,3,3,0.000000,0.500000,0.500000,1.000000,0.000000,0.500000,0.500000,1.000000,normalized
16800,2,2,0.500000,0.000000,1.000000,0.500000,0.500000,0.000000,1.000000,0.500000,normalized
16807,3,3,0.000000,0.500000,0.500000,1.000000,0.000000,0.500000,0.500000,1.000000,normalized
16844,2,2,0.500000,0.000000,1.000000,0.500000,0.500000,0.000000,1.000000,0.500000,normalized
16867,3,3,0.000000,0.500000,0.500000,1.000000,0.000000,0.500000,0.500000,1.000000,normalized
16889,2,2,0.500000,0.000000,1.000000,0.500000,0.500000,0.000000,1.000000,0.500000,normalized
16901,3,3,0.000000,0.500000,0.500000,1.000000,0.000000,0.500000,0.500000,1.000000,normalized
16915,4,3,0.500000,0.500000,1.000000,1.000000,0.000000,0.500000,0.500000,1.000000,normalized
16916,3,3,0.000000,0.500000,0.500000,1.000000,0.000000,0.500000,0.500000,1.000000,normalized
16947,2,2,0.500000,0.000000,1.000000,0.500000,0.500000,0.000000,1.000000,0.500000,normalized
16966,3,3,0.000000,0.500000,0.500000,1.000000,0.000000,0.500000,0.500000,1.000000,normalized
16993,2,2,0.500000,0.000000,1.000000,0.500000,0.500000,0.000000,1.000000,0.500000,normalized
17010,3,3,0.000000,0.500000,0.500000,1.000000,0.000000,0.500000,0.500000,1.000000,normalized
17020,4,3,0.500000,0.500000,1.000000,1.000000,0.000000,0.500000,0.500000,1.000000,normalized
17032,3,3,0.000000,0.500000,0.500000,1.000000,0.000000,0.500000,0.500000,1.000000,normalized
17042,2,2,0.500000,0.000000,1.000000,0.500000,0.500000,0.000000,1.000000,0.500000,normalized
17059,3,3,0.000000,0.500000,0.500000,1.000000,0.000000,0.500000,0.500000,1.000000,normalized
17092,2,2,0.500000,0.000000,1.000000,0.500000,0.500000,0.000000,1.000000,0.500000,normalized
17113,3,3,0.000000,0.500000,0.500000,1.000000,0.000000,0.500000,0.500000,1.000000,normalized
17142,4,3,0.500000,0.500000,1.000000,1.000000,0.000000,0.500000,0.500000,1.000000,normalized
17147,3,3,0.000000,0.500000,0.500000,1.000000,0.000000,0.500000,0.500000,1.000000,normalized
17153,2,2,0.500000,0.000000,1.000000,0.500000,0.500000,0.000000,1.000000,0.500000,normalized
17154,3,3,0.000000,0.500000,0.500000,1.000000,0.000000,0.500000,0.500000,1.000000,normalized
17193,2,2,0.500000,0.000000,1.000000,0.500000,0.500000,0.000000,1.000000,0.500000,normalized
17208,3,3,0.000000,0.500000,0.500000,1.000000,0.000000,0.500000,0.500000,1.000000,normalized
17239,2,2,0.500000,0.000000,1.000000,0.500000,0.500000,0.000000,1.000000,0.500000,normalized
17259,3,3,0.000000,0.500000,0.500000,1.000000,0.000000,0.500000,0.500000,1.000000,normalized
17262,4,3,0.500000,0.500000,1.000000,1.000000,0.000000,0.500000,0.500000,1.000000,normalized
17273,3,3,0.000000,0.500000,0.500000,1.000000,0.000000,0.500000,0.500000,1.000000,normalized
17289,2,2,0.500000,0.000000,1.000000,0.500000,0.500000,0.000000,1.000000,0.500000,normalized
17304,3,3,0.000000,0.500000,0.500000,1.000000,0.000000,0.500000,0.500000,1.000000,normalized
17340,2,2,0.500000,0.000000,1.000000,0.500000,0.500000,0.000000,1.000000,0.500000,normalized
17353,3,3,0.000000,0.500000,0.500000,1.000000,0.000000,0.500000,0.500000,1.000000,normalized
17382,4,3,0.500000,0.500000,1.000000,1.000000,0.000000,0.500000,0.500000,1.000000,normalized
17388,3,3,0.000000,0.500000,0.500000,1.000000,0.000000,0.500000,0.500000,1.000000,normalized
17393,2,2,0.500000,0.000000,1.000000,0.500000,0.500000,0.000000,1.000000,0.500000,normalized
17394,3,3,0.000000,0.500000,0.500000,1.000000,0.000000,0.500000,0.500000,1.000000,normalized
17441,2,2,0.500000,0.000000,1.000000,0.500000,0.500000,0.000000,1.000000,0.500000,normalized
17451,3,3,0.000000,0.500000,0.500000,1.000000,0.000000,0.500000,0.500000,1.000000,normalized
17482,2,2,0.500000,0.000000,1.000000,0.500000,0.500000,0.000000,1.000000,0.500000,normalized
17495,3,3,0.000000,0.500000,0.500000,1.000000,0.000000,0.500000,0.500000,1.000000,normalized
17500,4,3,0.500000,0.500000,1.000000,1.000000,0.000000,0.500000,0.500000,1.000000,normalized
17512,3,3,0.000000,0.500000,0.500000,1.000000,0.000000,0.500000,0.500000,1.000000,normalized
17534,2,2,0.500000,0.000000,1.000000,0.500000,0.500000,0.000000,1.000000,0.500000,normalized
17546,3,3,0.000000,0.500000,0.500000,1.000000,0.000000,0.500000,0.500000,1.000000,normalized
17579,2,2,0.500000,0.000000,1.000000,0.500000,0.500000,0.000000,1.000000,0.500000,normalized
17593,3,3,0.000000,0.500000,0.500000,1.000000,0.000000,0.500000,0.500000,1.000000,normalized
17621,4,4,0.500000,0.500000,1.000000,1.000000,0.500000,0.500000,1.000000,1.000000,normalized
17630,3,3,0.000000,0.500000,0.500000,1.000000,0.000000,0.500000,0.500000,1.000000,normalized
17636,2,2,0.500000,0.000000,1.000000,0.500000,0.500000,0.000000,1.000000,0.500000,normalized
17639,3,3,0.000000,0.500000,0.500000,1.000000,0.000000,0.500000,0.500000,1.000000,normalized
17660,4,4,0.500000,0.500000,1.000000,1.000000,0.500000,0.500000,1.000000,1.000000,normalized
17662,3,3,0.000000,0.500000,0.500000,1.000000,0.000000,0.500000,0.500000,1.000000,normalized
17678,2,2,0.500000,0.000000,1.000000,0.500000,0.500000,0.000000,1.000000,0.500000,normalized
17691,3,3,0.000000,0.500000,0.500000,1.000000,0.000000,0.500000,0.500000,1.000000,normalized
17727,2,2,0.500000,0.000000,1.000000,0.500000,0.500000,0.000000,1.000000,0.500000,normalized
17739,3,3,0.000000,0.500000,0.500000,1.000000,0.000000,0.500000,0.500000,1.000000,normalized
17743,4,4,0.500000,0.500000,1.000000,1.000000,0.500000,0.500000,1.000000,1.000000,normalized
17749,3,3,0.000000,0.500000,0.500000,1.000000,0.000000,0.500000,0.500000,1.000000,normalized
17759,4,4,0.500000,0.500000,1.000000,1.000000,0.500000,0.500000,1.000000,1.000000,normalized
17764,3,3,0.000000,0.500000,0.500000,1.000000,0.000000,0.500000,0.500000,1.000000,normalized
17777,2,2,0.500000,0.000000,1.000000,0.500000,0.500000,0.000000,1.000000,0.500000,normalized
17789,3,3,0.000000,0.500000,0.500000,1.000000,0.000000,0.500000,0.500000,1.000000,normalized
17827,2,2,0.500000,0.000000,1.000000,0.500000,0.500000,0.000000,1.000000,0.500000,normalized
17830,3,3,0.000000,0.500000,0.500000,1.000000,0.000000,0.500000,0.500000,1.000000,normalized
17833,2,2,0.500000,0.000000,1.000000,0.500000,0.500000,0.000000,1.000000,0.500000,normalized
17839,3,3,0.000000,0.500000,0.500000,1.000000,0.000000,0.500000,0.500000,1.000000,normalized
17860,4,4,0.500000,0.500000,1.000000,1.000000,0.500000,0.500000,1.000000,1.000000,normalized
17869,3,3,0.000000,0.500000,0.500000,1.000000,0.000000,0.500000,0.500000,1.000000,normalized
17875,2,2,0.500000,0.000000,1.000000,0.500000,0.500000,0.000000,1.000000,0.500000,normalized
17884,3,3,0.000000,0.500000,0.500000,1.000000,0.000000,0.500000,0.500000,1.000000,normalized
17899,4,4,0.500000,0.500000,1.000000,1.000000,0.500000,0.500000,1.000000,1.000000,normalized
17903,3,3,0.000000,0.500000,0.500000,1.000000,0.000000,0.500000,0.500000,1.000000,normalized
17920,2,2,0.500000,0.000000,1.000000,0.500000,0.500000,0.000000,1.000000,0.500000,normalized
17928,3,3,0.000000,0.500000,0.500000,1.000000,0.000000,0.500000,0.500000,1.000000,normalized
17971,2,2,0.500000,0.000000,1.000000,0.500000,0.500000,0.000000,1.000000,0.500000,normalized
17979,3,3,0.000000,0.500000,0.500000,1.000000,0.000000,0.500000,0.500000,1.000000,normalized
17983,4,3,0.500000,0.500000,1.000000,1.000000,0.000000,0.500000,0.500000,1.000000,normalized
18006,3,3,0.000000,0.500000,0.500000,1.000000,0.000000,0.500000,0.500000,1.000000,normalized
18020,2,2,0.500000,0.000000,1.000000,0.500000,0.500000,0.000000,1.000000,0.500000,normalized
18026,3,3,0.000000,0.500000,0.500000,1.000000,0.000000,0.500000,0.500000,1.000000,normalized
18065,2,2,0.500000,0.000000,1.000000,0.500000,0.500000,0.000000,1.000000,0.500000,normalized
18076,3,3,0.000000,0.500000,0.500000,1.000000,0.000000,0.500000,0.500000,1.000000,normalized
18098,4,3,0.500000,0.500000,1.000000,1.000000,0.000000,0.500000,0.500000,1.000000,normalized
18108,3,3,0.000000,0.500000,0.500000,1.000000,0.000000,0.500000,0.500000,1.000000,normalized
18161,2,2,0.500000,0.000000,1.000000,0.500000,0.500000,0.000000,1.000000,0.500000,normalized
18170,3,3,0.000000,0.500000,0.500000,1.000000,0.000000,0.500000,0.500000,1.000000,normalized
18202,2,2,0.500000,0.000000,1.000000,0.500000,0.500000,0.000000,1.000000,0.500000,normalized
18213,3,3,0.000000,0.500000,0.500000,1.000000,0.000000,0.500000,0.500000,1.000000,normalized
18221,4,3,0.500000,0.500000,1.000000,1.000000,0.000000,0.500000,0.500000,1.000000,normalized
18232,3,3,0.000000,0.500000,0.500000,1.000000,0.000000,0.500000,0.500000,1.000000,normalized
18250,2,2,0.500000,0.000000,1.000000,0.500000,0.500000,0.000000,1.000000,0.500000,normalized
18253,3,3,0.000000,0.500000,0.500000,1.000000,0.000000,0.500000,0.500000,1.000000,normalized
18259,2,2,0.500000,0.000000,1.000000,0.500000,0.500000,0.000000,1.000000,0.500000,normalized
18261,3,3,0.000000,0.500000,0.500000,1.000000,0.000000,0.500000,0.500000,1.000000,normalized
18284,4,4,0.500000,0.500000,1.000000,1.000000,0.500000,0.500000,1.000000,1.000000,normalized
18285,3,3,0.000000,0.500000,0.500000,1.000000,0.000000,0.500000,0.500000,1.000000,normalized
18293,2,2,0.500000,0.000000,1.000000,0.500000,0.500000,0.000000,1.000000,0.500000,normalized
18306,3,3,0.000000,0.500000,0.500000,1.000000,0.000000,0.500000,0.500000,1.000000,normalized
18314,4,4,0.500000,0.500000,1.000000,1.000000,0.500000,0.500000,1.000000,1.000000,normalized
18317,3,3,0.000000,0.500000,0.500000,1.000000,0.000000,0.500000,0.500000,1.000000,normalized
18338,2,2,0.500000,0.000000,1.000000,0.500000,0.500000,0.000000,1.000000,0.500000,normalized
18339,3,3,0.000000,0.500000,0.500000,1.000000,0.000000,0.500000,0.500000,1.000000,normalized
18386,2,2,0.500000,0.000000,1.000000,0.500000,0.500000,0.000000,1.000000,0.500000,normalized
18394,3,3,0.000000,0.500000,0.500000,1.000000,0.000000,0.500000,0.500000,1.000000,normalized
18409,4,4,0.500000,0.500000,1.000000,1.000000,0.500000,0.500000,1.000000,1.000000,normalized
18414,3,3,0.000000,0.500000,0.500000,1.000000,0.000000,0.500000,0.500000,1.000000,normalized
18426,2,2,0.500000,0.000000,1.000000,0.500000,0.500000,0.000000,1.000000,0.500000,normalized
18439,3,3,0.000000,0.500000,0.500000,1.000000,0.000000,0.500000,0.500000,1.000000,normalized
18462,4,4,0.500000,0.500000,1.000000,1.000000,0.500000,0.500000,1.000000,1.000000,normalized
18467,3,3,0.000000,0.500000,0.500000,1.000000,0.000000,0.500000,0.500000,1.000000,normalized
18475,2,2,0.500000,0.000000,1.000000,0.500000,0.500000,0.000000,1.000000,0.500000,normalized
18481,3,3,0.000000,0.500000,0.500000,1.000000,0.000000,0.500000,0.500000,1.000000,normalized
18515,2,2,0.500000,0.000000,1.000000,0.500000,0.500000,0.000000,1.000000,0.500000,normalized
18528,3,3,0.000000,0.500000,0.500000,1.000000,0.000000,0.500000,0.500000,1.000000,normalized
18560,2,2,0.500000,0.000000,1.000000,0.500000,0.500000,0.000000,1.000000,0.500000,normalized
18574,3,3,0.000000,0.500000,0.500000,1.000000,0.000000,0.500000,0.500000,1.000000,normalized
18581,4,3,0.500000,0.500000,1.000000,1.000000,0.000000,0.500000,0.500000,1.000000,normalized
18599,3,3,0.000000,0.500000,0.500000,1.000000,0.000000,0.500000,0.500000,1.000000,normalized
18605,2,2,0.500000,0.000000,1.000000,0.500000,0.500000,0.000000,1.000000,0.500000,normalized
18618,3,3,0.000000,0.500000,0.500000,1.000000,0.000000,0.500000,0.500000,1.000000,normalized
18650,2,2,0.500000,0.000000,1.000000,0.500000,0.500000,0.000000,1.000000,0.500000,normalized
18661,3,3,0.000000,0.500000,0.500000,1.000000,0.000000,0.500000,0.500000,1.000000,normalized
18696,2,2,0.500000,0.000000,1.000000,0.500000,0.500000,0.000000,1.000000,0.500000,normalized
18701,3,3,0.000000,0.500000,0.500000,1.000000,0.000000,0.500000,0.500000,1.000000,normalized
18721,4,3,0.500000,0.500000,1.000000,1.000000,0.000000,0.500000,0.500000,1.000000,normalized
18727,3,3,0.000000,0.500000,0.500000,1.000000,0.000000,0.500000,0.500000,1.000000,normalized
18739,2,2,0.500000,0.000000,1.000000,0.500000,0.500000,0.000000,1.000000,0.500000,normalized
18751,3,3,0.000000,0.500000,0.500000,1.000000,0.000000,0.500000,0.500000,1.000000,normalized
18784,2,2,0.500000,0.000000,1.000000,0.500000,0.500000,0.000000,1.000000,0.500000,normalized
18797,3,3,0.000000,0.500000,0.500000,1.000000,0.000000,0.500000,0.500000,1.000000,normalized
18822,4,3,0.500000,0.500000,1.000000,1.000000,0.000000,0.500000,0.500000,1.000000,normalized
18823,3,3,0.000000,0.500000,0.500000,1.000000,0.000000,0.500000,0.500000,1.000000,normalized
18830,2,2,0.500000,0.000000,1.000000,0.500000,0.500000,0.000000,1.000000,0.500000,normalized
18840,3,3,0.000000,0.500000,0.500000,1.000000,0.000000,0.500000,0.500000,1.000000,normalized
18865,2,2,0.500000,0.000000,1.000000,0.500000,0.500000,0.000000,1.000000,0.500000,normalized
18887,3,3,0.000000,0.500000,0.500000,1.000000,0.000000,0.500000,0.500000,1.000000,normalized
18918,2,2,0.500000,0.000000,1.000000,0.500000,0.500000,0.000000,1.000000,0.500000,normalized
18930,3,3,0.000000,0.500000,0.500000,1.000000,0.000000,0.500000,0.500000,1.000000,normalized
18940,4,3,0.500000,0.500000,1.000000,1.000000,0.000000,0.500000,0.500000,1.000000,normalized
18951,3,3,0.000000,0.500000,0.500000,1.000000,0.000000,0.500000,0.500000,1.000000,normalized
18967,2,2,0.500000,0.000000,1.000000,0.500000,0.500000,0.000000,1.000000,0.500000,normalized
18972,3,3,0.000000,0.500000,0.500000,1.000000,0.000000,0.500000,0.500000,1.000000,normalized
19009,2,2,0.500000,0.000000,1.000000,0.500000,0.500000,0.000000,1.000000,0.500000,normalized
19021,3,3,0.000000,0.500000,0.500000,1.000000,0.000000,0.500000,0.500000,1.000000,normalized
19031,4,4,0.500000,0.500000,1.000000,1.000000,0.500000,0.500000,1.000000,1.000000,normalized
19036,3,3,0.000000,0.500000,0.500000,1.000000,0.000000,0.500000,0.500000,1.000000,normalized
19051,2,2,0.500000,0.000000,1.000000,0.500000,0.500000,0.000000,1.000000,0.500000,normalized
19060,3,3,0.000000,0.500000,0.500000,1.000000,0.000000,0.500000,0.500000,1.000000,normalized
19070,4,4,0.500000,0.500000,1.000000,1.000000,0.500000,0.500000,1.000000,1.000000,normalized
19072,3,3,0.000000,0.500000,0.500000,1.000000,0.000000,0.500000,0.500000,1.000000,normalized
19097,2,2,0.500000,0.000000,1.000000,0.500000,0.500000,0.000000,1.000000,0.500000,normalized
19110,3,3,0.000000,0.500000,0.500000,1.000000,0.000000,0.500000,0.500000,1.000000,normalized
19121,4,4,0.500000,0.500000,1.000000,1.000000,0.500000,0.500000,1.000000,1.000000,normalized
19122,3,3,0.000000,0.500000,0.500000,1.000000,0.000000,0.500000,0.500000,1.000000,normalized
19141,2,2,0.500000,0.000000,1.000000,0.500000,0.500000,0.000000,1.000000,0.500000,normalized
19154,3,3,0.000000,0.500000,0.500000,1.000000,0.000000,0.500000,0.500000,1.000000,normalized
19182,4,4,0.500000,0.500000,1.000000,1.000000,0.500000,0.500000,1.000000,1.000000,normalized
19186,3,3,0.000000,0.500000,0.500000,1.000000,0.000000,0.500000,0.500000,1.000000,normalized
19191,2,2,0.500000,0.000000,1.000000,0.500000,0.500000,0.000000,1.000000,0.500000,normalized
19200,3,3,0.000000,0.500000,0.500000,1.000000,0.000000,0.500000,0.500000,1.000000,normalized
19229,2,2,0.500000,0.000000,1.000000,0.500000,0.500000,0.000000,1.000000,0.500000,normalized
19242,3,3,0.000000,0.500000,0.500000,1.000000,0.000000,0.500000,0.500000,1.000000,normalized
19278,2,2,0.500000,0.000000,1.000000,0.500000,0.500000,0.000000,1.000000,0.500000,normalized
19290,3,3,0.000000,0.500000,0.500000,1.000000,0.000000,0.500000,0.500000,1.000000,normalized
19300,4,3,0.500000,0.500000,1.000000,1.000000,0.000000,0.500000,0.500000,1.000000,normalized
19313,3,3,0.000000,0.500000,0.500000,1.000000,0.000000,0.500000,0.500000,1.000000,normalized
19321,2,2,0.500000,0.000000,1.000000,0.500000,0.500000,0.000000,1.000000,0.500000,normalized
19333,3,3,0.000000,0.500000,0.500000,1.000000,0.000000,0.500000,0.500000,1.000000,normalized
19364,2,2,0.500000,0.000000,1.000000,0.500000,0.500000,0.000000,1.000000,0.500000,normalized
19379,3,3,0.000000,0.500000,0.500000,1.000000,0.000000,0.500000,0.500000,1.000000,normalized
19397,4,4,0.500000,0.500000,1.000000,1.000000,0.500000,0.500000,1.000000,1.000000,normalized
19399,3,3,0.000000,0.500000,0.500000,1.000000,0.000000,0.500000,0.500000,1.000000,normalized
19410,2,2,0.500000,0.000000,1.000000,0.500000,0.500000,0.000000,1.000000,0.500000,normalized
19420,3,3,0.000000,0.500000,0.500000,1.000000,0.000000,0.500000,0.500000,1.000000,normalized
19426,4,4,0.500000,0.500000,1.000000,1.000000,0.500000,0.500000,1.000000,1.000000,normalized
19437,3,3,0.000000,0.500000,0.500000,1.000000,0.000000,0.500000,0.500000,1.000000,normalized
19457,2,2,0.500000,0.000000,1.000000,0.500000,0.500000,0.000000,1.000000,0.500000,normalized
19469,3,3,0.000000,0.500000,0.500000,1.000000,0.000000,0.500000,0.500000,1.000000,normalized
19500,2,2,0.500000,0.000000,1.000000,0.500000,0.500000,0.000000,1.000000,0.500000,normalized
19511,3,3,0.000000,0.500000,0.500000,1.000000,0.000000,0.500000,0.500000,1.000000,normalized
19541,4,4,0.500000,0.500000,1.000000,1.000000,0.500000,0.500000,1.000000,1.000000,normalized
19544,3,3,0.000000,0.500000,0.500000,1.000000,0.000000,0.500000,0.500000,1.000000,normalized
19556,2,2,0.500000,0.000000,1.000000,0.500000,0.500000,0.000000,1.000000,0.500000,normalized
19559,3,3,0.000000,0.500000,0.500000,1.000000,0.000000,0.500000,0.500000,1.000000,normalized
19571,4,4,0.500000,0.500000,1.000000,1.000000,0.500000,0.500000,1.000000,1.000000,normalized
19575,3,3,0.000000,0.500000,0.500000,1.000000,0.000000,0.500000,0.500000,1.000000,normalized
19590,2,2,0.500000,0.000000,1.000000,0.500000,0.500000,0.000000,1.000000,0.500000,normalized
19604,3,3,0.000000,0.500000,0.500000,1.000000,0.000000,0.500000,0.500000,1.000000,normalized
19639,2,2,0.500000,0.000000,1.000000,0.500000,0.500000,0.000000,1.000000,0.500000,normalized
19649,3,3,0.000000,0.500000,0.500000,1.000000,0.000000,0.500000,0.500000,1.000000,normalized
19661,4,3,0.500000,0.500000,1.000000,1.000000,0.000000,0.500000,0.500000,1.000000,normalized
19673,3,3,0.000000,0.500000,0.500000,1.000000,0.000000,0.500000,0.500000,1.000000,normalized
19682,2,2,0.500000,0.000000,1.000000,0.500000,0.500000,0.000000,1.000000,0.500000,normalized
19694,3,3,0.000000,0.500000,0.500000,1.000000,0.000000,0.500000,0.500000,1.000000,normalized
19728,2,2,0.500000,0.000000,1.000000,0.500000,0.500000,0.000000,1.000000,0.500000,normalized
19739,3,3,0.000000,0.500000,0.500000,1.000000,0.000000,0.500000,0.500000,1.000000,normalized
19772,2,2,0.500000,0.000000,1.000000,0.500000,0.500000,0.000000,1.000000,0.500000,normalized
19781,3,3,0.000000,0.500000,0.500000,1.000000,0.000000,0.500000,0.500000,1.000000,normalized
19795,4,4,0.500000,0.500000,1.000000,1.000000,0.500000,0.500000,1.000000,1.000000,normalized
19800,3,3,0.000000,0.500000,0.500000,1.000000,0.000000,0.500000,0.500000,1.000000,normalized
19817,2,2,0.500000,0.000000,1.000000,0.500000,0.500000,0.000000,1.000000,0.500000,normalized
19832,3,3,0.000000,0.500000,0.500000,1.000000,0.000000,0.500000,0.500000,1.000000,normalized
19853,4,4,0.500000,0.500000,1.000000,1.000000,0.500000,0.500000,1.000000,1.000000,normalized
19854,3,3,0.000000,0.500000,0.500000,1.000000,0.000000,0.500000,0.500000,1.000000,normalized
19862,2,2,0.500000,0.000000,1.000000,0.500000,0.500000,0.000000,1.000000,0.500000,normalized
19875,3,3,0.000000,0.500000,0.500000,1.000000,0.000000,0.500000,0.500000,1.000000,normalized
19882,4,4,0.500000,0.500000,1.000000,1.000000,0.500000,0.500000,1.000000,1.000000,normalized
19884,3,3,0.000000,0.500000,0.500000,1.000000,0.000000,0.500000,0.500000,1.000000,normalized
19902,4,4,0.500000,0.500000,1.000000,1.000000,0.500000,0.500000,1.000000,1.000000,normalized
19904,3,3,0.000000,0.500000,0.500000,1.000000,0.000000,0.500000,0.500000,1.000000,normalized
19913,2,2,0.500000,0.000000,1.000000,0.500000,0.500000,0.000000,1.000000,0.500000,normalized
19919,3,3,0.000000,0.500000,0.500000,1.000000,0.000000,0.500000,0.500000,1.000000,normalized
19940,4,4,0.500000,0.500000,1.000000,1.000000,0.500000,0.500000,1.000000,1.000000,normalized
19941,3,3,0.000000,0.500000,0.500000,1.000000,0.000000,0.500000,0.500000,1.000000,normalized
19954,2,2,0.500000,0.000000,1.000000,0.500000,0.500000,0.000000,1.000000,0.500000,normalized
19967,3,3,0.000000,0.500000,0.500000,1.000000,0.000000,0.500000,0.500000,1.000000,normalized
19979,4,4,0.500000,0.500000,1.000000,1.000000,0.500000,0.500000,1.000000,1.000000,normalized
19981,3,3,0.000000,0.500000,0.500000,1.000000,0.000000,0.500000,0.500000,1.000000,normalized
19999,2,2,0.500000,0.000000,1.000000,0.500000,0.500000,0.000000,1.000000,0.500000,normalized
20007,3,3,0.000000,0.500000,0.500000,1.000000,0.000000,0.500000,0.500000,1.000000,normalized
20021,4,4,0.500000,0.500000,1.000000,1.000000,0.500000,0.500000,1.000000,1.000000,normalized
20031,3,3,0.000000,0.500000,0.500000,1.000000,0.000000,0.500000,0.500000,1.000000,normalized
20034,4,4,0.500000,0.500000,1.000000,1.000000,0.500000,0.500000,1.000000,1.000000,normalized
20038,3,3,0.000000,0.500000,0.500000,1.000000,0.000000,0.500000,0.500000,1.000000,normalized
20048,2,2,0.500000,0.000000,1.000000,0.500000,0.500000,0.000000,1.000000,0.500000,normalized
20058,3,3,0.000000,0.500000,0.500000,1.000000,0.000000,0.500000,0.500000,1.000000,normalized
20074,4,4,0.500000,0.500000,1.000000,1.000000,0.500000,0.500000,1.000000,1.000000,normalized
20076,3,3,0.000000,0.500000,0.500000,1.000000,0.000000,0.500000,0.500000,1.000000,normalized
20089,2,2,0.500000,0.000000,1.000000,0.500000,0.500000,0.000000,1.000000,0.500000,normalized
20104,3,3,0.000000,0.500000,0.500000,1.000000,0.000000,0.500000,0.500000,1.000000,normalized
20137,2,2,0.500000,0.000000,1.000000,0.500000,0.500000,0.000000,1.000000,0.500000,normalized
20142,3,3,0.000000,0.500000,0.500000,1.000000,0.000000,0.500000,0.500000,1.000000,normalized
20180,2,2,0.500000,0.000000,1.000000,0.500000,0.500000,0.000000,1.000000,0.500000,normalized
20196,3,3,0.000000,0.500000,0.500000,1.000000,0.000000,0.500000,0.500000,1.000000,normalized
20228,2,2,0.500000,0.000000,1.000000,0.500000,0.500000,0.000000,1.000000,0.500000,normalized
20241,3,3,0.000000,0.500000,0.500000,1.000000,0.000000,0.500000,0.500000,1.000000,normalized
20256,4,3,0.500000,0.500000,1.000000,1.000000,0.000000,0.500000,0.500000,1.000000,normalized
20268,3,3,0.000000,0.500000,0.500000,1.000000,0.000000,0.500000,0.500000,1.000000,normalized
20274,2,2,0.500000,0.000000,1.000000,0.500000,0.500000,0.000000,1.000000,0.500000,normalized
20285,3,3,0.000000,0.500000,0.500000,1.000000,0.000000,0.500000,0.500000,1.000000,normalized
20321,2,2,0.500000,0.000000,1.000000,0.500000,0.500000,0.000000,1.000000,0.500000,normalized
20333,3,3,0.000000,0.500000,0.500000,1.000000,0.000000,0.500000,0.500000,1.000000,normalized
20362,2,2,0.500000,0.000000,1.000000,0.500000,0.500000,0.000000,1.000000,0.500000,normalized
20378,3,3,0.000000,0.500000,0.500000,1.000000,0.000000,0.500000,0.500000,1.000000,normalized
20382,4,4,0.500000,0.500000,1.000000,1.000000,0.500000,0.500000,1.000000,1.000000,normalized
20391,3,3,0.000000,0.500000,0.500000,1.000000,0.000000,0.500000,0.500000,1.000000,normalized
20415,2,2,0.500000,0.000000,1.000000,0.500000,0.500000,0.000000,1.000000,0.500000,normalized
20422,3,3,0.000000,0.500000,0.500000,1.000000,0.000000,0.500000,0.500000,1.000000,normalized
20440,4,4,0.500000,0.500000,1.000000,1.000000,0.500000,0.500000,1.000000,1.000000,normalized
20443,3,3,0.000000,0.500000,0.500000,1.000000,0.000000,0.500000,0.500000,1.000000,normalized
20455,2,2,0.500000,0.000000,1.000000,0.500000,0.500000,0.000000,1.000000,0.500000,normalized
20470,3,3,0.000000,0.500000,0.500000,1.000000,0.000000,0.500000,0.500000,1.000000,normalized
20535,4,4,0.500000,0.500000,1.000000,1.000000,0.500000,0.500000,1.000000,1.000000,normalized
20538,3,3,0.000000,0.500000,0.500000,1.000000,0.000000,0.500000,0.500000,1.000000,normalized
20549,2,2,0.500000,0.000000,1.000000,0.500000,0.500000,0.000000,1.000000,0.500000,normalized
20563,3,3,0.000000,0.500000,0.500000,1.000000,0.000000,0.500000,0.500000,1.000000,normalized
20596,2,2,0.500000,0.000000,1.000000,0.500000,0.500000,0.000000,1.000000,0.500000,normalized
20609,3,3,0.000000,0.500000,0.500000,1.000000,0.000000,0.500000,0.500000,1.000000,normalized
20621,4,3,0.500000,0.500000,1.000000,1.000000,0.000000,0.500000,0.500000,1.000000,normalized
20630,3,3,0.000000,0.500000,0.500000,1.000000,0.000000,0.500000,0.500000,1.000000,normalized
20640,2,2,0.500000,0.000000,1.000000,0.500000,0.500000,0.000000,1.000000,0.500000,normalized
20656,3,3,0.000000,0.500000,0.500000,1.000000,0.000000,0.500000,0.500000,1.000000,normalized
20687,2,2,0.500000,0.000000,1.000000,0.500000,0.500000,0.000000,1.000000,0.500000,normalized
20700,3,3,0.000000,0.500000,0.500000,1.000000,0.000000,0.500000,0.500000,1.000000,normalized
20730,2,2,0.500000,0.000000,1.000000,0.500000,0.500000,0.000000,1.000000,0.500000,normalized
20741,3,3,0.000000,0.500000,0.500000,1.000000,0.000000,0.500000,0.500000,1.000000,normalized
20779,2,2,0.500000,0.000000,1.000000,0.500000,0.500000,0.000000,1.000000,0.500000,normalized
20794,3,3,0.000000,0.500000,0.500000,1.000000,0.000000,0.500000,0.500000,1.000000,normalized
20804,4,4,0.500000,0.500000,1.000000,1.000000,0.500000,0.500000,1.000000,1.000000,normalized
20805,3,3,0.000000,0.500000,0.500000,1.000000,0.000000,0.500000,0.500000,1.000000,normalized
20824,2,2,0.500000,0.000000,1.000000,0.500000,0.500000,0.000000,1.000000,0.500000,normalized
20840,3,3,0.000000,0.500000,0.500000,1.000000,0.000000,0.500000,0.500000,1.000000,normalized
20860,4,4,0.500000,0.500000,1.000000,1.000000,0.500000,0.500000,1.000000,1.000000,normalized
20866,3,3,0.000000,0.500000,0.500000,1.000000,0.000000,0.500000,0.500000,1.000000,normalized
20873,2,2,0.500000,0.000000,1.000000,0.500000,0.500000,0.000000,1.000000,0.500000,normalized
20885,3,3,0.000000,0.500000,0.500000,1.000000,0.000000,0.500000,0.500000,1.000000,normalized
20917,2,2,0.500000,0.000000,1.000000,0.500000,0.500000,0.000000,1.000000,0.500000,normalized
20932,3,3,0.000000,0.500000,0.500000,1.000000,0.000000,0.500000,0.500000,1.000000,normalized
20962,2,2,0.500000,0.000000,1.000000,0.500000,0.500000,0.000000,1.000000,0.500000,normalized
20975,3,3,0.000000,0.500000,0.500000,1.000000,0.000000,0.500000,0.500000,1.000000,normalized
20982,4,3,0.500000,0.500000,1.000000,1.000000,0.000000,0.500000,0.500000,1.000000,normalized
20992,3,3,0.000000,0.500000,0.500000,1.000000,0.000000,0.500000,0.500000,1.000000,normalized
21010,2,2,0.500000,0.000000,1.000000,0.500000,0.500000,0.000000,1.000000,0.500000,normalized
21024,3,3,0.000000,0.500000,0.500000,1.000000,0.000000,0.500000,0.500000,1.000000,normalized
21054,2,2,0.500000,0.000000,1.000000,0.500000,0.500000,0.000000,1.000000,0.500000,normalized
21067,3,3,0.000000,0.500000,0.500000,1.000000,0.000000,0.500000,0.500000,1.000000,normalized
21146,2,2,0.500000,0.000000,1.000000,0.500000,0.500000,0.000000,1.000000,0.500000,normalized
21160,3,3,0.000000,0.500000,0.500000,1.000000,0.000000,0.500000,0.500000,1.000000,normalized
21197,2,2,0.500000,0.000000,1.000000,0.500000,0.500000,0.000000,1.000000,0.500000,normalized
21207,3,3,0.000000,0.500000,0.500000,1.000000,0.000000,0.500000,0.500000,1.000000,normalized
21221,4,4,0.500000,0.500000,1.000000,1.000000,0.500000,0.500000,1.000000,1.000000,normalized
21230,3,3,0.000000,0.500000,0.500000,1.000000,0.000000,0.500000,0.500000,1.000000,normalized
21238,2,2,0.500000,0.000000,1.000000,0.500000,0.500000,0.000000,1.000000,0.500000,normalized
21250,3,3,0.000000,0.500000,0.500000,1.000000,0.000000,0.500000,0.500000,1.000000,normalized
21263,4,4,0.500000,0.500000,1.000000,1.000000,0.500000,0.500000,1.000000,1.000000,normalized
21264,3,3,0.000000,0.500000,0.500000,1.000000,0.000000,0.500000,0.500000,1.000000,normalized
21285,2,2,0.500000,0.000000,1.000000,0.500000,0.500000,0.000000,1.000000,0.500000,normalized
21302,3,3,0.000000,0.500000,0.500000,1.000000,0.000000,0.500000,0.500000,1.000000,normalized
21331,2,2,0.500000,0.000000,1.000000,0.500000,0.500000,0.000000,1.000000,0.500000,normalized
21341,3,3,0.000000,0.500000,0.500000,1.000000,0.000000,0.500000,0.500000,1.000000,normalized
21382,2,2,0.500000,0.000000,1.000000,0.500000,0.500000,0.000000,1.000000,0.500000,normalized
21394,3,3,0.000000,0.500000,0.500000,1.000000,0.000000,0.500000,0.500000,1.000000,normalized
21423,2,2,0.500000,0.000000,1.000000,0.500000,0.500000,0.000000,1.000000,0.500000,normalized
21436,3,3,0.000000,0.500000,0.500000,1.000000,0.000000,0.500000,0.500000,1.000000,normalized
21461,4,4,0.500000,0.500000,1.000000,1.000000,0.500000,0.500000,1.000000,1.000000,normalized
21469,3,3,0.000000,0.500000,0.500000,1.000000,0.000000,0.500000,0.500000,1.000000,normalized
21473,2,2,0.500000,0.000000,1.000000,0.500000,0.500000,0.000000,1.000000,0.500000,normalized
21487,3,3,0.000000,0.500000,0.500000,1.000000,0.000000,0.500000,0.500000,1.000000,normalized
21495,4,4,0.500000,0.500000,1.000000,1.000000,0.500000,0.500000,1.000000,1.000000,normalized
21499,3,3,0.000000,0.500000,0.500000,1.000000,0.000000,0.500000,0.500000,1.000000,normalized
21515,2,2,0.500000,0.000000,1.000000,0.500000,0.500000,0.000000,1.000000,0.500000,normalized
21530,3,3,0.000000,0.500000,0.500000,1.000000,0.000000,0.500000,0.500000,1.000000,normalized
21566,2,2,0.500000,0.000000,1.000000,0.500000,0.500000,0.000000,1.000000,0.500000,normalized
21579,3,3,0.000000,0.500000,0.500000,1.000000,0.000000,0.500000,0.500000,1.000000,normalized
21583,4,3,0.500000,0.500000,1.000000,1.000000,0.000000,0.500000,0.500000,1.000000,normalized
21596,3,3,0.000000,0.500000,0.500000,1.000000,0.000000,0.500000,0.500000,1.000000,normalized
21608,2,2,0.500000,0.000000,1.000000,0.500000,0.500000,0.000000,1.000000,0.500000,normalized
21622,3,3,0.000000,0.500000,0.500000,1.000000,0.000000,0.500000,0.500000,1.000000,normalized
21658,2,2,0.500000,0.000000,1.000000,0.500000,0.500000,0.000000,1.000000,0.500000,normalized
21670,3,3,0.000000,0.500000,0.500000,1.000000,0.000000,0.500000,0.500000,1.000000,normalized
21750,2,2,0.500000,0.000000,1.000000,0.500000,0.500000,0.000000,1.000000,0.500000,normalized
21760,3,3,0.000000,0.500000,0.500000,1.000000,0.000000,0.500000,0.500000,1.000000,normalized
21794,2,2,0.500000,0.000000,1.000000,0.500000,0.500000,0.000000,1.000000,0.500000,normalized
21809,3,3,0.000000,0.500000,0.500000,1.000000,0.000000,0.500000,0.500000,1.000000,normalized
21819,4,3,0.500000,0.500000,1.000000,1.000000,0.000000,0.500000,0.500000,1.000000,normalized
21831,3,3,0.000000,0.500000,0.500000,1.000000,0.000000,0.500000,0.500000,1.000000,normalized
21842,2,2,0.500000,0.000000,1.000000,0.500000,0.500000,0.000000,1.000000,0.500000,normalized
21854,3,3,0.000000,0.500000,0.500000,1.000000,0.000000,0.500000,0.500000,1.000000,normalized
21887,2,2,0.500000,0.000000,1.000000,0.500000,0.500000,0.000000,1.000000,0.500000,normalized
21903,3,3,0.000000,0.500000,0.500000,1.000000,0.000000,0.500000,0.500000,1.000000,normalized
21935,2,2,0.500000,0.000000,1.000000,0.500000,0.500000,0.000000,1.000000,0.500000,normalized
21941,3,3,0.000000,0.500000,0.500000,1.000000,0.000000,0.500000,0.500000,1.000000,normalized
21979,2,2,0.500000,0.000000,1.000000,0.500000,0.500000,0.000000,1.000000,0.500000,normalized
21995,3,3,0.000000,0.500000,0.500000,1.000000,0.000000,0.500000,0.500000,1.000000,normalized
22027,2,2,0.500000,0.000000,1.000000,0.500000,0.500000,0.000000,1.000000,0.500000,normalized
22041,3,3,0.000000,0.500000,0.500000,1.000000,0.000000,0.500000,0.500000,1.000000,normalized
22059,4,3,0.500000,0.500000,1.000000,1.000000,0.000000,0.500000,0.500000,1.000000,normalized
22067,3,3,0.000000,0.500000,0.500000,1.000000,0.000000,0.500000,0.500000,1.000000,normalized
22073,2,2,0.500000,0.000000,1.000000,0.500000,0.500000,0.000000,1.000000,0.500000,normalized
22083,3,3,0.000000,0.500000,0.500000,1.000000,0.000000,0.500000,0.500000,1.000000,normalized
22120,2,2,0.500000,0.000000,1.000000,0.500000,0.500000,0.000000,1.000000,0.500000,normalized
22132,3,3,0.000000,0.500000,0.500000,1.000000,0.000000,0.500000,0.500000,1.000000,normalized
22163,2,2,0.500000,0.000000,1.000000,0.500000,0.500000,0.000000,1.000000,0.500000,normalized
22179,3,3,0.000000,0.500000,0.500000,1.000000,0.000000,0.500000,0.500000,1.000000,normalized
22187,4,4,0.500000,0.500000,1.000000,1.000000,0.500000,0.500000,1.000000,1.000000,normalized
22189,3,3,0.000000,0.500000,0.500000,1.000000,0.000000,0.500000,0.500000,1.000000,normalized
22197,4,4,0.500000,0.500000,1.000000,1.000000,0.500000,0.500000,1.000000,1.000000,normalized
22201,3,3,0.000000,0.500000,0.500000,1.000000,0.000000,0.500000,0.500000,1.000000,normalized
22214,2,2,0.500000,0.000000,1.000000,0.500000,0.500000,0.000000,1.000000,0.500000,normalized
22226,3,3,0.000000,0.500000,0.500000,1.000000,0.000000,0.500000,0.500000,1.000000,normalized
22237,4,4,0.500000,0.500000,1.000000,1.000000,0.500000,0.500000,1.000000,1.000000,normalized
22241,3,3,0.000000,0.500000,0.500000,1.000000,0.000000,0.500000,0.500000,1.000000,normalized
22259,2,2,0.500000,0.000000,1.000000,0.500000,0.500000,0.000000,1.000000,0.500000,normalized
22272,3,3,0.000000,0.500000,0.500000,1.000000,0.000000,0.500000,0.500000,1.000000,normalized
22310,2,2,0.500000,0.000000,1.000000,0.500000,0.500000,0.000000,1.000000,0.500000,normalized
22317,3,3,0.000000,0.500000,0.500000,1.000000,0.000000,0.500000,0.500000,1.000000,normalized
22354,2,2,0.500000,0.000000,1.000000,0.500000,0.500000,0.000000,1.000000,0.500000,normalized
22367,3,3,0.000000,0.500000,0.500000,1.000000,0.000000,0.500000,0.500000,1.000000,normalized
22396,2,2,0.500000,0.000000,1.000000,0.500000,0.500000,0.000000,1.000000,0.500000,normalized
22408,3,3,0.000000,0.500000,0.500000,1.000000,0.000000,0.500000,0.500000,1.000000,normalized
22421,4,4,0.500000,0.500000,1.000000,1.000000,0.500000,0.500000,1.000000,1.000000,normalized
22432,3,3,0.000000,0.500000,0.500000,1.000000,0.000000,0.500000,0.500000,1.000000,normalized
22435,4,4,0.500000,0.500000,1.000000,1.000000,0.500000,0.500000,1.000000,1.000000,normalized
22437,3,3,0.000000,0.500000,0.500000,1.000000,0.000000,0.500000,0.500000,1.000000,normalized
22446,2,2,0.500000,0.000000,1.000000,0.500000,0.500000,0.000000,1.000000,0.500000,normalized
22462,3,3,0.000000,0.500000,0.500000,1.000000,0.000000,0.500000,0.500000,1.000000,normalized
22496,2,2,0.500000,0.000000,1.000000,0.500000,0.500000,0.000000,1.000000,0.500000,normalized
22503,3,3,0.000000,0.500000,0.500000,1.000000,0.000000,0.500000,0.500000,1.000000,normalized
22592,2,2,0.500000,0.000000,1.000000,0.500000,0.500000,0.000000,1.000000,0.500000,normalized
22600,3,3,0.000000,0.500000,0.500000,1.000000,0.000000,0.500000,0.500000,1.000000,normalized
22617,4,4,0.500000,0.500000,1.000000,1.000000,0.500000,0.500000,1.000000,1.000000,normalized
22620,3,3,0.000000,0.500000,0.500000,1.000000,0.000000,0.500000,0.500000,1.000000,normalized
22636,2,2,0.500000,0.000000,1.000000,0.500000,0.500000,0.000000,1.000000,0.500000,normalized
22648,3,3,0.000000,0.500000,0.500000,1.000000,0.000000,0.500000,0.500000,1.000000,normalized
22661,4,4,0.500000,0.500000,1.000000,1.000000,0.500000,0.500000,1.000000,1.000000,normalized
22669,3,3,0.000000,0.500000,0.500000,1.000000,0.000000,0.500000,0.500000,1.000000,normalized
22680,2,2,0.500000,0.000000,1.000000,0.500000,0.500000,0.000000,1.000000,0.500000,normalized
22693,3,3,0.000000,0.500000,0.500000,1.000000,0.000000,0.500000,0.500000,1.000000,normalized
22727,2,2,0.500000,0.000000,1.000000,0.500000,0.500000,0.000000,1.000000,0.500000,normalized
22742,3,3,0.000000,0.500000,0.500000,1.000000,0.000000,0.500000,0.500000,1.000000,normalized
22770,2,2,0.500000,0.000000,1.000000,0.500000,0.500000,0.000000,1.000000,0.500000,normalized
22780,3,3,0.000000,0.500000,0.500000,1.000000,0.000000,0.500000,0.500000,1.000000,normalized
22787,4,3,0.500000,0.500000,1.000000,1.000000,0.000000,0.500000,0.500000,1.000000,normalized
22795,3,3,0.000000,0.500000,0.500000,1.000000,0.000000,0.500000,0.500000,1.000000,normalized
22818,2,2,0.500000,0.000000,1.000000,0.500000,0.500000,0.000000,1.000000,0.500000,normalized
22830,3,3,0.000000,0.500000,0.500000,1.000000,0.000000,0.500000,0.500000,1.000000,normalized
22862,2,2,0.500000,0.000000,1.000000,0.500000,0.500000,0.000000,1.000000,0.500000,normalized
22875,3,3,0.000000,0.500000,0.500000,1.000000,0.000000,0.500000,0.500000,1.000000,normalized
22902,4,3,0.500000,0.500000,1.000000,1.000000,0.000000,0.500000,0.500000,1.000000,normalized
22905,3,3,0.000000,0.500000,0.500000,1.000000,0.000000,0.500000,0.500000,1.000000,normalized
22910,2,2,0.500000,0.000000,1.000000,0.500000,0.500000,0.000000,1.000000,0.500000,normalized
22921,3,3,0.000000,0.500000,0.500000,1.000000,0.000000,0.500000,0.500000,1.000000,normalized
22950,2,2,0.500000,0.000000,1.000000,0.500000,0.500000,0.000000,1.000000,0.500000,normalized
22963,3,3,0.000000,0.500000,0.500000,1.000000,0.000000,0.500000,0.500000,1.000000,normalized
22997,2,2,0.500000,0.000000,1.000000,0.500000,0.500000,0.000000,1.000000,0.500000,normalized
23012,3,3,0.000000,0.500000,0.500000,1.000000,0.000000,0.500000,0.500000,1.000000,normalized
23021,4,3,0.500000,0.500000,1.000000,1.000000,0.000000,0.500000,0.500000,1.000000,normalized
23032,3,3,0.000000,0.500000,0.500000,1.000000,0.000000,0.500000,0.500000,1.000000,normalized
23039,2,2,0.500000,0.000000,1.000000,0.500000,0.500000,0.000000,1.000000,0.500000,normalized
23053,3,3,0.000000,0.500000,0.500000,1.000000,0.000000,0.500000,0.500000,1.000000,normalized
23089,2,2,0.500000,0.000000,1.000000,0.500000,0.500000,0.000000,1.000000,0.500000,normalized
23101,3,3,0.000000,0.500000,0.500000,1.000000,0.000000,0.500000,0.500000,1.000000,normalized
23116,4,4,0.500000,0.500000,1.000000,1.000000,0.500000,0.500000,1.000000,1.000000,normalized
23119,3,3,0.000000,0.500000,0.500000,1.000000,0.000000,0.500000,0.500000,1.000000,normalized
23130,2,2,0.500000,0.000000,1.000000,0.500000,0.500000,0.000000,1.000000,0.500000,normalized
23140,3,3,0.000000,0.500000,0.500000,1.000000,0.000000,0.500000,0.500000,1.000000,normalized
23143,4,4,0.500000,0.500000,1.000000,1.000000,0.500000,0.500000,1.000000,1.000000,normalized
23155,3,3,0.000000,0.500000,0.500000,1.000000,0.000000,0.500000,0.500000,1.000000,normalized
23171,2,2,0.500000,0.000000,1.000000,0.500000,0.500000,0.000000,1.000000,0.500000,normalized
23187,3,3,0.000000,0.500000,0.500000,1.000000,0.000000,0.500000,0.500000,1.000000,normalized
23214,2,2,0.500000,0.000000,1.000000,0.500000,0.500000,0.000000,1.000000,0.500000,normalized
23227,3,3,0.000000,0.500000,0.500000,1.000000,0.000000,0.500000,0.500000,1.000000,normalized
23272,2,2,0.500000,0.000000,1.000000,0.500000,0.500000,0.000000,1.000000,0.500000,normalized
23274,3,3,0.000000,0.500000,0.500000,1.000000,0.000000,0.500000,0.500000,1.000000,normalized
23287,4,3,0.500000,0.500000,1.000000,1.000000,0.000000,0.500000,0.500000,1.000000,normalized
23292,3,3,0.000000,0.500000,0.500000,1.000000,0.000000,0.500000,0.500000,1.000000,normalized
23307,2,2,0.500000,0.000000,1.000000,0.500000,0.500000,0.000000,1.000000,0.500000,normalized
23319,3,3,0.000000,0.500000,0.500000,1.000000,0.000000,0.500000,0.500000,1.000000,normalized
23354,2,2,0.500000,0.000000,1.000000,0.500000,0.500000,0.000000,1.000000,0.500000,normalized
23370,3,3,0.000000,0.500000,0.500000,1.000000,0.000000,0.500000,0.500000,1.000000,normalized
23381,4,3,0.500000,0.500000,1.000000,1.000000,0.000000,0.500000,0.500000,1.000000,normalized
23389,3,3,0.000000,0.500000,0.500000,1.000000,0.000000,0.500000,0.500000,1.000000,normalized
23397,2,2,0.500000,0.000000,1.000000,0.500000,0.500000,0.000000,1.000000,0.500000,normalized
23411,3,3,0.000000,0.500000,0.500000,1.000000,0.000000,0.500000,0.500000,1.000000,normalized
23443,2,2,0.500000,0.000000,1.000000,0.500000,0.500000,0.000000,1.000000,0.500000,normalized
23458,3,3,0.000000,0.500000,0.500000,1.000000,0.000000,0.500000,0.500000,1.000000,normalized
23489,2,2,0.500000,0.000000,1.000000,0.500000,0.500000,0.000000,1.000000,0.500000,normalized
23497,3,3,0.000000,0.500000,0.500000,1.000000,0.000000,0.500000,0.500000,1.000000,normalized
23503,4,3,0.500000,0.500000,1.000000,1.000000,0.000000,0.500000,0.500000,1.000000,normalized
23511,3,3,0.000000,0.500000,0.500000,1.000000,0.000000,0.500000,0.500000,1.000000,normalized
23533,2,2,0.500000,0.000000,1.000000,0.500000,0.500000,0.000000,1.000000,0.500000,normalized
23548,3,3,0.000000,0.500000,0.500000,1.000000,0.000000,0.500000,0.500000,1.000000,normalized
23578,2,2,0.500000,0.000000,1.000000,0.500000,0.500000,0.000000,1.000000,0.500000,normalized
23591,3,3,0.000000,0.500000,0.500000,1.000000,0.000000,0.500000,0.500000,1.000000,normalized
23631,2,2,0.500000,0.000000,1.000000,0.500000,0.500000,0.000000,1.000000,0.500000,normalized
23639,3,3,0.000000,0.500000,0.500000,1.000000,0.000000,0.500000,0.500000,1.000000,normalized
23672,2,2,0.500000,0.000000,1.000000,0.500000,0.500000,0.000000,1.000000,0.500000,normalized
23684,3,3,0.000000,0.500000,0.500000,1.000000,0.000000,0.500000,0.500000,1.000000,normalized
23715,2,2,0.500000,0.000000,1.000000,0.500000,0.500000,0.000000,1.000000,0.500000,normalized
23731,3,3,0.000000,0.500000,0.500000,1.000000,0.000000,0.500000,0.500000,1.000000,normalized
23741,4,4,0.500000,0.500000,1.000000,1.000000,0.500000,0.500000,1.000000,1.000000,normalized
23759,3,3,0.000000,0.500000,0.500000,1.000000,0.000000,0.500000,0.500000,1.000000,normalized
23765,2,2,0.500000,0.000000,1.000000,0.500000,0.500000,0.000000,1.000000,0.500000,normalized
23777,3,3,0.000000,0.500000,0.500000,1.000000,0.000000,0.500000,0.500000,1.000000,normalized
23789,4,4,0.500000,0.500000,1.000000,1.000000,0.500000,0.500000,1.000000,1.000000,normalized
23790,3,3,0.000000,0.500000,0.500000,1.000000,0.000000,0.500000,0.500000,1.000000,normalized
23809,2,2,0.500000,0.000000,1.000000,0.500000,0.500000,0.000000,1.000000,0.500000,normalized
23824,3,3,0.000000,0.500000,0.500000,1.000000,0.000000,0.500000,0.500000,1.000000,normalized
23858,2,2,0.500000,0.000000,1.000000,0.500000,0.500000,0.000000,1.000000,0.500000,normalized
23860,3,3,0.000000,0.500000,0.500000,1.000000,0.000000,0.500000,0.500000,1.000000,normalized
23880,4,3,0.500000,0.500000,1.000000,1.000000,0.000000,0.500000,0.500000,1.000000,normalized
23887,3,3,0.000000,0.500000,0.500000,1.000000,0.000000,0.500000,0.500000,1.000000,normalized
23902,2,2,0.500000,0.000000,1.000000,0.500000,0.500000,0.000000,1.000000,0.500000,normalized
23914,3,3,0.000000,0.500000,0.500000,1.000000,0.000000,0.500000,0.500000,1.000000,normalized
23947,2,2,0.500000,0.000000,1.000000,0.500000,0.500000,0.000000,1.000000,0.500000,normalized
23962,3,3,0.000000,0.500000,0.500000,1.000000,0.000000,0.500000,0.500000,1.000000,normalized
23981,4,3,0.500000,0.500000,1.000000,1.000000,0.000000,0.500000,0.500000,1.000000,normalized
23989,3,3,0.000000,0.500000,0.500000,1.000000,0.000000,0.500000,0.500000,1.000000,normalized
23993,2,2,0.500000,0.000000,1.000000,0.500000,0.500000,0.000000,1.000000,0.500000,normalized
24004,3,3,0.000000,0.500000,0.500000,1.000000,0.000000,0.500000,0.500000,1.000000,normalized
24036,2,2,0.500000,0.000000,1.000000,0.500000,0.500000,0.000000,1.000000,0.500000,normalized
24051,3,3,0.000000,0.500000,0.500000,1.000000,0.000000,0.500000,0.500000,1.000000,normalized
24087,2,2,0.500000,0.000000,1.000000,0.500000,0.500000,0.000000,1.000000,0.500000,normalized
24099,3,3,0.000000,0.500000,0.500000,1.000000,0.000000,0.500000,0.500000,1.000000,normalized
24103,4,4,0.500000,0.500000,1.000000,1.000000,0.500000,0.500000,1.000000,1.000000,normalized
24111,3,3,0.000000,0.500000,0.500000,1.000000,0.000000,0.500000,0.500000,1.000000,normalized
24113,4,4,0.500000,0.500000,1.000000,1.000000,0.500000,0.500000,1.000000,1.000000,normalized
24118,3,3,0.000000,0.500000,0.500000,1.000000,0.000000,0.500000,0.500000,1.000000,normalized
24130,2,2,0.500000,0.000000,1.000000,0.500000,0.500000,0.000000,1.000000,0.500000,normalized
24141,3,3,0.000000,0.500000,0.500000,1.000000,0.000000,0.500000,0.500000,1.000000,normalized
24172,2,2,0.500000,0.000000,1.000000,0.500000,0.500000,0.000000,1.000000,0.500000,normalized
24191,3,3,0.000000,0.500000,0.500000,1.000000,0.000000,0.500000,0.500000,1.000000,normalized
24216,2,2,0.500000,0.000000,1.000000,0.500000,0.500000,0.000000,1.000000,0.500000,normalized
24221,3,3,0.000000,0.500000,0.500000,1.000000,0.000000,0.500000,0.500000,1.000000,normalized
24264,2,2,0.500000,0.000000,1.000000,0.500000,0.500000,0.000000,1.000000,0.500000,normalized
24281,3,3,0.000000,0.500000,0.500000,1.000000,0.000000,0.500000,0.500000,1.000000,normalized
24307,2,2,0.500000,0.000000,1.000000,0.500000,0.500000,0.000000,1.000000,0.500000,normalized
24323,3,3,0.000000,0.500000,0.500000,1.000000,0.000000,0.500000,0.500000,1.000000,normalized
24342,4,4,0.500000,0.500000,1.000000,1.000000,0.500000,0.500000,1.000000,1.000000,normalized
24349,3,3,0.000000,0.500000,0.500000,1.000000,0.000000,0.500000,0.500000,1.000000,normalized
24359,2,2,0.500000,0.000000,1.000000,0.500000,0.500000,0.000000,1.000000,0.500000,normalized
24372,3,3,0.000000,0.500000,0.500000,1.000000,0.000000,0.500000,0.500000,1.000000,normalized
24385,4,4,0.500000,0.500000,1.000000,1.000000,0.500000,0.500000,1.000000,1.000000,normalized
24388,3,3,0.000000,0.500000,0.500000,1.000000,0.000000,0.500000,0.500000,1.000000,normalized
24422,2,2,0.500000,0.000000,1.000000,0.500000,0.500000,0.000000,1.000000,0.500000,normalized
24436,3,3,0.000000,0.500000,0.500000,1.000000,0.000000,0.500000,0.500000,1.000000,normalized
24460,4,4,0.500000,0.500000,1.000000,1.000000,0.500000,0.500000,1.000000,1.000000,normalized
24466,3,3,0.000000,0.500000,0.500000,1.000000,0.000000,0.500000,0.500000,1.000000,normalized
24474,2,2,0.500000,0.000000,1.000000,0.500000,0.500000,0.000000,1.000000,0.500000,normalized
24483,3,3,0.000000,0.500000,0.500000,1.000000,0.000000,0.500000,0.500000,1.000000,normalized
24512,2,2,0.500000,0.000000,1.000000,0.500000,0.500000,0.000000,1.000000,0.500000,normalized
24527,3,3,0.000000,0.500000,0.500000,1.000000,0.000000,0.500000,0.500000,1.000000,normalized
24561,2,2,0.500000,0.000000,1.000000,0.500000,0.500000,0.000000,1.000000,0.500000,normalized
24576,3,3,0.000000,0.500000,0.500000,1.000000,0.000000,0.500000,0.500000,1.000000,normalized
24581,4,3,0.500000,0.500000,1.000000,1.000000,0.000000,0.500000,0.500000,1.000000,normalized
24593,3,3,0.000000,0.500000,0.500000,1.000000,0.000000,0.500000,0.500000,1.000000,normalized
24605,2,2,0.500000,0.000000,1.000000,0.500000,0.500000,0.000000,1.000000,0.500000,normalized
24619,3,3,0.000000,0.500000,0.500000,1.000000,0.000000,0.500000,0.500000,1.000000,normalized
24652,2,2,0.500000,0.000000,1.000000,0.500000,0.500000,0.000000,1.000000,0.500000,normalized
24667,3,3,0.000000,0.500000,0.500000,1.000000,0.000000,0.500000,0.500000,1.000000,normalized
24694,2,2,0.500000,0.000000,1.000000,0.500000,0.500000,0.000000,1.000000,0.500000,normalized
24698,3,3,0.000000,0.500000,0.500000,1.000000,0.000000,0.500000,0.500000,1.000000,normalized
24744,2,2,0.500000,0.000000,1.000000,0.500000,0.500000,0.000000,1.000000,0.500000,normalized
24761,3,3,0.000000,0.500000,0.500000,1.000000,0.000000,0.500000,0.500000,1.000000,normalized
24785,2,2,0.500000,0.000000,1.000000,0.500000,0.500000,0.000000,1.000000,0.500000,normalized
24803,3,3,0.000000,0.500000,0.500000,1.000000,0.000000,0.500000,0.500000,1.000000,normalized
24819,4,4,0.500000,0.500000,1.000000,1.000000,0.500000,0.500000,1.000000,1.000000,normalized
24829,3,3,0.000000,0.500000,0.500000,1.000000,0.000000,0.500000,0.500000,1.000000,normalized
24841,2,2,0.500000,0.000000,1.000000,0.500000,0.500000,0.000000,1.000000,0.500000,normalized
24855,3,3,0.000000,0.500000,0.500000,1.000000,0.000000,0.500000,0.500000,1.000000,normalized
24866,4,4,0.500000,0.500000,1.000000,1.000000,0.500000,0.500000,1.000000,1.000000,normalized
24868,3,3,0.000000,0.500000,0.500000,1.000000,0.000000,0.500000,0.500000,1.000000,normalized
24881,2,2,0.500000,0.000000,1.000000,0.500000,0.500000,0.000000,1.000000,0.500000,normalized
24899,3,3,0.000000,0.500000,0.500000,1.000000,0.000000,0.500000,0.500000,1.000000,normalized
24930,2,2,0.500000,0.000000,1.000000,0.500000,0.500000,0.000000,1.000000,0.500000,normalized
24939,3,3,0.000000,0.500000,0.500000,1.000000,0.000000,0.500000,0.500000,1.000000,normalized
24975,2,2,0.500000,0.000000,1.000000,0.500000,0.500000,0.000000,1.000000,0.500000,normalized
24993,3,3,0.000000,0.500000,0.500000,1.000000,0.000000,0.500000,0.500000,1.000000,normalized
25026,2,2,0.500000,0.000000,1.000000,0.500000,0.500000,0.000000,1.000000,0.500000,normalized
25041,3,3,0.000000,0.500000,0.500000,1.000000,0.000000,0.500000,0.500000,1.000000,normalized
25060,4,3,0.500000,0.500000,1.000000,1.000000,0.000000,0.500000,0.500000,1.000000,normalized
25067,3,3,0.000000,0.500000,0.500000,1.000000,0.000000,0.500000,0.500000,1.000000,normalized
25075,2,2,0.500000,0.000000,1.000000,0.500000,0.500000,0.000000,1.000000,0.500000,normalized
25082,3,3,0.000000,0.500000,0.500000,1.000000,0.000000,0.500000,0.500000,1.000000,normalized
25086,2,2,0.500000,0.000000,1.000000,0.500000,0.500000,0.000000,1.000000,0.500000,normalized
25090,3,3,0.000000,0.500000,0.500000,1.000000,0.000000,0.500000,0.500000,1.000000,normalized
25119,2,2,0.500000,0.000000,1.000000,0.500000,0.500000,0.000000,1.000000,0.500000,normalized
25136,3,3,0.000000,0.500000,0.500000,1.000000,0.000000,0.500000,0.500000,1.000000,normalized
25164,2,2,0.500000,0.000000,1.000000,0.500000,0.500000,0.000000,1.000000,0.500000,normalized
25178,3,3,0.000000,0.500000,0.500000,1.000000,0.000000,0.500000,0.500000,1.000000,normalized
25181,4,4,0.500000,0.500000,1.000000,1.000000,0.500000,0.500000,1.000000,1.000000,normalized
25187,3,3,0.000000,0.500000,0.500000,1.000000,0.000000,0.500000,0.500000,1.000000,normalized
25200,4,4,0.500000,0.500000,1.000000,1.000000,0.500000,0.500000,1.000000,1.000000,normalized
25201,3,3,0.000000,0.500000,0.500000,1.000000,0.000000,0.500000,0.500000,1.000000,normalized
25213,2,2,0.500000,0.000000,1.000000,0.500000,0.500000,0.000000,1.000000,0.500000,normalized
25226,3,3,0.000000,0.500000,0.500000,1.000000,0.000000,0.500000,0.500000,1.000000,normalized
25254,2,2,0.500000,0.000000,1.000000,0.500000,0.500000,0.000000,1.000000,0.500000,normalized
25276,3,3,0.000000,0.500000,0.500000,1.000000,0.000000,0.500000,0.500000,1.000000,normalized
25300,4,3,0.500000,0.500000,1.000000,1.000000,0.000000,0.500000,0.500000,1.000000,normalized
25304,3,3,0.000000,0.500000,0.500000,1.000000,0.000000,0.500000,0.500000,1.000000,normalized
25310,2,2,0.500000,0.000000,1.000000,0.500000,0.500000,0.000000,1.000000,0.500000,normalized
25316,3,3,0.000000,0.500000,0.500000,1.000000,0.000000,0.500000,0.500000,1.000000,normalized
25352,2,2,0.500000,0.000000,1.000000,0.500000,0.500000,0.000000,1.000000,0.500000,normalized
25368,3,3,0.000000,0.500000,0.500000,1.000000,0.000000,0.500000,0.500000,1.000000,normalized
25396,2,2,0.500000,0.000000,1.000000,0.500000,0.500000,0.000000,1.000000,0.500000,normalized
25412,3,3,0.000000,0.500000,0.500000,1.000000,0.000000,0.500000,0.500000,1.000000,normalized
25419,4,3,0.500000,0.500000,1.000000,1.000000,0.000000,0.500000,0.500000,1.000000,normalized
25430,3,3,0.000000,0.500000,0.500000,1.000000,0.000000,0.500000,0.500000,1.000000,normalized
25443,2,2,0.500000,0.000000,1.000000,0.500000,0.500000,0.000000,1.000000,0.500000,normalized
25462,3,3,0.000000,0.500000,0.500000,1.000000,0.000000,0.500000,0.500000,1.000000,normalized
25486,2,2,0.500000,0.000000,1.000000,0.500000,0.500000,0.000000,1.000000,0.500000,normalized
25504,3,3,0.000000,0.500000,0.500000,1.000000,0.000000,0.500000,0.500000,1.000000,normalized
25532,2,2,0.500000,0.000000,1.000000,0.500000,0.500000,0.000000,1.000000,0.500000,normalized
25538,3,3,0.000000,0.500000,0.500000,1.000000,0.000000,0.500000,0.500000,1.000000,normalized
25579,2,2,0.500000,0.000000,1.000000,0.500000,0.500000,0.000000,1.000000,0.500000,normalized
25593,3,3,0.000000,0.500000,0.500000,1.000000,0.000000,0.500000,0.500000,1.000000,normalized
25627,2,2,0.500000,0.000000,1.000000,0.500000,0.500000,0.000000,1.000000,0.500000,normalized
25643,3,3,0.000000,0.500000,0.500000,1.000000,0.000000,0.500000,0.500000,1.000000,normalized
25658,4,3,0.500000,0.500000,1.000000,1.000000,0.000000,0.500000,0.500000,1.000000,normalized
25667,3,3,0.000000,0.500000,0.500000,1.000000,0.000000,0.500000,0.500000,1.000000,normalized
25672,2,2,0.500000,0.000000,1.000000,0.500000,0.500000,0.000000,1.000000,0.500000,normalized
25684,3,3,0.000000,0.500000,0.500000,1.000000,0.000000,0.500000,0.500000,1.000000,normalized
25710,2,2,0.500000,0.000000,1.000000,0.500000,0.500000,0.000000,1.000000,0.500000,normalized
25712,3,3,0.000000,0.500000,0.500000,1.000000,0.000000,0.500000,0.500000,1.000000,normalized
25716,2,2,0.500000,0.000000,1.000000,0.500000,0.500000,0.000000,1.000000,0.500000,normalized
25733,3,3,0.000000,0.500000,0.500000,1.000000,0.000000,0.500000,0.500000,1.000000,normalized
25759,2,2,0.500000,0.000000,1.000000,0.500000,0.500000,0.000000,1.000000,0.500000,normalized
25772,3,3,0.000000,0.500000,0.500000,1.000000,0.000000,0.500000,0.500000,1.000000,normalized
25780,4,3,0.500000,0.500000,1.000000,1.000000,0.000000,0.500000,0.500000,1.000000,normalized
25790,3,3,0.000000,0.500000,0.500000,1.000000,0.000000,0.500000,0.500000,1.000000,normalized
25808,2,2,0.500000,0.000000,1.000000,0.500000,0.500000,0.000000,1.000000,0.500000,normalized
25823,3,3,0.000000,0.500000,0.500000,1.000000,0.000000,0.500000,0.500000,1.000000,normalized
25850,2,2,0.500000,0.000000,1.000000,0.500000,0.500000,0.000000,1.000000,0.500000,normalized
25865,3,3,0.000000,0.500000,0.500000,1.000000,0.000000,0.500000,0.500000,1.000000,normalized
25892,2,2,0.500000,0.000000,1.000000,0.500000,0.500000,0.000000,1.000000,0.500000,normalized
25898,3,3,0.000000,0.500000,0.500000,1.000000,0.000000,0.500000,0.500000,1.000000,normalized
25901,4,3,0.500000,0.500000,1.000000,1.000000,0.000000,0.500000,0.500000,1.000000,normalized
25903,3,3,0.000000,0.500000,0.500000,1.000000,0.000000,0.500000,0.500000,1.000000,normalized
25941,2,2,0.500000,0.000000,1.000000,0.500000,0.500000,0.000000,1.000000,0.500000,normalized
25958,3,3,0.000000,0.500000,0.500000,1.000000,0.000000,0.500000,0.500000,1.000000,normalized
25985,2,2,0.500000,0.000000,1.000000,0.500000,0.500000,0.000000,1.000000,0.500000,normalized
26003,3,3,0.000000,0.500000,0.500000,1.000000,0.000000,0.500000,0.500000,1.000000,normalized
26019,4,3,0.500000,0.500000,1.000000,1.000000,0.000000,0.500000,0.500000,1.000000,normalized
26029,3,3,0.000000,0.500000,0.500000,1.000000,0.000000,0.500000,0.500000,1.000000,normalized
26035,2,2,0.500000,0.000000,1.000000,0.500000,0.500000,0.000000,1.000000,0.500000,normalized
26047,3,3,0.000000,0.500000,0.500000,1.000000,0.000000,0.500000,0.500000,1.000000,normalized
26078,2,2,0.500000,0.000000,1.000000,0.500000,0.500000,0.000000,1.000000,0.500000,normalized
26093,3,3,0.000000,0.500000,0.500000,1.000000,0.000000,0.500000,0.500000,1.000000,normalized
26125,2,2,0.500000,0.000000,1.000000,0.500000,0.500000,0.000000,1.000000,0.500000,normalized
26138,3,3,0.000000,0.500000,0.500000,1.000000,0.000000,0.500000,0.500000,1.000000,normalized
26142,4,3,0.500000,0.500000,1.000000,1.000000,0.000000,0.500000,0.500000,1.000000,normalized
26156,3,3,0.000000,0.500000,0.500000,1.000000,0.000000,0.500000,0.500000,1.000000,normalized
26169,2,2,0.500000,0.000000,1.000000,0.500000,0.500000,0.000000,1.000000,0.500000,normalized
26189,3,3,0.000000,0.500000,0.500000,1.000000,0.000000,0.500000,0.500000,1.000000,normalized
26216,2,2,0.500000,0.000000,1.000000,0.500000,0.500000,0.000000,1.000000,0.500000,normalized
26231,3,3,0.000000,0.500000,0.500000,1.000000,0.000000,0.500000,0.500000,1.000000,normalized
26260,4,3,0.500000,0.500000,1.000000,1.000000,0.000000,0.500000,0.500000,1.000000,normalized
26264,3,3,0.000000,0.500000,0.500000,1.000000,0.000000,0.500000,0.500000,1.000000,normalized
26272,2,2,0.500000,0.000000,1.000000,0.500000,0.500000,0.000000,1.000000,0.500000,normalized
26279,3,3,0.000000,0.500000,0.500000,1.000000,0.000000,0.500000,0.500000,1.000000,normalized
26309,2,2,0.500000,0.000000,1.000000,0.500000,0.500000,0.000000,1.000000,0.500000,normalized
26326,3,3,0.000000,0.500000,0.500000,1.000000,0.000000,0.500000,0.500000,1.000000,normalized
26334,4,4,0.500000,0.500000,1.000000,1.000000,0.500000,0.500000,1.000000,1.000000,normalized
26335,3,3,0.000000,0.500000,0.500000,1.000000,0.000000,0.500000,0.500000,1.000000,normalized
26351,2,2,0.500000,0.000000,1.000000,0.500000,0.500000,0.000000,1.000000,0.500000,normalized
26372,3,3,0.000000,0.500000,0.500000,1.000000,0.000000,0.500000,0.500000,1.000000,normalized
26380,4,4,0.500000,0.500000,1.000000,1.000000,0.500000,0.500000,1.000000,1.000000,normalized
26390,3,3,0.000000,0.500000,0.500000,1.000000,0.000000,0.500000,0.500000,1.000000,normalized
26401,2,2,0.500000,0.000000,1.000000,0.500000,0.500000,0.000000,1.000000,0.500000,normalized
26416,3,3,0.000000,0.500000,0.500000,1.000000,0.000000,0.500000,0.500000,1.000000,normalized
26444,2,2,0.500000,0.000000,1.000000,0.500000,0.500000,0.000000,1.000000,0.500000,normalized
26464,3,3,0.000000,0.500000,0.500000,1.000000,0.000000,0.500000,0.500000,1.000000,normalized
26488,2,2,0.500000,0.000000,1.000000,0.500000,0.500000,0.000000,1.000000,0.500000,normalized
26499,3,3,0.000000,0.500000,0.500000,1.000000,0.000000,0.500000,0.500000,1.000000,normalized
26531,2,2,0.500000,0.000000,1.000000,0.500000,0.500000,0.000000,1.000000,0.500000,normalized
26551,3,3,0.000000,0.500000,0.500000,1.000000,0.000000,0.500000,0.500000,1.000000,normalized
26578,2,2,0.500000,0.000000,1.000000,0.500000,0.500000,0.000000,1.000000,0.500000,normalized
26597,3,3,0.000000,0.500000,0.500000,1.000000,0.000000,0.500000,0.500000,1.000000,normalized
26620,4,3,0.500000,0.500000,1.000000,1.000000,0.000000,0.500000,0.500000,1.000000,normalized
26624,3,3,0.000000,0.500000,0.500000,1.000000,0.000000,0.500000,0.500000,1.000000,normalized
26630,2,2,0.500000,0.000000,1.000000,0.500000,0.500000,0.000000,1.000000,0.500000,normalized
26639,3,3,0.000000,0.500000,0.500000,1.000000,0.000000,0.500000,0.500000,1.000000,normalized
26667,2,2,0.500000,0.000000,1.000000,0.500000,0.500000,0.000000,1.000000,0.500000,normalized
26684,3,3,0.000000,0.500000,0.500000,1.000000,0.000000,0.500000,0.500000,1.000000,normalized
26711,2,2,0.500000,0.000000,1.000000,0.500000,0.500000,0.000000,1.000000,0.500000,normalized
26730,3,3,0.000000,0.500000,0.500000,1.000000,0.000000,0.500000,0.500000,1.000000,normalized
26739,4,3,0.500000,0.500000,1.000000,1.000000,0.000000,0.500000,0.500000,1.000000,normalized
26749,3,3,0.000000,0.500000,0.500000,1.000000,0.000000,0.500000,0.500000,1.000000,normalized
26757,2,2,0.500000,0.000000,1.000000,0.500000,0.500000,0.000000,1.000000,0.500000,normalized
26771,3,3,0.000000,0.500000,0.500000,1.000000,0.000000,0.500000,0.500000,1.000000,normalized
26801,2,2,0.500000,0.000000,1.000000,0.500000,0.500000,0.000000,1.000000,0.500000,normalized
26822,3,3,0.000000,0.500000,0.500000,1.000000,0.000000,0.500000,0.500000,1.000000,normalized
26846,2,2,0.500000,0.000000,1.000000,0.500000,0.500000,0.000000,1.000000,0.500000,normalized
26858,3,3,0.000000,0.500000,0.500000,1.000000,0.000000,0.500000,0.500000,1.000000,normalized
26862,4,3,0.500000,0.500000,1.000000,1.000000,0.000000,0.500000,0.500000,1.000000,normalized
26869,3,3,0.000000,0.500000,0.500000,1.000000,0.000000,0.500000,0.500000,1.000000,normalized
26891,2,2,0.500000,0.000000,1.000000,0.500000,0.500000,0.000000,1.000000,0.500000,normalized
26910,3,3,0.000000,0.500000,0.500000,1.000000,0.000000,0.500000,0.500000,1.000000,normalized
26936,2,2,0.500000,0.000000,1.000000,0.500000,0.500000,0.000000,1.000000,0.500000,normalized
26952,3,3,0.000000,0.500000,0.500000,1.000000,0.000000,0.500000,0.500000,1.000000,normalized
26980,4,3,0.500000,0.500000,1.000000,1.000000,0.000000,0.500000,0.500000,1.000000,normalized
26984,3,3,0.000000,0.500000,0.500000,1.000000,0.000000,0.500000,0.500000,1.000000,normalized
26992,2,2,0.500000,0.000000,1.000000,0.500000,0.500000,0.000000,1.000000,0.500000,normalized
26998,3,3,0.000000,0.500000,0.500000,1.000000,0.000000,0.500000,0.500000,1.000000,normalized
27028,2,2,0.500000,0.000000,1.000000,0.500000,0.500000,0.000000,1.000000,0.500000,normalized
27045,3,3,0.000000,0.500000,0.500000,1.000000,0.000000,0.500000,0.500000,1.000000,normalized
27071,2,2,0.500000,0.000000,1.000000,0.500000,0.500000,0.000000,1.000000,0.500000,normalized
27091,3,3,0.000000,0.500000,0.500000,1.000000,0.000000,0.500000,0.500000,1.000000,normalized
27100,4,3,0.500000,0.500000,1.000000,1.000000,0.000000,0.500000,0.500000,1.000000,normalized
27112,3,3,0.000000,0.500000,0.500000,1.000000,0.000000,0.500000,0.500000,1.000000,normalized
27118,2,2,0.500000,0.000000,1.000000,0.500000,0.500000,0.000000,1.000000,0.500000,normalized
27134,3,3,0.000000,0.500000,0.500000,1.000000,0.000000,0.500000,0.500000,1.000000,normalized
27160,2,2,0.500000,0.000000,1.000000,0.500000,0.500000,0.000000,1.000000,0.500000,normalized
27179,3,3,0.000000,0.500000,0.500000,1.000000,0.000000,0.500000,0.500000,1.000000,normalized
27207,2,2,0.500000,0.000000,1.000000,0.500000,0.500000,0.000000,1.000000,0.500000,normalized
27219,3,3,0.000000,0.500000,0.500000,1.000000,0.000000,0.500000,0.500000,1.000000,normalized
27222,4,3,0.500000,0.500000,1.000000,1.000000,0.000000,0.500000,0.500000,1.000000,normalized
27224,3,3,0.000000,0.500000,0.500000,1.000000,0.000000,0.500000,0.500000,1.000000,normalized
27252,2,2,0.500000,0.000000,1.000000,0.500000,0.500000,0.000000,1.000000,0.500000,normalized
27270,3,3,0.000000,0.500000,0.500000,1.000000,0.000000,0.500000,0.500000,1.000000,normalized
27297,2,2,0.500000,0.000000,1.000000,0.500000,0.500000,0.000000,1.000000,0.500000,normalized
27315,3,3,0.000000,0.500000,0.500000,1.000000,0.000000,0.500000,0.500000,1.000000,normalized
27340,4,4,0.500000,0.500000,1.000000,1.000000,0.500000,0.500000,1.000000,1.000000,normalized
27342,3,3,0.000000,0.500000,0.500000,1.000000,0.000000,0.500000,0.500000,1.000000,normalized
27346,2,2,0.500000,0.000000,1.000000,0.500000,0.500000,0.000000,1.000000,0.500000,normalized
27359,3,3,0.000000,0.500000,0.500000,1.000000,0.000000,0.500000,0.500000,1.000000,normalized
27367,4,4,0.500000,0.500000,1.000000,1.000000,0.500000,0.500000,1.000000,1.000000,normalized
27386,3,3,0.000000,0.500000,0.500000,1.000000,0.000000,0.500000,0.500000,1.000000,normalized
27403,4,4,0.500000,0.500000,1.000000,1.000000,0.500000,0.500000,1.000000,1.000000,normalized
27421,3,3,0.000000,0.500000,0.500000,1.000000,0.000000,0.500000,0.500000,1.000000,normalized
27423,4,4,0.500000,0.500000,1.000000,1.000000,0.500000,0.500000,1.000000,1.000000,normalized
27428,3,3,0.000000,0.500000,0.500000,1.000000,0.000000,0.500000,0.500000,1.000000,normalized
27431,4,4,0.500000,0.500000,1.000000,1.000000,0.500000,0.500000,1.000000,1.000000,normalized
27434,3,3,0.000000,0.500000,0.500000,1.000000,0.000000,0.500000,0.500000,1.000000,normalized
27456,4,4,0.500000,0.500000,1.000000,1.000000,0.500000,0.500000,1.000000,1.000000,normalized
27475,3,3,0.000000,0.500000,0.500000,1.000000,0.000000,0.500000,0.500000,1.000000,normalized
27486,4,4,0.500000,0.500000,1.000000,1.000000,0.500000,0.500000,1.000000,1.000000,normalized
27490,3,3,0.000000,0.500000,0.500000,1.000000,0.000000,0.500000,0.500000,1.000000,normalized
27497,4,4,0.500000,0.500000,1.000000,1.000000,0.500000,0.500000,1.000000,1.000000,normalized
27520,3,3,0.000000,0.500000,0.500000,1.000000,0.000000,0.500000,0.500000,1.000000,normalized
27542,4,4,0.500000,0.500000,1.000000,1.000000,0.500000,0.500000,1.000000,1.000000,normalized
27563,3,3,0.000000,0.500000,0.500000,1.000000,0.000000,0.500000,0.500000,1.000000,normalized
27580,4,4,0.500000,0.500000,1.000000,1.000000,0.500000,0.500000,1.000000,1.000000,normalized
27602,3,3,0.000000,0.500000,0.500000,1.000000,0.000000,0.500000,0.500000,1.000000,normalized
27632,4,4,0.500000,0.500000,1.000000,1.000000,0.500000,0.500000,1.000000,1.000000,normalized
27649,3,3,0.000000,0.500000,0.500000,1.000000,0.000000,0.500000,0.500000,1.000000,normalized
27662,2,2,0.500000,0.000000,1.000000,0.500000,0.500000,0.000000,1.000000,0.500000,normalized
27665,3,3,0.000000,0.500000,0.500000,1.000000,0.000000,0.500000,0.500000,1.000000,normalized
27678,4,4,0.500000,0.500000,1.000000,1.000000,0.500000,0.500000,1.000000,1.000000,normalized
27687,3,3,0.000000,0.500000,0.500000,1.000000,0.000000,0.500000,0.500000,1.000000,normalized
27700,4,4,0.500000,0.500000,1.000000,1.000000,0.500000,0.500000,1.000000,1.000000,normalized
27703,3,3,0.000000,0.500000,0.500000,1.000000,0.000000,0.500000,0.500000,1.000000,normalized
27726,4,4,0.500000,0.500000,1.000000,1.000000,0.500000,0.500000,1.000000,1.000000,normalized
27728,3,3,0.000000,0.500000,0.500000,1.000000,0.000000,0.500000,0.500000,1.000000,normalized
27731,4,4,0.500000,0.500000,1.000000,1.000000,0.500000,0.500000,1.000000,1.000000,normalized
27739,3,3,0.000000,0.500000,0.500000,1.000000,0.000000,0.500000,0.500000,1.000000,normalized
27770,4,4,0.500000,0.500000,1.000000,1.000000,0.500000,0.500000,1.000000,1.000000,normalized
27783,3,3,0.000000,0.500000,0.500000,1.000000,0.000000,0.500000,0.500000,1.000000,normalized
27796,2,2,0.500000,0.000000,1.000000,0.500000,0.500000,0.000000,1.000000,0.500000,normalized
27802,3,3,0.000000,0.500000,0.500000,1.000000,0.000000,0.500000,0.500000,1.000000,normalized
27816,4,4,0.500000,0.500000,1.000000,1.000000,0.500000,0.500000,1.000000,1.000000,normalized
27830,3,3,0.000000,0.500000,0.500000,1.000000,0.000000,0.500000,0.500000,1.000000,normalized
27843,2,2,0.500000,0.000000,1.000000,0.500000,0.500000,0.000000,1.000000,0.500000,normalized
27844,3,3,0.000000,0.500000,0.500000,1.000000,0.000000,0.500000,0.500000,1.000000,normalized
27885,2,2,0.500000,0.000000,1.000000,0.500000,0.500000,0.000000,1.000000,0.500000,normalized
27893,3,3,0.000000,0.500000,0.500000,1.000000,0.000000,0.500000,0.500000,1.000000,normalized
27932,2,2,0.500000,0.000000,1.000000,0.500000,0.500000,0.000000,1.000000,0.500000,normalized
27935,3,3,0.000000,0.500000,0.500000,1.000000,0.000000,0.500000,0.500000,1.000000,normalized
27940,4,4,0.500000,0.500000,1.000000,1.000000,0.500000,0.500000,1.000000,1.000000,normalized
27953,3,3,0.000000,0.500000,0.500000,1.000000,0.000000,0.500000,0.500000,1.000000,normalized
27976,2,2,0.500000,0.000000,1.000000,0.500000,0.500000,0.000000,1.000000,0.500000,normalized
27983,3,3,0.000000,0.500000,0.500000,1.000000,0.000000,0.500000,0.500000,1.000000,normalized
27999,4,4,0.500000,0.500000,1.000000,1.000000,0.500000,0.500000,1.000000,1.000000,normalized
28010,3,3,0.000000,0.500000,0.500000,1.000000,0.000000,0.500000,0.500000,1.000000,normalized
28020,2,2,0.500000,0.000000,1.000000,0.500000,0.500000,0.000000,1.000000,0.500000,normalized
28028,3,3,0.000000,0.500000,0.500000,1.000000,0.000000,0.500000,0.500000,1.000000,normalized
28059,4,4,0.500000,0.500000,1.000000,1.000000,0.500000,0.500000,1.000000,1.000000,normalized
28064,3,3,0.000000,0.500000,0.500000,1.000000,0.000000,0.500000,0.500000,1.000000,normalized
28071,2,2,0.500000,0.000000,1.000000,0.500000,0.500000,0.000000,1.000000,0.500000,normalized
28075,3,3,0.000000,0.500000,0.500000,1.000000,0.000000,0.500000,0.500000,1.000000,normalized
28111,2,2,0.500000,0.000000,1.000000,0.500000,0.500000,0.000000,1.000000,0.500000,normalized
28121,3,3,0.000000,0.500000,0.500000,1.000000,0.000000,0.500000,0.500000,1.000000,normalized
28157,2,2,0.500000,0.000000,1.000000,0.500000,0.500000,0.000000,1.000000,0.500000,normalized
28167,3,3,0.000000,0.500000,0.500000,1.000000,0.000000,0.500000,0.500000,1.000000,normalized
28179,4,3,0.500000,0.500000,1.000000,1.000000,0.000000,0.500000,0.500000,1.000000,normalized
28190,3,3,0.000000,0.500000,0.500000,1.000000,0.000000,0.500000,0.500000,1.000000,normalized
28208,2,2,0.500000,0.000000,1.000000,0.500000,0.500000,0.000000,1.000000,0.500000,normalized
28211,3,3,0.000000,0.500000,0.500000,1.000000,0.000000,0.500000,0.500000,1.000000,normalized
28251,2,2,0.500000,0.000000,1.000000,0.500000,0.500000,0.000000,1.000000,0.500000,normalized
28261,3,3,0.000000,0.500000,0.500000,1.000000,0.000000,0.500000,0.500000,1.000000,normalized
28295,2,2,0.500000,0.000000,1.000000,0.500000,0.500000,0.000000,1.000000,0.500000,normalized
28298,3,3,0.000000,0.500000,0.500000,1.000000,0.000000,0.500000,0.500000,1.000000,normalized
28301,4,4,0.500000,0.500000,1.000000,1.000000,0.500000,0.500000,1.000000,1.000000,normalized
28303,3,3,0.000000,0.500000,0.500000,1.000000,0.000000,0.500000,0.500000,1.000000,normalized
28343,2,2,0.500000,0.000000,1.000000,0.500000,0.500000,0.000000,1.000000,0.500000,normalized
28357,3,3,0.000000,0.500000,0.500000,1.000000,0.000000,0.500000,0.500000,1.000000,normalized
28374,4,4,0.500000,0.500000,1.000000,1.000000,0.500000,0.500000,1.000000,1.000000,normalized
28378,3,3,0.000000,0.500000,0.500000,1.000000,0.000000,0.500000,0.500000,1.000000,normalized
28389,2,2,0.500000,0.000000,1.000000,0.500000,0.500000,0.000000,1.000000,0.500000,normalized
28400,3,3,0.000000,0.500000,0.500000,1.000000,0.000000,0.500000,0.500000,1.000000,normalized
28418,4,4,0.500000,0.500000,1.000000,1.000000,0.500000,0.500000,1.000000,1.000000,normalized
28428,3,3,0.000000,0.500000,0.500000,1.000000,0.000000,0.500000,0.500000,1.000000,normalized
28435,2,2,0.500000,0.000000,1.000000,0.500000,0.500000,0.000000,1.000000,0.500000,normalized
28445,3,3,0.000000,0.500000,0.500000,1.000000,0.000000,0.500000,0.500000,1.000000,normalized
28485,2,2,0.500000,0.000000,1.000000,0.500000,0.500000,0.000000,1.000000,0.500000,normalized
28490,3,3,0.000000,0.500000,0.500000,1.000000,0.000000,0.500000,0.500000,1.000000,normalized
28526,2,2,0.500000,0.000000,1.000000,0.500000,0.500000,0.000000,1.000000,0.500000,normalized
28538,3,3,0.000000,0.500000,0.500000,1.000000,0.000000,0.500000,0.500000,1.000000,normalized
28541,4,3,0.500000,0.500000,1.000000,1.000000,0.000000,0.500000,0.500000,1.000000,normalized
28551,3,3,0.000000,0.500000,0.500000,1.000000,0.000000,0.500000,0.500000,1.000000,normalized
28571,2,2,0.500000,0.000000,1.000000,0.500000,0.500000,0.000000,1.000000,0.500000,normalized
28580,3,3,0.000000,0.500000,0.500000,1.000000,0.000000,0.500000,0.500000,1.000000,normalized
28620,2,2,0.500000,0.000000,1.000000,0.500000,0.500000,0.000000,1.000000,0.500000,normalized
28635,3,3,0.000000,0.500000,0.500000,1.000000,0.000000,0.500000,0.500000,1.000000,normalized
28658,4,4,0.500000,0.500000,1.000000,1.000000,0.500000,0.500000,1.000000,1.000000,normalized
28664,3,3,0.000000,0.500000,0.500000,1.000000,0.000000,0.500000,0.500000,1.000000,normalized
28672,2,2,0.500000,0.000000,1.000000,0.500000,0.500000,0.000000,1.000000,0.500000,normalized
28678,3,3,0.000000,0.500000,0.500000,1.000000,0.000000,0.500000,0.500000,1.000000,normalized
28700,4,4,0.500000,0.500000,1.000000,1.000000,0.500000,0.500000,1.000000,1.000000,normalized
28702,3,3,0.000000,0.500000,0.500000,1.000000,0.000000,0.500000,0.500000,1.000000,normalized
28713,2,2,0.500000,0.000000,1.000000,0.500000,0.500000,0.000000,1.000000,0.500000,normalized
28727,3,3,0.000000,0.500000,0.500000,1.000000,0.000000,0.500000,0.500000,1.000000,normalized
28759,2,2,0.500000,0.000000,1.000000,0.500000,0.500000,0.000000,1.000000,0.500000,normalized
28771,3,3,0.000000,0.500000,0.500000,1.000000,0.000000,0.500000,0.500000,1.000000,normalized
28779,4,3,0.500000,0.500000,1.000000,1.000000,0.000000,0.500000,0.500000,1.000000,normalized
28790,3,3,0.000000,0.500000,0.500000,1.000000,0.000000,0.500000,0.500000,1.000000,normalized
28808,2,2,0.500000,0.000000,1.000000,0.500000,0.500000,0.000000,1.000000,0.500000,normalized
28820,3,3,0.000000,0.500000,0.500000,1.000000,0.000000,0.500000,0.500000,1.000000,normalized
28847,2,2,0.500000,0.000000,1.000000,0.500000,0.500000,0.000000,1.000000,0.500000,normalized
28871,3,3,0.000000,0.500000,0.500000,1.000000,0.000000,0.500000,0.500000,1.000000,normalized
28900,4,3,0.500000,0.500000,1.000000,1.000000,0.000000,0.500000,0.500000,1.000000,normalized
28904,3,3,0.000000,0.500000,0.500000,1.000000,0.000000,0.500000,0.500000,1.000000,normalized
28946,2,2,0.500000,0.000000,1.000000,0.500000,0.500000,0.000000,1.000000,0.500000,normalized
28960,3,3,0.000000,0.500000,0.500000,1.000000,0.000000,0.500000,0.500000,1.000000,normalized
28994,2,2,0.500000,0.000000,1.000000,0.500000,0.500000,0.000000,1.000000,0.500000,normalized
29008,3,3,0.000000,0.500000,0.500000,1.000000,0.000000,0.500000,0.500000,1.000000,normalized
29019,4,3,0.500000,0.500000,1.000000,1.000000,0.000000,0.500000,0.500000,1.000000,normalized
29031,3,3,0.000000,0.500000,0.500000,1.000000,0.000000,0.500000,0.500000,1.000000,normalized
29045,2,2,0.500000,0.000000,1.000000,0.500000,0.500000,0.000000,1.000000,0.500000,normalized
29056,3,3,0.000000,0.500000,0.500000,1.000000,0.000000,0.500000,0.500000,1.000000,normalized
29088,2,2,0.500000,0.000000,1.000000,0.500000,0.500000,0.000000,1.000000,0.500000,normalized
29102,3,3,0.000000,0.500000,0.500000,1.000000,0.000000,0.500000,0.500000,1.000000,normalized
29134,2,2,0.500000,0.000000,1.000000,0.500000,0.500000,0.000000,1.000000,0.500000,normalized
29138,3,3,0.000000,0.500000,0.500000,1.000000,0.000000,0.500000,0.500000,1.000000,normalized
29182,2,2,0.500000,0.000000,1.000000,0.500000,0.500000,0.000000,1.000000,0.500000,normalized
29194,3,3,0.000000,0.500000,0.500000,1.000000,0.000000,0.500000,0.500000,1.000000,normalized
29229,2,2,0.500000,0.000000,1.000000,0.500000,0.500000,0.000000,1.000000,0.500000,normalized
29244,3,3,0.000000,0.500000,0.500000,1.000000,0.000000,0.500000,0.500000,1.000000,normalized
29259,4,3,0.500000,0.500000,1.000000,1.000000,0.000000,0.500000,0.500000,1.000000,normalized
29269,3,3,0.000000,0.500000,0.500000,1.000000,0.000000,0.500000,0.500000,1.000000,normalized
29277,2,2,0.500000,0.000000,1.000000,0.500000,0.500000,0.000000,1.000000,0.500000,normalized
29291,3,3,0.000000,0.500000,0.500000,1.000000,0.000000,0.500000,0.500000,1.000000,normalized
29322,2,2,0.500000,0.000000,1.000000,0.500000,0.500000,0.000000,1.000000,0.500000,normalized
29339,3,3,0.000000,0.500000,0.500000,1.000000,0.000000,0.500000,0.500000,1.000000,normalized
29363,2,2,0.500000,0.000000,1.000000,0.500000,0.500000,0.000000,1.000000,0.500000,normalized
29531,3,3,0.000000,0.500000,0.500000,1.000000,0.000000,0.500000,0.500000,1.000000,normalized
29561,2,2,0.500000,0.000000,1.000000,0.500000,0.500000,0.000000,1.000000,0.500000,normalized
29575,3,3,0.000000,0.500000,0.500000,1.000000,0.000000,0.500000,0.500000,1.000000,normalized
29608,2,2,0.500000,0.000000,1.000000,0.500000,0.500000,0.000000,1.000000,0.500000,normalized
29618,3,3,0.000000,0.500000,0.500000,1.000000,0.000000,0.500000,0.500000,1.000000,normalized
29620,4,3,0.500000,0.500000,1.000000,1.000000,0.000000,0.500000,0.500000,1.000000,normalized
29629,3,3,0.000000,0.500000,0.500000,1.000000,0.000000,0.500000,0.500000,1.000000,normalized
29654,2,2,0.500000,0.000000,1.000000,0.500000,0.500000,0.000000,1.000000,0.500000,normalized
29668,3,3,0.000000,0.500000,0.500000,1.000000,0.000000,0.500000,0.500000,1.000000,normalized
29703,2,2,0.500000,0.000000,1.000000,0.500000,0.500000,0.000000,1.000000,0.500000,normalized
29720,3,3,0.000000,0.500000,0.500000,1.000000,0.000000,0.500000,0.500000,1.000000,normalized
29739,4,3,0.500000,0.500000,1.000000,1.000000,0.000000,0.500000,0.500000,1.000000,normalized
29749,3,3,0.000000,0.500000,0.500000,1.000000,0.000000,0.500000,0.500000,1.000000,normalized
29756,2,2,0.500000,0.000000,1.000000,0.500000,0.500000,0.000000,1.000000,0.500000,normalized
29765,3,3,0.000000,0.500000,0.500000,1.000000,0.000000,0.500000,0.500000,1.000000,normalized
29797,2,2,0.500000,0.000000,1.000000,0.500000,0.500000,0.000000,1.000000,0.500000,normalized
29813,3,3,0.000000,0.500000,0.500000,1.000000,0.000000,0.500000,0.500000,1.000000,normalized
29843,2,2,0.500000,0.000000,1.000000,0.500000,0.500000,0.000000,1.000000,0.500000,normalized
29889,3,3,0.000000,0.500000,0.500000,1.000000,0.000000,0.500000,0.500000,1.000000,normalized
29891,2,2,0.500000,0.000000,1.000000,0.500000,0.500000,0.000000,1.000000,0.500000,normalized
29908,3,3,0.000000,0.500000,0.500000,1.000000,0.000000,0.500000,0.500000,1.000000,normalized
29938,2,2,0.500000,0.000000,1.000000,0.500000,0.500000,0.000000,1.000000,0.500000,normalized
29960,3,3,0.000000,0.500000,0.500000,1.000000,0.000000,0.500000,0.500000,1.000000,normalized
29979,4,3,0.500000,0.500000,1.000000,1.000000,0.000000,0.500000,0.500000,1.000000,normalized
29989,3,3,0.000000,0.500000,0.500000,1.000000,0.000000,0.500000,0.500000,1.000000,normalized
29993,2,2,0.500000,0.000000,1.000000,0.500000,0.500000,0.000000,1.000000,0.500000,normalized
30003,3,3,0.000000,0.500000,0.500000,1.000000,0.000000,0.500000,0.500000,1.000000,normalized
30035,2,2,0.500000,0.000000,1.000000,0.500000,0.500000,0.000000,1.000000,0.500000,normalized
30056,3,3,0.000000,0.500000,0.500000,1.000000,0.000000,0.500000,0.500000,1.000000,normalized
30084,2,2,0.500000,0.000000,1.000000,0.500000,0.500000,0.000000,1.000000,0.500000,normalized
30098,3,3,0.000000,0.500000,0.500000,1.000000,0.000000,0.500000,0.500000,1.000000,normalized
30100,4,3,0.500000,0.500000,1.000000,1.000000,0.000000,0.500000,0.500000,1.000000,normalized
30112,3,3,0.000000,0.500000,0.500000,1.000000,0.000000,0.500000,0.500000,1.000000,normalized
30134,2,2,0.500000,0.000000,1.000000,0.500000,0.500000,0.000000,1.000000,0.500000,normalized
30155,3,3,0.000000,0.500000,0.500000,1.000000,0.000000,0.500000,0.500000,1.000000,normalized
30182,2,2,0.500000,0.000000,1.000000,0.500000,0.500000,0.000000,1.000000,0.500000,normalized
30200,3,3,0.000000,0.500000,0.500000,1.000000,0.000000,0.500000,0.500000,1.000000,normalized
30219,4,4,0.500000,0.500000,1.000000,1.000000,0.500000,0.500000,1.000000,1.000000,normalized
30229,3,3,0.000000,0.500000,0.500000,1.000000,0.000000,0.500000,0.500000,1.000000,normalized
30232,2,2,0.500000,0.000000,1.000000,0.500000,0.500000,0.000000,1.000000,0.500000,normalized
30247,3,3,0.000000,0.500000,0.500000,1.000000,0.000000,0.500000,0.500000,1.000000,normalized
30253,4,4,0.500000,0.500000,1.000000,1.000000,0.500000,0.500000,1.000000,1.000000,normalized
30258,3,3,0.000000,0.500000,0.500000,1.000000,0.000000,0.500000,0.500000,1.000000,normalized
30273,2,2,0.500000,0.000000,1.000000,0.500000,0.500000,0.000000,1.000000,0.500000,normalized
30292,3,3,0.000000,0.500000,0.500000,1.000000,0.000000,0.500000,0.500000,1.000000,normalized
30321,2,2,0.500000,0.000000,1.000000,0.500000,0.500000,0.000000,1.000000,0.500000,normalized
30338,3,3,0.000000,0.500000,0.500000,1.000000,0.000000,0.500000,0.500000,1.000000,normalized
30340,4,3,0.500000,0.500000,1.000000,1.000000,0.000000,0.500000,0.500000,1.000000,normalized
30351,3,3,0.000000,0.500000,0.500000,1.000000,0.000000,0.500000,0.500000,1.000000,normalized
30368,2,2,0.500000,0.000000,1.000000,0.500000,0.500000,0.000000,1.000000,0.500000,normalized
30386,3,3,0.000000,0.500000,0.500000,1.000000,0.000000,0.500000,0.500000,1.000000,normalized
30415,2,2,0.500000,0.000000,1.000000,0.500000,0.500000,0.000000,1.000000,0.500000,normalized
30437,3,3,0.000000,0.500000,0.500000,1.000000,0.000000,0.500000,0.500000,1.000000,normalized
30458,4,3,0.500000,0.500000,1.000000,1.000000,0.000000,0.500000,0.500000,1.000000,normalized
30465,3,3,0.000000,0.500000,0.500000,1.000000,0.000000,0.500000,0.500000,1.000000,normalized
30473,2,2,0.500000,0.000000,1.000000,0.500000,0.500000,0.000000,1.000000,0.500000,normalized
30482,3,3,0.000000,0.500000,0.500000,1.000000,0.000000,0.500000,0.500000,1.000000,normalized
30512,2,2,0.500000,0.000000,1.000000,0.500000,0.500000,0.000000,1.000000,0.500000,normalized
30531,3,3,0.000000,0.500000,0.500000,1.000000,0.000000,0.500000,0.500000,1.000000,normalized
30554,2,2,0.500000,0.000000,1.000000,0.500000,0.500000,0.000000,1.000000,0.500000,normalized
30576,3,3,0.000000,0.500000,0.500000,1.000000,0.000000,0.500000,0.500000,1.000000,normalized
30580,4,3,0.500000,0.500000,1.000000,1.000000,0.000000,0.500000,0.500000,1.000000,normalized
30590,3,3,0.000000,0.500000,0.500000,1.000000,0.000000,0.500000,0.500000,1.000000,normalized
30602,2,2,0.500000,0.000000,1.000000,0.500000,0.500000,0.000000,1.000000,0.500000,normalized
30622,3,3,0.000000,0.500000,0.500000,1.000000,0.000000,0.500000,0.500000,1.000000,normalized
30643,2,2,0.500000,0.000000,1.000000,0.500000,0.500000,0.000000,1.000000,0.500000,normalized
30662,3,3,0.000000,0.500000,0.500000,1.000000,0.000000,0.500000,0.500000,1.000000,normalized
30700,4,3,0.500000,0.500000,1.000000,1.000000,0.000000,0.500000,0.500000,1.000000,normalized
30705,3,3,0.000000,0.500000,0.500000,1.000000,0.000000,0.500000,0.500000,1.000000,normalized
30739,2,2,0.500000,0.000000,1.000000,0.500000,0.500000,0.000000,1.000000,0.500000,normalized
30757,3,3,0.000000,0.500000,0.500000,1.000000,0.000000,0.500000,0.500000,1.000000,normalized
30788,2,2,0.500000,0.000000,1.000000,0.500000,0.500000,0.000000,1.000000,0.500000,normalized
30812,3,3,0.000000,0.500000,0.500000,1.000000,0.000000,0.500000,0.500000,1.000000,normalized
30820,4,3,0.500000,0.500000,1.000000,1.000000,0.000000,0.500000,0.500000,1.000000,normalized
30830,3,3,0.000000,0.500000,0.500000,1.000000,0.000000,0.500000,0.500000,1.000000,normalized
30839,2,2,0.500000,0.000000,1.000000,0.500000,0.500000,0.000000,1.000000,0.500000,normalized
30860,3,3,0.000000,0.500000,0.500000,1.000000,0.000000,0.500000,0.500000,1.000000,normalized
30885,2,2,0.500000,0.000000,1.000000,0.500000,0.500000,0.000000,1.000000,0.500000,normalized
30906,3,3,0.000000,0.500000,0.500000,1.000000,0.000000,0.500000,0.500000,1.000000,normalized
30930,2,2,0.500000,0.000000,1.000000,0.500000,0.500000,0.000000,1.000000,0.500000,normalized
30978,3,3,0.000000,0.500000,0.500000,1.000000,0.000000,0.500000,0.500000,1.000000,normalized
30979,2,2,0.500000,0.000000,1.000000,0.500000,0.500000,0.000000,1.000000,0.500000,normalized
31000,3,3,0.000000,0.500000,0.500000,1.000000,0.000000,0.500000,0.500000,1.000000,normalized
31025,2,2,0.500000,0.000000,1.000000,0.500000,0.500000,0.000000,1.000000,0.500000,normalized
31052,3,3,0.000000,0.500000,0.500000,1.000000,0.000000,0.500000,0.500000,1.000000,normalized
31060,4,3,0.500000,0.500000,1.000000,1.000000,0.000000,0.500000,0.500000,1.000000,normalized
31070,3,3,0.000000,0.500000,0.500000,1.000000,0.000000,0.500000,0.500000,1.000000,normalized
31077,2,2,0.500000,0.000000,1.000000,0.500000,0.500000,0.000000,1.000000,0.500000,normalized
31096,3,3,0.000000,0.500000,0.500000,1.000000,0.000000,0.500000,0.500000,1.000000,normalized
31124,2,2,0.500000,0.000000,1.000000,0.500000,0.500000,0.000000,1.000000,0.500000,normalized
31155,3,3,0.000000,0.500000,0.500000,1.000000,0.000000,0.500000,0.500000,1.000000,normalized
31160,2,2,0.500000,0.000000,1.000000,0.500000,0.500000,0.000000,1.000000,0.500000,normalized
31167,3,3,0.000000,0.500000,0.500000,1.000000,0.000000,0.500000,0.500000,1.000000,normalized
31173,2,2,0.500000,0.000000,1.000000,0.500000,0.500000,0.000000,1.000000,0.500000,normalized
31200,3,3,0.000000,0.500000,0.500000,1.000000,0.000000,0.500000,0.500000,1.000000,normalized
31228,2,2,0.500000,0.000000,1.000000,0.500000,0.500000,0.000000,1.000000,0.500000,normalized
31253,3,3,0.000000,0.500000,0.500000,1.000000,0.000000,0.500000,0.500000,1.000000,normalized
31265,2,2,0.500000,0.000000,1.000000,0.500000,0.500000,0.000000,1.000000,0.500000,normalized
31268,3,3,0.000000,0.500000,0.500000,1.000000,0.000000,0.500000,0.500000,1.000000,normalized
31273,2,2,0.500000,0.000000,1.000000,0.500000,0.500000,0.000000,1.000000,0.500000,normalized
31298,3,3,0.000000,0.500000,0.500000,1.000000,0.000000,0.500000,0.500000,1.000000,normalized
31300,4,3,0.500000,0.500000,1.000000,1.000000,0.000000,0.500000,0.500000,1.000000,normalized
31310,3,3,0.000000,0.500000,0.500000,1.000000,0.000000,0.500000,0.500000,1.000000,normalized
31326,2,2,0.500000,0.000000,1.000000,0.500000,0.500000,0.000000,1.000000,0.500000,normalized
31350,3,3,0.000000,0.500000,0.500000,1.000000,0.000000,0.500000,0.500000,1.000000,normalized
31351,2,2,0.500000,0.000000,1.000000,0.500000,0.500000,0.000000,1.000000,0.500000,normalized
31359,3,3,0.000000,0.500000,0.500000,1.000000,0.000000,0.500000,0.500000,1.000000,normalized
31364,2,2,0.500000,0.000000,1.000000,0.500000,0.500000,0.000000,1.000000,0.500000,normalized
31399,3,3,0.000000,0.500000,0.500000,1.000000,0.000000,0.500000,0.500000,1.000000,normalized
31408,2,2,0.500000,0.000000,1.000000,0.500000,0.500000,0.000000,1.000000,0.500000,normalized
31418,3,3,0.000000,0.500000,0.500000,1.000000,0.000000,0.500000,0.500000,1.000000,normalized
31420,4,3,0.500000,0.500000,1.000000,1.000000,0.000000,0.500000,0.500000,1.000000,normalized
31429,3,3,0.000000,0.500000,0.500000,1.000000,0.000000,0.500000,0.500000,1.000000,normalized
31460,2,2,0.500000,0.000000,1.000000,0.500000,0.500000,0.000000,1.000000,0.500000,normalized
31489,3,3,0.000000,0.500000,0.500000,1.000000,0.000000,0.500000,0.500000,1.000000,normalized
31511,2,2,0.500000,0.000000,1.000000,0.500000,0.500000,0.000000,1.000000,0.500000,normalized
31538,3,3,0.000000,0.500000,0.500000,1.000000,0.000000,0.500000,0.500000,1.000000,normalized
31540,4,3,0.500000,0.500000,1.000000,1.000000,0.000000,0.500000,0.500000,1.000000,normalized
31549,3,3,0.000000,0.500000,0.500000,1.000000,0.000000,0.500000,0.500000,1.000000,normalized
31560,2,2,0.500000,0.000000,1.000000,0.500000,0.500000,0.000000,1.000000,0.500000,normalized
31595,3,3,0.000000,0.500000,0.500000,1.000000,0.000000,0.500000,0.500000,1.000000,normalized
31603,2,2,0.500000,0.000000,1.000000,0.500000,0.500000,0.000000,1.000000,0.500000,normalized
31658,3,3,0.000000,0.500000,0.500000,1.000000,0.000000,0.500000,0.500000,1.000000,normalized
31660,4,3,0.500000,0.500000,1.000000,1.000000,0.000000,0.500000,0.500000,1.000000,normalized
31668,3,3,0.000000,0.500000,0.500000,1.000000,0.000000,0.500000,0.500000,1.000000,normalized
31671,2,2,0.500000,0.000000,1.000000,0.500000,0.500000,0.000000,1.000000,0.500000,normalized
31706,3,3,0.000000,0.500000,0.500000,1.000000,0.000000,0.500000,0.500000,1.000000,normalized
31715,2,2,0.500000,0.000000,1.000000,0.500000,0.500000,0.000000,1.000000,0.500000,normalized
31727,3,3,0.000000,0.500000,0.500000,1.000000,0.000000,0.500000,0.500000,1.000000,normalized
31733,2,2,0.500000,0.000000,1.000000,0.500000,0.500000,0.000000,1.000000,0.500000,normalized
31752,3,3,0.000000,0.500000,0.500000,1.000000,0.000000,0.500000,0.500000,1.000000,normalized
31762,2,2,0.500000,0.000000,1.000000,0.500000,0.500000,0.000000,1.000000,0.500000,normalized
31898,3,3,0.000000,0.500000,0.500000,1.000000,0.000000,0.500000,0.500000,1.000000,normalized
31900,4,3,0.500000,0.500000,1.000000,1.000000,0.000000,0.500000,0.500000,1.000000,normalized
31909,3,3,0.000000,0.500000,0.500000,1.000000,0.000000,0.500000,0.500000,1.000000,normalized
31918,2,2,0.500000,0.000000,1.000000,0.500000,0.500000,0.000000,1.000000,0.500000,normalized
31950,3,3,0.000000,0.500000,0.500000,1.000000,0.000000,0.500000,0.500000,1.000000,normalized
31963,2,2,0.500000,0.000000,1.000000,0.500000,0.500000,0.000000,1.000000,0.500000,normalized
32001,3,3,0.000000,0.500000,0.500000,1.000000,0.000000,0.500000,0.500000,1.000000,normalized
32013,2,2,0.500000,0.000000,1.000000,0.500000,0.500000,0.000000,1.000000,0.500000,normalized
32018,3,3,0.000000,0.500000,0.500000,1.000000,0.000000,0.500000,0.500000,1.000000,normalized
32020,4,3,0.500000,0.500000,1.000000,1.000000,0.000000,0.500000,0.500000,1.000000,normalized
32029,3,3,0.000000,0.500000,0.500000,1.000000,0.000000,0.500000,0.500000,1.000000,normalized
32032,2,2,0.500000,0.000000,1.000000,0.500000,0.500000,0.000000,1.000000,0.500000,normalized
32053,3,3,0.000000,0.500000,0.500000,1.000000,0.000000,0.500000,0.500000,1.000000,normalized
32066,2,2,0.500000,0.000000,1.000000,0.500000,0.500000,0.000000,1.000000,0.500000,normalized
32115,3,3,0.000000,0.500000,0.500000,1.000000,0.000000,0.500000,0.500000,1.000000,normalized
32119,2,2,0.500000,0.000000,1.000000,0.500000,0.500000,0.000000,1.000000,0.500000,normalized
32246,3,3,0.000000,0.500000,0.500000,1.000000,0.000000,0.500000,0.500000,1.000000,normalized
32257,2,2,0.500000,0.000000,1.000000,0.500000,0.500000,0.000000,1.000000,0.500000,normalized
32258,3,3,0.000000,0.500000,0.500000,1.000000,0.000000,0.500000,0.500000,1.000000,normalized
32260,4,3,0.500000,0.500000,1.000000,1.000000,0.000000,0.500000,0.500000,1.000000,normalized
32269,3,3,0.000000,0.500000,0.500000,1.000000,0.000000,0.500000,0.500000,1.000000,normalized
32272,2,2,0.500000,0.000000,1.000000,0.500000,0.500000,0.000000,1.000000,0.500000,normalized
32304,3,3,0.000000,0.500000,0.500000,1.000000,0.000000,0.500000,0.500000,1.000000,normalized
32309,2,2,0.500000,0.000000,1.000000,0.500000,0.500000,0.000000,1.000000,0.500000,normalized
32494,3,3,0.000000,0.500000,0.500000,1.000000,0.000000,0.500000,0.500000,1.000000,normalized
32500,4,3,0.500000,0.500000,1.000000,1.000000,0.000000,0.500000,0.500000,1.000000,normalized
32509,3,3,0.000000,0.500000,0.500000,1.000000,0.000000,0.500000,0.500000,1.000000,normalized
32512,2,2,0.500000,0.000000,1.000000,0.500000,0.500000,0.000000,1.000000,0.500000,normalized
32548,3,3,0.000000,0.500000,0.500000,1.000000,0.000000,0.500000,0.500000,1.000000,normalized
32554,2,2,0.500000,0.000000,1.000000,0.500000,0.500000,0.000000,1.000000,0.500000,normalized
32605,3,3,0.000000,0.500000,0.500000,1.000000,0.000000,0.500000,0.500000,1.000000,normalized
32606,2,2,0.500000,0.000000,1.000000,0.500000,0.500000,0.000000,1.000000,0.500000,normalized
32635,1,1,0.000000,0.000000,0.500000,0.500000,0.000000,0.000000,0.500000,0.500000,normalized
32638,2,2,0.500000,0.000000,1.000000,0.500000,0.500000,0.000000,1.000000,0.500000,normalized
32690,1,1,0.000000,0.000000,0.500000,0.500000,0.000000,0.000000,0.500000,0.500000,normalized
32695,2,2,0.500000,0.000000,1.000000,0.500000,0.500000,0.000000,1.000000,0.500000,normalized
32858,3,3,0.000000,0.500000,0.500000,1.000000,0.000000,0.500000,0.500000,1.000000,normalized
32861,4,3,0.500000,0.500000,1.000000,1.000000,0.000000,0.500000,0.500000,1.000000,normalized
32869,3,3,0.000000,0.500000,0.500000,1.000000,0.000000,0.500000,0.500000,1.000000,normalized
32876,2,2,0.500000,0.000000,1.000000,0.500000,0.500000,0.000000,1.000000,0.500000,normalized
32889,1,1,0.000000,0.000000,0.500000,0.500000,0.000000,0.000000,0.500000,0.500000,normalized
32897,2,2,0.500000,0.000000,1.000000,0.500000,0.500000,0.000000,1.000000,0.500000,normalized
32927,3,3,0.000000,0.500000,0.500000,1.000000,0.000000,0.500000,0.500000,1.000000,normalized
32931,2,2,0.500000,0.000000,1.000000,0.500000,0.500000,0.000000,1.000000,0.500000,normalized
32942,1,1,0.000000,0.000000,0.500000,0.500000,0.000000,0.000000,0.500000,0.500000,normalized
32952,2,2,0.500000,0.000000,1.000000,0.500000,0.500000,0.000000,1.000000,0.500000,normalized
33040,3,3,0.000000,0.500000,0.500000,1.000000,0.000000,0.500000,0.500000,1.000000,normalized
33045,2,2,0.500000,0.000000,1.000000,0.500000,0.500000,0.000000,1.000000,0.500000,normalized
33148,1,1,0.000000,0.000000,0.500000,0.500000,0.000000,0.000000,0.500000,0.500000,normalized
33149,2,2,0.500000,0.000000,1.000000,0.500000,0.500000,0.000000,1.000000,0.500000,normalized
33199,1,1,0.000000,0.000000,0.500000,0.500000,0.000000,0.000000,0.500000,0.500000,normalized
33205,2,2,0.500000,0.000000,1.000000,0.500000,0.500000,0.000000,1.000000,0.500000,normalized
33246,1,1,0.000000,0.000000,0.500000,0.500000,0.000000,0.000000,0.500000,0.500000,normalized
33251,2,2,0.500000,0.000000,1.000000,0.500000,0.500000,0.000000,1.000000,0.500000,normalized
33301,1,1,0.000000,0.000000,0.500000,0.500000,0.000000,0.000000,0.500000,0.500000,normalized
33304,2,2,0.500000,0.000000,1.000000,0.500000,0.500000,0.000000,1.000000,0.500000,normalized
33402,1,1,0.000000,0.000000,0.500000,0.500000,0.000000,0.000000,0.500000,0.500000,normalized
33409,2,2,0.500000,0.000000,1.000000,0.500000,0.500000,0.000000,1.000000,0.500000,normalized
33422,3,3,0.000000,0.500000,0.500000,1.000000,0.000000,0.500000,0.500000,1.000000,normalized
33429,2,2,0.500000,0.000000,1.000000,0.500000,0.500000,0.000000,1.000000,0.500000,normalized
33450,1,1,0.000000,0.000000,0.500000,0.500000,0.000000,0.000000,0.500000,0.500000,normalized
33522,2,2,0.500000,0.000000,1.000000,0.500000,0.500000,0.000000,1.000000,0.500000,normalized
33561,1,1,0.000000,0.000000,0.500000,0.500000,0.000000,0.000000,0.500000,0.500000,normalized
33603,2,2,0.500000,0.000000,1.000000,0.500000,0.500000,0.000000,1.000000,0.500000,normalized
33607,1,1,0.000000,0.000000,0.500000,0.500000,0.000000,0.000000,0.500000,0.500000,normalized
33609,2,2,0.500000,0.000000,1.000000,0.500000,0.500000,0.000000,1.000000,0.500000,normalized
33623,1,1,0.000000,0.000000,0.500000,0.500000,0.000000,0.000000,0.500000,0.500000,normalized
33626,2,2,0.500000,0.000000,1.000000,0.500000,0.500000,0.000000,1.000000,0.500000,normalized
33629,1,1,0.000000,0.000000,0.500000,0.500000,0.000000,0.000000,0.500000,0.500000,normalized
33630,2,2,0.500000,0.000000,1.000000,0.500000,0.500000,0.000000,1.000000,0.500000,normalized
33653,1,1,0.000000,0.000000,0.500000,0.500000,0.000000,0.000000,0.500000,0.500000,normalized
33676,2,2,0.500000,0.000000,1.000000,0.500000,0.500000,0.000000,1.000000,0.500000,normalized
33726,1,1,0.000000,0.000000,0.500000,0.500000,0.000000,0.000000,0.500000,0.500000,normalized
33735,2,2,0.500000,0.000000,1.000000,0.500000,0.500000,0.000000,1.000000,0.500000,normalized
33763,1,1,0.000000,0.000000,0.500000,0.500000,0.000000,0.000000,0.500000,0.500000,normalized
33768,2,2,0.500000,0.000000,1.000000,0.500000,0.500000,0.000000,1.000000,0.500000,normalized
33773,3,3,0.000000,0.500000,0.500000,1.000000,0.000000,0.500000,0.500000,1.000000,normalized
33776,2,2,0.500000,0.000000,1.000000,0.500000,0.500000,0.000000,1.000000,0.500000,normalized
33794,1,1,0.000000,0.000000,0.500000,0.500000,0.000000,0.000000,0.500000,0.500000,normalized
33879,2,2,0.500000,0.000000,1.000000,0.500000,0.500000,0.000000,1.000000,0.500000,normalized
33880,1,1,0.000000,0.000000,0.500000,0.500000,0.000000,0.000000,0.500000,0.500000,normalized
33882,2,2,0.500000,0.000000,1.000000,0.500000,0.500000,0.000000,1.000000,0.500000,normalized
33910,1,1,0.000000,0.000000,0.500000,0.500000,0.000000,0.000000,0.500000,0.500000,normalized
33937,2,2,0.500000,0.000000,1.000000,0.500000,0.500000,0.000000,1.000000,0.500000,normalized
33968,1,1,0.000000,0.000000,0.500000,0.500000,0.000000,0.000000,0.500000,0.500000,normalized
33998,2,2,0.500000,0.000000,1.000000,0.500000,0.500000,0.000000,1.000000,0.500000,normalized
34012,1,1,0.000000,0.000000,0.500000,0.500000,0.000000,0.000000,0.500000,0.500000,normalized
34037,2,2,0.500000,0.000000,1.000000,0.500000,0.500000,0.000000,1.000000,0.500000,normalized
34110,3,3,0.000000,0.500000,0.500000,1.000000,0.000000,0.500000,0.500000,1.000000,normalized
34117,2,2,0.500000,0.000000,1.000000,0.500000,0.500000,0.000000,1.000000,0.500000,normalized
34123,1,1,0.000000,0.000000,0.500000,0.500000,0.000000,0.000000,0.500000,0.500000,normalized
34150,2,2,0.500000,0.000000,1.000000,0.500000,0.500000,0.000000,1.000000,0.500000,normalized
34158,1,1,0.000000,0.000000,0.500000,0.500000,0.000000,0.000000,0.500000,0.500000,normalized
34161,2,2,0.500000,0.000000,1.000000,0.500000,0.500000,0.000000,1.000000,0.500000,normalized
34177,1,1,0.000000,0.000000,0.500000,0.500000,0.000000,0.000000,0.500000,0.500000,normalized
34196,2,2,0.500000,0.000000,1.000000,0.500000,0.500000,0.000000,1.000000,0.500000,normalized
34199,1,1,0.000000,0.000000,0.500000,0.500000,0.000000,0.000000,0.500000,0.500000,normalized
34210,2,2,0.500000,0.000000,1.000000,0.500000,0.500000,0.000000,1.000000,0.500000,normalized
34251,1,1,0.000000,0.000000,0.500000,0.500000,0.000000,0.000000,0.500000,0.500000,normalized
34316,2,2,0.500000,0.000000,1.000000,0.500000,0.500000,0.000000,1.000000,0.500000,normalized
34319,1,1,0.000000,0.000000,0.500000,0.500000,0.000000,0.000000,0.500000,0.500000,normalized
34362,2,2,0.500000,0.000000,1.000000,0.500000,0.500000,0.000000,1.000000,0.500000,normalized
34369,1,1,0.000000,0.000000,0.500000,0.500000,0.000000,0.000000,0.500000,0.500000,normalized
34407,2,2,0.500000,0.000000,1.000000,0.500000,0.500000,0.000000,1.000000,0.500000,normalized
34414,1,1,0.000000,0.000000,0.500000,0.500000,0.000000,0.000000,0.500000,0.500000,normalized
34445,2,2,0.500000,0.000000,1.000000,0.500000,0.500000,0.000000,1.000000,0.500000,normalized
34460,1,1,0.000000,0.000000,0.500000,0.500000,0.000000,0.000000,0.500000,0.500000,normalized
34463,2,2,0.500000,0.000000,1.000000,0.500000,0.500000,0.000000,1.000000,0.500000,normalized
34473,1,1,0.000000,0.000000,0.500000,0.500000,0.000000,0.000000,0.500000,0.500000,normalized
34517,2,2,0.500000,0.000000,1.000000,0.500000,0.500000,0.000000,1.000000,0.500000,normalized
34523,3,3,0.000000,0.500000,0.500000,1.000000,0.000000,0.500000,0.500000,1.000000,normalized
34529,2,2,0.500000,0.000000,1.000000,0.500000,0.500000,0.000000,1.000000,0.500000,normalized
34535,1,1,0.000000,0.000000,0.500000,0.500000,0.000000,0.000000,0.500000,0.500000,normalized
34578,2,2,0.500000,0.000000,1.000000,0.500000,0.500000,0.000000,1.000000,0.500000,normalized
34610,1,1,0.000000,0.000000,0.500000,0.500000,0.000000,0.000000,0.500000,0.500000,normalized
34633,2,2,0.500000,0.000000,1.000000,0.500000,0.500000,0.000000,1.000000,0.500000,normalized
34641,1,1,0.000000,0.000000,0.500000,0.500000,0.000000,0.000000,0.500000,0.500000,normalized
34653,2,2,0.500000,0.000000,1.000000,0.500000,0.500000,0.000000,1.000000,0.500000,normalized
34674,1,1,0.000000,0.000000,0.500000,0.500000,0.000000,0.000000,0.500000,0.500000,normalized
34717,2,2,0.500000,0.000000,1.000000,0.500000,0.500000,0.000000,1.000000,0.500000,normalized
34728,1,1,0.000000,0.000000,0.500000,0.500000,0.000000,0.000000,0.500000,0.500000,normalized
34777,2,2,0.500000,0.000000,1.000000,0.500000,0.500000,0.000000,1.000000,0.500000,normalized
34794,1,1,0.000000,0.000000,0.500000,0.500000,0.000000,0.000000,0.500000,0.500000,normalized
34866,2,2,0.500000,0.000000,1.000000,0.500000,0.500000,0.000000,1.000000,0.500000,normalized
34877,1,1,0.000000,0.000000,0.500000,0.500000,0.000000,0.000000,0.500000,0.500000,normalized
34880,2,2,0.500000,0.000000,1.000000,0.500000,0.500000,0.000000,1.000000,0.500000,normalized
34894,1,1,0.000000,0.000000,0.500000,0.500000,0.000000,0.000000,0.500000,0.500000,normalized
34923,2,2,0.500000,0.000000,1.000000,0.500000,0.500000,0.000000,1.000000,0.500000,normalized
34945,3,3,0.000000,0.500000,0.500000,1.000000,0.000000,0.500000,0.500000,1.000000,normalized
34951,2,2,0.500000,0.000000,1.000000,0.500000,0.500000,0.000000,1.000000,0.500000,normalized
34956,1,1,0.000000,0.000000,0.500000,0.500000,0.000000,0.000000,0.500000,0.500000,normalized
35001,2,2,0.500000,0.000000,1.000000,0.500000,0.500000,0.000000,1.000000,0.500000,normalized
35013,1,1,0.000000,0.000000,0.500000,0.500000,0.000000,0.000000,0.500000,0.500000,normalized
35118,2,2,0.500000,0.000000,1.000000,0.500000,0.500000,0.000000,1.000000,0.500000,normalized
35133,1,1,0.000000,0.000000,0.500000,0.500000,0.000000,0.000000,0.500000,0.500000,normalized
35217,2,2,0.500000,0.000000,1.000000,0.500000,0.500000,0.000000,1.000000,0.500000,normalized
35223,1,1,0.000000,0.000000,0.500000,0.500000,0.000000,0.000000,0.500000,0.500000,normalized
35229,2,2,0.500000,0.000000,1.000000,0.500000,0.500000,0.000000,1.000000,0.500000,normalized
35238,1,1,0.000000,0.000000,0.500000,0.500000,0.000000,0.000000,0.500000,0.500000,normalized
35286,2,2,0.500000,0.000000,1.000000,0.500000,0.500000,0.000000,1.000000,0.500000,normalized
35301,1,1,0.000000,0.000000,0.500000,0.500000,0.000000,0.000000,0.500000,0.500000,normalized
35346,2,2,0.500000,0.000000,1.000000,0.500000,0.500000,0.000000,1.000000,0.500000,normalized
35358,1,1,0.000000,0.000000,0.500000,0.500000,0.000000,0.000000,0.500000,0.500000,normalized
35472,2,2,0.500000,0.000000,1.000000,0.500000,0.500000,0.000000,1.000000,0.500000,normalized
35478,1,1,0.000000,0.000000,0.500000,0.500000,0.000000,0.000000,0.500000,0.500000,normalized
35693,2,2,0.500000,0.000000,1.000000,0.500000,0.500000,0.000000,1.000000,0.500000,normalized
35703,1,1,0.000000,0.000000,0.500000,0.500000,0.000000,0.000000,0.500000,0.500000,normalized
35781,2,2,0.500000,0.000000,1.000000,0.500000,0.500000,0.000000,1.000000,0.500000,normalized
35782,1,1,0.000000,0.000000,0.500000,0.500000,0.000000,0.000000,0.500000,0.500000,normalized
35832,2,2,0.500000,0.000000,1.000000,0.500000,0.500000,0.000000,1.000000,0.500000,normalized
35839,1,1,0.000000,0.000000,0.500000,0.500000,0.000000,0.000000,0.500000,0.500000,normalized
35886,2,2,0.500000,0.000000,1.000000,0.500000,0.500000,0.000000,1.000000,0.500000,normalized
35891,3,3,0.000000,0.500000,0.500000,1.000000,0.000000,0.500000,0.500000,1.000000,normalized
35897,2,2,0.500000,0.000000,1.000000,0.500000,0.500000,0.000000,1.000000,0.500000,normalized
35902,1,1,0.000000,0.000000,0.500000,0.500000,0.000000,0.000000,0.500000,0.500000,normalized
35950,2,2,0.500000,0.000000,1.000000,0.500000,0.500000,0.000000,1.000000,0.500000,normalized
35963,1,1,0.000000,0.000000,0.500000,0.500000,0.000000,0.000000,0.500000,0.500000,normalized
35965,2,2,0.500000,0.000000,1.000000,0.500000,0.500000,0.000000,1.000000,0.500000,normalized
35974,1,1,0.000000,0.000000,0.500000,0.500000,0.000000,0.000000,0.500000,0.500000,normalized
35996,2,2,0.500000,0.000000,1.000000,0.500000,0.500000,0.000000,1.000000,0.500000,normalized
36007,1,1,0.000000,0.000000,0.500000,0.500000,0.000000,0.000000,0.500000,0.500000,normalized
36012,2,2,0.500000,0.000000,1.000000,0.500000,0.500000,0.000000,1.000000,0.500000,normalized
36021,1,1,0.000000,0.000000,0.500000,0.500000,0.000000,0.000000,0.500000,0.500000,normalized
36026,2,2,0.500000,0.000000,1.000000,0.500000,0.500000,0.000000,1.000000,0.500000,normalized
36036,1,1,0.000000,0.000000,0.500000,0.500000,0.000000,0.000000,0.500000,0.500000,normalized
36087,2,2,0.500000,0.000000,1.000000,0.500000,0.500000,0.000000,1.000000,0.500000,normalized
36093,1,1,0.000000,0.000000,0.500000,0.500000,0.000000,0.000000,0.500000,0.500000,normalized
36435,2,2,0.500000,0.000000,1.000000,0.500000,0.500000,0.000000,1.000000,0.500000,normalized
36442,1,1,0.000000,0.000000,0.500000,0.500000,0.000000,0.000000,0.500000,0.500000,normalized
36449,2,2,0.500000,0.000000,1.000000,0.500000,0.500000,0.000000,1.000000,0.500000,normalized
36455,1,1,0.000000,0.000000,0.500000,0.500000,0.000000,0.000000,0.500000,0.500000,normalized
36494,2,2,0.500000,0.000000,1.000000,0.500000,0.500000,0.000000,1.000000,0.500000,normalized
36520,1,1,0.000000,0.000000,0.500000,0.500000,0.000000,0.000000,0.500000,0.500000,normalized
36568,2,2,0.500000,0.000000,1.000000,0.500000,0.500000,0.000000,1.000000,0.500000,normalized
36578,3,3,0.000000,0.500000,0.500000,1.000000,0.000000,0.500000,0.500000,1.000000,normalized
36581,4,3,0.500000,0.500000,1.000000,1.000000,0.000000,0.500000,0.500000,1.000000,normalized
36588,3,3,0.000000,0.500000,0.500000,1.000000,0.000000,0.500000,0.500000,1.000000,normalized
36590,2,2,0.500000,0.000000,1.000000,0.500000,0.500000,0.000000,1.000000,0.500000,normalized
36638,1,1,0.000000,0.000000,0.500000,0.500000,0.000000,0.000000,0.500000,0.500000,normalized
36679,2,2,0.500000,0.000000,1.000000,0.500000,0.500000,0.000000,1.000000,0.500000,normalized
36680,1,1,0.000000,0.000000,0.500000,0.500000,0.000000,0.000000,0.500000,0.500000,normalized
36917,2,2,0.500000,0.000000,1.000000,0.500000,0.500000,0.000000,1.000000,0.500000,normalized
36926,1,1,0.000000,0.000000,0.500000,0.500000,0.000000,0.000000,0.500000,0.500000,normalized
36976,2,2,0.500000,0.000000,1.000000,0.500000,0.500000,0.000000,1.000000,0.500000,normalized
36989,1,1,0.000000,0.000000,0.500000,0.500000,0.000000,0.000000,0.500000,0.500000,normalized
37141,2,2,0.500000,0.000000,1.000000,0.500000,0.500000,0.000000,1.000000,0.500000,normalized
37147,3,3,0.000000,0.500000,0.500000,1.000000,0.000000,0.500000,0.500000,1.000000,normalized
37149,2,2,0.500000,0.000000,1.000000,0.500000,0.500000,0.000000,1.000000,0.500000,normalized
37155,1,1,0.000000,0.000000,0.500000,0.500000,0.000000,0.000000,0.500000,0.500000,normalized
37264,2,2,0.500000,0.000000,1.000000,0.500000,0.500000,0.000000,1.000000,0.500000,normalized
37272,1,1,0.000000,0.000000,0.500000,0.500000,0.000000,0.000000,0.500000,0.500000,normalized
37327,2,2,0.500000,0.000000,1.000000,0.500000,0.500000,0.000000,1.000000,0.500000,normalized
37335,1,1,0.000000,0.000000,0.500000,0.500000,0.000000,0.000000,0.500000,0.500000,normalized
